state,utility_name,zip_code,month,year,number_of_disconnections
Washington,Puget Sound Energy Inc,98001,April,2019,8
Washington,Puget Sound Energy Inc,98002,April,2019,10
Washington,Puget Sound Energy Inc,98003,April,2019,40
Washington,Puget Sound Energy Inc,98004,April,2019,32
Washington,Puget Sound Energy Inc,98005,April,2019,13
Washington,Puget Sound Energy Inc,98006,April,2019,40
Washington,Puget Sound Energy Inc,98007,April,2019,20
Washington,Puget Sound Energy Inc,98008,April,2019,18
Washington,Puget Sound Energy Inc,98010,April,2019,16
Washington,Puget Sound Energy Inc,98011,April,2019,29
Washington,Puget Sound Energy Inc,98012,April,2019,1
Washington,Puget Sound Energy Inc,98014,April,2019,0
Washington,Puget Sound Energy Inc,98019,April,2019,0
Washington,Puget Sound Energy Inc,98020,April,2019,11
Washington,Puget Sound Energy Inc,98021,April,2019,0
Washington,Puget Sound Energy Inc,98022,April,2019,48
Washington,Puget Sound Energy Inc,98023,April,2019,82
Washington,Puget Sound Energy Inc,98024,April,2019,1
Washington,Puget Sound Energy Inc,98026,April,2019,24
Washington,Northwest Natural Gas Company,98026,April,2019,0
Washington,Puget Sound Energy Inc,98027,April,2019,1
Washington,Puget Sound Energy Inc,98028,April,2019,31
Washington,Puget Sound Energy Inc,98029,April,2019,0
Washington,Puget Sound Energy Inc,98030,April,2019,14
Washington,Puget Sound Energy Inc,98031,April,2019,43
Washington,Puget Sound Energy Inc,98032,April,2019,59
Washington,Puget Sound Energy Inc,98033,April,2019,2
Washington,Puget Sound Energy Inc,98034,April,2019,54
Washington,Puget Sound Energy Inc,98036,April,2019,3
Washington,Puget Sound Energy Inc,98037,April,2019,1
Washington,Puget Sound Energy Inc,98038,April,2019,51
Washington,Puget Sound Energy Inc,98039,April,2019,1
Washington,Puget Sound Energy Inc,98040,April,2019,23
Washington,Puget Sound Energy Inc,98042,April,2019,11
Washington,Puget Sound Energy Inc,98043,April,2019,4
Washington,Puget Sound Energy Inc,98045,April,2019,13
Washington,Puget Sound Energy Inc,98047,April,2019,15
Washington,Puget Sound Energy Inc,98051,April,2019,1
Washington,Puget Sound Energy Inc,98052,April,2019,34
Washington,Puget Sound Energy Inc,98053,April,2019,11
Washington,Puget Sound Energy Inc,98055,April,2019,45
Washington,Puget Sound Energy Inc,98056,April,2019,67
Washington,Puget Sound Energy Inc,98057,April,2019,33
Washington,Puget Sound Energy Inc,98058,April,2019,68
Washington,Puget Sound Energy Inc,98059,April,2019,28
Washington,Puget Sound Energy Inc,98065,April,2019,6
Washington,Puget Sound Energy Inc,98068,April,2019,1
Washington,Puget Sound Energy Inc,98070,April,2019,21
Washington,Puget Sound Energy Inc,98072,April,2019,25
Washington,Puget Sound Energy Inc,98074,April,2019,0
Washington,Puget Sound Energy Inc,98075,April,2019,0
Washington,Puget Sound Energy Inc,98077,April,2019,2
Washington,Puget Sound Energy Inc,98087,April,2019,1
Washington,Puget Sound Energy Inc,98092,April,2019,35
Washington,Puget Sound Energy Inc,98101,April,2019,0
Washington,Puget Sound Energy Inc,98102,April,2019,0
Washington,Puget Sound Energy Inc,98103,April,2019,0
Washington,Puget Sound Energy Inc,98104,April,2019,0
Washington,Puget Sound Energy Inc,98105,April,2019,0
Washington,Puget Sound Energy Inc,98106,April,2019,16
Washington,Puget Sound Energy Inc,98107,April,2019,19
Washington,Puget Sound Energy Inc,98108,April,2019,5
Washington,Puget Sound Energy Inc,98109,April,2019,1
Washington,Puget Sound Energy Inc,98110,April,2019,0
Washington,Puget Sound Energy Inc,98112,April,2019,0
Washington,Puget Sound Energy Inc,98115,April,2019,0
Washington,Puget Sound Energy Inc,98116,April,2019,17
Washington,Puget Sound Energy Inc,98117,April,2019,13
Washington,Puget Sound Energy Inc,98118,April,2019,5
Washington,Northwest Natural Gas Company,98119,April,2019,0
Washington,Puget Sound Energy Inc,98119,April,2019,6
Washington,Puget Sound Energy Inc,98121,April,2019,0
Washington,Puget Sound Energy Inc,98122,April,2019,0
Washington,Puget Sound Energy Inc,98125,April,2019,0
Washington,Puget Sound Energy Inc,98126,April,2019,42
Washington,Northwest Natural Gas Company,98127,April,2019,0
Washington,Puget Sound Energy Inc,98133,April,2019,0
Washington,Puget Sound Energy Inc,98134,April,2019,0
Washington,Puget Sound Energy Inc,98136,April,2019,7
Washington,Puget Sound Energy Inc,98144,April,2019,0
Washington,Puget Sound Energy Inc,98146,April,2019,20
Washington,Puget Sound Energy Inc,98148,April,2019,38
Washington,Puget Sound Energy Inc,98155,April,2019,0
Washington,Puget Sound Energy Inc,98166,April,2019,42
Washington,Puget Sound Energy Inc,98168,April,2019,16
Washington,Puget Sound Energy Inc,98177,April,2019,0
Washington,Puget Sound Energy Inc,98178,April,2019,4
Washington,Puget Sound Energy Inc,98188,April,2019,103
Washington,Puget Sound Energy Inc,98198,April,2019,137
Washington,Puget Sound Energy Inc,98199,April,2019,13
Washington,Puget Sound Energy Inc,98201,April,2019,21
Washington,Puget Sound Energy Inc,98203,April,2019,41
Washington,Puget Sound Energy Inc,98204,April,2019,3
Washington,Northwest Natural Gas Company,98208,April,2019,0
Washington,Puget Sound Energy Inc,98208,April,2019,0
Washington,Puget Sound Energy Inc,98220,April,2019,0
Washington,Puget Sound Energy Inc,98221,April,2019,23
Washington,Puget Sound Energy Inc,98223,April,2019,5
Washington,Puget Sound Energy Inc,98224,April,2019,0
Washington,Puget Sound Energy Inc,98225,April,2019,47
Washington,Puget Sound Energy Inc,98226,April,2019,71
Washington,Puget Sound Energy Inc,98229,April,2019,37
Washington,Puget Sound Energy Inc,98230,April,2019,18
Washington,Puget Sound Energy Inc,98232,April,2019,0
Washington,Puget Sound Energy Inc,98233,April,2019,29
Washington,Puget Sound Energy Inc,98235,April,2019,0
Washington,Puget Sound Energy Inc,98236,April,2019,0
Washington,Puget Sound Energy Inc,98237,April,2019,0
Washington,Puget Sound Energy Inc,98238,April,2019,0
Washington,Puget Sound Energy Inc,98239,April,2019,0
Washington,Puget Sound Energy Inc,98240,April,2019,1
Washington,Puget Sound Energy Inc,98244,April,2019,4
Washington,Puget Sound Energy Inc,98247,April,2019,0
Washington,Puget Sound Energy Inc,98248,April,2019,33
Washington,Puget Sound Energy Inc,98249,April,2019,0
Washington,Puget Sound Energy Inc,98251,April,2019,0
Washington,Puget Sound Energy Inc,98252,April,2019,0
Washington,Puget Sound Energy Inc,98253,April,2019,0
Washington,Puget Sound Energy Inc,98255,April,2019,0
Washington,Puget Sound Energy Inc,98257,April,2019,3
Washington,Puget Sound Energy Inc,98258,April,2019,19
Washington,Puget Sound Energy Inc,98260,April,2019,0
Washington,Puget Sound Energy Inc,98262,April,2019,1
Washington,Puget Sound Energy Inc,98263,April,2019,0
Washington,Puget Sound Energy Inc,98264,April,2019,14
Washington,Puget Sound Energy Inc,98266,April,2019,0
Washington,Puget Sound Energy Inc,98267,April,2019,0
Washington,Puget Sound Energy Inc,98270,April,2019,38
Washington,Puget Sound Energy Inc,98271,April,2019,10
Washington,Puget Sound Energy Inc,98272,April,2019,9
Washington,Puget Sound Energy Inc,98273,April,2019,18
Washington,Puget Sound Energy Inc,98274,April,2019,7
Washington,Puget Sound Energy Inc,98275,April,2019,8
Washington,Puget Sound Energy Inc,98276,April,2019,0
Washington,Puget Sound Energy Inc,98277,April,2019,12
Washington,Puget Sound Energy Inc,98281,April,2019,0
Washington,Puget Sound Energy Inc,98284,April,2019,2
Washington,Puget Sound Energy Inc,98288,April,2019,0
Washington,Puget Sound Energy Inc,98290,April,2019,8
Washington,Puget Sound Energy Inc,98292,April,2019,4
Washington,Puget Sound Energy Inc,98294,April,2019,5
Washington,Puget Sound Energy Inc,98295,April,2019,0
Washington,Puget Sound Energy Inc,98296,April,2019,2
Washington,Northwest Natural Gas Company,98307,April,2019,0
Washington,Puget Sound Energy Inc,98310,April,2019,49
Washington,Puget Sound Energy Inc,98311,April,2019,14
Washington,Puget Sound Energy Inc,98312,April,2019,44
Washington,Puget Sound Energy Inc,98321,April,2019,6
Washington,Puget Sound Energy Inc,98323,April,2019,0
Washington,Puget Sound Energy Inc,98327,April,2019,20
Washington,Puget Sound Energy Inc,98332,April,2019,16
Washington,Puget Sound Energy Inc,98335,April,2019,7
Washington,Puget Sound Energy Inc,98337,April,2019,12
Washington,Puget Sound Energy Inc,98338,April,2019,0
Washington,Puget Sound Energy Inc,98340,April,2019,6
Washington,Puget Sound Energy Inc,98342,April,2019,7
Washington,Puget Sound Energy Inc,98345,April,2019,2
Washington,Puget Sound Energy Inc,98346,April,2019,23
Washington,Puget Sound Energy Inc,98353,April,2019,0
Washington,Puget Sound Energy Inc,98354,April,2019,0
Washington,Puget Sound Energy Inc,98359,April,2019,8
Washington,Puget Sound Energy Inc,98360,April,2019,22
Washington,Puget Sound Energy Inc,98366,April,2019,54
Washington,Puget Sound Energy Inc,98367,April,2019,8
Washington,Puget Sound Energy Inc,98370,April,2019,46
Washington,Puget Sound Energy Inc,98371,April,2019,20
Washington,Puget Sound Energy Inc,98372,April,2019,15
Washington,Puget Sound Energy Inc,98373,April,2019,2
Washington,Puget Sound Energy Inc,98374,April,2019,2
Washington,Puget Sound Energy Inc,98375,April,2019,4
Washington,Puget Sound Energy Inc,98380,April,2019,0
Washington,Puget Sound Energy Inc,98383,April,2019,26
Washington,Puget Sound Energy Inc,98385,April,2019,0
Washington,Puget Sound Energy Inc,98387,April,2019,0
Washington,Puget Sound Energy Inc,98388,April,2019,0
Washington,Puget Sound Energy Inc,98390,April,2019,19
Washington,Puget Sound Energy Inc,98391,April,2019,83
Washington,Puget Sound Energy Inc,98392,April,2019,4
Washington,Puget Sound Energy Inc,98402,April,2019,1
Washington,Puget Sound Energy Inc,98403,April,2019,0
Washington,Puget Sound Energy Inc,98404,April,2019,30
Washington,Puget Sound Energy Inc,98405,April,2019,19
Washington,Puget Sound Energy Inc,98406,April,2019,29
Washington,Puget Sound Energy Inc,98407,April,2019,32
Washington,Puget Sound Energy Inc,98408,April,2019,23
Washington,Puget Sound Energy Inc,98409,April,2019,41
Washington,Puget Sound Energy Inc,98418,April,2019,19
Washington,Puget Sound Energy Inc,98422,April,2019,0
Washington,Puget Sound Energy Inc,98424,April,2019,2
Washington,Puget Sound Energy Inc,98439,April,2019,29
Washington,Puget Sound Energy Inc,98443,April,2019,1
Washington,Puget Sound Energy Inc,98444,April,2019,5
Washington,Puget Sound Energy Inc,98445,April,2019,9
Washington,Puget Sound Energy Inc,98446,April,2019,3
Washington,Puget Sound Energy Inc,98465,April,2019,9
Washington,Puget Sound Energy Inc,98466,April,2019,35
Washington,Puget Sound Energy Inc,98467,April,2019,21
Washington,Puget Sound Energy Inc,98498,April,2019,57
Washington,Puget Sound Energy Inc,98499,April,2019,17
Washington,Puget Sound Energy Inc,98501,April,2019,66
Washington,Puget Sound Energy Inc,98502,April,2019,20
Washington,Puget Sound Energy Inc,98503,April,2019,75
Washington,Puget Sound Energy Inc,98506,April,2019,10
Washington,Puget Sound Energy Inc,98512,April,2019,35
Washington,Puget Sound Energy Inc,98513,April,2019,36
Washington,Puget Sound Energy Inc,98516,April,2019,46
Washington,Puget Sound Energy Inc,98530,April,2019,2
Washington,Puget Sound Energy Inc,98531,April,2019,22
Washington,Puget Sound Energy Inc,98532,April,2019,6
Washington,Puget Sound Energy Inc,98558,April,2019,0
Washington,Puget Sound Energy Inc,98568,April,2019,0
Washington,Puget Sound Energy Inc,98576,April,2019,14
Washington,Puget Sound Energy Inc,98579,April,2019,30
Washington,Puget Sound Energy Inc,98580,April,2019,12
Washington,Puget Sound Energy Inc,98589,April,2019,14
Washington,Puget Sound Energy Inc,98591,April,2019,0
Washington,Puget Sound Energy Inc,98596,April,2019,0
Washington,Puget Sound Energy Inc,98597,April,2019,52
Washington,Northwest Natural Gas Company,98601,April,2019,0
Washington,Northwest Natural Gas Company,98602,April,2019,0
Washington,Northwest Natural Gas Company,98604,April,2019,11
Washington,Northwest Natural Gas Company,98605,April,2019,0
Washington,Northwest Natural Gas Company,98606,April,2019,0
Washington,Northwest Natural Gas Company,98607,April,2019,13
Washington,Northwest Natural Gas Company,98610,April,2019,0
Washington,Northwest Natural Gas Company,98612,April,2019,0
Washington,Northwest Natural Gas Company,98617,April,2019,0
Washington,Northwest Natural Gas Company,98620,April,2019,0
Washington,Avista Utilities,98620,April,2019,2
Washington,Northwest Natural Gas Company,98626,April,2019,0
Washington,Northwest Natural Gas Company,98628,April,2019,2
Washington,Northwest Natural Gas Company,98629,April,2019,7
Washington,Northwest Natural Gas Company,98635,April,2019,0
Washington,Northwest Natural Gas Company,98639,April,2019,1
Washington,Northwest Natural Gas Company,98642,April,2019,9
Washington,Northwest Natural Gas Company,98648,April,2019,0
Washington,Avista Utilities,98648,April,2019,0
Washington,Northwest Natural Gas Company,98660,April,2019,13
Washington,Northwest Natural Gas Company,98661,April,2019,32
Washington,Northwest Natural Gas Company,98662,April,2019,14
Washington,Northwest Natural Gas Company,98663,April,2019,10
Washington,Northwest Natural Gas Company,98664,April,2019,9
Washington,Northwest Natural Gas Company,98665,April,2019,15
Washington,Northwest Natural Gas Company,98666,April,2019,0
Washington,Northwest Natural Gas Company,98668,April,2019,0
Washington,Northwest Natural Gas Company,98671,April,2019,9
Washington,Northwest Natural Gas Company,98672,April,2019,2
Washington,Northwest Natural Gas Company,98674,April,2019,0
Washington,Northwest Natural Gas Company,98675,April,2019,0
Washington,Northwest Natural Gas Company,98682,April,2019,30
Washington,Northwest Natural Gas Company,98683,April,2019,9
Washington,Northwest Natural Gas Company,98684,April,2019,13
Washington,Northwest Natural Gas Company,98685,April,2019,18
Washington,Northwest Natural Gas Company,98686,April,2019,13
Washington,Northwest Natural Gas Company,98762,April,2019,0
Washington,Avista Utilities,98857,April,2019,0
Washington,Northwest Natural Gas Company,98864,April,2019,0
Washington,Puget Sound Energy Inc,98922,April,2019,4
Washington,Puget Sound Energy Inc,98925,April,2019,0
Washington,Puget Sound Energy Inc,98926,April,2019,0
Washington,Puget Sound Energy Inc,98934,April,2019,0
Washington,Puget Sound Energy Inc,98940,April,2019,0
Washington,Puget Sound Energy Inc,98941,April,2019,4
Washington,Puget Sound Energy Inc,98943,April,2019,0
Washington,Puget Sound Energy Inc,98946,April,2019,0
Washington,Avista Utilities,99001,April,2019,4
Washington,Avista Utilities,99003,April,2019,0
Washington,Avista Utilities,99004,April,2019,5
Washington,Avista Utilities,99005,April,2019,4
Washington,Avista Utilities,99006,April,2019,11
Washington,Avista Utilities,99008,April,2019,1
Washington,Avista Utilities,99009,April,2019,0
Washington,Avista Utilities,99011,April,2019,0
Washington,Avista Utilities,99012,April,2019,3
Washington,Avista Utilities,99013,April,2019,16
Washington,Avista Utilities,99014,April,2019,0
Washington,Avista Utilities,99016,April,2019,6
Washington,Avista Utilities,99018,April,2019,0
Washington,Avista Utilities,99019,April,2019,4
Washington,Avista Utilities,99020,April,2019,0
Washington,Avista Utilities,99021,April,2019,5
Washington,Avista Utilities,99022,April,2019,1
Washington,Avista Utilities,99023,April,2019,0
Washington,Avista Utilities,99025,April,2019,2
Washington,Avista Utilities,99026,April,2019,0
Washington,Avista Utilities,99027,April,2019,3
Washington,Avista Utilities,99029,April,2019,0
Washington,Avista Utilities,99030,April,2019,2
Washington,Avista Utilities,99031,April,2019,0
Washington,Avista Utilities,99032,April,2019,2
Washington,Avista Utilities,99033,April,2019,0
Washington,Avista Utilities,99034,April,2019,0
Washington,Avista Utilities,99036,April,2019,0
Washington,Avista Utilities,99037,April,2019,1
Washington,Avista Utilities,99039,April,2019,0
Washington,Avista Utilities,99040,April,2019,11
Washington,Avista Utilities,99101,April,2019,1
Washington,Avista Utilities,99102,April,2019,0
Washington,Avista Utilities,99103,April,2019,0
Washington,Avista Utilities,99104,April,2019,0
Washington,Avista Utilities,99107,April,2019,0
Washington,Avista Utilities,99109,April,2019,1
Washington,Avista Utilities,99110,April,2019,0
Washington,Avista Utilities,99111,April,2019,6
Washington,Avista Utilities,99113,April,2019,0
Washington,Avista Utilities,99114,April,2019,11
Washington,Avista Utilities,99117,April,2019,0
Washington,Avista Utilities,99122,April,2019,0
Washington,Avista Utilities,99125,April,2019,0
Washington,Avista Utilities,99126,April,2019,3
Washington,Avista Utilities,99128,April,2019,0
Washington,Avista Utilities,99129,April,2019,1
Washington,Avista Utilities,99130,April,2019,2
Washington,Avista Utilities,99131,April,2019,0
Washington,Avista Utilities,99134,April,2019,0
Washington,Avista Utilities,99137,April,2019,0
Washington,Avista Utilities,99138,April,2019,2
Washington,Avista Utilities,99141,April,2019,14
Washington,Avista Utilities,99143,April,2019,1
Washington,Avista Utilities,99144,April,2019,0
Washington,Avista Utilities,99146,April,2019,0
Washington,Avista Utilities,99148,April,2019,3
Washington,Avista Utilities,99149,April,2019,0
Washington,Avista Utilities,99151,April,2019,0
Washington,Avista Utilities,99156,April,2019,0
Washington,Avista Utilities,99157,April,2019,0
Washington,Avista Utilities,99158,April,2019,0
Washington,Avista Utilities,99159,April,2019,1
Washington,Avista Utilities,99160,April,2019,0
Washington,Avista Utilities,99161,April,2019,1
Washington,Avista Utilities,99163,April,2019,1
Washington,Avista Utilities,99164,April,2019,0
Washington,Avista Utilities,99167,April,2019,0
Washington,Avista Utilities,99169,April,2019,6
Washington,Avista Utilities,99170,April,2019,1
Washington,Avista Utilities,99171,April,2019,0
Washington,Avista Utilities,99173,April,2019,8
Washington,Avista Utilities,99174,April,2019,0
Washington,Avista Utilities,99176,April,2019,0
Washington,Avista Utilities,99179,April,2019,0
Washington,Avista Utilities,99181,April,2019,1
Washington,Avista Utilities,99185,April,2019,1
Washington,Avista Utilities,99201,April,2019,28
Washington,Avista Utilities,99202,April,2019,19
Washington,Avista Utilities,99203,April,2019,11
Washington,Avista Utilities,99204,April,2019,17
Washington,Avista Utilities,99205,April,2019,58
Washington,Avista Utilities,99206,April,2019,31
Washington,Avista Utilities,99207,April,2019,43
Washington,Avista Utilities,99208,April,2019,42
Washington,Avista Utilities,99212,April,2019,13
Washington,Avista Utilities,99216,April,2019,18
Washington,Avista Utilities,99217,April,2019,13
Washington,Avista Utilities,99218,April,2019,12
Washington,Avista Utilities,99219,April,2019,0
Washington,Avista Utilities,99220,April,2019,0
Washington,Avista Utilities,99223,April,2019,31
Washington,Avista Utilities,99224,April,2019,18
Washington,Avista Utilities,99260,April,2019,0
Washington,Avista Utilities,99326,April,2019,2
Washington,Avista Utilities,99335,April,2019,0
Washington,Avista Utilities,99341,April,2019,2
Washington,Avista Utilities,99344,April,2019,30
Washington,Avista Utilities,99371,April,2019,2
Washington,Avista Utilities,99402,April,2019,1
Washington,Avista Utilities,99403,April,2019,38
Washington,Puget Sound Energy Inc,98001,August,2019,69
Washington,Puget Sound Energy Inc,98002,August,2019,89
Washington,Puget Sound Energy Inc,98003,August,2019,331
Washington,Puget Sound Energy Inc,98004,August,2019,27
Washington,Puget Sound Energy Inc,98005,August,2019,3
Washington,Puget Sound Energy Inc,98006,August,2019,3
Washington,Puget Sound Energy Inc,98007,August,2019,9
Washington,Puget Sound Energy Inc,98008,August,2019,0
Washington,Puget Sound Energy Inc,98010,August,2019,0
Washington,Puget Sound Energy Inc,98011,August,2019,4
Washington,Puget Sound Energy Inc,98012,August,2019,9
Washington,Puget Sound Energy Inc,98014,August,2019,0
Washington,Puget Sound Energy Inc,98019,August,2019,0
Washington,Puget Sound Energy Inc,98020,August,2019,0
Washington,Puget Sound Energy Inc,98021,August,2019,0
Washington,Puget Sound Energy Inc,98022,August,2019,0
Washington,Puget Sound Energy Inc,98023,August,2019,203
Washington,Puget Sound Energy Inc,98024,August,2019,0
Washington,Northwest Natural Gas Company,98026,August,2019,0
Washington,Puget Sound Energy Inc,98026,August,2019,2
Washington,Puget Sound Energy Inc,98027,August,2019,17
Washington,Puget Sound Energy Inc,98028,August,2019,8
Washington,Puget Sound Energy Inc,98029,August,2019,19
Washington,Puget Sound Energy Inc,98030,August,2019,57
Washington,Puget Sound Energy Inc,98031,August,2019,65
Washington,Puget Sound Energy Inc,98032,August,2019,31
Washington,Puget Sound Energy Inc,98033,August,2019,29
Washington,Puget Sound Energy Inc,98034,August,2019,47
Washington,Puget Sound Energy Inc,98036,August,2019,0
Washington,Puget Sound Energy Inc,98037,August,2019,0
Washington,Puget Sound Energy Inc,98038,August,2019,12
Washington,Puget Sound Energy Inc,98039,August,2019,0
Washington,Puget Sound Energy Inc,98040,August,2019,5
Washington,Puget Sound Energy Inc,98042,August,2019,76
Washington,Puget Sound Energy Inc,98043,August,2019,0
Washington,Puget Sound Energy Inc,98045,August,2019,0
Washington,Puget Sound Energy Inc,98047,August,2019,35
Washington,Puget Sound Energy Inc,98051,August,2019,0
Washington,Puget Sound Energy Inc,98052,August,2019,53
Washington,Puget Sound Energy Inc,98053,August,2019,0
Washington,Puget Sound Energy Inc,98055,August,2019,62
Washington,Puget Sound Energy Inc,98056,August,2019,46
Washington,Puget Sound Energy Inc,98057,August,2019,49
Washington,Puget Sound Energy Inc,98058,August,2019,45
Washington,Puget Sound Energy Inc,98059,August,2019,6
Washington,Puget Sound Energy Inc,98065,August,2019,0
Washington,Puget Sound Energy Inc,98068,August,2019,0
Washington,Puget Sound Energy Inc,98070,August,2019,18
Washington,Puget Sound Energy Inc,98072,August,2019,0
Washington,Puget Sound Energy Inc,98074,August,2019,2
Washington,Puget Sound Energy Inc,98075,August,2019,0
Washington,Puget Sound Energy Inc,98077,August,2019,0
Washington,Puget Sound Energy Inc,98087,August,2019,9
Washington,Puget Sound Energy Inc,98092,August,2019,81
Washington,Puget Sound Energy Inc,98101,August,2019,0
Washington,Puget Sound Energy Inc,98102,August,2019,2
Washington,Puget Sound Energy Inc,98103,August,2019,0
Washington,Puget Sound Energy Inc,98104,August,2019,1
Washington,Puget Sound Energy Inc,98105,August,2019,0
Washington,Puget Sound Energy Inc,98106,August,2019,11
Washington,Puget Sound Energy Inc,98107,August,2019,3
Washington,Puget Sound Energy Inc,98108,August,2019,47
Washington,Puget Sound Energy Inc,98109,August,2019,1
Washington,Puget Sound Energy Inc,98110,August,2019,6
Washington,Puget Sound Energy Inc,98112,August,2019,0
Washington,Puget Sound Energy Inc,98115,August,2019,5
Washington,Puget Sound Energy Inc,98116,August,2019,11
Washington,Puget Sound Energy Inc,98117,August,2019,7
Washington,Puget Sound Energy Inc,98118,August,2019,13
Washington,Northwest Natural Gas Company,98119,August,2019,0
Washington,Puget Sound Energy Inc,98119,August,2019,11
Washington,Puget Sound Energy Inc,98121,August,2019,3
Washington,Puget Sound Energy Inc,98122,August,2019,3
Washington,Puget Sound Energy Inc,98125,August,2019,0
Washington,Puget Sound Energy Inc,98126,August,2019,7
Washington,Northwest Natural Gas Company,98127,August,2019,0
Washington,Puget Sound Energy Inc,98133,August,2019,4
Washington,Puget Sound Energy Inc,98134,August,2019,2
Washington,Puget Sound Energy Inc,98136,August,2019,10
Washington,Puget Sound Energy Inc,98144,August,2019,20
Washington,Puget Sound Energy Inc,98146,August,2019,17
Washington,Puget Sound Energy Inc,98148,August,2019,6
Washington,Puget Sound Energy Inc,98155,August,2019,4
Washington,Puget Sound Energy Inc,98166,August,2019,23
Washington,Puget Sound Energy Inc,98168,August,2019,16
Washington,Puget Sound Energy Inc,98177,August,2019,5
Washington,Puget Sound Energy Inc,98178,August,2019,8
Washington,Puget Sound Energy Inc,98188,August,2019,3
Washington,Puget Sound Energy Inc,98198,August,2019,5
Washington,Puget Sound Energy Inc,98199,August,2019,2
Washington,Puget Sound Energy Inc,98201,August,2019,36
Washington,Puget Sound Energy Inc,98203,August,2019,30
Washington,Puget Sound Energy Inc,98204,August,2019,22
Washington,Northwest Natural Gas Company,98208,August,2019,0
Washington,Puget Sound Energy Inc,98208,August,2019,0
Washington,Puget Sound Energy Inc,98220,August,2019,0
Washington,Puget Sound Energy Inc,98221,August,2019,7
Washington,Puget Sound Energy Inc,98223,August,2019,2
Washington,Puget Sound Energy Inc,98224,August,2019,0
Washington,Puget Sound Energy Inc,98225,August,2019,34
Washington,Puget Sound Energy Inc,98226,August,2019,31
Washington,Puget Sound Energy Inc,98229,August,2019,8
Washington,Puget Sound Energy Inc,98230,August,2019,1
Washington,Puget Sound Energy Inc,98232,August,2019,3
Washington,Puget Sound Energy Inc,98233,August,2019,46
Washington,Puget Sound Energy Inc,98235,August,2019,0
Washington,Puget Sound Energy Inc,98236,August,2019,6
Washington,Puget Sound Energy Inc,98237,August,2019,0
Washington,Puget Sound Energy Inc,98238,August,2019,1
Washington,Puget Sound Energy Inc,98239,August,2019,1
Washington,Puget Sound Energy Inc,98240,August,2019,0
Washington,Puget Sound Energy Inc,98244,August,2019,0
Washington,Puget Sound Energy Inc,98247,August,2019,1
Washington,Puget Sound Energy Inc,98248,August,2019,7
Washington,Puget Sound Energy Inc,98249,August,2019,0
Washington,Puget Sound Energy Inc,98251,August,2019,4
Washington,Puget Sound Energy Inc,98252,August,2019,0
Washington,Puget Sound Energy Inc,98253,August,2019,2
Washington,Puget Sound Energy Inc,98255,August,2019,0
Washington,Puget Sound Energy Inc,98257,August,2019,19
Washington,Puget Sound Energy Inc,98258,August,2019,0
Washington,Puget Sound Energy Inc,98260,August,2019,2
Washington,Puget Sound Energy Inc,98262,August,2019,0
Washington,Puget Sound Energy Inc,98263,August,2019,0
Washington,Puget Sound Energy Inc,98264,August,2019,8
Washington,Puget Sound Energy Inc,98266,August,2019,0
Washington,Puget Sound Energy Inc,98267,August,2019,0
Washington,Puget Sound Energy Inc,98270,August,2019,7
Washington,Puget Sound Energy Inc,98271,August,2019,11
Washington,Puget Sound Energy Inc,98272,August,2019,0
Washington,Puget Sound Energy Inc,98273,August,2019,69
Washington,Puget Sound Energy Inc,98274,August,2019,29
Washington,Puget Sound Energy Inc,98275,August,2019,9
Washington,Puget Sound Energy Inc,98276,August,2019,0
Washington,Puget Sound Energy Inc,98277,August,2019,49
Washington,Puget Sound Energy Inc,98281,August,2019,2
Washington,Puget Sound Energy Inc,98284,August,2019,19
Washington,Puget Sound Energy Inc,98288,August,2019,0
Washington,Puget Sound Energy Inc,98290,August,2019,0
Washington,Puget Sound Energy Inc,98292,August,2019,0
Washington,Puget Sound Energy Inc,98294,August,2019,5
Washington,Puget Sound Energy Inc,98295,August,2019,0
Washington,Puget Sound Energy Inc,98296,August,2019,0
Washington,Northwest Natural Gas Company,98307,August,2019,0
Washington,Puget Sound Energy Inc,98310,August,2019,61
Washington,Puget Sound Energy Inc,98311,August,2019,8
Washington,Puget Sound Energy Inc,98312,August,2019,82
Washington,Puget Sound Energy Inc,98321,August,2019,8
Washington,Puget Sound Energy Inc,98323,August,2019,0
Washington,Puget Sound Energy Inc,98327,August,2019,12
Washington,Puget Sound Energy Inc,98332,August,2019,1
Washington,Puget Sound Energy Inc,98335,August,2019,3
Washington,Puget Sound Energy Inc,98337,August,2019,26
Washington,Puget Sound Energy Inc,98338,August,2019,2
Washington,Puget Sound Energy Inc,98340,August,2019,0
Washington,Puget Sound Energy Inc,98342,August,2019,1
Washington,Puget Sound Energy Inc,98345,August,2019,0
Washington,Puget Sound Energy Inc,98346,August,2019,6
Washington,Puget Sound Energy Inc,98353,August,2019,0
Washington,Puget Sound Energy Inc,98354,August,2019,3
Washington,Puget Sound Energy Inc,98359,August,2019,7
Washington,Puget Sound Energy Inc,98360,August,2019,2
Washington,Puget Sound Energy Inc,98366,August,2019,90
Washington,Puget Sound Energy Inc,98367,August,2019,6
Washington,Puget Sound Energy Inc,98370,August,2019,12
Washington,Puget Sound Energy Inc,98371,August,2019,24
Washington,Puget Sound Energy Inc,98372,August,2019,55
Washington,Puget Sound Energy Inc,98373,August,2019,58
Washington,Puget Sound Energy Inc,98374,August,2019,41
Washington,Puget Sound Energy Inc,98375,August,2019,44
Washington,Puget Sound Energy Inc,98380,August,2019,8
Washington,Puget Sound Energy Inc,98383,August,2019,20
Washington,Puget Sound Energy Inc,98385,August,2019,0
Washington,Puget Sound Energy Inc,98387,August,2019,36
Washington,Puget Sound Energy Inc,98388,August,2019,7
Washington,Puget Sound Energy Inc,98390,August,2019,4
Washington,Puget Sound Energy Inc,98391,August,2019,6
Washington,Puget Sound Energy Inc,98392,August,2019,3
Washington,Puget Sound Energy Inc,98402,August,2019,0
Washington,Puget Sound Energy Inc,98403,August,2019,4
Washington,Puget Sound Energy Inc,98404,August,2019,5
Washington,Puget Sound Energy Inc,98405,August,2019,30
Washington,Puget Sound Energy Inc,98406,August,2019,5
Washington,Puget Sound Energy Inc,98407,August,2019,8
Washington,Puget Sound Energy Inc,98408,August,2019,15
Washington,Puget Sound Energy Inc,98409,August,2019,22
Washington,Puget Sound Energy Inc,98418,August,2019,2
Washington,Puget Sound Energy Inc,98422,August,2019,10
Washington,Puget Sound Energy Inc,98424,August,2019,10
Washington,Puget Sound Energy Inc,98439,August,2019,31
Washington,Puget Sound Energy Inc,98443,August,2019,0
Washington,Puget Sound Energy Inc,98444,August,2019,4
Washington,Puget Sound Energy Inc,98445,August,2019,8
Washington,Puget Sound Energy Inc,98446,August,2019,3
Washington,Puget Sound Energy Inc,98465,August,2019,1
Washington,Puget Sound Energy Inc,98466,August,2019,2
Washington,Puget Sound Energy Inc,98467,August,2019,0
Washington,Puget Sound Energy Inc,98498,August,2019,52
Washington,Puget Sound Energy Inc,98499,August,2019,18
Washington,Puget Sound Energy Inc,98501,August,2019,69
Washington,Puget Sound Energy Inc,98502,August,2019,62
Washington,Puget Sound Energy Inc,98503,August,2019,100
Washington,Puget Sound Energy Inc,98506,August,2019,23
Washington,Puget Sound Energy Inc,98512,August,2019,39
Washington,Puget Sound Energy Inc,98513,August,2019,54
Washington,Puget Sound Energy Inc,98516,August,2019,17
Washington,Puget Sound Energy Inc,98530,August,2019,0
Washington,Puget Sound Energy Inc,98531,August,2019,0
Washington,Puget Sound Energy Inc,98532,August,2019,0
Washington,Puget Sound Energy Inc,98558,August,2019,0
Washington,Puget Sound Energy Inc,98568,August,2019,0
Washington,Puget Sound Energy Inc,98576,August,2019,0
Washington,Puget Sound Energy Inc,98579,August,2019,1
Washington,Puget Sound Energy Inc,98580,August,2019,0
Washington,Puget Sound Energy Inc,98589,August,2019,3
Washington,Puget Sound Energy Inc,98591,August,2019,0
Washington,Puget Sound Energy Inc,98596,August,2019,0
Washington,Puget Sound Energy Inc,98597,August,2019,0
Washington,Northwest Natural Gas Company,98601,August,2019,0
Washington,Northwest Natural Gas Company,98602,August,2019,0
Washington,Northwest Natural Gas Company,98604,August,2019,5
Washington,Northwest Natural Gas Company,98605,August,2019,0
Washington,Northwest Natural Gas Company,98606,August,2019,0
Washington,Northwest Natural Gas Company,98607,August,2019,6
Washington,Northwest Natural Gas Company,98610,August,2019,0
Washington,Northwest Natural Gas Company,98612,August,2019,0
Washington,Northwest Natural Gas Company,98617,August,2019,0
Washington,Northwest Natural Gas Company,98620,August,2019,0
Washington,Avista Utilities,98620,August,2019,0
Washington,Northwest Natural Gas Company,98626,August,2019,0
Washington,Northwest Natural Gas Company,98628,August,2019,0
Washington,Northwest Natural Gas Company,98629,August,2019,0
Washington,Northwest Natural Gas Company,98635,August,2019,0
Washington,Northwest Natural Gas Company,98639,August,2019,0
Washington,Northwest Natural Gas Company,98642,August,2019,3
Washington,Northwest Natural Gas Company,98648,August,2019,0
Washington,Avista Utilities,98648,August,2019,1
Washington,Northwest Natural Gas Company,98660,August,2019,2
Washington,Northwest Natural Gas Company,98661,August,2019,8
Washington,Northwest Natural Gas Company,98662,August,2019,6
Washington,Northwest Natural Gas Company,98663,August,2019,1
Washington,Northwest Natural Gas Company,98664,August,2019,3
Washington,Northwest Natural Gas Company,98665,August,2019,9
Washington,Northwest Natural Gas Company,98666,August,2019,0
Washington,Northwest Natural Gas Company,98668,August,2019,0
Washington,Northwest Natural Gas Company,98671,August,2019,2
Washington,Northwest Natural Gas Company,98672,August,2019,0
Washington,Northwest Natural Gas Company,98674,August,2019,0
Washington,Northwest Natural Gas Company,98675,August,2019,0
Washington,Northwest Natural Gas Company,98682,August,2019,12
Washington,Northwest Natural Gas Company,98683,August,2019,5
Washington,Northwest Natural Gas Company,98684,August,2019,5
Washington,Northwest Natural Gas Company,98685,August,2019,5
Washington,Northwest Natural Gas Company,98686,August,2019,1
Washington,Northwest Natural Gas Company,98762,August,2019,0
Washington,Avista Utilities,98857,August,2019,0
Washington,Northwest Natural Gas Company,98864,August,2019,0
Washington,Puget Sound Energy Inc,98922,August,2019,3
Washington,Puget Sound Energy Inc,98925,August,2019,0
Washington,Puget Sound Energy Inc,98926,August,2019,0
Washington,Puget Sound Energy Inc,98934,August,2019,0
Washington,Puget Sound Energy Inc,98940,August,2019,0
Washington,Puget Sound Energy Inc,98941,August,2019,4
Washington,Puget Sound Energy Inc,98943,August,2019,0
Washington,Puget Sound Energy Inc,98946,August,2019,0
Washington,Avista Utilities,99001,August,2019,7
Washington,Avista Utilities,99003,August,2019,1
Washington,Avista Utilities,99004,August,2019,4
Washington,Avista Utilities,99005,August,2019,3
Washington,Avista Utilities,99006,August,2019,5
Washington,Avista Utilities,99008,August,2019,0
Washington,Avista Utilities,99009,August,2019,1
Washington,Avista Utilities,99011,August,2019,0
Washington,Avista Utilities,99012,August,2019,3
Washington,Avista Utilities,99013,August,2019,2
Washington,Avista Utilities,99014,August,2019,0
Washington,Avista Utilities,99016,August,2019,4
Washington,Avista Utilities,99018,August,2019,0
Washington,Avista Utilities,99019,August,2019,3
Washington,Avista Utilities,99020,August,2019,0
Washington,Avista Utilities,99021,August,2019,1
Washington,Avista Utilities,99022,August,2019,3
Washington,Avista Utilities,99023,August,2019,0
Washington,Avista Utilities,99025,August,2019,0
Washington,Avista Utilities,99026,August,2019,1
Washington,Avista Utilities,99027,August,2019,1
Washington,Avista Utilities,99029,August,2019,1
Washington,Avista Utilities,99030,August,2019,0
Washington,Avista Utilities,99031,August,2019,2
Washington,Avista Utilities,99032,August,2019,0
Washington,Avista Utilities,99033,August,2019,0
Washington,Avista Utilities,99034,August,2019,0
Washington,Avista Utilities,99036,August,2019,0
Washington,Avista Utilities,99037,August,2019,1
Washington,Avista Utilities,99039,August,2019,0
Washington,Avista Utilities,99040,August,2019,2
Washington,Avista Utilities,99101,August,2019,0
Washington,Avista Utilities,99102,August,2019,2
Washington,Avista Utilities,99103,August,2019,0
Washington,Avista Utilities,99104,August,2019,0
Washington,Avista Utilities,99107,August,2019,0
Washington,Avista Utilities,99109,August,2019,1
Washington,Avista Utilities,99110,August,2019,2
Washington,Avista Utilities,99111,August,2019,9
Washington,Avista Utilities,99113,August,2019,0
Washington,Avista Utilities,99114,August,2019,4
Washington,Avista Utilities,99117,August,2019,1
Washington,Avista Utilities,99122,August,2019,0
Washington,Avista Utilities,99125,August,2019,2
Washington,Avista Utilities,99126,August,2019,1
Washington,Avista Utilities,99128,August,2019,0
Washington,Avista Utilities,99129,August,2019,0
Washington,Avista Utilities,99130,August,2019,3
Washington,Avista Utilities,99131,August,2019,0
Washington,Avista Utilities,99134,August,2019,0
Washington,Avista Utilities,99137,August,2019,0
Washington,Avista Utilities,99138,August,2019,6
Washington,Avista Utilities,99141,August,2019,6
Washington,Avista Utilities,99143,August,2019,0
Washington,Avista Utilities,99144,August,2019,0
Washington,Avista Utilities,99146,August,2019,0
Washington,Avista Utilities,99148,August,2019,2
Washington,Avista Utilities,99149,August,2019,0
Washington,Avista Utilities,99151,August,2019,1
Washington,Avista Utilities,99156,August,2019,0
Washington,Avista Utilities,99157,August,2019,0
Washington,Avista Utilities,99158,August,2019,1
Washington,Avista Utilities,99159,August,2019,0
Washington,Avista Utilities,99160,August,2019,1
Washington,Avista Utilities,99161,August,2019,2
Washington,Avista Utilities,99163,August,2019,56
Washington,Avista Utilities,99164,August,2019,0
Washington,Avista Utilities,99167,August,2019,0
Washington,Avista Utilities,99169,August,2019,3
Washington,Avista Utilities,99170,August,2019,2
Washington,Avista Utilities,99171,August,2019,1
Washington,Avista Utilities,99173,August,2019,1
Washington,Avista Utilities,99174,August,2019,0
Washington,Avista Utilities,99176,August,2019,1
Washington,Avista Utilities,99179,August,2019,0
Washington,Avista Utilities,99181,August,2019,0
Washington,Avista Utilities,99185,August,2019,0
Washington,Avista Utilities,99201,August,2019,29
Washington,Avista Utilities,99202,August,2019,141
Washington,Avista Utilities,99203,August,2019,18
Washington,Avista Utilities,99204,August,2019,8
Washington,Avista Utilities,99205,August,2019,48
Washington,Avista Utilities,99206,August,2019,16
Washington,Avista Utilities,99207,August,2019,174
Washington,Avista Utilities,99208,August,2019,47
Washington,Avista Utilities,99212,August,2019,81
Washington,Avista Utilities,99216,August,2019,7
Washington,Avista Utilities,99217,August,2019,49
Washington,Avista Utilities,99218,August,2019,9
Washington,Avista Utilities,99219,August,2019,0
Washington,Avista Utilities,99220,August,2019,0
Washington,Avista Utilities,99223,August,2019,22
Washington,Avista Utilities,99224,August,2019,18
Washington,Avista Utilities,99260,August,2019,0
Washington,Avista Utilities,99326,August,2019,0
Washington,Avista Utilities,99335,August,2019,0
Washington,Avista Utilities,99341,August,2019,2
Washington,Avista Utilities,99344,August,2019,8
Washington,Avista Utilities,99371,August,2019,0
Washington,Avista Utilities,99402,August,2019,3
Washington,Avista Utilities,99403,August,2019,10
Washington,Puget Sound Energy Inc,98001,December,2019,8
Washington,Puget Sound Energy Inc,98002,December,2019,105
Washington,Puget Sound Energy Inc,98003,December,2019,42
Washington,Puget Sound Energy Inc,98004,December,2019,25
Washington,Puget Sound Energy Inc,98005,December,2019,11
Washington,Puget Sound Energy Inc,98006,December,2019,2
Washington,Puget Sound Energy Inc,98007,December,2019,25
Washington,Puget Sound Energy Inc,98008,December,2019,7
Washington,Puget Sound Energy Inc,98010,December,2019,0
Washington,Puget Sound Energy Inc,98011,December,2019,26
Washington,Puget Sound Energy Inc,98012,December,2019,2
Washington,Puget Sound Energy Inc,98014,December,2019,0
Washington,Puget Sound Energy Inc,98019,December,2019,0
Washington,Puget Sound Energy Inc,98020,December,2019,0
Washington,Puget Sound Energy Inc,98021,December,2019,0
Washington,Puget Sound Energy Inc,98022,December,2019,0
Washington,Puget Sound Energy Inc,98023,December,2019,165
Washington,Puget Sound Energy Inc,98024,December,2019,0
Washington,Puget Sound Energy Inc,98026,December,2019,5
Washington,Northwest Natural Gas Company,98026,December,2019,0
Washington,Puget Sound Energy Inc,98027,December,2019,5
Washington,Puget Sound Energy Inc,98028,December,2019,0
Washington,Puget Sound Energy Inc,98029,December,2019,6
Washington,Puget Sound Energy Inc,98030,December,2019,2
Washington,Puget Sound Energy Inc,98031,December,2019,1
Washington,Puget Sound Energy Inc,98032,December,2019,125
Washington,Puget Sound Energy Inc,98033,December,2019,58
Washington,Puget Sound Energy Inc,98034,December,2019,125
Washington,Puget Sound Energy Inc,98036,December,2019,1
Washington,Puget Sound Energy Inc,98037,December,2019,2
Washington,Puget Sound Energy Inc,98038,December,2019,1
Washington,Puget Sound Energy Inc,98039,December,2019,0
Washington,Puget Sound Energy Inc,98040,December,2019,0
Washington,Puget Sound Energy Inc,98042,December,2019,3
Washington,Puget Sound Energy Inc,98043,December,2019,2
Washington,Puget Sound Energy Inc,98045,December,2019,0
Washington,Puget Sound Energy Inc,98047,December,2019,21
Washington,Puget Sound Energy Inc,98051,December,2019,0
Washington,Puget Sound Energy Inc,98052,December,2019,37
Washington,Puget Sound Energy Inc,98053,December,2019,4
Washington,Puget Sound Energy Inc,98055,December,2019,22
Washington,Puget Sound Energy Inc,98056,December,2019,13
Washington,Puget Sound Energy Inc,98057,December,2019,4
Washington,Puget Sound Energy Inc,98058,December,2019,28
Washington,Puget Sound Energy Inc,98059,December,2019,2
Washington,Puget Sound Energy Inc,98065,December,2019,2
Washington,Puget Sound Energy Inc,98068,December,2019,0
Washington,Puget Sound Energy Inc,98070,December,2019,2
Washington,Puget Sound Energy Inc,98072,December,2019,2
Washington,Puget Sound Energy Inc,98074,December,2019,0
Washington,Puget Sound Energy Inc,98075,December,2019,0
Washington,Puget Sound Energy Inc,98077,December,2019,0
Washington,Puget Sound Energy Inc,98087,December,2019,7
Washington,Puget Sound Energy Inc,98092,December,2019,94
Washington,Puget Sound Energy Inc,98101,December,2019,0
Washington,Puget Sound Energy Inc,98102,December,2019,11
Washington,Puget Sound Energy Inc,98103,December,2019,3
Washington,Puget Sound Energy Inc,98104,December,2019,0
Washington,Puget Sound Energy Inc,98105,December,2019,10
Washington,Puget Sound Energy Inc,98106,December,2019,1
Washington,Puget Sound Energy Inc,98107,December,2019,0
Washington,Puget Sound Energy Inc,98108,December,2019,2
Washington,Puget Sound Energy Inc,98109,December,2019,3
Washington,Puget Sound Energy Inc,98110,December,2019,19
Washington,Puget Sound Energy Inc,98112,December,2019,11
Washington,Puget Sound Energy Inc,98115,December,2019,14
Washington,Puget Sound Energy Inc,98116,December,2019,9
Washington,Puget Sound Energy Inc,98117,December,2019,28
Washington,Puget Sound Energy Inc,98118,December,2019,0
Washington,Northwest Natural Gas Company,98119,December,2019,0
Washington,Puget Sound Energy Inc,98119,December,2019,2
Washington,Puget Sound Energy Inc,98121,December,2019,0
Washington,Puget Sound Energy Inc,98122,December,2019,10
Washington,Puget Sound Energy Inc,98125,December,2019,13
Washington,Puget Sound Energy Inc,98126,December,2019,0
Washington,Northwest Natural Gas Company,98127,December,2019,0
Washington,Puget Sound Energy Inc,98133,December,2019,5
Washington,Puget Sound Energy Inc,98134,December,2019,0
Washington,Puget Sound Energy Inc,98136,December,2019,4
Washington,Puget Sound Energy Inc,98144,December,2019,1
Washington,Puget Sound Energy Inc,98146,December,2019,0
Washington,Puget Sound Energy Inc,98148,December,2019,2
Washington,Puget Sound Energy Inc,98155,December,2019,13
Washington,Puget Sound Energy Inc,98166,December,2019,2
Washington,Puget Sound Energy Inc,98168,December,2019,34
Washington,Puget Sound Energy Inc,98177,December,2019,21
Washington,Puget Sound Energy Inc,98178,December,2019,0
Washington,Puget Sound Energy Inc,98188,December,2019,68
Washington,Puget Sound Energy Inc,98198,December,2019,166
Washington,Puget Sound Energy Inc,98199,December,2019,5
Washington,Puget Sound Energy Inc,98201,December,2019,14
Washington,Puget Sound Energy Inc,98203,December,2019,3
Washington,Puget Sound Energy Inc,98204,December,2019,4
Washington,Puget Sound Energy Inc,98208,December,2019,3
Washington,Northwest Natural Gas Company,98208,December,2019,0
Washington,Puget Sound Energy Inc,98220,December,2019,3
Washington,Puget Sound Energy Inc,98221,December,2019,0
Washington,Puget Sound Energy Inc,98223,December,2019,0
Washington,Puget Sound Energy Inc,98224,December,2019,0
Washington,Puget Sound Energy Inc,98225,December,2019,26
Washington,Puget Sound Energy Inc,98226,December,2019,23
Washington,Puget Sound Energy Inc,98229,December,2019,29
Washington,Puget Sound Energy Inc,98230,December,2019,13
Washington,Puget Sound Energy Inc,98232,December,2019,0
Washington,Puget Sound Energy Inc,98233,December,2019,22
Washington,Puget Sound Energy Inc,98235,December,2019,0
Washington,Puget Sound Energy Inc,98236,December,2019,0
Washington,Puget Sound Energy Inc,98237,December,2019,0
Washington,Puget Sound Energy Inc,98238,December,2019,0
Washington,Puget Sound Energy Inc,98239,December,2019,0
Washington,Puget Sound Energy Inc,98240,December,2019,1
Washington,Puget Sound Energy Inc,98244,December,2019,0
Washington,Puget Sound Energy Inc,98247,December,2019,11
Washington,Puget Sound Energy Inc,98248,December,2019,5
Washington,Puget Sound Energy Inc,98249,December,2019,0
Washington,Puget Sound Energy Inc,98251,December,2019,0
Washington,Puget Sound Energy Inc,98252,December,2019,1
Washington,Puget Sound Energy Inc,98253,December,2019,0
Washington,Puget Sound Energy Inc,98255,December,2019,1
Washington,Puget Sound Energy Inc,98257,December,2019,5
Washington,Puget Sound Energy Inc,98258,December,2019,2
Washington,Puget Sound Energy Inc,98260,December,2019,0
Washington,Puget Sound Energy Inc,98262,December,2019,0
Washington,Puget Sound Energy Inc,98263,December,2019,0
Washington,Puget Sound Energy Inc,98264,December,2019,5
Washington,Puget Sound Energy Inc,98266,December,2019,2
Washington,Puget Sound Energy Inc,98267,December,2019,0
Washington,Puget Sound Energy Inc,98270,December,2019,15
Washington,Puget Sound Energy Inc,98271,December,2019,7
Washington,Puget Sound Energy Inc,98272,December,2019,0
Washington,Puget Sound Energy Inc,98273,December,2019,39
Washington,Puget Sound Energy Inc,98274,December,2019,11
Washington,Puget Sound Energy Inc,98275,December,2019,5
Washington,Puget Sound Energy Inc,98276,December,2019,1
Washington,Puget Sound Energy Inc,98277,December,2019,0
Washington,Puget Sound Energy Inc,98281,December,2019,0
Washington,Puget Sound Energy Inc,98284,December,2019,9
Washington,Puget Sound Energy Inc,98288,December,2019,0
Washington,Puget Sound Energy Inc,98290,December,2019,0
Washington,Puget Sound Energy Inc,98292,December,2019,0
Washington,Puget Sound Energy Inc,98294,December,2019,0
Washington,Puget Sound Energy Inc,98295,December,2019,0
Washington,Puget Sound Energy Inc,98296,December,2019,1
Washington,Northwest Natural Gas Company,98307,December,2019,0
Washington,Puget Sound Energy Inc,98310,December,2019,33
Washington,Puget Sound Energy Inc,98311,December,2019,19
Washington,Puget Sound Energy Inc,98312,December,2019,5
Washington,Puget Sound Energy Inc,98321,December,2019,7
Washington,Puget Sound Energy Inc,98323,December,2019,0
Washington,Puget Sound Energy Inc,98327,December,2019,0
Washington,Puget Sound Energy Inc,98332,December,2019,11
Washington,Puget Sound Energy Inc,98335,December,2019,1
Washington,Puget Sound Energy Inc,98337,December,2019,5
Washington,Puget Sound Energy Inc,98338,December,2019,0
Washington,Puget Sound Energy Inc,98340,December,2019,1
Washington,Puget Sound Energy Inc,98342,December,2019,7
Washington,Puget Sound Energy Inc,98345,December,2019,0
Washington,Puget Sound Energy Inc,98346,December,2019,18
Washington,Puget Sound Energy Inc,98353,December,2019,0
Washington,Puget Sound Energy Inc,98354,December,2019,0
Washington,Puget Sound Energy Inc,98359,December,2019,1
Washington,Puget Sound Energy Inc,98360,December,2019,20
Washington,Puget Sound Energy Inc,98366,December,2019,1
Washington,Puget Sound Energy Inc,98367,December,2019,5
Washington,Puget Sound Energy Inc,98370,December,2019,32
Washington,Puget Sound Energy Inc,98371,December,2019,5
Washington,Puget Sound Energy Inc,98372,December,2019,1
Washington,Puget Sound Energy Inc,98373,December,2019,43
Washington,Puget Sound Energy Inc,98374,December,2019,41
Washington,Puget Sound Energy Inc,98375,December,2019,25
Washington,Puget Sound Energy Inc,98380,December,2019,4
Washington,Puget Sound Energy Inc,98383,December,2019,8
Washington,Puget Sound Energy Inc,98385,December,2019,1
Washington,Puget Sound Energy Inc,98387,December,2019,31
Washington,Puget Sound Energy Inc,98388,December,2019,0
Washington,Puget Sound Energy Inc,98390,December,2019,9
Washington,Puget Sound Energy Inc,98391,December,2019,80
Washington,Puget Sound Energy Inc,98392,December,2019,7
Washington,Puget Sound Energy Inc,98402,December,2019,0
Washington,Puget Sound Energy Inc,98403,December,2019,0
Washington,Puget Sound Energy Inc,98404,December,2019,4
Washington,Puget Sound Energy Inc,98405,December,2019,2
Washington,Puget Sound Energy Inc,98406,December,2019,4
Washington,Puget Sound Energy Inc,98407,December,2019,0
Washington,Puget Sound Energy Inc,98408,December,2019,3
Washington,Puget Sound Energy Inc,98409,December,2019,7
Washington,Puget Sound Energy Inc,98418,December,2019,0
Washington,Puget Sound Energy Inc,98422,December,2019,14
Washington,Puget Sound Energy Inc,98424,December,2019,0
Washington,Puget Sound Energy Inc,98439,December,2019,0
Washington,Puget Sound Energy Inc,98443,December,2019,0
Washington,Puget Sound Energy Inc,98444,December,2019,2
Washington,Puget Sound Energy Inc,98445,December,2019,5
Washington,Puget Sound Energy Inc,98446,December,2019,2
Washington,Puget Sound Energy Inc,98465,December,2019,0
Washington,Puget Sound Energy Inc,98466,December,2019,0
Washington,Puget Sound Energy Inc,98467,December,2019,0
Washington,Puget Sound Energy Inc,98498,December,2019,0
Washington,Puget Sound Energy Inc,98499,December,2019,1
Washington,Puget Sound Energy Inc,98501,December,2019,22
Washington,Puget Sound Energy Inc,98502,December,2019,8
Washington,Puget Sound Energy Inc,98503,December,2019,17
Washington,Puget Sound Energy Inc,98506,December,2019,0
Washington,Puget Sound Energy Inc,98512,December,2019,44
Washington,Puget Sound Energy Inc,98513,December,2019,3
Washington,Puget Sound Energy Inc,98516,December,2019,2
Washington,Puget Sound Energy Inc,98530,December,2019,2
Washington,Puget Sound Energy Inc,98531,December,2019,8
Washington,Puget Sound Energy Inc,98532,December,2019,4
Washington,Puget Sound Energy Inc,98558,December,2019,0
Washington,Puget Sound Energy Inc,98568,December,2019,0
Washington,Puget Sound Energy Inc,98576,December,2019,3
Washington,Puget Sound Energy Inc,98579,December,2019,26
Washington,Puget Sound Energy Inc,98580,December,2019,12
Washington,Puget Sound Energy Inc,98589,December,2019,13
Washington,Puget Sound Energy Inc,98591,December,2019,0
Washington,Puget Sound Energy Inc,98596,December,2019,0
Washington,Puget Sound Energy Inc,98597,December,2019,35
Washington,Northwest Natural Gas Company,98601,December,2019,0
Washington,Northwest Natural Gas Company,98602,December,2019,0
Washington,Northwest Natural Gas Company,98604,December,2019,5
Washington,Northwest Natural Gas Company,98605,December,2019,0
Washington,Northwest Natural Gas Company,98606,December,2019,0
Washington,Northwest Natural Gas Company,98607,December,2019,14
Washington,Northwest Natural Gas Company,98610,December,2019,0
Washington,Northwest Natural Gas Company,98612,December,2019,0
Washington,Northwest Natural Gas Company,98617,December,2019,0
Washington,Northwest Natural Gas Company,98620,December,2019,0
Washington,Avista Utilities,98620,December,2019,0
Washington,Northwest Natural Gas Company,98626,December,2019,0
Washington,Northwest Natural Gas Company,98628,December,2019,1
Washington,Northwest Natural Gas Company,98629,December,2019,2
Washington,Northwest Natural Gas Company,98635,December,2019,0
Washington,Northwest Natural Gas Company,98639,December,2019,0
Washington,Northwest Natural Gas Company,98642,December,2019,4
Washington,Northwest Natural Gas Company,98648,December,2019,0
Washington,Avista Utilities,98648,December,2019,0
Washington,Northwest Natural Gas Company,98660,December,2019,4
Washington,Northwest Natural Gas Company,98661,December,2019,18
Washington,Northwest Natural Gas Company,98662,December,2019,8
Washington,Northwest Natural Gas Company,98663,December,2019,2
Washington,Northwest Natural Gas Company,98664,December,2019,7
Washington,Northwest Natural Gas Company,98665,December,2019,6
Washington,Northwest Natural Gas Company,98666,December,2019,0
Washington,Northwest Natural Gas Company,98668,December,2019,0
Washington,Northwest Natural Gas Company,98671,December,2019,3
Washington,Northwest Natural Gas Company,98672,December,2019,1
Washington,Northwest Natural Gas Company,98674,December,2019,0
Washington,Northwest Natural Gas Company,98675,December,2019,0
Washington,Northwest Natural Gas Company,98682,December,2019,11
Washington,Northwest Natural Gas Company,98683,December,2019,4
Washington,Northwest Natural Gas Company,98684,December,2019,9
Washington,Northwest Natural Gas Company,98685,December,2019,5
Washington,Northwest Natural Gas Company,98686,December,2019,3
Washington,Northwest Natural Gas Company,98762,December,2019,0
Washington,Avista Utilities,98857,December,2019,0
Washington,Northwest Natural Gas Company,98864,December,2019,0
Washington,Puget Sound Energy Inc,98922,December,2019,0
Washington,Puget Sound Energy Inc,98925,December,2019,0
Washington,Puget Sound Energy Inc,98926,December,2019,0
Washington,Puget Sound Energy Inc,98934,December,2019,0
Washington,Puget Sound Energy Inc,98940,December,2019,0
Washington,Puget Sound Energy Inc,98941,December,2019,0
Washington,Puget Sound Energy Inc,98943,December,2019,0
Washington,Puget Sound Energy Inc,98946,December,2019,0
Washington,Avista Utilities,99001,December,2019,24
Washington,Avista Utilities,99003,December,2019,1
Washington,Avista Utilities,99004,December,2019,6
Washington,Avista Utilities,99005,December,2019,4
Washington,Avista Utilities,99006,December,2019,1
Washington,Avista Utilities,99008,December,2019,0
Washington,Avista Utilities,99009,December,2019,0
Washington,Avista Utilities,99011,December,2019,0
Washington,Avista Utilities,99012,December,2019,3
Washington,Avista Utilities,99013,December,2019,0
Washington,Avista Utilities,99014,December,2019,2
Washington,Avista Utilities,99016,December,2019,6
Washington,Avista Utilities,99018,December,2019,0
Washington,Avista Utilities,99019,December,2019,2
Washington,Avista Utilities,99020,December,2019,1
Washington,Avista Utilities,99021,December,2019,5
Washington,Avista Utilities,99022,December,2019,18
Washington,Avista Utilities,99023,December,2019,0
Washington,Avista Utilities,99025,December,2019,0
Washington,Avista Utilities,99026,December,2019,5
Washington,Avista Utilities,99027,December,2019,3
Washington,Avista Utilities,99029,December,2019,0
Washington,Avista Utilities,99030,December,2019,1
Washington,Avista Utilities,99031,December,2019,0
Washington,Avista Utilities,99032,December,2019,3
Washington,Avista Utilities,99033,December,2019,4
Washington,Avista Utilities,99034,December,2019,0
Washington,Avista Utilities,99036,December,2019,0
Washington,Avista Utilities,99037,December,2019,2
Washington,Avista Utilities,99039,December,2019,1
Washington,Avista Utilities,99040,December,2019,1
Washington,Avista Utilities,99101,December,2019,0
Washington,Avista Utilities,99102,December,2019,1
Washington,Avista Utilities,99103,December,2019,0
Washington,Avista Utilities,99104,December,2019,0
Washington,Avista Utilities,99107,December,2019,0
Washington,Avista Utilities,99109,December,2019,2
Washington,Avista Utilities,99110,December,2019,0
Washington,Avista Utilities,99111,December,2019,9
Washington,Avista Utilities,99113,December,2019,0
Washington,Avista Utilities,99114,December,2019,5
Washington,Avista Utilities,99117,December,2019,0
Washington,Avista Utilities,99122,December,2019,0
Washington,Avista Utilities,99125,December,2019,3
Washington,Avista Utilities,99126,December,2019,1
Washington,Avista Utilities,99128,December,2019,2
Washington,Avista Utilities,99129,December,2019,0
Washington,Avista Utilities,99130,December,2019,4
Washington,Avista Utilities,99131,December,2019,0
Washington,Avista Utilities,99134,December,2019,0
Washington,Avista Utilities,99137,December,2019,0
Washington,Avista Utilities,99138,December,2019,4
Washington,Avista Utilities,99141,December,2019,11
Washington,Avista Utilities,99143,December,2019,2
Washington,Avista Utilities,99144,December,2019,0
Washington,Avista Utilities,99146,December,2019,0
Washington,Avista Utilities,99148,December,2019,6
Washington,Avista Utilities,99149,December,2019,2
Washington,Avista Utilities,99151,December,2019,0
Washington,Avista Utilities,99156,December,2019,0
Washington,Avista Utilities,99157,December,2019,0
Washington,Avista Utilities,99158,December,2019,4
Washington,Avista Utilities,99159,December,2019,1
Washington,Avista Utilities,99160,December,2019,1
Washington,Avista Utilities,99161,December,2019,3
Washington,Avista Utilities,99163,December,2019,88
Washington,Avista Utilities,99164,December,2019,0
Washington,Avista Utilities,99167,December,2019,0
Washington,Avista Utilities,99169,December,2019,8
Washington,Avista Utilities,99170,December,2019,2
Washington,Avista Utilities,99171,December,2019,6
Washington,Avista Utilities,99173,December,2019,0
Washington,Avista Utilities,99174,December,2019,0
Washington,Avista Utilities,99176,December,2019,1
Washington,Avista Utilities,99179,December,2019,4
Washington,Avista Utilities,99181,December,2019,0
Washington,Avista Utilities,99185,December,2019,0
Washington,Avista Utilities,99201,December,2019,110
Washington,Avista Utilities,99202,December,2019,97
Washington,Avista Utilities,99203,December,2019,48
Washington,Avista Utilities,99204,December,2019,56
Washington,Avista Utilities,99205,December,2019,54
Washington,Avista Utilities,99206,December,2019,29
Washington,Avista Utilities,99207,December,2019,210
Washington,Avista Utilities,99208,December,2019,78
Washington,Avista Utilities,99212,December,2019,85
Washington,Avista Utilities,99216,December,2019,30
Washington,Avista Utilities,99217,December,2019,49
Washington,Avista Utilities,99218,December,2019,24
Washington,Avista Utilities,99219,December,2019,0
Washington,Avista Utilities,99220,December,2019,0
Washington,Avista Utilities,99223,December,2019,80
Washington,Avista Utilities,99224,December,2019,64
Washington,Avista Utilities,99260,December,2019,0
Washington,Avista Utilities,99326,December,2019,0
Washington,Avista Utilities,99335,December,2019,0
Washington,Avista Utilities,99341,December,2019,3
Washington,Avista Utilities,99344,December,2019,16
Washington,Avista Utilities,99371,December,2019,2
Washington,Avista Utilities,99402,December,2019,9
Washington,Avista Utilities,99403,December,2019,66
Washington,Puget Sound Energy Inc,98001,February,2019,7
Washington,Puget Sound Energy Inc,98002,February,2019,70
Washington,Puget Sound Energy Inc,98003,February,2019,37
Washington,Puget Sound Energy Inc,98004,February,2019,33
Washington,Puget Sound Energy Inc,98005,February,2019,2
Washington,Puget Sound Energy Inc,98006,February,2019,8
Washington,Puget Sound Energy Inc,98007,February,2019,9
Washington,Puget Sound Energy Inc,98008,February,2019,2
Washington,Puget Sound Energy Inc,98010,February,2019,0
Washington,Puget Sound Energy Inc,98011,February,2019,8
Washington,Puget Sound Energy Inc,98012,February,2019,0
Washington,Puget Sound Energy Inc,98014,February,2019,0
Washington,Puget Sound Energy Inc,98019,February,2019,0
Washington,Puget Sound Energy Inc,98020,February,2019,0
Washington,Puget Sound Energy Inc,98021,February,2019,0
Washington,Puget Sound Energy Inc,98022,February,2019,0
Washington,Puget Sound Energy Inc,98023,February,2019,11
Washington,Puget Sound Energy Inc,98024,February,2019,0
Washington,Puget Sound Energy Inc,98026,February,2019,0
Washington,Puget Sound Energy Inc,98027,February,2019,0
Washington,Puget Sound Energy Inc,98028,February,2019,0
Washington,Puget Sound Energy Inc,98029,February,2019,0
Washington,Puget Sound Energy Inc,98030,February,2019,31
Washington,Puget Sound Energy Inc,98031,February,2019,95
Washington,Puget Sound Energy Inc,98032,February,2019,112
Washington,Puget Sound Energy Inc,98033,February,2019,9
Washington,Puget Sound Energy Inc,98034,February,2019,1
Washington,Puget Sound Energy Inc,98036,February,2019,0
Washington,Puget Sound Energy Inc,98037,February,2019,0
Washington,Puget Sound Energy Inc,98038,February,2019,0
Washington,Puget Sound Energy Inc,98039,February,2019,0
Washington,Puget Sound Energy Inc,98040,February,2019,7
Washington,Puget Sound Energy Inc,98042,February,2019,0
Washington,Puget Sound Energy Inc,98043,February,2019,0
Washington,Puget Sound Energy Inc,98045,February,2019,0
Washington,Puget Sound Energy Inc,98047,February,2019,2
Washington,Puget Sound Energy Inc,98051,February,2019,0
Washington,Puget Sound Energy Inc,98052,February,2019,10
Washington,Puget Sound Energy Inc,98053,February,2019,0
Washington,Puget Sound Energy Inc,98055,February,2019,48
Washington,Puget Sound Energy Inc,98056,February,2019,69
Washington,Puget Sound Energy Inc,98057,February,2019,23
Washington,Puget Sound Energy Inc,98058,February,2019,35
Washington,Puget Sound Energy Inc,98059,February,2019,24
Washington,Puget Sound Energy Inc,98065,February,2019,0
Washington,Puget Sound Energy Inc,98068,February,2019,0
Washington,Puget Sound Energy Inc,98070,February,2019,19
Washington,Puget Sound Energy Inc,98072,February,2019,0
Washington,Puget Sound Energy Inc,98074,February,2019,0
Washington,Puget Sound Energy Inc,98075,February,2019,0
Washington,Puget Sound Energy Inc,98077,February,2019,0
Washington,Puget Sound Energy Inc,98087,February,2019,0
Washington,Puget Sound Energy Inc,98092,February,2019,63
Washington,Puget Sound Energy Inc,98101,February,2019,0
Washington,Puget Sound Energy Inc,98102,February,2019,0
Washington,Puget Sound Energy Inc,98103,February,2019,3
Washington,Puget Sound Energy Inc,98104,February,2019,0
Washington,Puget Sound Energy Inc,98105,February,2019,0
Washington,Puget Sound Energy Inc,98106,February,2019,3
Washington,Puget Sound Energy Inc,98107,February,2019,0
Washington,Puget Sound Energy Inc,98108,February,2019,6
Washington,Puget Sound Energy Inc,98109,February,2019,2
Washington,Puget Sound Energy Inc,98110,February,2019,0
Washington,Puget Sound Energy Inc,98112,February,2019,0
Washington,Puget Sound Energy Inc,98115,February,2019,1
Washington,Puget Sound Energy Inc,98116,February,2019,1
Washington,Puget Sound Energy Inc,98117,February,2019,2
Washington,Puget Sound Energy Inc,98118,February,2019,4
Washington,Puget Sound Energy Inc,98119,February,2019,3
Washington,Puget Sound Energy Inc,98121,February,2019,0
Washington,Puget Sound Energy Inc,98122,February,2019,0
Washington,Puget Sound Energy Inc,98125,February,2019,5
Washington,Puget Sound Energy Inc,98126,February,2019,3
Washington,Puget Sound Energy Inc,98133,February,2019,0
Washington,Puget Sound Energy Inc,98134,February,2019,0
Washington,Puget Sound Energy Inc,98136,February,2019,0
Washington,Puget Sound Energy Inc,98144,February,2019,3
Washington,Puget Sound Energy Inc,98146,February,2019,19
Washington,Puget Sound Energy Inc,98148,February,2019,0
Washington,Puget Sound Energy Inc,98155,February,2019,0
Washington,Puget Sound Energy Inc,98166,February,2019,0
Washington,Puget Sound Energy Inc,98168,February,2019,2
Washington,Puget Sound Energy Inc,98177,February,2019,0
Washington,Puget Sound Energy Inc,98178,February,2019,0
Washington,Puget Sound Energy Inc,98188,February,2019,0
Washington,Puget Sound Energy Inc,98198,February,2019,47
Washington,Puget Sound Energy Inc,98199,February,2019,0
Washington,Puget Sound Energy Inc,98201,February,2019,0
Washington,Puget Sound Energy Inc,98203,February,2019,4
Washington,Puget Sound Energy Inc,98204,February,2019,3
Washington,Puget Sound Energy Inc,98208,February,2019,0
Washington,Puget Sound Energy Inc,98220,February,2019,0
Washington,Puget Sound Energy Inc,98221,February,2019,10
Washington,Puget Sound Energy Inc,98223,February,2019,0
Washington,Puget Sound Energy Inc,98224,February,2019,0
Washington,Puget Sound Energy Inc,98225,February,2019,3
Washington,Puget Sound Energy Inc,98226,February,2019,1
Washington,Puget Sound Energy Inc,98229,February,2019,5
Washington,Puget Sound Energy Inc,98230,February,2019,0
Washington,Puget Sound Energy Inc,98232,February,2019,0
Washington,Puget Sound Energy Inc,98233,February,2019,4
Washington,Puget Sound Energy Inc,98235,February,2019,0
Washington,Puget Sound Energy Inc,98236,February,2019,0
Washington,Puget Sound Energy Inc,98237,February,2019,0
Washington,Puget Sound Energy Inc,98238,February,2019,0
Washington,Puget Sound Energy Inc,98239,February,2019,0
Washington,Puget Sound Energy Inc,98240,February,2019,0
Washington,Puget Sound Energy Inc,98244,February,2019,0
Washington,Puget Sound Energy Inc,98247,February,2019,0
Washington,Puget Sound Energy Inc,98248,February,2019,0
Washington,Puget Sound Energy Inc,98249,February,2019,0
Washington,Puget Sound Energy Inc,98251,February,2019,0
Washington,Puget Sound Energy Inc,98252,February,2019,0
Washington,Puget Sound Energy Inc,98253,February,2019,0
Washington,Puget Sound Energy Inc,98255,February,2019,0
Washington,Puget Sound Energy Inc,98257,February,2019,13
Washington,Puget Sound Energy Inc,98258,February,2019,0
Washington,Puget Sound Energy Inc,98260,February,2019,0
Washington,Puget Sound Energy Inc,98262,February,2019,0
Washington,Puget Sound Energy Inc,98263,February,2019,0
Washington,Puget Sound Energy Inc,98264,February,2019,0
Washington,Puget Sound Energy Inc,98266,February,2019,0
Washington,Puget Sound Energy Inc,98267,February,2019,0
Washington,Puget Sound Energy Inc,98270,February,2019,0
Washington,Puget Sound Energy Inc,98271,February,2019,0
Washington,Puget Sound Energy Inc,98272,February,2019,0
Washington,Puget Sound Energy Inc,98273,February,2019,38
Washington,Puget Sound Energy Inc,98274,February,2019,29
Washington,Puget Sound Energy Inc,98275,February,2019,0
Washington,Puget Sound Energy Inc,98276,February,2019,1
Washington,Puget Sound Energy Inc,98277,February,2019,0
Washington,Puget Sound Energy Inc,98281,February,2019,0
Washington,Puget Sound Energy Inc,98284,February,2019,15
Washington,Puget Sound Energy Inc,98288,February,2019,0
Washington,Puget Sound Energy Inc,98290,February,2019,0
Washington,Puget Sound Energy Inc,98292,February,2019,0
Washington,Puget Sound Energy Inc,98294,February,2019,0
Washington,Puget Sound Energy Inc,98295,February,2019,0
Washington,Puget Sound Energy Inc,98296,February,2019,0
Washington,Puget Sound Energy Inc,98310,February,2019,29
Washington,Puget Sound Energy Inc,98311,February,2019,1
Washington,Puget Sound Energy Inc,98312,February,2019,36
Washington,Puget Sound Energy Inc,98321,February,2019,0
Washington,Puget Sound Energy Inc,98323,February,2019,0
Washington,Puget Sound Energy Inc,98327,February,2019,0
Washington,Puget Sound Energy Inc,98332,February,2019,0
Washington,Puget Sound Energy Inc,98335,February,2019,0
Washington,Puget Sound Energy Inc,98337,February,2019,2
Washington,Puget Sound Energy Inc,98338,February,2019,0
Washington,Puget Sound Energy Inc,98340,February,2019,0
Washington,Puget Sound Energy Inc,98342,February,2019,0
Washington,Puget Sound Energy Inc,98345,February,2019,0
Washington,Puget Sound Energy Inc,98346,February,2019,0
Washington,Puget Sound Energy Inc,98353,February,2019,0
Washington,Puget Sound Energy Inc,98354,February,2019,0
Washington,Puget Sound Energy Inc,98359,February,2019,10
Washington,Puget Sound Energy Inc,98360,February,2019,0
Washington,Puget Sound Energy Inc,98366,February,2019,0
Washington,Puget Sound Energy Inc,98367,February,2019,6
Washington,Puget Sound Energy Inc,98370,February,2019,0
Washington,Puget Sound Energy Inc,98371,February,2019,2
Washington,Puget Sound Energy Inc,98372,February,2019,1
Washington,Puget Sound Energy Inc,98373,February,2019,36
Washington,Puget Sound Energy Inc,98374,February,2019,30
Washington,Puget Sound Energy Inc,98375,February,2019,9
Washington,Puget Sound Energy Inc,98380,February,2019,0
Washington,Puget Sound Energy Inc,98383,February,2019,0
Washington,Puget Sound Energy Inc,98385,February,2019,0
Washington,Puget Sound Energy Inc,98387,February,2019,1
Washington,Puget Sound Energy Inc,98388,February,2019,4
Washington,Puget Sound Energy Inc,98390,February,2019,0
Washington,Puget Sound Energy Inc,98391,February,2019,0
Washington,Puget Sound Energy Inc,98392,February,2019,0
Washington,Puget Sound Energy Inc,98402,February,2019,0
Washington,Puget Sound Energy Inc,98403,February,2019,0
Washington,Puget Sound Energy Inc,98404,February,2019,3
Washington,Puget Sound Energy Inc,98405,February,2019,2
Washington,Puget Sound Energy Inc,98406,February,2019,1
Washington,Puget Sound Energy Inc,98407,February,2019,0
Washington,Puget Sound Energy Inc,98408,February,2019,5
Washington,Puget Sound Energy Inc,98409,February,2019,1
Washington,Puget Sound Energy Inc,98418,February,2019,0
Washington,Puget Sound Energy Inc,98422,February,2019,0
Washington,Puget Sound Energy Inc,98424,February,2019,0
Washington,Puget Sound Energy Inc,98439,February,2019,16
Washington,Puget Sound Energy Inc,98443,February,2019,0
Washington,Puget Sound Energy Inc,98444,February,2019,5
Washington,Puget Sound Energy Inc,98445,February,2019,0
Washington,Puget Sound Energy Inc,98446,February,2019,2
Washington,Puget Sound Energy Inc,98465,February,2019,1
Washington,Puget Sound Energy Inc,98466,February,2019,9
Washington,Puget Sound Energy Inc,98467,February,2019,1
Washington,Puget Sound Energy Inc,98498,February,2019,41
Washington,Puget Sound Energy Inc,98499,February,2019,10
Washington,Puget Sound Energy Inc,98501,February,2019,32
Washington,Puget Sound Energy Inc,98502,February,2019,11
Washington,Puget Sound Energy Inc,98503,February,2019,43
Washington,Puget Sound Energy Inc,98506,February,2019,3
Washington,Puget Sound Energy Inc,98512,February,2019,20
Washington,Puget Sound Energy Inc,98513,February,2019,31
Washington,Puget Sound Energy Inc,98516,February,2019,12
Washington,Puget Sound Energy Inc,98530,February,2019,0
Washington,Puget Sound Energy Inc,98531,February,2019,2
Washington,Puget Sound Energy Inc,98532,February,2019,3
Washington,Puget Sound Energy Inc,98558,February,2019,0
Washington,Puget Sound Energy Inc,98568,February,2019,0
Washington,Puget Sound Energy Inc,98576,February,2019,3
Washington,Puget Sound Energy Inc,98579,February,2019,4
Washington,Puget Sound Energy Inc,98580,February,2019,0
Washington,Puget Sound Energy Inc,98589,February,2019,0
Washington,Puget Sound Energy Inc,98591,February,2019,0
Washington,Puget Sound Energy Inc,98596,February,2019,0
Washington,Puget Sound Energy Inc,98597,February,2019,2
Washington,Puget Sound Energy Inc,98922,February,2019,0
Washington,Puget Sound Energy Inc,98925,February,2019,0
Washington,Puget Sound Energy Inc,98926,February,2019,0
Washington,Puget Sound Energy Inc,98934,February,2019,0
Washington,Puget Sound Energy Inc,98940,February,2019,0
Washington,Puget Sound Energy Inc,98941,February,2019,0
Washington,Puget Sound Energy Inc,98943,February,2019,0
Washington,Puget Sound Energy Inc,98946,February,2019,0
Washington,Puget Sound Energy Inc,98001,January,2019,44
Washington,Puget Sound Energy Inc,98002,January,2019,88
Washington,Puget Sound Energy Inc,98003,January,2019,46
Washington,Puget Sound Energy Inc,98004,January,2019,26
Washington,Puget Sound Energy Inc,98005,January,2019,4
Washington,Puget Sound Energy Inc,98006,January,2019,11
Washington,Puget Sound Energy Inc,98007,January,2019,10
Washington,Puget Sound Energy Inc,98008,January,2019,13
Washington,Puget Sound Energy Inc,98010,January,2019,0
Washington,Puget Sound Energy Inc,98011,January,2019,29
Washington,Puget Sound Energy Inc,98012,January,2019,30
Washington,Puget Sound Energy Inc,98014,January,2019,6
Washington,Puget Sound Energy Inc,98019,January,2019,8
Washington,Puget Sound Energy Inc,98020,January,2019,0
Washington,Puget Sound Energy Inc,98021,January,2019,0
Washington,Puget Sound Energy Inc,98022,January,2019,0
Washington,Puget Sound Energy Inc,98023,January,2019,53
Washington,Puget Sound Energy Inc,98024,January,2019,0
Washington,Puget Sound Energy Inc,98026,January,2019,17
Washington,Puget Sound Energy Inc,98027,January,2019,4
Washington,Puget Sound Energy Inc,98028,January,2019,26
Washington,Puget Sound Energy Inc,98029,January,2019,0
Washington,Puget Sound Energy Inc,98030,January,2019,7
Washington,Puget Sound Energy Inc,98031,January,2019,8
Washington,Puget Sound Energy Inc,98032,January,2019,120
Washington,Puget Sound Energy Inc,98033,January,2019,22
Washington,Puget Sound Energy Inc,98034,January,2019,63
Washington,Puget Sound Energy Inc,98036,January,2019,9
Washington,Puget Sound Energy Inc,98037,January,2019,1
Washington,Puget Sound Energy Inc,98038,January,2019,0
Washington,Puget Sound Energy Inc,98039,January,2019,0
Washington,Puget Sound Energy Inc,98040,January,2019,16
Washington,Puget Sound Energy Inc,98042,January,2019,40
Washington,Puget Sound Energy Inc,98043,January,2019,0
Washington,Puget Sound Energy Inc,98045,January,2019,5
Washington,Puget Sound Energy Inc,98047,January,2019,15
Washington,Puget Sound Energy Inc,98051,January,2019,0
Washington,Puget Sound Energy Inc,98052,January,2019,9
Washington,Puget Sound Energy Inc,98053,January,2019,0
Washington,Puget Sound Energy Inc,98055,January,2019,33
Washington,Puget Sound Energy Inc,98056,January,2019,74
Washington,Puget Sound Energy Inc,98057,January,2019,15
Washington,Puget Sound Energy Inc,98058,January,2019,60
Washington,Puget Sound Energy Inc,98059,January,2019,56
Washington,Puget Sound Energy Inc,98065,January,2019,4
Washington,Puget Sound Energy Inc,98068,January,2019,0
Washington,Puget Sound Energy Inc,98070,January,2019,0
Washington,Puget Sound Energy Inc,98072,January,2019,9
Washington,Puget Sound Energy Inc,98074,January,2019,0
Washington,Puget Sound Energy Inc,98075,January,2019,1
Washington,Puget Sound Energy Inc,98077,January,2019,4
Washington,Puget Sound Energy Inc,98087,January,2019,12
Washington,Puget Sound Energy Inc,98092,January,2019,72
Washington,Puget Sound Energy Inc,98101,January,2019,0
Washington,Puget Sound Energy Inc,98102,January,2019,0
Washington,Puget Sound Energy Inc,98103,January,2019,0
Washington,Puget Sound Energy Inc,98104,January,2019,0
Washington,Puget Sound Energy Inc,98105,January,2019,5
Washington,Puget Sound Energy Inc,98106,January,2019,24
Washington,Puget Sound Energy Inc,98107,January,2019,0
Washington,Puget Sound Energy Inc,98108,January,2019,21
Washington,Puget Sound Energy Inc,98109,January,2019,0
Washington,Puget Sound Energy Inc,98110,January,2019,0
Washington,Puget Sound Energy Inc,98112,January,2019,0
Washington,Puget Sound Energy Inc,98115,January,2019,7
Washington,Puget Sound Energy Inc,98116,January,2019,2
Washington,Puget Sound Energy Inc,98117,January,2019,14
Washington,Puget Sound Energy Inc,98118,January,2019,12
Washington,Puget Sound Energy Inc,98119,January,2019,0
Washington,Puget Sound Energy Inc,98121,January,2019,0
Washington,Puget Sound Energy Inc,98122,January,2019,26
Washington,Puget Sound Energy Inc,98125,January,2019,14
Washington,Puget Sound Energy Inc,98126,January,2019,24
Washington,Puget Sound Energy Inc,98133,January,2019,25
Washington,Puget Sound Energy Inc,98134,January,2019,0
Washington,Puget Sound Energy Inc,98136,January,2019,0
Washington,Puget Sound Energy Inc,98144,January,2019,3
Washington,Puget Sound Energy Inc,98146,January,2019,0
Washington,Puget Sound Energy Inc,98148,January,2019,21
Washington,Puget Sound Energy Inc,98155,January,2019,0
Washington,Puget Sound Energy Inc,98166,January,2019,30
Washington,Puget Sound Energy Inc,98168,January,2019,60
Washington,Puget Sound Energy Inc,98177,January,2019,0
Washington,Puget Sound Energy Inc,98178,January,2019,0
Washington,Puget Sound Energy Inc,98188,January,2019,23
Washington,Puget Sound Energy Inc,98198,January,2019,141
Washington,Puget Sound Energy Inc,98199,January,2019,0
Washington,Puget Sound Energy Inc,98201,January,2019,0
Washington,Puget Sound Energy Inc,98203,January,2019,0
Washington,Puget Sound Energy Inc,98204,January,2019,0
Washington,Puget Sound Energy Inc,98208,January,2019,12
Washington,Puget Sound Energy Inc,98220,January,2019,0
Washington,Puget Sound Energy Inc,98221,January,2019,7
Washington,Puget Sound Energy Inc,98223,January,2019,0
Washington,Puget Sound Energy Inc,98224,January,2019,0
Washington,Puget Sound Energy Inc,98225,January,2019,27
Washington,Puget Sound Energy Inc,98226,January,2019,3
Washington,Puget Sound Energy Inc,98229,January,2019,21
Washington,Puget Sound Energy Inc,98230,January,2019,0
Washington,Puget Sound Energy Inc,98232,January,2019,7
Washington,Puget Sound Energy Inc,98233,January,2019,18
Washington,Puget Sound Energy Inc,98235,January,2019,0
Washington,Puget Sound Energy Inc,98236,January,2019,0
Washington,Puget Sound Energy Inc,98237,January,2019,0
Washington,Puget Sound Energy Inc,98238,January,2019,0
Washington,Puget Sound Energy Inc,98239,January,2019,0
Washington,Puget Sound Energy Inc,98240,January,2019,0
Washington,Puget Sound Energy Inc,98244,January,2019,0
Washington,Puget Sound Energy Inc,98247,January,2019,12
Washington,Puget Sound Energy Inc,98248,January,2019,11
Washington,Puget Sound Energy Inc,98249,January,2019,0
Washington,Puget Sound Energy Inc,98251,January,2019,0
Washington,Puget Sound Energy Inc,98252,January,2019,0
Washington,Puget Sound Energy Inc,98253,January,2019,0
Washington,Puget Sound Energy Inc,98255,January,2019,0
Washington,Puget Sound Energy Inc,98257,January,2019,5
Washington,Puget Sound Energy Inc,98258,January,2019,15
Washington,Puget Sound Energy Inc,98260,January,2019,0
Washington,Puget Sound Energy Inc,98262,January,2019,0
Washington,Puget Sound Energy Inc,98263,January,2019,0
Washington,Puget Sound Energy Inc,98264,January,2019,14
Washington,Puget Sound Energy Inc,98266,January,2019,0
Washington,Puget Sound Energy Inc,98267,January,2019,0
Washington,Puget Sound Energy Inc,98270,January,2019,29
Washington,Puget Sound Energy Inc,98271,January,2019,0
Washington,Puget Sound Energy Inc,98272,January,2019,13
Washington,Puget Sound Energy Inc,98273,January,2019,47
Washington,Puget Sound Energy Inc,98274,January,2019,13
Washington,Puget Sound Energy Inc,98275,January,2019,0
Washington,Puget Sound Energy Inc,98276,January,2019,0
Washington,Puget Sound Energy Inc,98277,January,2019,0
Washington,Puget Sound Energy Inc,98281,January,2019,0
Washington,Puget Sound Energy Inc,98284,January,2019,12
Washington,Puget Sound Energy Inc,98288,January,2019,0
Washington,Puget Sound Energy Inc,98290,January,2019,0
Washington,Puget Sound Energy Inc,98292,January,2019,0
Washington,Puget Sound Energy Inc,98294,January,2019,0
Washington,Puget Sound Energy Inc,98295,January,2019,0
Washington,Puget Sound Energy Inc,98296,January,2019,13
Washington,Puget Sound Energy Inc,98310,January,2019,34
Washington,Puget Sound Energy Inc,98311,January,2019,12
Washington,Puget Sound Energy Inc,98312,January,2019,83
Washington,Puget Sound Energy Inc,98321,January,2019,14
Washington,Puget Sound Energy Inc,98323,January,2019,0
Washington,Puget Sound Energy Inc,98327,January,2019,3
Washington,Puget Sound Energy Inc,98332,January,2019,0
Washington,Puget Sound Energy Inc,98335,January,2019,0
Washington,Puget Sound Energy Inc,98337,January,2019,23
Washington,Puget Sound Energy Inc,98338,January,2019,5
Washington,Puget Sound Energy Inc,98340,January,2019,0
Washington,Puget Sound Energy Inc,98342,January,2019,0
Washington,Puget Sound Energy Inc,98345,January,2019,0
Washington,Puget Sound Energy Inc,98346,January,2019,0
Washington,Puget Sound Energy Inc,98353,January,2019,0
Washington,Puget Sound Energy Inc,98354,January,2019,0
Washington,Puget Sound Energy Inc,98359,January,2019,0
Washington,Puget Sound Energy Inc,98360,January,2019,12
Washington,Puget Sound Energy Inc,98366,January,2019,23
Washington,Puget Sound Energy Inc,98367,January,2019,5
Washington,Puget Sound Energy Inc,98370,January,2019,0
Washington,Puget Sound Energy Inc,98371,January,2019,36
Washington,Puget Sound Energy Inc,98372,January,2019,46
Washington,Puget Sound Energy Inc,98373,January,2019,22
Washington,Puget Sound Energy Inc,98374,January,2019,14
Washington,Puget Sound Energy Inc,98375,January,2019,10
Washington,Puget Sound Energy Inc,98380,January,2019,2
Washington,Puget Sound Energy Inc,98383,January,2019,3
Washington,Puget Sound Energy Inc,98385,January,2019,0
Washington,Puget Sound Energy Inc,98387,January,2019,0
Washington,Puget Sound Energy Inc,98388,January,2019,4
Washington,Puget Sound Energy Inc,98390,January,2019,15
Washington,Puget Sound Energy Inc,98391,January,2019,22
Washington,Puget Sound Energy Inc,98392,January,2019,0
Washington,Puget Sound Energy Inc,98402,January,2019,0
Washington,Puget Sound Energy Inc,98403,January,2019,0
Washington,Puget Sound Energy Inc,98404,January,2019,13
Washington,Puget Sound Energy Inc,98405,January,2019,6
Washington,Puget Sound Energy Inc,98406,January,2019,4
Washington,Puget Sound Energy Inc,98407,January,2019,8
Washington,Puget Sound Energy Inc,98408,January,2019,4
Washington,Puget Sound Energy Inc,98409,January,2019,0
Washington,Puget Sound Energy Inc,98418,January,2019,12
Washington,Puget Sound Energy Inc,98422,January,2019,0
Washington,Puget Sound Energy Inc,98424,January,2019,0
Washington,Puget Sound Energy Inc,98439,January,2019,7
Washington,Puget Sound Energy Inc,98443,January,2019,0
Washington,Puget Sound Energy Inc,98444,January,2019,15
Washington,Puget Sound Energy Inc,98445,January,2019,7
Washington,Puget Sound Energy Inc,98446,January,2019,11
Washington,Puget Sound Energy Inc,98465,January,2019,0
Washington,Puget Sound Energy Inc,98466,January,2019,5
Washington,Puget Sound Energy Inc,98467,January,2019,2
Washington,Puget Sound Energy Inc,98498,January,2019,15
Washington,Puget Sound Energy Inc,98499,January,2019,8
Washington,Puget Sound Energy Inc,98501,January,2019,9
Washington,Puget Sound Energy Inc,98502,January,2019,78
Washington,Puget Sound Energy Inc,98503,January,2019,0
Washington,Puget Sound Energy Inc,98506,January,2019,0
Washington,Puget Sound Energy Inc,98512,January,2019,44
Washington,Puget Sound Energy Inc,98513,January,2019,0
Washington,Puget Sound Energy Inc,98516,January,2019,0
Washington,Puget Sound Energy Inc,98530,January,2019,3
Washington,Puget Sound Energy Inc,98531,January,2019,14
Washington,Puget Sound Energy Inc,98532,January,2019,6
Washington,Puget Sound Energy Inc,98558,January,2019,0
Washington,Puget Sound Energy Inc,98568,January,2019,0
Washington,Puget Sound Energy Inc,98576,January,2019,4
Washington,Puget Sound Energy Inc,98579,January,2019,8
Washington,Puget Sound Energy Inc,98580,January,2019,0
Washington,Puget Sound Energy Inc,98589,January,2019,13
Washington,Puget Sound Energy Inc,98591,January,2019,0
Washington,Puget Sound Energy Inc,98596,January,2019,1
Washington,Puget Sound Energy Inc,98597,January,2019,32
Washington,Puget Sound Energy Inc,98922,January,2019,0
Washington,Puget Sound Energy Inc,98925,January,2019,0
Washington,Puget Sound Energy Inc,98926,January,2019,0
Washington,Puget Sound Energy Inc,98934,January,2019,0
Washington,Puget Sound Energy Inc,98940,January,2019,0
Washington,Puget Sound Energy Inc,98941,January,2019,0
Washington,Puget Sound Energy Inc,98943,January,2019,0
Washington,Puget Sound Energy Inc,98946,January,2019,0
Washington,Puget Sound Energy Inc,98001,July,2019,5
Washington,Puget Sound Energy Inc,98002,July,2019,207
Washington,Puget Sound Energy Inc,98003,July,2019,67
Washington,Puget Sound Energy Inc,98004,July,2019,96
Washington,Puget Sound Energy Inc,98005,July,2019,13
Washington,Puget Sound Energy Inc,98006,July,2019,13
Washington,Puget Sound Energy Inc,98007,July,2019,16
Washington,Puget Sound Energy Inc,98008,July,2019,1
Washington,Puget Sound Energy Inc,98010,July,2019,16
Washington,Puget Sound Energy Inc,98011,July,2019,17
Washington,Puget Sound Energy Inc,98012,July,2019,3
Washington,Puget Sound Energy Inc,98014,July,2019,0
Washington,Puget Sound Energy Inc,98019,July,2019,4
Washington,Puget Sound Energy Inc,98020,July,2019,2
Washington,Puget Sound Energy Inc,98021,July,2019,0
Washington,Puget Sound Energy Inc,98022,July,2019,37
Washington,Puget Sound Energy Inc,98023,July,2019,59
Washington,Puget Sound Energy Inc,98024,July,2019,0
Washington,Puget Sound Energy Inc,98026,July,2019,6
Washington,Northwest Natural Gas Company,98026,July,2019,0
Washington,Puget Sound Energy Inc,98027,July,2019,8
Washington,Puget Sound Energy Inc,98028,July,2019,26
Washington,Puget Sound Energy Inc,98029,July,2019,9
Washington,Puget Sound Energy Inc,98030,July,2019,107
Washington,Puget Sound Energy Inc,98031,July,2019,103
Washington,Puget Sound Energy Inc,98032,July,2019,117
Washington,Puget Sound Energy Inc,98033,July,2019,21
Washington,Puget Sound Energy Inc,98034,July,2019,25
Washington,Puget Sound Energy Inc,98036,July,2019,1
Washington,Puget Sound Energy Inc,98037,July,2019,1
Washington,Puget Sound Energy Inc,98038,July,2019,29
Washington,Puget Sound Energy Inc,98039,July,2019,1
Washington,Puget Sound Energy Inc,98040,July,2019,30
Washington,Puget Sound Energy Inc,98042,July,2019,15
Washington,Puget Sound Energy Inc,98043,July,2019,0
Washington,Puget Sound Energy Inc,98045,July,2019,0
Washington,Puget Sound Energy Inc,98047,July,2019,5
Washington,Puget Sound Energy Inc,98051,July,2019,5
Washington,Puget Sound Energy Inc,98052,July,2019,23
Washington,Puget Sound Energy Inc,98053,July,2019,5
Washington,Puget Sound Energy Inc,98055,July,2019,89
Washington,Puget Sound Energy Inc,98056,July,2019,102
Washington,Puget Sound Energy Inc,98057,July,2019,63
Washington,Puget Sound Energy Inc,98058,July,2019,50
Washington,Puget Sound Energy Inc,98059,July,2019,22
Washington,Puget Sound Energy Inc,98065,July,2019,0
Washington,Puget Sound Energy Inc,98068,July,2019,0
Washington,Puget Sound Energy Inc,98070,July,2019,0
Washington,Puget Sound Energy Inc,98072,July,2019,14
Washington,Puget Sound Energy Inc,98074,July,2019,0
Washington,Puget Sound Energy Inc,98075,July,2019,0
Washington,Puget Sound Energy Inc,98077,July,2019,0
Washington,Puget Sound Energy Inc,98087,July,2019,6
Washington,Puget Sound Energy Inc,98092,July,2019,102
Washington,Puget Sound Energy Inc,98101,July,2019,0
Washington,Puget Sound Energy Inc,98102,July,2019,1
Washington,Puget Sound Energy Inc,98103,July,2019,8
Washington,Puget Sound Energy Inc,98104,July,2019,1
Washington,Puget Sound Energy Inc,98105,July,2019,1
Washington,Puget Sound Energy Inc,98106,July,2019,4
Washington,Puget Sound Energy Inc,98107,July,2019,9
Washington,Puget Sound Energy Inc,98108,July,2019,29
Washington,Puget Sound Energy Inc,98109,July,2019,8
Washington,Puget Sound Energy Inc,98110,July,2019,16
Washington,Puget Sound Energy Inc,98112,July,2019,0
Washington,Puget Sound Energy Inc,98115,July,2019,0
Washington,Puget Sound Energy Inc,98116,July,2019,20
Washington,Puget Sound Energy Inc,98117,July,2019,14
Washington,Puget Sound Energy Inc,98118,July,2019,13
Washington,Northwest Natural Gas Company,98119,July,2019,0
Washington,Puget Sound Energy Inc,98119,July,2019,7
Washington,Puget Sound Energy Inc,98121,July,2019,5
Washington,Puget Sound Energy Inc,98122,July,2019,0
Washington,Puget Sound Energy Inc,98125,July,2019,0
Washington,Puget Sound Energy Inc,98126,July,2019,22
Washington,Northwest Natural Gas Company,98127,July,2019,0
Washington,Puget Sound Energy Inc,98133,July,2019,9
Washington,Puget Sound Energy Inc,98134,July,2019,0
Washington,Puget Sound Energy Inc,98136,July,2019,11
Washington,Puget Sound Energy Inc,98144,July,2019,16
Washington,Puget Sound Energy Inc,98146,July,2019,19
Washington,Puget Sound Energy Inc,98148,July,2019,13
Washington,Puget Sound Energy Inc,98155,July,2019,2
Washington,Puget Sound Energy Inc,98166,July,2019,12
Washington,Puget Sound Energy Inc,98168,July,2019,51
Washington,Puget Sound Energy Inc,98177,July,2019,11
Washington,Puget Sound Energy Inc,98178,July,2019,7
Washington,Puget Sound Energy Inc,98188,July,2019,84
Washington,Puget Sound Energy Inc,98198,July,2019,131
Washington,Puget Sound Energy Inc,98199,July,2019,19
Washington,Puget Sound Energy Inc,98201,July,2019,19
Washington,Puget Sound Energy Inc,98203,July,2019,20
Washington,Puget Sound Energy Inc,98204,July,2019,10
Washington,Puget Sound Energy Inc,98208,July,2019,1
Washington,Northwest Natural Gas Company,98208,July,2019,0
Washington,Puget Sound Energy Inc,98220,July,2019,0
Washington,Puget Sound Energy Inc,98221,July,2019,5
Washington,Puget Sound Energy Inc,98223,July,2019,0
Washington,Puget Sound Energy Inc,98224,July,2019,0
Washington,Puget Sound Energy Inc,98225,July,2019,65
Washington,Puget Sound Energy Inc,98226,July,2019,83
Washington,Puget Sound Energy Inc,98229,July,2019,52
Washington,Puget Sound Energy Inc,98230,July,2019,6
Washington,Puget Sound Energy Inc,98232,July,2019,6
Washington,Puget Sound Energy Inc,98233,July,2019,43
Washington,Puget Sound Energy Inc,98235,July,2019,1
Washington,Puget Sound Energy Inc,98236,July,2019,0
Washington,Puget Sound Energy Inc,98237,July,2019,0
Washington,Puget Sound Energy Inc,98238,July,2019,1
Washington,Puget Sound Energy Inc,98239,July,2019,0
Washington,Puget Sound Energy Inc,98240,July,2019,0
Washington,Puget Sound Energy Inc,98244,July,2019,3
Washington,Puget Sound Energy Inc,98247,July,2019,0
Washington,Puget Sound Energy Inc,98248,July,2019,9
Washington,Puget Sound Energy Inc,98249,July,2019,0
Washington,Puget Sound Energy Inc,98251,July,2019,0
Washington,Puget Sound Energy Inc,98252,July,2019,0
Washington,Puget Sound Energy Inc,98253,July,2019,0
Washington,Puget Sound Energy Inc,98255,July,2019,0
Washington,Puget Sound Energy Inc,98257,July,2019,3
Washington,Puget Sound Energy Inc,98258,July,2019,0
Washington,Puget Sound Energy Inc,98260,July,2019,0
Washington,Puget Sound Energy Inc,98262,July,2019,0
Washington,Puget Sound Energy Inc,98263,July,2019,0
Washington,Puget Sound Energy Inc,98264,July,2019,0
Washington,Puget Sound Energy Inc,98266,July,2019,1
Washington,Puget Sound Energy Inc,98267,July,2019,0
Washington,Puget Sound Energy Inc,98270,July,2019,19
Washington,Puget Sound Energy Inc,98271,July,2019,2
Washington,Puget Sound Energy Inc,98272,July,2019,8
Washington,Puget Sound Energy Inc,98273,July,2019,88
Washington,Puget Sound Energy Inc,98274,July,2019,26
Washington,Puget Sound Energy Inc,98275,July,2019,5
Washington,Puget Sound Energy Inc,98276,July,2019,0
Washington,Puget Sound Energy Inc,98277,July,2019,0
Washington,Puget Sound Energy Inc,98281,July,2019,0
Washington,Puget Sound Energy Inc,98284,July,2019,49
Washington,Puget Sound Energy Inc,98288,July,2019,0
Washington,Puget Sound Energy Inc,98290,July,2019,11
Washington,Puget Sound Energy Inc,98292,July,2019,0
Washington,Puget Sound Energy Inc,98294,July,2019,0
Washington,Puget Sound Energy Inc,98295,July,2019,0
Washington,Puget Sound Energy Inc,98296,July,2019,0
Washington,Northwest Natural Gas Company,98307,July,2019,0
Washington,Puget Sound Energy Inc,98310,July,2019,13
Washington,Puget Sound Energy Inc,98311,July,2019,25
Washington,Puget Sound Energy Inc,98312,July,2019,22
Washington,Puget Sound Energy Inc,98321,July,2019,33
Washington,Puget Sound Energy Inc,98323,July,2019,0
Washington,Puget Sound Energy Inc,98327,July,2019,1
Washington,Puget Sound Energy Inc,98332,July,2019,0
Washington,Puget Sound Energy Inc,98335,July,2019,0
Washington,Puget Sound Energy Inc,98337,July,2019,15
Washington,Puget Sound Energy Inc,98338,July,2019,8
Washington,Puget Sound Energy Inc,98340,July,2019,4
Washington,Puget Sound Energy Inc,98342,July,2019,2
Washington,Puget Sound Energy Inc,98345,July,2019,0
Washington,Puget Sound Energy Inc,98346,July,2019,14
Washington,Puget Sound Energy Inc,98353,July,2019,0
Washington,Puget Sound Energy Inc,98354,July,2019,2
Washington,Puget Sound Energy Inc,98359,July,2019,10
Washington,Puget Sound Energy Inc,98360,July,2019,18
Washington,Puget Sound Energy Inc,98366,July,2019,69
Washington,Puget Sound Energy Inc,98367,July,2019,28
Washington,Puget Sound Energy Inc,98370,July,2019,35
Washington,Puget Sound Energy Inc,98371,July,2019,30
Washington,Puget Sound Energy Inc,98372,July,2019,41
Washington,Puget Sound Energy Inc,98373,July,2019,73
Washington,Puget Sound Energy Inc,98374,July,2019,49
Washington,Puget Sound Energy Inc,98375,July,2019,31
Washington,Puget Sound Energy Inc,98380,July,2019,5
Washington,Puget Sound Energy Inc,98383,July,2019,28
Washington,Puget Sound Energy Inc,98385,July,2019,0
Washington,Puget Sound Energy Inc,98387,July,2019,31
Washington,Puget Sound Energy Inc,98388,July,2019,1
Washington,Puget Sound Energy Inc,98390,July,2019,25
Washington,Puget Sound Energy Inc,98391,July,2019,73
Washington,Puget Sound Energy Inc,98392,July,2019,4
Washington,Puget Sound Energy Inc,98402,July,2019,0
Washington,Puget Sound Energy Inc,98403,July,2019,1
Washington,Puget Sound Energy Inc,98404,July,2019,9
Washington,Puget Sound Energy Inc,98405,July,2019,15
Washington,Puget Sound Energy Inc,98406,July,2019,3
Washington,Puget Sound Energy Inc,98407,July,2019,21
Washington,Puget Sound Energy Inc,98408,July,2019,12
Washington,Puget Sound Energy Inc,98409,July,2019,32
Washington,Puget Sound Energy Inc,98418,July,2019,9
Washington,Puget Sound Energy Inc,98422,July,2019,9
Washington,Puget Sound Energy Inc,98424,July,2019,0
Washington,Puget Sound Energy Inc,98439,July,2019,3
Washington,Puget Sound Energy Inc,98443,July,2019,2
Washington,Puget Sound Energy Inc,98444,July,2019,8
Washington,Puget Sound Energy Inc,98445,July,2019,5
Washington,Puget Sound Energy Inc,98446,July,2019,0
Washington,Puget Sound Energy Inc,98465,July,2019,1
Washington,Puget Sound Energy Inc,98466,July,2019,9
Washington,Puget Sound Energy Inc,98467,July,2019,4
Washington,Puget Sound Energy Inc,98498,July,2019,30
Washington,Puget Sound Energy Inc,98499,July,2019,18
Washington,Puget Sound Energy Inc,98501,July,2019,129
Washington,Puget Sound Energy Inc,98502,July,2019,52
Washington,Puget Sound Energy Inc,98503,July,2019,68
Washington,Puget Sound Energy Inc,98506,July,2019,21
Washington,Puget Sound Energy Inc,98512,July,2019,42
Washington,Puget Sound Energy Inc,98513,July,2019,13
Washington,Puget Sound Energy Inc,98516,July,2019,15
Washington,Puget Sound Energy Inc,98530,July,2019,0
Washington,Puget Sound Energy Inc,98531,July,2019,0
Washington,Puget Sound Energy Inc,98532,July,2019,6
Washington,Puget Sound Energy Inc,98558,July,2019,0
Washington,Puget Sound Energy Inc,98568,July,2019,0
Washington,Puget Sound Energy Inc,98576,July,2019,3
Washington,Puget Sound Energy Inc,98579,July,2019,7
Washington,Puget Sound Energy Inc,98580,July,2019,7
Washington,Puget Sound Energy Inc,98589,July,2019,19
Washington,Puget Sound Energy Inc,98591,July,2019,0
Washington,Puget Sound Energy Inc,98596,July,2019,0
Washington,Puget Sound Energy Inc,98597,July,2019,58
Washington,Northwest Natural Gas Company,98601,July,2019,0
Washington,Northwest Natural Gas Company,98602,July,2019,0
Washington,Northwest Natural Gas Company,98604,July,2019,4
Washington,Northwest Natural Gas Company,98605,July,2019,1
Washington,Northwest Natural Gas Company,98606,July,2019,0
Washington,Northwest Natural Gas Company,98607,July,2019,2
Washington,Northwest Natural Gas Company,98610,July,2019,0
Washington,Northwest Natural Gas Company,98612,July,2019,0
Washington,Northwest Natural Gas Company,98617,July,2019,0
Washington,Northwest Natural Gas Company,98620,July,2019,0
Washington,Avista Utilities,98620,July,2019,1
Washington,Northwest Natural Gas Company,98626,July,2019,0
Washington,Northwest Natural Gas Company,98628,July,2019,0
Washington,Northwest Natural Gas Company,98629,July,2019,0
Washington,Northwest Natural Gas Company,98635,July,2019,0
Washington,Northwest Natural Gas Company,98639,July,2019,0
Washington,Northwest Natural Gas Company,98642,July,2019,1
Washington,Northwest Natural Gas Company,98648,July,2019,0
Washington,Avista Utilities,98648,July,2019,0
Washington,Northwest Natural Gas Company,98660,July,2019,4
Washington,Northwest Natural Gas Company,98661,July,2019,15
Washington,Northwest Natural Gas Company,98662,July,2019,15
Washington,Northwest Natural Gas Company,98663,July,2019,5
Washington,Northwest Natural Gas Company,98664,July,2019,16
Washington,Northwest Natural Gas Company,98665,July,2019,17
Washington,Northwest Natural Gas Company,98666,July,2019,0
Washington,Northwest Natural Gas Company,98668,July,2019,0
Washington,Northwest Natural Gas Company,98671,July,2019,6
Washington,Northwest Natural Gas Company,98672,July,2019,1
Washington,Northwest Natural Gas Company,98674,July,2019,0
Washington,Northwest Natural Gas Company,98675,July,2019,0
Washington,Northwest Natural Gas Company,98682,July,2019,18
Washington,Northwest Natural Gas Company,98683,July,2019,4
Washington,Northwest Natural Gas Company,98684,July,2019,6
Washington,Northwest Natural Gas Company,98685,July,2019,6
Washington,Northwest Natural Gas Company,98686,July,2019,10
Washington,Northwest Natural Gas Company,98762,July,2019,0
Washington,Avista Utilities,98857,July,2019,0
Washington,Northwest Natural Gas Company,98864,July,2019,0
Washington,Puget Sound Energy Inc,98922,July,2019,5
Washington,Puget Sound Energy Inc,98925,July,2019,0
Washington,Puget Sound Energy Inc,98926,July,2019,0
Washington,Puget Sound Energy Inc,98934,July,2019,0
Washington,Puget Sound Energy Inc,98940,July,2019,0
Washington,Puget Sound Energy Inc,98941,July,2019,0
Washington,Puget Sound Energy Inc,98943,July,2019,1
Washington,Puget Sound Energy Inc,98946,July,2019,0
Washington,Avista Utilities,99001,July,2019,4
Washington,Avista Utilities,99003,July,2019,1
Washington,Avista Utilities,99004,July,2019,11
Washington,Avista Utilities,99005,July,2019,4
Washington,Avista Utilities,99006,July,2019,5
Washington,Avista Utilities,99008,July,2019,0
Washington,Avista Utilities,99009,July,2019,2
Washington,Avista Utilities,99011,July,2019,0
Washington,Avista Utilities,99012,July,2019,2
Washington,Avista Utilities,99013,July,2019,5
Washington,Avista Utilities,99014,July,2019,0
Washington,Avista Utilities,99016,July,2019,1
Washington,Avista Utilities,99018,July,2019,0
Washington,Avista Utilities,99019,July,2019,4
Washington,Avista Utilities,99020,July,2019,0
Washington,Avista Utilities,99021,July,2019,2
Washington,Avista Utilities,99022,July,2019,4
Washington,Avista Utilities,99023,July,2019,0
Washington,Avista Utilities,99025,July,2019,3
Washington,Avista Utilities,99026,July,2019,4
Washington,Avista Utilities,99027,July,2019,2
Washington,Avista Utilities,99029,July,2019,0
Washington,Avista Utilities,99030,July,2019,4
Washington,Avista Utilities,99031,July,2019,1
Washington,Avista Utilities,99032,July,2019,1
Washington,Avista Utilities,99033,July,2019,6
Washington,Avista Utilities,99034,July,2019,0
Washington,Avista Utilities,99036,July,2019,0
Washington,Avista Utilities,99037,July,2019,7
Washington,Avista Utilities,99039,July,2019,0
Washington,Avista Utilities,99040,July,2019,2
Washington,Avista Utilities,99101,July,2019,1
Washington,Avista Utilities,99102,July,2019,2
Washington,Avista Utilities,99103,July,2019,1
Washington,Avista Utilities,99104,July,2019,0
Washington,Avista Utilities,99107,July,2019,0
Washington,Avista Utilities,99109,July,2019,6
Washington,Avista Utilities,99110,July,2019,4
Washington,Avista Utilities,99111,July,2019,11
Washington,Avista Utilities,99113,July,2019,0
Washington,Avista Utilities,99114,July,2019,21
Washington,Avista Utilities,99117,July,2019,0
Washington,Avista Utilities,99122,July,2019,0
Washington,Avista Utilities,99125,July,2019,2
Washington,Avista Utilities,99126,July,2019,1
Washington,Avista Utilities,99128,July,2019,0
Washington,Avista Utilities,99129,July,2019,1
Washington,Avista Utilities,99130,July,2019,1
Washington,Avista Utilities,99131,July,2019,0
Washington,Avista Utilities,99134,July,2019,1
Washington,Avista Utilities,99137,July,2019,0
Washington,Avista Utilities,99138,July,2019,7
Washington,Avista Utilities,99141,July,2019,3
Washington,Avista Utilities,99143,July,2019,2
Washington,Avista Utilities,99144,July,2019,0
Washington,Avista Utilities,99146,July,2019,0
Washington,Avista Utilities,99148,July,2019,1
Washington,Avista Utilities,99149,July,2019,0
Washington,Avista Utilities,99151,July,2019,0
Washington,Avista Utilities,99156,July,2019,0
Washington,Avista Utilities,99157,July,2019,0
Washington,Avista Utilities,99158,July,2019,1
Washington,Avista Utilities,99159,July,2019,0
Washington,Avista Utilities,99160,July,2019,0
Washington,Avista Utilities,99161,July,2019,4
Washington,Avista Utilities,99163,July,2019,47
Washington,Avista Utilities,99164,July,2019,0
Washington,Avista Utilities,99167,July,2019,0
Washington,Avista Utilities,99169,July,2019,2
Washington,Avista Utilities,99170,July,2019,6
Washington,Avista Utilities,99171,July,2019,2
Washington,Avista Utilities,99173,July,2019,2
Washington,Avista Utilities,99174,July,2019,0
Washington,Avista Utilities,99176,July,2019,0
Washington,Avista Utilities,99179,July,2019,0
Washington,Avista Utilities,99181,July,2019,1
Washington,Avista Utilities,99185,July,2019,0
Washington,Avista Utilities,99201,July,2019,53
Washington,Avista Utilities,99202,July,2019,31
Washington,Avista Utilities,99203,July,2019,10
Washington,Avista Utilities,99204,July,2019,24
Washington,Avista Utilities,99205,July,2019,38
Washington,Avista Utilities,99206,July,2019,22
Washington,Avista Utilities,99207,July,2019,262
Washington,Avista Utilities,99208,July,2019,66
Washington,Avista Utilities,99212,July,2019,67
Washington,Avista Utilities,99216,July,2019,26
Washington,Avista Utilities,99217,July,2019,72
Washington,Avista Utilities,99218,July,2019,13
Washington,Avista Utilities,99219,July,2019,0
Washington,Avista Utilities,99220,July,2019,0
Washington,Avista Utilities,99223,July,2019,22
Washington,Avista Utilities,99224,July,2019,16
Washington,Avista Utilities,99260,July,2019,0
Washington,Avista Utilities,99326,July,2019,0
Washington,Avista Utilities,99335,July,2019,0
Washington,Avista Utilities,99341,July,2019,0
Washington,Avista Utilities,99344,July,2019,25
Washington,Avista Utilities,99371,July,2019,0
Washington,Avista Utilities,99402,July,2019,6
Washington,Avista Utilities,99403,July,2019,28
Washington,Puget Sound Energy Inc,98001,June,2019,14
Washington,Puget Sound Energy Inc,98002,June,2019,63
Washington,Puget Sound Energy Inc,98003,June,2019,233
Washington,Puget Sound Energy Inc,98004,June,2019,40
Washington,Puget Sound Energy Inc,98005,June,2019,12
Washington,Puget Sound Energy Inc,98006,June,2019,9
Washington,Puget Sound Energy Inc,98007,June,2019,12
Washington,Puget Sound Energy Inc,98008,June,2019,2
Washington,Puget Sound Energy Inc,98010,June,2019,1
Washington,Puget Sound Energy Inc,98011,June,2019,21
Washington,Puget Sound Energy Inc,98012,June,2019,2
Washington,Puget Sound Energy Inc,98014,June,2019,0
Washington,Puget Sound Energy Inc,98019,June,2019,3
Washington,Puget Sound Energy Inc,98020,June,2019,8
Washington,Puget Sound Energy Inc,98021,June,2019,2
Washington,Puget Sound Energy Inc,98022,June,2019,0
Washington,Puget Sound Energy Inc,98023,June,2019,173
Washington,Puget Sound Energy Inc,98024,June,2019,0
Washington,Puget Sound Energy Inc,98026,June,2019,23
Washington,Northwest Natural Gas Company,98026,June,2019,0
Washington,Puget Sound Energy Inc,98027,June,2019,6
Washington,Puget Sound Energy Inc,98028,June,2019,18
Washington,Puget Sound Energy Inc,98029,June,2019,2
Washington,Puget Sound Energy Inc,98030,June,2019,95
Washington,Puget Sound Energy Inc,98031,June,2019,106
Washington,Puget Sound Energy Inc,98032,June,2019,118
Washington,Puget Sound Energy Inc,98033,June,2019,5
Washington,Puget Sound Energy Inc,98034,June,2019,56
Washington,Puget Sound Energy Inc,98036,June,2019,12
Washington,Puget Sound Energy Inc,98037,June,2019,10
Washington,Puget Sound Energy Inc,98038,June,2019,15
Washington,Puget Sound Energy Inc,98039,June,2019,0
Washington,Puget Sound Energy Inc,98040,June,2019,28
Washington,Puget Sound Energy Inc,98042,June,2019,61
Washington,Puget Sound Energy Inc,98043,June,2019,1
Washington,Puget Sound Energy Inc,98045,June,2019,0
Washington,Puget Sound Energy Inc,98047,June,2019,11
Washington,Puget Sound Energy Inc,98051,June,2019,0
Washington,Puget Sound Energy Inc,98052,June,2019,40
Washington,Puget Sound Energy Inc,98053,June,2019,16
Washington,Puget Sound Energy Inc,98055,June,2019,49
Washington,Puget Sound Energy Inc,98056,June,2019,55
Washington,Puget Sound Energy Inc,98057,June,2019,86
Washington,Puget Sound Energy Inc,98058,June,2019,22
Washington,Puget Sound Energy Inc,98059,June,2019,20
Washington,Puget Sound Energy Inc,98065,June,2019,0
Washington,Puget Sound Energy Inc,98068,June,2019,0
Washington,Puget Sound Energy Inc,98070,June,2019,22
Washington,Puget Sound Energy Inc,98072,June,2019,28
Washington,Puget Sound Energy Inc,98074,June,2019,2
Washington,Puget Sound Energy Inc,98075,June,2019,1
Washington,Puget Sound Energy Inc,98077,June,2019,2
Washington,Puget Sound Energy Inc,98087,June,2019,15
Washington,Puget Sound Energy Inc,98092,June,2019,57
Washington,Puget Sound Energy Inc,98101,June,2019,0
Washington,Puget Sound Energy Inc,98102,June,2019,10
Washington,Puget Sound Energy Inc,98103,June,2019,26
Washington,Puget Sound Energy Inc,98104,June,2019,0
Washington,Puget Sound Energy Inc,98105,June,2019,10
Washington,Puget Sound Energy Inc,98106,June,2019,15
Washington,Puget Sound Energy Inc,98107,June,2019,18
Washington,Puget Sound Energy Inc,98108,June,2019,8
Washington,Puget Sound Energy Inc,98109,June,2019,22
Washington,Puget Sound Energy Inc,98110,June,2019,0
Washington,Puget Sound Energy Inc,98112,June,2019,4
Washington,Puget Sound Energy Inc,98115,June,2019,2
Washington,Puget Sound Energy Inc,98116,June,2019,17
Washington,Puget Sound Energy Inc,98117,June,2019,48
Washington,Puget Sound Energy Inc,98118,June,2019,7
Washington,Northwest Natural Gas Company,98119,June,2019,0
Washington,Puget Sound Energy Inc,98119,June,2019,32
Washington,Puget Sound Energy Inc,98121,June,2019,5
Washington,Puget Sound Energy Inc,98122,June,2019,19
Washington,Puget Sound Energy Inc,98125,June,2019,8
Washington,Puget Sound Energy Inc,98126,June,2019,29
Washington,Northwest Natural Gas Company,98127,June,2019,0
Washington,Puget Sound Energy Inc,98133,June,2019,25
Washington,Puget Sound Energy Inc,98134,June,2019,0
Washington,Puget Sound Energy Inc,98136,June,2019,16
Washington,Puget Sound Energy Inc,98144,June,2019,20
Washington,Puget Sound Energy Inc,98146,June,2019,22
Washington,Puget Sound Energy Inc,98148,June,2019,15
Washington,Puget Sound Energy Inc,98155,June,2019,0
Washington,Puget Sound Energy Inc,98166,June,2019,14
Washington,Puget Sound Energy Inc,98168,June,2019,19
Washington,Puget Sound Energy Inc,98177,June,2019,29
Washington,Puget Sound Energy Inc,98178,June,2019,5
Washington,Puget Sound Energy Inc,98188,June,2019,16
Washington,Puget Sound Energy Inc,98198,June,2019,66
Washington,Puget Sound Energy Inc,98199,June,2019,25
Washington,Puget Sound Energy Inc,98201,June,2019,5
Washington,Puget Sound Energy Inc,98203,June,2019,2
Washington,Puget Sound Energy Inc,98204,June,2019,4
Washington,Puget Sound Energy Inc,98208,June,2019,3
Washington,Northwest Natural Gas Company,98208,June,2019,0
Washington,Puget Sound Energy Inc,98220,June,2019,0
Washington,Puget Sound Energy Inc,98221,June,2019,15
Washington,Puget Sound Energy Inc,98223,June,2019,0
Washington,Puget Sound Energy Inc,98224,June,2019,0
Washington,Puget Sound Energy Inc,98225,June,2019,62
Washington,Puget Sound Energy Inc,98226,June,2019,83
Washington,Puget Sound Energy Inc,98229,June,2019,11
Washington,Puget Sound Energy Inc,98230,June,2019,30
Washington,Puget Sound Energy Inc,98232,June,2019,0
Washington,Puget Sound Energy Inc,98233,June,2019,19
Washington,Puget Sound Energy Inc,98235,June,2019,0
Washington,Puget Sound Energy Inc,98236,June,2019,0
Washington,Puget Sound Energy Inc,98237,June,2019,3
Washington,Puget Sound Energy Inc,98238,June,2019,0
Washington,Puget Sound Energy Inc,98239,June,2019,1
Washington,Puget Sound Energy Inc,98240,June,2019,1
Washington,Puget Sound Energy Inc,98244,June,2019,0
Washington,Puget Sound Energy Inc,98247,June,2019,0
Washington,Puget Sound Energy Inc,98248,June,2019,22
Washington,Puget Sound Energy Inc,98249,June,2019,3
Washington,Puget Sound Energy Inc,98251,June,2019,0
Washington,Puget Sound Energy Inc,98252,June,2019,0
Washington,Puget Sound Energy Inc,98253,June,2019,0
Washington,Puget Sound Energy Inc,98255,June,2019,2
Washington,Puget Sound Energy Inc,98257,June,2019,3
Washington,Puget Sound Energy Inc,98258,June,2019,2
Washington,Puget Sound Energy Inc,98260,June,2019,0
Washington,Puget Sound Energy Inc,98262,June,2019,0
Washington,Puget Sound Energy Inc,98263,June,2019,0
Washington,Puget Sound Energy Inc,98264,June,2019,1
Washington,Puget Sound Energy Inc,98266,June,2019,0
Washington,Puget Sound Energy Inc,98267,June,2019,0
Washington,Puget Sound Energy Inc,98270,June,2019,5
Washington,Puget Sound Energy Inc,98271,June,2019,2
Washington,Puget Sound Energy Inc,98272,June,2019,0
Washington,Puget Sound Energy Inc,98273,June,2019,39
Washington,Puget Sound Energy Inc,98274,June,2019,11
Washington,Puget Sound Energy Inc,98275,June,2019,2
Washington,Puget Sound Energy Inc,98276,June,2019,0
Washington,Puget Sound Energy Inc,98277,June,2019,73
Washington,Puget Sound Energy Inc,98281,June,2019,6
Washington,Puget Sound Energy Inc,98284,June,2019,31
Washington,Puget Sound Energy Inc,98288,June,2019,0
Washington,Puget Sound Energy Inc,98290,June,2019,0
Washington,Puget Sound Energy Inc,98292,June,2019,0
Washington,Puget Sound Energy Inc,98294,June,2019,0
Washington,Puget Sound Energy Inc,98295,June,2019,0
Washington,Puget Sound Energy Inc,98296,June,2019,0
Washington,Northwest Natural Gas Company,98307,June,2019,0
Washington,Puget Sound Energy Inc,98310,June,2019,53
Washington,Puget Sound Energy Inc,98311,June,2019,35
Washington,Puget Sound Energy Inc,98312,June,2019,77
Washington,Puget Sound Energy Inc,98321,June,2019,1
Washington,Puget Sound Energy Inc,98323,June,2019,0
Washington,Puget Sound Energy Inc,98327,June,2019,24
Washington,Puget Sound Energy Inc,98332,June,2019,6
Washington,Puget Sound Energy Inc,98335,June,2019,12
Washington,Puget Sound Energy Inc,98337,June,2019,12
Washington,Puget Sound Energy Inc,98338,June,2019,0
Washington,Puget Sound Energy Inc,98340,June,2019,0
Washington,Puget Sound Energy Inc,98342,June,2019,0
Washington,Puget Sound Energy Inc,98345,June,2019,0
Washington,Puget Sound Energy Inc,98346,June,2019,1
Washington,Puget Sound Energy Inc,98353,June,2019,0
Washington,Puget Sound Energy Inc,98354,June,2019,7
Washington,Puget Sound Energy Inc,98359,June,2019,0
Washington,Puget Sound Energy Inc,98360,June,2019,0
Washington,Puget Sound Energy Inc,98366,June,2019,56
Washington,Puget Sound Energy Inc,98367,June,2019,8
Washington,Puget Sound Energy Inc,98370,June,2019,38
Washington,Puget Sound Energy Inc,98371,June,2019,20
Washington,Puget Sound Energy Inc,98372,June,2019,40
Washington,Puget Sound Energy Inc,98373,June,2019,73
Washington,Puget Sound Energy Inc,98374,June,2019,53
Washington,Puget Sound Energy Inc,98375,June,2019,27
Washington,Puget Sound Energy Inc,98380,June,2019,9
Washington,Puget Sound Energy Inc,98383,June,2019,27
Washington,Puget Sound Energy Inc,98385,June,2019,0
Washington,Puget Sound Energy Inc,98387,June,2019,19
Washington,Puget Sound Energy Inc,98388,June,2019,1
Washington,Puget Sound Energy Inc,98390,June,2019,1
Washington,Puget Sound Energy Inc,98391,June,2019,14
Washington,Puget Sound Energy Inc,98392,June,2019,5
Washington,Puget Sound Energy Inc,98402,June,2019,2
Washington,Puget Sound Energy Inc,98403,June,2019,7
Washington,Puget Sound Energy Inc,98404,June,2019,12
Washington,Puget Sound Energy Inc,98405,June,2019,60
Washington,Puget Sound Energy Inc,98406,June,2019,33
Washington,Puget Sound Energy Inc,98407,June,2019,33
Washington,Puget Sound Energy Inc,98408,June,2019,17
Washington,Puget Sound Energy Inc,98409,June,2019,16
Washington,Puget Sound Energy Inc,98418,June,2019,9
Washington,Puget Sound Energy Inc,98422,June,2019,22
Washington,Puget Sound Energy Inc,98424,June,2019,7
Washington,Puget Sound Energy Inc,98439,June,2019,37
Washington,Puget Sound Energy Inc,98443,June,2019,1
Washington,Puget Sound Energy Inc,98444,June,2019,25
Washington,Puget Sound Energy Inc,98445,June,2019,15
Washington,Puget Sound Energy Inc,98446,June,2019,0
Washington,Puget Sound Energy Inc,98465,June,2019,3
Washington,Puget Sound Energy Inc,98466,June,2019,21
Washington,Puget Sound Energy Inc,98467,June,2019,9
Washington,Puget Sound Energy Inc,98498,June,2019,91
Washington,Puget Sound Energy Inc,98499,June,2019,34
Washington,Puget Sound Energy Inc,98501,June,2019,63
Washington,Puget Sound Energy Inc,98502,June,2019,131
Washington,Puget Sound Energy Inc,98503,June,2019,48
Washington,Puget Sound Energy Inc,98506,June,2019,30
Washington,Puget Sound Energy Inc,98512,June,2019,74
Washington,Puget Sound Energy Inc,98513,June,2019,26
Washington,Puget Sound Energy Inc,98516,June,2019,16
Washington,Puget Sound Energy Inc,98530,June,2019,0
Washington,Puget Sound Energy Inc,98531,June,2019,20
Washington,Puget Sound Energy Inc,98532,June,2019,13
Washington,Puget Sound Energy Inc,98558,June,2019,0
Washington,Puget Sound Energy Inc,98568,June,2019,0
Washington,Puget Sound Energy Inc,98576,June,2019,2
Washington,Puget Sound Energy Inc,98579,June,2019,30
Washington,Puget Sound Energy Inc,98580,June,2019,3
Washington,Puget Sound Energy Inc,98589,June,2019,0
Washington,Puget Sound Energy Inc,98591,June,2019,3
Washington,Puget Sound Energy Inc,98596,June,2019,0
Washington,Puget Sound Energy Inc,98597,June,2019,32
Washington,Northwest Natural Gas Company,98601,June,2019,0
Washington,Northwest Natural Gas Company,98602,June,2019,0
Washington,Northwest Natural Gas Company,98604,June,2019,12
Washington,Northwest Natural Gas Company,98605,June,2019,0
Washington,Northwest Natural Gas Company,98606,June,2019,0
Washington,Northwest Natural Gas Company,98607,June,2019,7
Washington,Northwest Natural Gas Company,98610,June,2019,1
Washington,Northwest Natural Gas Company,98612,June,2019,0
Washington,Northwest Natural Gas Company,98617,June,2019,0
Washington,Avista Utilities,98620,June,2019,1
Washington,Northwest Natural Gas Company,98620,June,2019,0
Washington,Northwest Natural Gas Company,98626,June,2019,0
Washington,Northwest Natural Gas Company,98628,June,2019,0
Washington,Northwest Natural Gas Company,98629,June,2019,1
Washington,Northwest Natural Gas Company,98635,June,2019,0
Washington,Northwest Natural Gas Company,98639,June,2019,1
Washington,Northwest Natural Gas Company,98642,June,2019,4
Washington,Northwest Natural Gas Company,98648,June,2019,0
Washington,Avista Utilities,98648,June,2019,0
Washington,Northwest Natural Gas Company,98660,June,2019,5
Washington,Northwest Natural Gas Company,98661,June,2019,9
Washington,Northwest Natural Gas Company,98662,June,2019,13
Washington,Northwest Natural Gas Company,98663,June,2019,8
Washington,Northwest Natural Gas Company,98664,June,2019,5
Washington,Northwest Natural Gas Company,98665,June,2019,3
Washington,Northwest Natural Gas Company,98666,June,2019,0
Washington,Northwest Natural Gas Company,98668,June,2019,0
Washington,Northwest Natural Gas Company,98671,June,2019,5
Washington,Northwest Natural Gas Company,98672,June,2019,1
Washington,Northwest Natural Gas Company,98674,June,2019,0
Washington,Northwest Natural Gas Company,98675,June,2019,0
Washington,Northwest Natural Gas Company,98682,June,2019,17
Washington,Northwest Natural Gas Company,98683,June,2019,9
Washington,Northwest Natural Gas Company,98684,June,2019,14
Washington,Northwest Natural Gas Company,98685,June,2019,8
Washington,Northwest Natural Gas Company,98686,June,2019,3
Washington,Northwest Natural Gas Company,98762,June,2019,0
Washington,Avista Utilities,98857,June,2019,0
Washington,Northwest Natural Gas Company,98864,June,2019,0
Washington,Puget Sound Energy Inc,98922,June,2019,1
Washington,Puget Sound Energy Inc,98925,June,2019,2
Washington,Puget Sound Energy Inc,98926,June,2019,2
Washington,Puget Sound Energy Inc,98934,June,2019,0
Washington,Puget Sound Energy Inc,98940,June,2019,0
Washington,Puget Sound Energy Inc,98941,June,2019,0
Washington,Puget Sound Energy Inc,98943,June,2019,0
Washington,Puget Sound Energy Inc,98946,June,2019,0
Washington,Avista Utilities,99001,June,2019,3
Washington,Avista Utilities,99003,June,2019,1
Washington,Avista Utilities,99004,June,2019,0
Washington,Avista Utilities,99005,June,2019,7
Washington,Avista Utilities,99006,June,2019,1
Washington,Avista Utilities,99008,June,2019,2
Washington,Avista Utilities,99009,June,2019,3
Washington,Avista Utilities,99011,June,2019,0
Washington,Avista Utilities,99012,June,2019,3
Washington,Avista Utilities,99013,June,2019,13
Washington,Avista Utilities,99014,June,2019,0
Washington,Avista Utilities,99016,June,2019,13
Washington,Avista Utilities,99018,June,2019,1
Washington,Avista Utilities,99019,June,2019,8
Washington,Avista Utilities,99020,June,2019,0
Washington,Avista Utilities,99021,June,2019,7
Washington,Avista Utilities,99022,June,2019,3
Washington,Avista Utilities,99023,June,2019,0
Washington,Avista Utilities,99025,June,2019,0
Washington,Avista Utilities,99026,June,2019,1
Washington,Avista Utilities,99027,June,2019,2
Washington,Avista Utilities,99029,June,2019,0
Washington,Avista Utilities,99030,June,2019,0
Washington,Avista Utilities,99031,June,2019,0
Washington,Avista Utilities,99032,June,2019,0
Washington,Avista Utilities,99033,June,2019,4
Washington,Avista Utilities,99034,June,2019,0
Washington,Avista Utilities,99036,June,2019,0
Washington,Avista Utilities,99037,June,2019,5
Washington,Avista Utilities,99039,June,2019,0
Washington,Avista Utilities,99040,June,2019,5
Washington,Avista Utilities,99101,June,2019,1
Washington,Avista Utilities,99102,June,2019,0
Washington,Avista Utilities,99103,June,2019,1
Washington,Avista Utilities,99104,June,2019,0
Washington,Avista Utilities,99107,June,2019,0
Washington,Avista Utilities,99109,June,2019,0
Washington,Avista Utilities,99110,June,2019,0
Washington,Avista Utilities,99111,June,2019,10
Washington,Avista Utilities,99113,June,2019,0
Washington,Avista Utilities,99114,June,2019,9
Washington,Avista Utilities,99117,June,2019,0
Washington,Avista Utilities,99122,June,2019,1
Washington,Avista Utilities,99125,June,2019,3
Washington,Avista Utilities,99126,June,2019,2
Washington,Avista Utilities,99128,June,2019,0
Washington,Avista Utilities,99129,June,2019,3
Washington,Avista Utilities,99130,June,2019,1
Washington,Avista Utilities,99131,June,2019,0
Washington,Avista Utilities,99134,June,2019,1
Washington,Avista Utilities,99137,June,2019,0
Washington,Avista Utilities,99138,June,2019,2
Washington,Avista Utilities,99141,June,2019,12
Washington,Avista Utilities,99143,June,2019,2
Washington,Avista Utilities,99144,June,2019,0
Washington,Avista Utilities,99146,June,2019,0
Washington,Avista Utilities,99148,June,2019,1
Washington,Avista Utilities,99149,June,2019,0
Washington,Avista Utilities,99151,June,2019,1
Washington,Avista Utilities,99156,June,2019,0
Washington,Avista Utilities,99157,June,2019,0
Washington,Avista Utilities,99158,June,2019,4
Washington,Avista Utilities,99159,June,2019,0
Washington,Avista Utilities,99160,June,2019,0
Washington,Avista Utilities,99161,June,2019,0
Washington,Avista Utilities,99163,June,2019,1
Washington,Avista Utilities,99164,June,2019,0
Washington,Avista Utilities,99167,June,2019,0
Washington,Avista Utilities,99169,June,2019,0
Washington,Avista Utilities,99170,June,2019,4
Washington,Avista Utilities,99171,June,2019,0
Washington,Avista Utilities,99173,June,2019,6
Washington,Avista Utilities,99174,June,2019,0
Washington,Avista Utilities,99176,June,2019,0
Washington,Avista Utilities,99179,June,2019,1
Washington,Avista Utilities,99181,June,2019,3
Washington,Avista Utilities,99185,June,2019,0
Washington,Avista Utilities,99201,June,2019,31
Washington,Avista Utilities,99202,June,2019,36
Washington,Avista Utilities,99203,June,2019,5
Washington,Avista Utilities,99204,June,2019,14
Washington,Avista Utilities,99205,June,2019,36
Washington,Avista Utilities,99206,June,2019,27
Washington,Avista Utilities,99207,June,2019,118
Washington,Avista Utilities,99208,June,2019,31
Washington,Avista Utilities,99212,June,2019,20
Washington,Avista Utilities,99216,June,2019,11
Washington,Avista Utilities,99217,June,2019,35
Washington,Avista Utilities,99218,June,2019,12
Washington,Avista Utilities,99219,June,2019,0
Washington,Avista Utilities,99220,June,2019,0
Washington,Avista Utilities,99223,June,2019,32
Washington,Avista Utilities,99224,June,2019,16
Washington,Avista Utilities,99260,June,2019,0
Washington,Avista Utilities,99326,June,2019,0
Washington,Avista Utilities,99335,June,2019,0
Washington,Avista Utilities,99341,June,2019,0
Washington,Avista Utilities,99344,June,2019,4
Washington,Avista Utilities,99371,June,2019,2
Washington,Avista Utilities,99402,June,2019,0
Washington,Avista Utilities,99403,June,2019,22
Washington,Puget Sound Energy Inc,98001,March,2019,51
Washington,Puget Sound Energy Inc,98002,March,2019,98
Washington,Puget Sound Energy Inc,98003,March,2019,231
Washington,Puget Sound Energy Inc,98004,March,2019,62
Washington,Puget Sound Energy Inc,98005,March,2019,19
Washington,Puget Sound Energy Inc,98006,March,2019,9
Washington,Puget Sound Energy Inc,98007,March,2019,40
Washington,Puget Sound Energy Inc,98008,March,2019,40
Washington,Puget Sound Energy Inc,98010,March,2019,0
Washington,Puget Sound Energy Inc,98011,March,2019,20
Washington,Puget Sound Energy Inc,98012,March,2019,0
Washington,Puget Sound Energy Inc,98014,March,2019,0
Washington,Puget Sound Energy Inc,98019,March,2019,0
Washington,Puget Sound Energy Inc,98020,March,2019,0
Washington,Puget Sound Energy Inc,98021,March,2019,4
Washington,Puget Sound Energy Inc,98022,March,2019,0
Washington,Puget Sound Energy Inc,98023,March,2019,174
Washington,Puget Sound Energy Inc,98024,March,2019,3
Washington,Northwest Natural Gas Company,98026,March,2019,0
Washington,Puget Sound Energy Inc,98026,March,2019,4
Washington,Puget Sound Energy Inc,98027,March,2019,15
Washington,Puget Sound Energy Inc,98028,March,2019,7
Washington,Puget Sound Energy Inc,98029,March,2019,12
Washington,Puget Sound Energy Inc,98030,March,2019,171
Washington,Puget Sound Energy Inc,98031,March,2019,76
Washington,Puget Sound Energy Inc,98032,March,2019,56
Washington,Puget Sound Energy Inc,98033,March,2019,17
Washington,Puget Sound Energy Inc,98034,March,2019,40
Washington,Puget Sound Energy Inc,98036,March,2019,3
Washington,Puget Sound Energy Inc,98037,March,2019,3
Washington,Puget Sound Energy Inc,98038,March,2019,1
Washington,Puget Sound Energy Inc,98039,March,2019,1
Washington,Puget Sound Energy Inc,98040,March,2019,0
Washington,Puget Sound Energy Inc,98042,March,2019,40
Washington,Puget Sound Energy Inc,98043,March,2019,3
Washington,Puget Sound Energy Inc,98045,March,2019,7
Washington,Puget Sound Energy Inc,98047,March,2019,37
Washington,Puget Sound Energy Inc,98051,March,2019,1
Washington,Puget Sound Energy Inc,98052,March,2019,45
Washington,Puget Sound Energy Inc,98053,March,2019,18
Washington,Puget Sound Energy Inc,98055,March,2019,45
Washington,Puget Sound Energy Inc,98056,March,2019,44
Washington,Puget Sound Energy Inc,98057,March,2019,11
Washington,Puget Sound Energy Inc,98058,March,2019,60
Washington,Puget Sound Energy Inc,98059,March,2019,48
Washington,Puget Sound Energy Inc,98065,March,2019,15
Washington,Puget Sound Energy Inc,98068,March,2019,0
Washington,Puget Sound Energy Inc,98070,March,2019,0
Washington,Puget Sound Energy Inc,98072,March,2019,4
Washington,Puget Sound Energy Inc,98074,March,2019,0
Washington,Puget Sound Energy Inc,98075,March,2019,5
Washington,Puget Sound Energy Inc,98077,March,2019,2
Washington,Puget Sound Energy Inc,98087,March,2019,0
Washington,Puget Sound Energy Inc,98092,March,2019,4
Washington,Puget Sound Energy Inc,98101,March,2019,0
Washington,Puget Sound Energy Inc,98102,March,2019,0
Washington,Puget Sound Energy Inc,98103,March,2019,0
Washington,Puget Sound Energy Inc,98104,March,2019,1
Washington,Puget Sound Energy Inc,98105,March,2019,0
Washington,Puget Sound Energy Inc,98106,March,2019,3
Washington,Puget Sound Energy Inc,98107,March,2019,0
Washington,Puget Sound Energy Inc,98108,March,2019,8
Washington,Puget Sound Energy Inc,98109,March,2019,0
Washington,Puget Sound Energy Inc,98110,March,2019,29
Washington,Puget Sound Energy Inc,98112,March,2019,2
Washington,Puget Sound Energy Inc,98115,March,2019,0
Washington,Puget Sound Energy Inc,98116,March,2019,3
Washington,Puget Sound Energy Inc,98117,March,2019,0
Washington,Puget Sound Energy Inc,98118,March,2019,7
Washington,Puget Sound Energy Inc,98119,March,2019,0
Washington,Northwest Natural Gas Company,98119,March,2019,0
Washington,Puget Sound Energy Inc,98121,March,2019,0
Washington,Puget Sound Energy Inc,98122,March,2019,0
Washington,Puget Sound Energy Inc,98125,March,2019,0
Washington,Puget Sound Energy Inc,98126,March,2019,5
Washington,Northwest Natural Gas Company,98127,March,2019,0
Washington,Puget Sound Energy Inc,98133,March,2019,0
Washington,Puget Sound Energy Inc,98134,March,2019,0
Washington,Puget Sound Energy Inc,98136,March,2019,4
Washington,Puget Sound Energy Inc,98144,March,2019,4
Washington,Puget Sound Energy Inc,98146,March,2019,12
Washington,Puget Sound Energy Inc,98148,March,2019,3
Washington,Puget Sound Energy Inc,98155,March,2019,0
Washington,Puget Sound Energy Inc,98166,March,2019,35
Washington,Puget Sound Energy Inc,98168,March,2019,5
Washington,Puget Sound Energy Inc,98177,March,2019,0
Washington,Puget Sound Energy Inc,98178,March,2019,10
Washington,Puget Sound Energy Inc,98188,March,2019,62
Washington,Puget Sound Energy Inc,98198,March,2019,34
Washington,Puget Sound Energy Inc,98199,March,2019,0
Washington,Puget Sound Energy Inc,98201,March,2019,12
Washington,Puget Sound Energy Inc,98203,March,2019,5
Washington,Puget Sound Energy Inc,98204,March,2019,0
Washington,Northwest Natural Gas Company,98208,March,2019,0
Washington,Puget Sound Energy Inc,98208,March,2019,2
Washington,Puget Sound Energy Inc,98220,March,2019,0
Washington,Puget Sound Energy Inc,98221,March,2019,58
Washington,Puget Sound Energy Inc,98223,March,2019,0
Washington,Puget Sound Energy Inc,98224,March,2019,0
Washington,Puget Sound Energy Inc,98225,March,2019,38
Washington,Puget Sound Energy Inc,98226,March,2019,42
Washington,Puget Sound Energy Inc,98229,March,2019,37
Washington,Puget Sound Energy Inc,98230,March,2019,2
Washington,Puget Sound Energy Inc,98232,March,2019,0
Washington,Puget Sound Energy Inc,98233,March,2019,25
Washington,Puget Sound Energy Inc,98235,March,2019,0
Washington,Puget Sound Energy Inc,98236,March,2019,0
Washington,Puget Sound Energy Inc,98237,March,2019,7
Washington,Puget Sound Energy Inc,98238,March,2019,0
Washington,Puget Sound Energy Inc,98239,March,2019,0
Washington,Puget Sound Energy Inc,98240,March,2019,0
Washington,Puget Sound Energy Inc,98244,March,2019,0
Washington,Puget Sound Energy Inc,98247,March,2019,0
Washington,Puget Sound Energy Inc,98248,March,2019,9
Washington,Puget Sound Energy Inc,98249,March,2019,0
Washington,Puget Sound Energy Inc,98251,March,2019,0
Washington,Puget Sound Energy Inc,98252,March,2019,0
Washington,Puget Sound Energy Inc,98253,March,2019,0
Washington,Puget Sound Energy Inc,98255,March,2019,1
Washington,Puget Sound Energy Inc,98257,March,2019,9
Washington,Puget Sound Energy Inc,98258,March,2019,0
Washington,Puget Sound Energy Inc,98260,March,2019,0
Washington,Puget Sound Energy Inc,98262,March,2019,0
Washington,Puget Sound Energy Inc,98263,March,2019,0
Washington,Puget Sound Energy Inc,98264,March,2019,0
Washington,Puget Sound Energy Inc,98266,March,2019,0
Washington,Puget Sound Energy Inc,98267,March,2019,0
Washington,Puget Sound Energy Inc,98270,March,2019,0
Washington,Puget Sound Energy Inc,98271,March,2019,0
Washington,Puget Sound Energy Inc,98272,March,2019,9
Washington,Puget Sound Energy Inc,98273,March,2019,24
Washington,Puget Sound Energy Inc,98274,March,2019,3
Washington,Puget Sound Energy Inc,98275,March,2019,2
Washington,Puget Sound Energy Inc,98276,March,2019,0
Washington,Puget Sound Energy Inc,98277,March,2019,10
Washington,Puget Sound Energy Inc,98281,March,2019,0
Washington,Puget Sound Energy Inc,98284,March,2019,44
Washington,Puget Sound Energy Inc,98288,March,2019,0
Washington,Puget Sound Energy Inc,98290,March,2019,3
Washington,Puget Sound Energy Inc,98292,March,2019,0
Washington,Puget Sound Energy Inc,98294,March,2019,3
Washington,Puget Sound Energy Inc,98295,March,2019,0
Washington,Puget Sound Energy Inc,98296,March,2019,0
Washington,Northwest Natural Gas Company,98307,March,2019,0
Washington,Puget Sound Energy Inc,98310,March,2019,17
Washington,Puget Sound Energy Inc,98311,March,2019,31
Washington,Puget Sound Energy Inc,98312,March,2019,70
Washington,Puget Sound Energy Inc,98321,March,2019,13
Washington,Puget Sound Energy Inc,98323,March,2019,0
Washington,Puget Sound Energy Inc,98327,March,2019,2
Washington,Puget Sound Energy Inc,98332,March,2019,0
Washington,Puget Sound Energy Inc,98335,March,2019,1
Washington,Puget Sound Energy Inc,98337,March,2019,38
Washington,Puget Sound Energy Inc,98338,March,2019,12
Washington,Puget Sound Energy Inc,98340,March,2019,0
Washington,Puget Sound Energy Inc,98342,March,2019,0
Washington,Puget Sound Energy Inc,98345,March,2019,0
Washington,Puget Sound Energy Inc,98346,March,2019,3
Washington,Puget Sound Energy Inc,98353,March,2019,0
Washington,Puget Sound Energy Inc,98354,March,2019,0
Washington,Puget Sound Energy Inc,98359,March,2019,8
Washington,Puget Sound Energy Inc,98360,March,2019,0
Washington,Puget Sound Energy Inc,98366,March,2019,79
Washington,Puget Sound Energy Inc,98367,March,2019,21
Washington,Puget Sound Energy Inc,98370,March,2019,20
Washington,Puget Sound Energy Inc,98371,March,2019,26
Washington,Puget Sound Energy Inc,98372,March,2019,70
Washington,Puget Sound Energy Inc,98373,March,2019,39
Washington,Puget Sound Energy Inc,98374,March,2019,74
Washington,Puget Sound Energy Inc,98375,March,2019,33
Washington,Puget Sound Energy Inc,98380,March,2019,0
Washington,Puget Sound Energy Inc,98383,March,2019,9
Washington,Puget Sound Energy Inc,98385,March,2019,0
Washington,Puget Sound Energy Inc,98387,March,2019,12
Washington,Puget Sound Energy Inc,98388,March,2019,0
Washington,Puget Sound Energy Inc,98390,March,2019,27
Washington,Puget Sound Energy Inc,98391,March,2019,92
Washington,Puget Sound Energy Inc,98392,March,2019,17
Washington,Puget Sound Energy Inc,98402,March,2019,0
Washington,Puget Sound Energy Inc,98403,March,2019,0
Washington,Puget Sound Energy Inc,98404,March,2019,0
Washington,Puget Sound Energy Inc,98405,March,2019,6
Washington,Puget Sound Energy Inc,98406,March,2019,2
Washington,Puget Sound Energy Inc,98407,March,2019,0
Washington,Puget Sound Energy Inc,98408,March,2019,3
Washington,Puget Sound Energy Inc,98409,March,2019,3
Washington,Puget Sound Energy Inc,98418,March,2019,0
Washington,Puget Sound Energy Inc,98422,March,2019,1
Washington,Puget Sound Energy Inc,98424,March,2019,3
Washington,Puget Sound Energy Inc,98439,March,2019,2
Washington,Puget Sound Energy Inc,98443,March,2019,0
Washington,Puget Sound Energy Inc,98444,March,2019,1
Washington,Puget Sound Energy Inc,98445,March,2019,2
Washington,Puget Sound Energy Inc,98446,March,2019,0
Washington,Puget Sound Energy Inc,98465,March,2019,0
Washington,Puget Sound Energy Inc,98466,March,2019,8
Washington,Puget Sound Energy Inc,98467,March,2019,8
Washington,Puget Sound Energy Inc,98498,March,2019,6
Washington,Puget Sound Energy Inc,98499,March,2019,8
Washington,Puget Sound Energy Inc,98501,March,2019,38
Washington,Puget Sound Energy Inc,98502,March,2019,67
Washington,Puget Sound Energy Inc,98503,March,2019,48
Washington,Puget Sound Energy Inc,98506,March,2019,14
Washington,Puget Sound Energy Inc,98512,March,2019,35
Washington,Puget Sound Energy Inc,98513,March,2019,35
Washington,Puget Sound Energy Inc,98516,March,2019,19
Washington,Puget Sound Energy Inc,98530,March,2019,2
Washington,Puget Sound Energy Inc,98531,March,2019,16
Washington,Puget Sound Energy Inc,98532,March,2019,8
Washington,Puget Sound Energy Inc,98558,March,2019,0
Washington,Puget Sound Energy Inc,98568,March,2019,0
Washington,Puget Sound Energy Inc,98576,March,2019,10
Washington,Puget Sound Energy Inc,98579,March,2019,16
Washington,Puget Sound Energy Inc,98580,March,2019,14
Washington,Puget Sound Energy Inc,98589,March,2019,13
Washington,Puget Sound Energy Inc,98591,March,2019,0
Washington,Puget Sound Energy Inc,98596,March,2019,0
Washington,Puget Sound Energy Inc,98597,March,2019,76
Washington,Northwest Natural Gas Company,98601,March,2019,0
Washington,Northwest Natural Gas Company,98602,March,2019,0
Washington,Northwest Natural Gas Company,98604,March,2019,11
Washington,Northwest Natural Gas Company,98605,March,2019,0
Washington,Northwest Natural Gas Company,98606,March,2019,1
Washington,Northwest Natural Gas Company,98607,March,2019,13
Washington,Northwest Natural Gas Company,98610,March,2019,0
Washington,Northwest Natural Gas Company,98612,March,2019,0
Washington,Northwest Natural Gas Company,98617,March,2019,0
Washington,Northwest Natural Gas Company,98620,March,2019,0
Washington,Avista Utilities,98620,March,2019,0
Washington,Northwest Natural Gas Company,98626,March,2019,0
Washington,Northwest Natural Gas Company,98628,March,2019,0
Washington,Northwest Natural Gas Company,98629,March,2019,1
Washington,Northwest Natural Gas Company,98635,March,2019,0
Washington,Northwest Natural Gas Company,98639,March,2019,0
Washington,Northwest Natural Gas Company,98642,March,2019,7
Washington,Northwest Natural Gas Company,98648,March,2019,0
Washington,Avista Utilities,98648,March,2019,0
Washington,Northwest Natural Gas Company,98660,March,2019,3
Washington,Northwest Natural Gas Company,98661,March,2019,2
Washington,Northwest Natural Gas Company,98662,March,2019,15
Washington,Northwest Natural Gas Company,98663,March,2019,3
Washington,Northwest Natural Gas Company,98664,March,2019,16
Washington,Northwest Natural Gas Company,98665,March,2019,20
Washington,Northwest Natural Gas Company,98666,March,2019,0
Washington,Northwest Natural Gas Company,98668,March,2019,0
Washington,Northwest Natural Gas Company,98671,March,2019,10
Washington,Northwest Natural Gas Company,98672,March,2019,1
Washington,Northwest Natural Gas Company,98674,March,2019,0
Washington,Northwest Natural Gas Company,98675,March,2019,0
Washington,Northwest Natural Gas Company,98682,March,2019,23
Washington,Northwest Natural Gas Company,98683,March,2019,6
Washington,Northwest Natural Gas Company,98684,March,2019,13
Washington,Northwest Natural Gas Company,98685,March,2019,16
Washington,Northwest Natural Gas Company,98686,March,2019,11
Washington,Northwest Natural Gas Company,98762,March,2019,0
Washington,Avista Utilities,98857,March,2019,0
Washington,Northwest Natural Gas Company,98864,March,2019,0
Washington,Puget Sound Energy Inc,98922,March,2019,0
Washington,Puget Sound Energy Inc,98925,March,2019,0
Washington,Puget Sound Energy Inc,98926,March,2019,0
Washington,Puget Sound Energy Inc,98934,March,2019,0
Washington,Puget Sound Energy Inc,98940,March,2019,0
Washington,Puget Sound Energy Inc,98941,March,2019,0
Washington,Puget Sound Energy Inc,98943,March,2019,0
Washington,Puget Sound Energy Inc,98946,March,2019,0
Washington,Avista Utilities,99001,March,2019,5
Washington,Avista Utilities,99003,March,2019,4
Washington,Avista Utilities,99004,March,2019,2
Washington,Avista Utilities,99005,March,2019,2
Washington,Avista Utilities,99006,March,2019,3
Washington,Avista Utilities,99008,March,2019,0
Washington,Avista Utilities,99009,March,2019,4
Washington,Avista Utilities,99011,March,2019,0
Washington,Avista Utilities,99012,March,2019,0
Washington,Avista Utilities,99013,March,2019,7
Washington,Avista Utilities,99014,March,2019,0
Washington,Avista Utilities,99016,March,2019,6
Washington,Avista Utilities,99018,March,2019,0
Washington,Avista Utilities,99019,March,2019,8
Washington,Avista Utilities,99020,March,2019,0
Washington,Avista Utilities,99021,March,2019,4
Washington,Avista Utilities,99022,March,2019,5
Washington,Avista Utilities,99023,March,2019,0
Washington,Avista Utilities,99025,March,2019,0
Washington,Avista Utilities,99026,March,2019,0
Washington,Avista Utilities,99027,March,2019,2
Washington,Avista Utilities,99029,March,2019,0
Washington,Avista Utilities,99030,March,2019,0
Washington,Avista Utilities,99031,March,2019,0
Washington,Avista Utilities,99032,March,2019,0
Washington,Avista Utilities,99033,March,2019,0
Washington,Avista Utilities,99034,March,2019,0
Washington,Avista Utilities,99036,March,2019,0
Washington,Avista Utilities,99037,March,2019,4
Washington,Avista Utilities,99039,March,2019,0
Washington,Avista Utilities,99040,March,2019,3
Washington,Avista Utilities,99101,March,2019,2
Washington,Avista Utilities,99102,March,2019,0
Washington,Avista Utilities,99103,March,2019,0
Washington,Avista Utilities,99104,March,2019,0
Washington,Avista Utilities,99107,March,2019,0
Washington,Avista Utilities,99109,March,2019,6
Washington,Avista Utilities,99110,March,2019,6
Washington,Avista Utilities,99111,March,2019,2
Washington,Avista Utilities,99113,March,2019,0
Washington,Avista Utilities,99114,March,2019,23
Washington,Avista Utilities,99117,March,2019,0
Washington,Avista Utilities,99122,March,2019,0
Washington,Avista Utilities,99125,March,2019,0
Washington,Avista Utilities,99126,March,2019,0
Washington,Avista Utilities,99128,March,2019,0
Washington,Avista Utilities,99129,March,2019,0
Washington,Avista Utilities,99130,March,2019,1
Washington,Avista Utilities,99131,March,2019,0
Washington,Avista Utilities,99134,March,2019,1
Washington,Avista Utilities,99137,March,2019,0
Washington,Avista Utilities,99138,March,2019,2
Washington,Avista Utilities,99141,March,2019,2
Washington,Avista Utilities,99143,March,2019,0
Washington,Avista Utilities,99144,March,2019,0
Washington,Avista Utilities,99146,March,2019,0
Washington,Avista Utilities,99148,March,2019,2
Washington,Avista Utilities,99149,March,2019,0
Washington,Avista Utilities,99151,March,2019,0
Washington,Avista Utilities,99156,March,2019,0
Washington,Avista Utilities,99157,March,2019,0
Washington,Avista Utilities,99158,March,2019,1
Washington,Avista Utilities,99159,March,2019,2
Washington,Avista Utilities,99160,March,2019,0
Washington,Avista Utilities,99161,March,2019,2
Washington,Avista Utilities,99163,March,2019,2
Washington,Avista Utilities,99164,March,2019,0
Washington,Avista Utilities,99167,March,2019,0
Washington,Avista Utilities,99169,March,2019,8
Washington,Avista Utilities,99170,March,2019,1
Washington,Avista Utilities,99171,March,2019,0
Washington,Avista Utilities,99173,March,2019,1
Washington,Avista Utilities,99174,March,2019,0
Washington,Avista Utilities,99176,March,2019,0
Washington,Avista Utilities,99179,March,2019,0
Washington,Avista Utilities,99181,March,2019,5
Washington,Avista Utilities,99185,March,2019,0
Washington,Avista Utilities,99201,March,2019,26
Washington,Avista Utilities,99202,March,2019,32
Washington,Avista Utilities,99203,March,2019,6
Washington,Avista Utilities,99204,March,2019,30
Washington,Avista Utilities,99205,March,2019,45
Washington,Avista Utilities,99206,March,2019,26
Washington,Avista Utilities,99207,March,2019,55
Washington,Avista Utilities,99208,March,2019,50
Washington,Avista Utilities,99212,March,2019,22
Washington,Avista Utilities,99216,March,2019,16
Washington,Avista Utilities,99217,March,2019,14
Washington,Avista Utilities,99218,March,2019,9
Washington,Avista Utilities,99219,March,2019,0
Washington,Avista Utilities,99220,March,2019,0
Washington,Avista Utilities,99223,March,2019,13
Washington,Avista Utilities,99224,March,2019,9
Washington,Avista Utilities,99260,March,2019,0
Washington,Avista Utilities,99326,March,2019,0
Washington,Avista Utilities,99335,March,2019,0
Washington,Avista Utilities,99341,March,2019,2
Washington,Avista Utilities,99344,March,2019,7
Washington,Avista Utilities,99371,March,2019,0
Washington,Avista Utilities,99402,March,2019,2
Washington,Avista Utilities,99403,March,2019,31
Washington,Puget Sound Energy Inc,98001,May,2019,23
Washington,Puget Sound Energy Inc,98002,May,2019,282
Washington,Puget Sound Energy Inc,98003,May,2019,27
Washington,Puget Sound Energy Inc,98004,May,2019,37
Washington,Puget Sound Energy Inc,98005,May,2019,3
Washington,Puget Sound Energy Inc,98006,May,2019,16
Washington,Puget Sound Energy Inc,98007,May,2019,4
Washington,Puget Sound Energy Inc,98008,May,2019,0
Washington,Puget Sound Energy Inc,98010,May,2019,0
Washington,Puget Sound Energy Inc,98011,May,2019,14
Washington,Puget Sound Energy Inc,98012,May,2019,7
Washington,Puget Sound Energy Inc,98014,May,2019,3
Washington,Puget Sound Energy Inc,98019,May,2019,0
Washington,Puget Sound Energy Inc,98020,May,2019,3
Washington,Puget Sound Energy Inc,98021,May,2019,6
Washington,Puget Sound Energy Inc,98022,May,2019,24
Washington,Puget Sound Energy Inc,98023,May,2019,177
Washington,Puget Sound Energy Inc,98024,May,2019,20
Washington,Puget Sound Energy Inc,98026,May,2019,7
Washington,Northwest Natural Gas Company,98026,May,2019,0
Washington,Puget Sound Energy Inc,98027,May,2019,53
Washington,Puget Sound Energy Inc,98028,May,2019,34
Washington,Puget Sound Energy Inc,98029,May,2019,28
Washington,Puget Sound Energy Inc,98030,May,2019,1
Washington,Puget Sound Energy Inc,98031,May,2019,3
Washington,Puget Sound Energy Inc,98032,May,2019,37
Washington,Puget Sound Energy Inc,98033,May,2019,10
Washington,Puget Sound Energy Inc,98034,May,2019,15
Washington,Puget Sound Energy Inc,98036,May,2019,1
Washington,Puget Sound Energy Inc,98037,May,2019,0
Washington,Puget Sound Energy Inc,98038,May,2019,0
Washington,Puget Sound Energy Inc,98039,May,2019,2
Washington,Puget Sound Energy Inc,98040,May,2019,6
Washington,Puget Sound Energy Inc,98042,May,2019,0
Washington,Puget Sound Energy Inc,98043,May,2019,0
Washington,Puget Sound Energy Inc,98045,May,2019,2
Washington,Puget Sound Energy Inc,98047,May,2019,37
Washington,Puget Sound Energy Inc,98051,May,2019,0
Washington,Puget Sound Energy Inc,98052,May,2019,44
Washington,Puget Sound Energy Inc,98053,May,2019,12
Washington,Puget Sound Energy Inc,98055,May,2019,74
Washington,Puget Sound Energy Inc,98056,May,2019,65
Washington,Puget Sound Energy Inc,98057,May,2019,43
Washington,Puget Sound Energy Inc,98058,May,2019,36
Washington,Puget Sound Energy Inc,98059,May,2019,18
Washington,Puget Sound Energy Inc,98065,May,2019,27
Washington,Puget Sound Energy Inc,98068,May,2019,0
Washington,Puget Sound Energy Inc,98070,May,2019,0
Washington,Puget Sound Energy Inc,98072,May,2019,0
Washington,Puget Sound Energy Inc,98074,May,2019,16
Washington,Puget Sound Energy Inc,98075,May,2019,7
Washington,Puget Sound Energy Inc,98077,May,2019,0
Washington,Puget Sound Energy Inc,98087,May,2019,12
Washington,Puget Sound Energy Inc,98092,May,2019,138
Washington,Puget Sound Energy Inc,98101,May,2019,0
Washington,Puget Sound Energy Inc,98102,May,2019,2
Washington,Puget Sound Energy Inc,98103,May,2019,2
Washington,Puget Sound Energy Inc,98104,May,2019,0
Washington,Puget Sound Energy Inc,98105,May,2019,0
Washington,Puget Sound Energy Inc,98106,May,2019,1
Washington,Puget Sound Energy Inc,98107,May,2019,9
Washington,Puget Sound Energy Inc,98108,May,2019,10
Washington,Puget Sound Energy Inc,98109,May,2019,1
Washington,Puget Sound Energy Inc,98110,May,2019,13
Washington,Puget Sound Energy Inc,98112,May,2019,0
Washington,Puget Sound Energy Inc,98115,May,2019,0
Washington,Puget Sound Energy Inc,98116,May,2019,2
Washington,Puget Sound Energy Inc,98117,May,2019,9
Washington,Puget Sound Energy Inc,98118,May,2019,0
Washington,Puget Sound Energy Inc,98119,May,2019,5
Washington,Northwest Natural Gas Company,98119,May,2019,0
Washington,Puget Sound Energy Inc,98121,May,2019,2
Washington,Puget Sound Energy Inc,98122,May,2019,3
Washington,Puget Sound Energy Inc,98125,May,2019,2
Washington,Puget Sound Energy Inc,98126,May,2019,11
Washington,Northwest Natural Gas Company,98127,May,2019,0
Washington,Puget Sound Energy Inc,98133,May,2019,1
Washington,Puget Sound Energy Inc,98134,May,2019,0
Washington,Puget Sound Energy Inc,98136,May,2019,9
Washington,Puget Sound Energy Inc,98144,May,2019,4
Washington,Puget Sound Energy Inc,98146,May,2019,7
Washington,Puget Sound Energy Inc,98148,May,2019,2
Washington,Puget Sound Energy Inc,98155,May,2019,5
Washington,Puget Sound Energy Inc,98166,May,2019,13
Washington,Puget Sound Energy Inc,98168,May,2019,4
Washington,Puget Sound Energy Inc,98177,May,2019,3
Washington,Puget Sound Energy Inc,98178,May,2019,13
Washington,Puget Sound Energy Inc,98188,May,2019,6
Washington,Puget Sound Energy Inc,98198,May,2019,46
Washington,Puget Sound Energy Inc,98199,May,2019,11
Washington,Puget Sound Energy Inc,98201,May,2019,4
Washington,Puget Sound Energy Inc,98203,May,2019,20
Washington,Puget Sound Energy Inc,98204,May,2019,14
Washington,Northwest Natural Gas Company,98208,May,2019,0
Washington,Puget Sound Energy Inc,98208,May,2019,2
Washington,Puget Sound Energy Inc,98220,May,2019,0
Washington,Puget Sound Energy Inc,98221,May,2019,4
Washington,Puget Sound Energy Inc,98223,May,2019,3
Washington,Puget Sound Energy Inc,98224,May,2019,0
Washington,Puget Sound Energy Inc,98225,May,2019,39
Washington,Puget Sound Energy Inc,98226,May,2019,42
Washington,Puget Sound Energy Inc,98229,May,2019,15
Washington,Puget Sound Energy Inc,98230,May,2019,16
Washington,Puget Sound Energy Inc,98232,May,2019,5
Washington,Puget Sound Energy Inc,98233,May,2019,62
Washington,Puget Sound Energy Inc,98235,May,2019,0
Washington,Puget Sound Energy Inc,98236,May,2019,0
Washington,Puget Sound Energy Inc,98237,May,2019,0
Washington,Puget Sound Energy Inc,98238,May,2019,0
Washington,Puget Sound Energy Inc,98239,May,2019,5
Washington,Puget Sound Energy Inc,98240,May,2019,0
Washington,Puget Sound Energy Inc,98244,May,2019,0
Washington,Puget Sound Energy Inc,98247,May,2019,2
Washington,Puget Sound Energy Inc,98248,May,2019,4
Washington,Puget Sound Energy Inc,98249,May,2019,0
Washington,Puget Sound Energy Inc,98251,May,2019,0
Washington,Puget Sound Energy Inc,98252,May,2019,0
Washington,Puget Sound Energy Inc,98253,May,2019,0
Washington,Puget Sound Energy Inc,98255,May,2019,0
Washington,Puget Sound Energy Inc,98257,May,2019,8
Washington,Puget Sound Energy Inc,98258,May,2019,3
Washington,Puget Sound Energy Inc,98260,May,2019,0
Washington,Puget Sound Energy Inc,98262,May,2019,0
Washington,Puget Sound Energy Inc,98263,May,2019,0
Washington,Puget Sound Energy Inc,98264,May,2019,2
Washington,Puget Sound Energy Inc,98266,May,2019,0
Washington,Puget Sound Energy Inc,98267,May,2019,0
Washington,Puget Sound Energy Inc,98270,May,2019,8
Washington,Puget Sound Energy Inc,98271,May,2019,25
Washington,Puget Sound Energy Inc,98272,May,2019,16
Washington,Puget Sound Energy Inc,98273,May,2019,64
Washington,Puget Sound Energy Inc,98274,May,2019,14
Washington,Puget Sound Energy Inc,98275,May,2019,7
Washington,Puget Sound Energy Inc,98276,May,2019,0
Washington,Puget Sound Energy Inc,98277,May,2019,34
Washington,Puget Sound Energy Inc,98281,May,2019,0
Washington,Puget Sound Energy Inc,98284,May,2019,42
Washington,Puget Sound Energy Inc,98288,May,2019,0
Washington,Puget Sound Energy Inc,98290,May,2019,8
Washington,Puget Sound Energy Inc,98292,May,2019,1
Washington,Puget Sound Energy Inc,98294,May,2019,2
Washington,Puget Sound Energy Inc,98295,May,2019,2
Washington,Puget Sound Energy Inc,98296,May,2019,0
Washington,Northwest Natural Gas Company,98307,May,2019,0
Washington,Puget Sound Energy Inc,98310,May,2019,22
Washington,Puget Sound Energy Inc,98311,May,2019,3
Washington,Puget Sound Energy Inc,98312,May,2019,56
Washington,Puget Sound Energy Inc,98321,May,2019,2
Washington,Puget Sound Energy Inc,98323,May,2019,0
Washington,Puget Sound Energy Inc,98327,May,2019,3
Washington,Puget Sound Energy Inc,98332,May,2019,2
Washington,Puget Sound Energy Inc,98335,May,2019,13
Washington,Puget Sound Energy Inc,98337,May,2019,22
Washington,Puget Sound Energy Inc,98338,May,2019,1
Washington,Puget Sound Energy Inc,98340,May,2019,2
Washington,Puget Sound Energy Inc,98342,May,2019,1
Washington,Puget Sound Energy Inc,98345,May,2019,0
Washington,Puget Sound Energy Inc,98346,May,2019,15
Washington,Puget Sound Energy Inc,98353,May,2019,0
Washington,Puget Sound Energy Inc,98354,May,2019,0
Washington,Puget Sound Energy Inc,98359,May,2019,1
Washington,Puget Sound Energy Inc,98360,May,2019,2
Washington,Puget Sound Energy Inc,98366,May,2019,87
Washington,Puget Sound Energy Inc,98367,May,2019,13
Washington,Puget Sound Energy Inc,98370,May,2019,17
Washington,Puget Sound Energy Inc,98371,May,2019,35
Washington,Puget Sound Energy Inc,98372,May,2019,76
Washington,Puget Sound Energy Inc,98373,May,2019,62
Washington,Puget Sound Energy Inc,98374,May,2019,25
Washington,Puget Sound Energy Inc,98375,May,2019,27
Washington,Puget Sound Energy Inc,98380,May,2019,0
Washington,Puget Sound Energy Inc,98383,May,2019,23
Washington,Puget Sound Energy Inc,98385,May,2019,0
Washington,Puget Sound Energy Inc,98387,May,2019,21
Washington,Puget Sound Energy Inc,98388,May,2019,4
Washington,Puget Sound Energy Inc,98390,May,2019,29
Washington,Puget Sound Energy Inc,98391,May,2019,3
Washington,Puget Sound Energy Inc,98392,May,2019,6
Washington,Puget Sound Energy Inc,98402,May,2019,0
Washington,Puget Sound Energy Inc,98403,May,2019,0
Washington,Puget Sound Energy Inc,98404,May,2019,14
Washington,Puget Sound Energy Inc,98405,May,2019,23
Washington,Puget Sound Energy Inc,98406,May,2019,2
Washington,Puget Sound Energy Inc,98407,May,2019,0
Washington,Puget Sound Energy Inc,98408,May,2019,2
Washington,Puget Sound Energy Inc,98409,May,2019,26
Washington,Puget Sound Energy Inc,98418,May,2019,6
Washington,Puget Sound Energy Inc,98422,May,2019,10
Washington,Puget Sound Energy Inc,98424,May,2019,12
Washington,Puget Sound Energy Inc,98439,May,2019,12
Washington,Puget Sound Energy Inc,98443,May,2019,0
Washington,Puget Sound Energy Inc,98444,May,2019,13
Washington,Puget Sound Energy Inc,98445,May,2019,4
Washington,Puget Sound Energy Inc,98446,May,2019,4
Washington,Puget Sound Energy Inc,98465,May,2019,4
Washington,Puget Sound Energy Inc,98466,May,2019,11
Washington,Puget Sound Energy Inc,98467,May,2019,6
Washington,Puget Sound Energy Inc,98498,May,2019,59
Washington,Puget Sound Energy Inc,98499,May,2019,37
Washington,Puget Sound Energy Inc,98501,May,2019,90
Washington,Puget Sound Energy Inc,98502,May,2019,55
Washington,Puget Sound Energy Inc,98503,May,2019,87
Washington,Puget Sound Energy Inc,98506,May,2019,26
Washington,Puget Sound Energy Inc,98512,May,2019,20
Washington,Puget Sound Energy Inc,98513,May,2019,36
Washington,Puget Sound Energy Inc,98516,May,2019,4
Washington,Puget Sound Energy Inc,98530,May,2019,2
Washington,Puget Sound Energy Inc,98531,May,2019,18
Washington,Puget Sound Energy Inc,98532,May,2019,6
Washington,Puget Sound Energy Inc,98558,May,2019,0
Washington,Puget Sound Energy Inc,98568,May,2019,0
Washington,Puget Sound Energy Inc,98576,May,2019,14
Washington,Puget Sound Energy Inc,98579,May,2019,8
Washington,Puget Sound Energy Inc,98580,May,2019,10
Washington,Puget Sound Energy Inc,98589,May,2019,16
Washington,Puget Sound Energy Inc,98591,May,2019,0
Washington,Puget Sound Energy Inc,98596,May,2019,0
Washington,Puget Sound Energy Inc,98597,May,2019,52
Washington,Northwest Natural Gas Company,98601,May,2019,0
Washington,Northwest Natural Gas Company,98602,May,2019,0
Washington,Northwest Natural Gas Company,98604,May,2019,6
Washington,Northwest Natural Gas Company,98605,May,2019,2
Washington,Northwest Natural Gas Company,98606,May,2019,0
Washington,Northwest Natural Gas Company,98607,May,2019,17
Washington,Northwest Natural Gas Company,98610,May,2019,0
Washington,Northwest Natural Gas Company,98612,May,2019,0
Washington,Northwest Natural Gas Company,98617,May,2019,0
Washington,Avista Utilities,98620,May,2019,4
Washington,Northwest Natural Gas Company,98620,May,2019,0
Washington,Northwest Natural Gas Company,98626,May,2019,0
Washington,Northwest Natural Gas Company,98628,May,2019,0
Washington,Northwest Natural Gas Company,98629,May,2019,0
Washington,Northwest Natural Gas Company,98635,May,2019,0
Washington,Northwest Natural Gas Company,98639,May,2019,1
Washington,Northwest Natural Gas Company,98642,May,2019,3
Washington,Avista Utilities,98648,May,2019,0
Washington,Northwest Natural Gas Company,98648,May,2019,0
Washington,Northwest Natural Gas Company,98660,May,2019,6
Washington,Northwest Natural Gas Company,98661,May,2019,15
Washington,Northwest Natural Gas Company,98662,May,2019,14
Washington,Northwest Natural Gas Company,98663,May,2019,4
Washington,Northwest Natural Gas Company,98664,May,2019,31
Washington,Northwest Natural Gas Company,98665,May,2019,22
Washington,Northwest Natural Gas Company,98666,May,2019,0
Washington,Northwest Natural Gas Company,98668,May,2019,0
Washington,Northwest Natural Gas Company,98671,May,2019,10
Washington,Northwest Natural Gas Company,98672,May,2019,2
Washington,Northwest Natural Gas Company,98674,May,2019,0
Washington,Northwest Natural Gas Company,98675,May,2019,0
Washington,Northwest Natural Gas Company,98682,May,2019,24
Washington,Northwest Natural Gas Company,98683,May,2019,14
Washington,Northwest Natural Gas Company,98684,May,2019,20
Washington,Northwest Natural Gas Company,98685,May,2019,6
Washington,Northwest Natural Gas Company,98686,May,2019,9
Washington,Northwest Natural Gas Company,98762,May,2019,0
Washington,Avista Utilities,98857,May,2019,0
Washington,Northwest Natural Gas Company,98864,May,2019,0
Washington,Puget Sound Energy Inc,98922,May,2019,0
Washington,Puget Sound Energy Inc,98925,May,2019,0
Washington,Puget Sound Energy Inc,98926,May,2019,0
Washington,Puget Sound Energy Inc,98934,May,2019,0
Washington,Puget Sound Energy Inc,98940,May,2019,0
Washington,Puget Sound Energy Inc,98941,May,2019,0
Washington,Puget Sound Energy Inc,98943,May,2019,0
Washington,Puget Sound Energy Inc,98946,May,2019,0
Washington,Avista Utilities,99001,May,2019,7
Washington,Avista Utilities,99003,May,2019,3
Washington,Avista Utilities,99004,May,2019,7
Washington,Avista Utilities,99005,May,2019,9
Washington,Avista Utilities,99006,May,2019,9
Washington,Avista Utilities,99008,May,2019,1
Washington,Avista Utilities,99009,May,2019,4
Washington,Avista Utilities,99011,May,2019,0
Washington,Avista Utilities,99012,May,2019,1
Washington,Avista Utilities,99013,May,2019,15
Washington,Avista Utilities,99014,May,2019,0
Washington,Avista Utilities,99016,May,2019,10
Washington,Avista Utilities,99018,May,2019,1
Washington,Avista Utilities,99019,May,2019,3
Washington,Avista Utilities,99020,May,2019,1
Washington,Avista Utilities,99021,May,2019,1
Washington,Avista Utilities,99022,May,2019,3
Washington,Avista Utilities,99023,May,2019,0
Washington,Avista Utilities,99025,May,2019,2
Washington,Avista Utilities,99026,May,2019,4
Washington,Avista Utilities,99027,May,2019,2
Washington,Avista Utilities,99029,May,2019,2
Washington,Avista Utilities,99030,May,2019,1
Washington,Avista Utilities,99031,May,2019,0
Washington,Avista Utilities,99032,May,2019,1
Washington,Avista Utilities,99033,May,2019,0
Washington,Avista Utilities,99034,May,2019,0
Washington,Avista Utilities,99036,May,2019,0
Washington,Avista Utilities,99037,May,2019,2
Washington,Avista Utilities,99039,May,2019,0
Washington,Avista Utilities,99040,May,2019,5
Washington,Avista Utilities,99101,May,2019,2
Washington,Avista Utilities,99102,May,2019,0
Washington,Avista Utilities,99103,May,2019,2
Washington,Avista Utilities,99104,May,2019,0
Washington,Avista Utilities,99107,May,2019,0
Washington,Avista Utilities,99109,May,2019,5
Washington,Avista Utilities,99110,May,2019,2
Washington,Avista Utilities,99111,May,2019,2
Washington,Avista Utilities,99113,May,2019,1
Washington,Avista Utilities,99114,May,2019,26
Washington,Avista Utilities,99117,May,2019,1
Washington,Avista Utilities,99122,May,2019,2
Washington,Avista Utilities,99125,May,2019,0
Washington,Avista Utilities,99126,May,2019,0
Washington,Avista Utilities,99128,May,2019,0
Washington,Avista Utilities,99129,May,2019,2
Washington,Avista Utilities,99130,May,2019,0
Washington,Avista Utilities,99131,May,2019,0
Washington,Avista Utilities,99134,May,2019,2
Washington,Avista Utilities,99137,May,2019,0
Washington,Avista Utilities,99138,May,2019,0
Washington,Avista Utilities,99141,May,2019,6
Washington,Avista Utilities,99143,May,2019,0
Washington,Avista Utilities,99144,May,2019,0
Washington,Avista Utilities,99146,May,2019,0
Washington,Avista Utilities,99148,May,2019,7
Washington,Avista Utilities,99149,May,2019,0
Washington,Avista Utilities,99151,May,2019,0
Washington,Avista Utilities,99156,May,2019,0
Washington,Avista Utilities,99157,May,2019,0
Washington,Avista Utilities,99158,May,2019,0
Washington,Avista Utilities,99159,May,2019,3
Washington,Avista Utilities,99160,May,2019,0
Washington,Avista Utilities,99161,May,2019,1
Washington,Avista Utilities,99163,May,2019,27
Washington,Avista Utilities,99164,May,2019,0
Washington,Avista Utilities,99167,May,2019,0
Washington,Avista Utilities,99169,May,2019,6
Washington,Avista Utilities,99170,May,2019,1
Washington,Avista Utilities,99171,May,2019,1
Washington,Avista Utilities,99173,May,2019,2
Washington,Avista Utilities,99174,May,2019,0
Washington,Avista Utilities,99176,May,2019,0
Washington,Avista Utilities,99179,May,2019,0
Washington,Avista Utilities,99181,May,2019,0
Washington,Avista Utilities,99185,May,2019,3
Washington,Avista Utilities,99201,May,2019,29
Washington,Avista Utilities,99202,May,2019,41
Washington,Avista Utilities,99203,May,2019,10
Washington,Avista Utilities,99204,May,2019,14
Washington,Avista Utilities,99205,May,2019,36
Washington,Avista Utilities,99206,May,2019,30
Washington,Avista Utilities,99207,May,2019,91
Washington,Avista Utilities,99208,May,2019,60
Washington,Avista Utilities,99212,May,2019,28
Washington,Avista Utilities,99216,May,2019,20
Washington,Avista Utilities,99217,May,2019,38
Washington,Avista Utilities,99218,May,2019,10
Washington,Avista Utilities,99219,May,2019,0
Washington,Avista Utilities,99220,May,2019,0
Washington,Avista Utilities,99223,May,2019,13
Washington,Avista Utilities,99224,May,2019,21
Washington,Avista Utilities,99260,May,2019,0
Washington,Avista Utilities,99326,May,2019,1
Washington,Avista Utilities,99335,May,2019,0
Washington,Avista Utilities,99341,May,2019,1
Washington,Avista Utilities,99344,May,2019,17
Washington,Avista Utilities,99371,May,2019,0
Washington,Avista Utilities,99402,May,2019,1
Washington,Avista Utilities,99403,May,2019,27
Washington,Puget Sound Energy Inc,98001,November,2019,6
Washington,Puget Sound Energy Inc,98002,November,2019,141
Washington,Puget Sound Energy Inc,98003,November,2019,17
Washington,Puget Sound Energy Inc,98004,November,2019,29
Washington,Puget Sound Energy Inc,98005,November,2019,0
Washington,Puget Sound Energy Inc,98006,November,2019,2
Washington,Puget Sound Energy Inc,98007,November,2019,11
Washington,Puget Sound Energy Inc,98008,November,2019,3
Washington,Puget Sound Energy Inc,98010,November,2019,1
Washington,Puget Sound Energy Inc,98011,November,2019,5
Washington,Puget Sound Energy Inc,98012,November,2019,6
Washington,Puget Sound Energy Inc,98014,November,2019,7
Washington,Puget Sound Energy Inc,98019,November,2019,0
Washington,Puget Sound Energy Inc,98020,November,2019,0
Washington,Puget Sound Energy Inc,98021,November,2019,0
Washington,Puget Sound Energy Inc,98022,November,2019,47
Washington,Puget Sound Energy Inc,98023,November,2019,7
Washington,Puget Sound Energy Inc,98024,November,2019,1
Washington,Northwest Natural Gas Company,98026,November,2019,0
Washington,Puget Sound Energy Inc,98026,November,2019,10
Washington,Puget Sound Energy Inc,98027,November,2019,23
Washington,Puget Sound Energy Inc,98028,November,2019,0
Washington,Puget Sound Energy Inc,98029,November,2019,15
Washington,Puget Sound Energy Inc,98030,November,2019,133
Washington,Puget Sound Energy Inc,98031,November,2019,120
Washington,Puget Sound Energy Inc,98032,November,2019,187
Washington,Puget Sound Energy Inc,98033,November,2019,0
Washington,Puget Sound Energy Inc,98034,November,2019,8
Washington,Puget Sound Energy Inc,98036,November,2019,8
Washington,Puget Sound Energy Inc,98037,November,2019,3
Washington,Puget Sound Energy Inc,98038,November,2019,0
Washington,Puget Sound Energy Inc,98039,November,2019,0
Washington,Puget Sound Energy Inc,98040,November,2019,2
Washington,Puget Sound Energy Inc,98042,November,2019,38
Washington,Puget Sound Energy Inc,98043,November,2019,0
Washington,Puget Sound Energy Inc,98045,November,2019,5
Washington,Puget Sound Energy Inc,98047,November,2019,0
Washington,Puget Sound Energy Inc,98051,November,2019,0
Washington,Puget Sound Energy Inc,98052,November,2019,55
Washington,Puget Sound Energy Inc,98053,November,2019,11
Washington,Puget Sound Energy Inc,98055,November,2019,43
Washington,Puget Sound Energy Inc,98056,November,2019,16
Washington,Puget Sound Energy Inc,98057,November,2019,15
Washington,Puget Sound Energy Inc,98058,November,2019,27
Washington,Puget Sound Energy Inc,98059,November,2019,6
Washington,Puget Sound Energy Inc,98065,November,2019,7
Washington,Puget Sound Energy Inc,98068,November,2019,0
Washington,Puget Sound Energy Inc,98070,November,2019,0
Washington,Puget Sound Energy Inc,98072,November,2019,2
Washington,Puget Sound Energy Inc,98074,November,2019,8
Washington,Puget Sound Energy Inc,98075,November,2019,5
Washington,Puget Sound Energy Inc,98077,November,2019,0
Washington,Puget Sound Energy Inc,98087,November,2019,7
Washington,Puget Sound Energy Inc,98092,November,2019,72
Washington,Puget Sound Energy Inc,98101,November,2019,1
Washington,Puget Sound Energy Inc,98102,November,2019,9
Washington,Puget Sound Energy Inc,98103,November,2019,29
Washington,Puget Sound Energy Inc,98104,November,2019,0
Washington,Puget Sound Energy Inc,98105,November,2019,2
Washington,Puget Sound Energy Inc,98106,November,2019,0
Washington,Puget Sound Energy Inc,98107,November,2019,15
Washington,Puget Sound Energy Inc,98108,November,2019,19
Washington,Puget Sound Energy Inc,98109,November,2019,15
Washington,Puget Sound Energy Inc,98110,November,2019,0
Washington,Puget Sound Energy Inc,98112,November,2019,3
Washington,Puget Sound Energy Inc,98115,November,2019,1
Washington,Puget Sound Energy Inc,98116,November,2019,1
Washington,Puget Sound Energy Inc,98117,November,2019,27
Washington,Puget Sound Energy Inc,98118,November,2019,25
Washington,Northwest Natural Gas Company,98119,November,2019,0
Washington,Puget Sound Energy Inc,98119,November,2019,8
Washington,Puget Sound Energy Inc,98121,November,2019,5
Washington,Puget Sound Energy Inc,98122,November,2019,20
Washington,Puget Sound Energy Inc,98125,November,2019,0
Washington,Puget Sound Energy Inc,98126,November,2019,2
Washington,Northwest Natural Gas Company,98127,November,2019,0
Washington,Puget Sound Energy Inc,98133,November,2019,23
Washington,Puget Sound Energy Inc,98134,November,2019,0
Washington,Puget Sound Energy Inc,98136,November,2019,2
Washington,Puget Sound Energy Inc,98144,November,2019,7
Washington,Puget Sound Energy Inc,98146,November,2019,8
Washington,Puget Sound Energy Inc,98148,November,2019,19
Washington,Puget Sound Energy Inc,98155,November,2019,1
Washington,Puget Sound Energy Inc,98166,November,2019,9
Washington,Puget Sound Energy Inc,98168,November,2019,6
Washington,Puget Sound Energy Inc,98177,November,2019,9
Washington,Puget Sound Energy Inc,98178,November,2019,2
Washington,Puget Sound Energy Inc,98188,November,2019,31
Washington,Puget Sound Energy Inc,98198,November,2019,79
Washington,Puget Sound Energy Inc,98199,November,2019,18
Washington,Puget Sound Energy Inc,98201,November,2019,24
Washington,Puget Sound Energy Inc,98203,November,2019,27
Washington,Puget Sound Energy Inc,98204,November,2019,3
Washington,Puget Sound Energy Inc,98208,November,2019,4
Washington,Northwest Natural Gas Company,98208,November,2019,0
Washington,Puget Sound Energy Inc,98220,November,2019,0
Washington,Puget Sound Energy Inc,98221,November,2019,11
Washington,Puget Sound Energy Inc,98223,November,2019,0
Washington,Puget Sound Energy Inc,98224,November,2019,3
Washington,Puget Sound Energy Inc,98225,November,2019,43
Washington,Puget Sound Energy Inc,98226,November,2019,40
Washington,Puget Sound Energy Inc,98229,November,2019,39
Washington,Puget Sound Energy Inc,98230,November,2019,2
Washington,Puget Sound Energy Inc,98232,November,2019,4
Washington,Puget Sound Energy Inc,98233,November,2019,22
Washington,Puget Sound Energy Inc,98235,November,2019,1
Washington,Puget Sound Energy Inc,98236,November,2019,2
Washington,Puget Sound Energy Inc,98237,November,2019,4
Washington,Puget Sound Energy Inc,98238,November,2019,0
Washington,Puget Sound Energy Inc,98239,November,2019,6
Washington,Puget Sound Energy Inc,98240,November,2019,0
Washington,Puget Sound Energy Inc,98244,November,2019,0
Washington,Puget Sound Energy Inc,98247,November,2019,1
Washington,Puget Sound Energy Inc,98248,November,2019,14
Washington,Puget Sound Energy Inc,98249,November,2019,5
Washington,Puget Sound Energy Inc,98251,November,2019,3
Washington,Puget Sound Energy Inc,98252,November,2019,2
Washington,Puget Sound Energy Inc,98253,November,2019,1
Washington,Puget Sound Energy Inc,98255,November,2019,0
Washington,Puget Sound Energy Inc,98257,November,2019,3
Washington,Puget Sound Energy Inc,98258,November,2019,1
Washington,Puget Sound Energy Inc,98260,November,2019,1
Washington,Puget Sound Energy Inc,98262,November,2019,0
Washington,Puget Sound Energy Inc,98263,November,2019,0
Washington,Puget Sound Energy Inc,98264,November,2019,6
Washington,Puget Sound Energy Inc,98266,November,2019,1
Washington,Puget Sound Energy Inc,98267,November,2019,0
Washington,Puget Sound Energy Inc,98270,November,2019,12
Washington,Puget Sound Energy Inc,98271,November,2019,4
Washington,Puget Sound Energy Inc,98272,November,2019,3
Washington,Puget Sound Energy Inc,98273,November,2019,40
Washington,Puget Sound Energy Inc,98274,November,2019,20
Washington,Puget Sound Energy Inc,98275,November,2019,6
Washington,Puget Sound Energy Inc,98276,November,2019,0
Washington,Puget Sound Energy Inc,98277,November,2019,6
Washington,Puget Sound Energy Inc,98281,November,2019,0
Washington,Puget Sound Energy Inc,98284,November,2019,36
Washington,Puget Sound Energy Inc,98288,November,2019,2
Washington,Puget Sound Energy Inc,98290,November,2019,7
Washington,Puget Sound Energy Inc,98292,November,2019,0
Washington,Puget Sound Energy Inc,98294,November,2019,15
Washington,Puget Sound Energy Inc,98295,November,2019,0
Washington,Puget Sound Energy Inc,98296,November,2019,0
Washington,Northwest Natural Gas Company,98307,November,2019,0
Washington,Puget Sound Energy Inc,98310,November,2019,14
Washington,Puget Sound Energy Inc,98311,November,2019,17
Washington,Puget Sound Energy Inc,98312,November,2019,39
Washington,Puget Sound Energy Inc,98321,November,2019,0
Washington,Puget Sound Energy Inc,98323,November,2019,0
Washington,Puget Sound Energy Inc,98327,November,2019,8
Washington,Puget Sound Energy Inc,98332,November,2019,3
Washington,Puget Sound Energy Inc,98335,November,2019,8
Washington,Puget Sound Energy Inc,98337,November,2019,15
Washington,Puget Sound Energy Inc,98338,November,2019,22
Washington,Puget Sound Energy Inc,98340,November,2019,0
Washington,Puget Sound Energy Inc,98342,November,2019,0
Washington,Puget Sound Energy Inc,98345,November,2019,1
Washington,Puget Sound Energy Inc,98346,November,2019,6
Washington,Puget Sound Energy Inc,98353,November,2019,0
Washington,Puget Sound Energy Inc,98354,November,2019,1
Washington,Puget Sound Energy Inc,98359,November,2019,8
Washington,Puget Sound Energy Inc,98360,November,2019,0
Washington,Puget Sound Energy Inc,98366,November,2019,70
Washington,Puget Sound Energy Inc,98367,November,2019,21
Washington,Puget Sound Energy Inc,98370,November,2019,31
Washington,Puget Sound Energy Inc,98371,November,2019,27
Washington,Puget Sound Energy Inc,98372,November,2019,53
Washington,Puget Sound Energy Inc,98373,November,2019,52
Washington,Puget Sound Energy Inc,98374,November,2019,42
Washington,Puget Sound Energy Inc,98375,November,2019,38
Washington,Puget Sound Energy Inc,98380,November,2019,6
Washington,Puget Sound Energy Inc,98383,November,2019,17
Washington,Puget Sound Energy Inc,98385,November,2019,0
Washington,Puget Sound Energy Inc,98387,November,2019,41
Washington,Puget Sound Energy Inc,98388,November,2019,0
Washington,Puget Sound Energy Inc,98390,November,2019,25
Washington,Puget Sound Energy Inc,98391,November,2019,11
Washington,Puget Sound Energy Inc,98392,November,2019,6
Washington,Puget Sound Energy Inc,98402,November,2019,2
Washington,Puget Sound Energy Inc,98403,November,2019,0
Washington,Puget Sound Energy Inc,98404,November,2019,28
Washington,Puget Sound Energy Inc,98405,November,2019,28
Washington,Puget Sound Energy Inc,98406,November,2019,5
Washington,Puget Sound Energy Inc,98407,November,2019,15
Washington,Puget Sound Energy Inc,98408,November,2019,9
Washington,Puget Sound Energy Inc,98409,November,2019,14
Washington,Puget Sound Energy Inc,98418,November,2019,6
Washington,Puget Sound Energy Inc,98422,November,2019,2
Washington,Puget Sound Energy Inc,98424,November,2019,0
Washington,Puget Sound Energy Inc,98439,November,2019,11
Washington,Puget Sound Energy Inc,98443,November,2019,2
Washington,Puget Sound Energy Inc,98444,November,2019,9
Washington,Puget Sound Energy Inc,98445,November,2019,28
Washington,Puget Sound Energy Inc,98446,November,2019,15
Washington,Puget Sound Energy Inc,98465,November,2019,0
Washington,Puget Sound Energy Inc,98466,November,2019,8
Washington,Puget Sound Energy Inc,98467,November,2019,3
Washington,Puget Sound Energy Inc,98498,November,2019,26
Washington,Puget Sound Energy Inc,98499,November,2019,6
Washington,Puget Sound Energy Inc,98501,November,2019,59
Washington,Puget Sound Energy Inc,98502,November,2019,30
Washington,Puget Sound Energy Inc,98503,November,2019,65
Washington,Puget Sound Energy Inc,98506,November,2019,18
Washington,Puget Sound Energy Inc,98512,November,2019,62
Washington,Puget Sound Energy Inc,98513,November,2019,36
Washington,Puget Sound Energy Inc,98516,November,2019,14
Washington,Puget Sound Energy Inc,98530,November,2019,1
Washington,Puget Sound Energy Inc,98531,November,2019,0
Washington,Puget Sound Energy Inc,98532,November,2019,0
Washington,Puget Sound Energy Inc,98558,November,2019,0
Washington,Puget Sound Energy Inc,98568,November,2019,0
Washington,Puget Sound Energy Inc,98576,November,2019,1
Washington,Puget Sound Energy Inc,98579,November,2019,2
Washington,Puget Sound Energy Inc,98580,November,2019,0
Washington,Puget Sound Energy Inc,98589,November,2019,5
Washington,Puget Sound Energy Inc,98591,November,2019,0
Washington,Puget Sound Energy Inc,98596,November,2019,0
Washington,Puget Sound Energy Inc,98597,November,2019,1
Washington,Northwest Natural Gas Company,98601,November,2019,0
Washington,Northwest Natural Gas Company,98602,November,2019,0
Washington,Northwest Natural Gas Company,98604,November,2019,4
Washington,Northwest Natural Gas Company,98605,November,2019,0
Washington,Northwest Natural Gas Company,98606,November,2019,0
Washington,Northwest Natural Gas Company,98607,November,2019,4
Washington,Northwest Natural Gas Company,98610,November,2019,0
Washington,Northwest Natural Gas Company,98612,November,2019,0
Washington,Northwest Natural Gas Company,98617,November,2019,0
Washington,Avista Utilities,98620,November,2019,0
Washington,Northwest Natural Gas Company,98620,November,2019,0
Washington,Northwest Natural Gas Company,98626,November,2019,0
Washington,Northwest Natural Gas Company,98628,November,2019,0
Washington,Northwest Natural Gas Company,98629,November,2019,1
Washington,Northwest Natural Gas Company,98635,November,2019,0
Washington,Northwest Natural Gas Company,98639,November,2019,0
Washington,Northwest Natural Gas Company,98642,November,2019,0
Washington,Northwest Natural Gas Company,98648,November,2019,0
Washington,Avista Utilities,98648,November,2019,0
Washington,Northwest Natural Gas Company,98660,November,2019,2
Washington,Northwest Natural Gas Company,98661,November,2019,7
Washington,Northwest Natural Gas Company,98662,November,2019,7
Washington,Northwest Natural Gas Company,98663,November,2019,1
Washington,Northwest Natural Gas Company,98664,November,2019,2
Washington,Northwest Natural Gas Company,98665,November,2019,4
Washington,Northwest Natural Gas Company,98666,November,2019,0
Washington,Northwest Natural Gas Company,98668,November,2019,0
Washington,Northwest Natural Gas Company,98671,November,2019,7
Washington,Northwest Natural Gas Company,98672,November,2019,0
Washington,Northwest Natural Gas Company,98674,November,2019,0
Washington,Northwest Natural Gas Company,98675,November,2019,0
Washington,Northwest Natural Gas Company,98682,November,2019,5
Washington,Northwest Natural Gas Company,98683,November,2019,3
Washington,Northwest Natural Gas Company,98684,November,2019,5
Washington,Northwest Natural Gas Company,98685,November,2019,7
Washington,Northwest Natural Gas Company,98686,November,2019,4
Washington,Northwest Natural Gas Company,98762,November,2019,0
Washington,Avista Utilities,98857,November,2019,0
Washington,Northwest Natural Gas Company,98864,November,2019,0
Washington,Puget Sound Energy Inc,98922,November,2019,5
Washington,Puget Sound Energy Inc,98925,November,2019,1
Washington,Puget Sound Energy Inc,98926,November,2019,2
Washington,Puget Sound Energy Inc,98934,November,2019,0
Washington,Puget Sound Energy Inc,98940,November,2019,2
Washington,Puget Sound Energy Inc,98941,November,2019,1
Washington,Puget Sound Energy Inc,98943,November,2019,0
Washington,Puget Sound Energy Inc,98946,November,2019,0
Washington,Avista Utilities,99001,November,2019,11
Washington,Avista Utilities,99003,November,2019,1
Washington,Avista Utilities,99004,November,2019,4
Washington,Avista Utilities,99005,November,2019,3
Washington,Avista Utilities,99006,November,2019,6
Washington,Avista Utilities,99008,November,2019,0
Washington,Avista Utilities,99009,November,2019,5
Washington,Avista Utilities,99011,November,2019,0
Washington,Avista Utilities,99012,November,2019,0
Washington,Avista Utilities,99013,November,2019,3
Washington,Avista Utilities,99014,November,2019,0
Washington,Avista Utilities,99016,November,2019,9
Washington,Avista Utilities,99018,November,2019,0
Washington,Avista Utilities,99019,November,2019,10
Washington,Avista Utilities,99020,November,2019,0
Washington,Avista Utilities,99021,November,2019,4
Washington,Avista Utilities,99022,November,2019,7
Washington,Avista Utilities,99023,November,2019,0
Washington,Avista Utilities,99025,November,2019,3
Washington,Avista Utilities,99026,November,2019,0
Washington,Avista Utilities,99027,November,2019,2
Washington,Avista Utilities,99029,November,2019,0
Washington,Avista Utilities,99030,November,2019,0
Washington,Avista Utilities,99031,November,2019,2
Washington,Avista Utilities,99032,November,2019,0
Washington,Avista Utilities,99033,November,2019,1
Washington,Avista Utilities,99034,November,2019,0
Washington,Avista Utilities,99036,November,2019,0
Washington,Avista Utilities,99037,November,2019,5
Washington,Avista Utilities,99039,November,2019,0
Washington,Avista Utilities,99040,November,2019,1
Washington,Avista Utilities,99101,November,2019,0
Washington,Avista Utilities,99102,November,2019,2
Washington,Avista Utilities,99103,November,2019,0
Washington,Avista Utilities,99104,November,2019,0
Washington,Avista Utilities,99107,November,2019,0
Washington,Avista Utilities,99109,November,2019,0
Washington,Avista Utilities,99110,November,2019,3
Washington,Avista Utilities,99111,November,2019,8
Washington,Avista Utilities,99113,November,2019,0
Washington,Avista Utilities,99114,November,2019,10
Washington,Avista Utilities,99117,November,2019,0
Washington,Avista Utilities,99122,November,2019,1
Washington,Avista Utilities,99125,November,2019,0
Washington,Avista Utilities,99126,November,2019,0
Washington,Avista Utilities,99128,November,2019,0
Washington,Avista Utilities,99129,November,2019,2
Washington,Avista Utilities,99130,November,2019,2
Washington,Avista Utilities,99131,November,2019,0
Washington,Avista Utilities,99134,November,2019,0
Washington,Avista Utilities,99137,November,2019,2
Washington,Avista Utilities,99138,November,2019,2
Washington,Avista Utilities,99141,November,2019,1
Washington,Avista Utilities,99143,November,2019,0
Washington,Avista Utilities,99144,November,2019,0
Washington,Avista Utilities,99146,November,2019,0
Washington,Avista Utilities,99148,November,2019,1
Washington,Avista Utilities,99149,November,2019,0
Washington,Avista Utilities,99151,November,2019,0
Washington,Avista Utilities,99156,November,2019,0
Washington,Avista Utilities,99157,November,2019,0
Washington,Avista Utilities,99158,November,2019,1
Washington,Avista Utilities,99159,November,2019,0
Washington,Avista Utilities,99160,November,2019,0
Washington,Avista Utilities,99161,November,2019,2
Washington,Avista Utilities,99163,November,2019,56
Washington,Avista Utilities,99164,November,2019,0
Washington,Avista Utilities,99167,November,2019,0
Washington,Avista Utilities,99169,November,2019,3
Washington,Avista Utilities,99170,November,2019,1
Washington,Avista Utilities,99171,November,2019,0
Washington,Avista Utilities,99173,November,2019,0
Washington,Avista Utilities,99174,November,2019,0
Washington,Avista Utilities,99176,November,2019,0
Washington,Avista Utilities,99179,November,2019,0
Washington,Avista Utilities,99181,November,2019,1
Washington,Avista Utilities,99185,November,2019,1
Washington,Avista Utilities,99201,November,2019,59
Washington,Avista Utilities,99202,November,2019,85
Washington,Avista Utilities,99203,November,2019,16
Washington,Avista Utilities,99204,November,2019,49
Washington,Avista Utilities,99205,November,2019,32
Washington,Avista Utilities,99206,November,2019,27
Washington,Avista Utilities,99207,November,2019,127
Washington,Avista Utilities,99208,November,2019,52
Washington,Avista Utilities,99212,November,2019,61
Washington,Avista Utilities,99216,November,2019,9
Washington,Avista Utilities,99217,November,2019,49
Washington,Avista Utilities,99218,November,2019,6
Washington,Avista Utilities,99219,November,2019,0
Washington,Avista Utilities,99220,November,2019,0
Washington,Avista Utilities,99223,November,2019,89
Washington,Avista Utilities,99224,November,2019,28
Washington,Avista Utilities,99260,November,2019,0
Washington,Avista Utilities,99326,November,2019,0
Washington,Avista Utilities,99335,November,2019,0
Washington,Avista Utilities,99341,November,2019,0
Washington,Avista Utilities,99344,November,2019,5
Washington,Avista Utilities,99371,November,2019,0
Washington,Avista Utilities,99402,November,2019,7
Washington,Avista Utilities,99403,November,2019,54
Washington,Puget Sound Energy Inc,98001,October,2019,66
Washington,Puget Sound Energy Inc,98002,October,2019,149
Washington,Puget Sound Energy Inc,98003,October,2019,166
Washington,Puget Sound Energy Inc,98004,October,2019,42
Washington,Puget Sound Energy Inc,98005,October,2019,9
Washington,Puget Sound Energy Inc,98006,October,2019,4
Washington,Puget Sound Energy Inc,98007,October,2019,20
Washington,Puget Sound Energy Inc,98008,October,2019,1
Washington,Puget Sound Energy Inc,98010,October,2019,0
Washington,Puget Sound Energy Inc,98011,October,2019,25
Washington,Puget Sound Energy Inc,98012,October,2019,7
Washington,Puget Sound Energy Inc,98014,October,2019,0
Washington,Puget Sound Energy Inc,98019,October,2019,0
Washington,Puget Sound Energy Inc,98020,October,2019,0
Washington,Puget Sound Energy Inc,98021,October,2019,2
Washington,Puget Sound Energy Inc,98022,October,2019,0
Washington,Puget Sound Energy Inc,98023,October,2019,107
Washington,Puget Sound Energy Inc,98024,October,2019,0
Washington,Northwest Natural Gas Company,98026,October,2019,0
Washington,Puget Sound Energy Inc,98026,October,2019,13
Washington,Puget Sound Energy Inc,98027,October,2019,0
Washington,Puget Sound Energy Inc,98028,October,2019,20
Washington,Puget Sound Energy Inc,98029,October,2019,1
Washington,Puget Sound Energy Inc,98030,October,2019,148
Washington,Puget Sound Energy Inc,98031,October,2019,151
Washington,Puget Sound Energy Inc,98032,October,2019,95
Washington,Puget Sound Energy Inc,98033,October,2019,33
Washington,Puget Sound Energy Inc,98034,October,2019,90
Washington,Puget Sound Energy Inc,98036,October,2019,11
Washington,Puget Sound Energy Inc,98037,October,2019,16
Washington,Puget Sound Energy Inc,98038,October,2019,49
Washington,Puget Sound Energy Inc,98039,October,2019,0
Washington,Puget Sound Energy Inc,98040,October,2019,4
Washington,Puget Sound Energy Inc,98042,October,2019,106
Washington,Puget Sound Energy Inc,98043,October,2019,11
Washington,Puget Sound Energy Inc,98045,October,2019,1
Washington,Puget Sound Energy Inc,98047,October,2019,23
Washington,Puget Sound Energy Inc,98051,October,2019,1
Washington,Puget Sound Energy Inc,98052,October,2019,32
Washington,Puget Sound Energy Inc,98053,October,2019,0
Washington,Puget Sound Energy Inc,98055,October,2019,37
Washington,Puget Sound Energy Inc,98056,October,2019,47
Washington,Puget Sound Energy Inc,98057,October,2019,62
Washington,Puget Sound Energy Inc,98058,October,2019,30
Washington,Puget Sound Energy Inc,98059,October,2019,11
Washington,Puget Sound Energy Inc,98065,October,2019,0
Washington,Puget Sound Energy Inc,98068,October,2019,4
Washington,Puget Sound Energy Inc,98070,October,2019,17
Washington,Puget Sound Energy Inc,98072,October,2019,8
Washington,Puget Sound Energy Inc,98074,October,2019,5
Washington,Puget Sound Energy Inc,98075,October,2019,0
Washington,Puget Sound Energy Inc,98077,October,2019,0
Washington,Puget Sound Energy Inc,98087,October,2019,44
Washington,Puget Sound Energy Inc,98092,October,2019,102
Washington,Puget Sound Energy Inc,98101,October,2019,0
Washington,Puget Sound Energy Inc,98102,October,2019,1
Washington,Puget Sound Energy Inc,98103,October,2019,27
Washington,Puget Sound Energy Inc,98104,October,2019,0
Washington,Puget Sound Energy Inc,98105,October,2019,2
Washington,Puget Sound Energy Inc,98106,October,2019,17
Washington,Puget Sound Energy Inc,98107,October,2019,10
Washington,Puget Sound Energy Inc,98108,October,2019,31
Washington,Puget Sound Energy Inc,98109,October,2019,19
Washington,Puget Sound Energy Inc,98110,October,2019,5
Washington,Puget Sound Energy Inc,98112,October,2019,3
Washington,Puget Sound Energy Inc,98115,October,2019,2
Washington,Puget Sound Energy Inc,98116,October,2019,10
Washington,Puget Sound Energy Inc,98117,October,2019,17
Washington,Puget Sound Energy Inc,98118,October,2019,23
Washington,Northwest Natural Gas Company,98119,October,2019,0
Washington,Puget Sound Energy Inc,98119,October,2019,16
Washington,Puget Sound Energy Inc,98121,October,2019,7
Washington,Puget Sound Energy Inc,98122,October,2019,18
Washington,Puget Sound Energy Inc,98125,October,2019,0
Washington,Puget Sound Energy Inc,98126,October,2019,25
Washington,Northwest Natural Gas Company,98127,October,2019,0
Washington,Puget Sound Energy Inc,98133,October,2019,19
Washington,Puget Sound Energy Inc,98134,October,2019,0
Washington,Puget Sound Energy Inc,98136,October,2019,4
Washington,Puget Sound Energy Inc,98144,October,2019,23
Washington,Puget Sound Energy Inc,98146,October,2019,9
Washington,Puget Sound Energy Inc,98148,October,2019,0
Washington,Puget Sound Energy Inc,98155,October,2019,0
Washington,Puget Sound Energy Inc,98166,October,2019,7
Washington,Puget Sound Energy Inc,98168,October,2019,26
Washington,Puget Sound Energy Inc,98177,October,2019,7
Washington,Puget Sound Energy Inc,98178,October,2019,0
Washington,Puget Sound Energy Inc,98188,October,2019,0
Washington,Puget Sound Energy Inc,98198,October,2019,36
Washington,Puget Sound Energy Inc,98199,October,2019,7
Washington,Puget Sound Energy Inc,98201,October,2019,13
Washington,Puget Sound Energy Inc,98203,October,2019,24
Washington,Puget Sound Energy Inc,98204,October,2019,31
Washington,Puget Sound Energy Inc,98208,October,2019,12
Washington,Northwest Natural Gas Company,98208,October,2019,0
Washington,Puget Sound Energy Inc,98220,October,2019,0
Washington,Puget Sound Energy Inc,98221,October,2019,37
Washington,Puget Sound Energy Inc,98223,October,2019,2
Washington,Puget Sound Energy Inc,98224,October,2019,0
Washington,Puget Sound Energy Inc,98225,October,2019,49
Washington,Puget Sound Energy Inc,98226,October,2019,41
Washington,Puget Sound Energy Inc,98229,October,2019,22
Washington,Puget Sound Energy Inc,98230,October,2019,9
Washington,Puget Sound Energy Inc,98232,October,2019,0
Washington,Puget Sound Energy Inc,98233,October,2019,21
Washington,Puget Sound Energy Inc,98235,October,2019,0
Washington,Puget Sound Energy Inc,98236,October,2019,9
Washington,Puget Sound Energy Inc,98237,October,2019,6
Washington,Puget Sound Energy Inc,98238,October,2019,0
Washington,Puget Sound Energy Inc,98239,October,2019,3
Washington,Puget Sound Energy Inc,98240,October,2019,5
Washington,Puget Sound Energy Inc,98244,October,2019,3
Washington,Puget Sound Energy Inc,98247,October,2019,1
Washington,Puget Sound Energy Inc,98248,October,2019,10
Washington,Puget Sound Energy Inc,98249,October,2019,2
Washington,Puget Sound Energy Inc,98251,October,2019,0
Washington,Puget Sound Energy Inc,98252,October,2019,3
Washington,Puget Sound Energy Inc,98253,October,2019,0
Washington,Puget Sound Energy Inc,98255,October,2019,0
Washington,Puget Sound Energy Inc,98257,October,2019,9
Washington,Puget Sound Energy Inc,98258,October,2019,14
Washington,Puget Sound Energy Inc,98260,October,2019,4
Washington,Puget Sound Energy Inc,98262,October,2019,0
Washington,Puget Sound Energy Inc,98263,October,2019,0
Washington,Puget Sound Energy Inc,98264,October,2019,2
Washington,Puget Sound Energy Inc,98266,October,2019,15
Washington,Puget Sound Energy Inc,98267,October,2019,1
Washington,Puget Sound Energy Inc,98270,October,2019,26
Washington,Puget Sound Energy Inc,98271,October,2019,12
Washington,Puget Sound Energy Inc,98272,October,2019,5
Washington,Puget Sound Energy Inc,98273,October,2019,11
Washington,Puget Sound Energy Inc,98274,October,2019,7
Washington,Puget Sound Energy Inc,98275,October,2019,14
Washington,Puget Sound Energy Inc,98276,October,2019,0
Washington,Puget Sound Energy Inc,98277,October,2019,79
Washington,Puget Sound Energy Inc,98281,October,2019,0
Washington,Puget Sound Energy Inc,98284,October,2019,8
Washington,Puget Sound Energy Inc,98288,October,2019,3
Washington,Puget Sound Energy Inc,98290,October,2019,2
Washington,Puget Sound Energy Inc,98292,October,2019,0
Washington,Puget Sound Energy Inc,98294,October,2019,7
Washington,Puget Sound Energy Inc,98295,October,2019,0
Washington,Puget Sound Energy Inc,98296,October,2019,0
Washington,Northwest Natural Gas Company,98307,October,2019,0
Washington,Puget Sound Energy Inc,98310,October,2019,67
Washington,Puget Sound Energy Inc,98311,October,2019,37
Washington,Puget Sound Energy Inc,98312,October,2019,83
Washington,Puget Sound Energy Inc,98321,October,2019,2
Washington,Puget Sound Energy Inc,98323,October,2019,0
Washington,Puget Sound Energy Inc,98327,October,2019,2
Washington,Puget Sound Energy Inc,98332,October,2019,2
Washington,Puget Sound Energy Inc,98335,October,2019,0
Washington,Puget Sound Energy Inc,98337,October,2019,20
Washington,Puget Sound Energy Inc,98338,October,2019,6
Washington,Puget Sound Energy Inc,98340,October,2019,1
Washington,Puget Sound Energy Inc,98342,October,2019,0
Washington,Puget Sound Energy Inc,98345,October,2019,0
Washington,Puget Sound Energy Inc,98346,October,2019,1
Washington,Puget Sound Energy Inc,98353,October,2019,0
Washington,Puget Sound Energy Inc,98354,October,2019,3
Washington,Puget Sound Energy Inc,98359,October,2019,7
Washington,Puget Sound Energy Inc,98360,October,2019,20
Washington,Puget Sound Energy Inc,98366,October,2019,63
Washington,Puget Sound Energy Inc,98367,October,2019,21
Washington,Puget Sound Energy Inc,98370,October,2019,11
Washington,Puget Sound Energy Inc,98371,October,2019,46
Washington,Puget Sound Energy Inc,98372,October,2019,51
Washington,Puget Sound Energy Inc,98373,October,2019,31
Washington,Puget Sound Energy Inc,98374,October,2019,39
Washington,Puget Sound Energy Inc,98375,October,2019,25
Washington,Puget Sound Energy Inc,98380,October,2019,6
Washington,Puget Sound Energy Inc,98383,October,2019,12
Washington,Puget Sound Energy Inc,98385,October,2019,0
Washington,Puget Sound Energy Inc,98387,October,2019,29
Washington,Puget Sound Energy Inc,98388,October,2019,2
Washington,Puget Sound Energy Inc,98390,October,2019,46
Washington,Puget Sound Energy Inc,98391,October,2019,39
Washington,Puget Sound Energy Inc,98392,October,2019,4
Washington,Puget Sound Energy Inc,98402,October,2019,0
Washington,Puget Sound Energy Inc,98403,October,2019,4
Washington,Puget Sound Energy Inc,98404,October,2019,49
Washington,Puget Sound Energy Inc,98405,October,2019,22
Washington,Puget Sound Energy Inc,98406,October,2019,7
Washington,Puget Sound Energy Inc,98407,October,2019,6
Washington,Puget Sound Energy Inc,98408,October,2019,39
Washington,Puget Sound Energy Inc,98409,October,2019,15
Washington,Puget Sound Energy Inc,98418,October,2019,29
Washington,Puget Sound Energy Inc,98422,October,2019,7
Washington,Puget Sound Energy Inc,98424,October,2019,3
Washington,Puget Sound Energy Inc,98439,October,2019,19
Washington,Puget Sound Energy Inc,98443,October,2019,0
Washington,Puget Sound Energy Inc,98444,October,2019,22
Washington,Puget Sound Energy Inc,98445,October,2019,15
Washington,Puget Sound Energy Inc,98446,October,2019,15
Washington,Puget Sound Energy Inc,98465,October,2019,3
Washington,Puget Sound Energy Inc,98466,October,2019,6
Washington,Puget Sound Energy Inc,98467,October,2019,2
Washington,Puget Sound Energy Inc,98498,October,2019,53
Washington,Puget Sound Energy Inc,98499,October,2019,9
Washington,Puget Sound Energy Inc,98501,October,2019,96
Washington,Puget Sound Energy Inc,98502,October,2019,50
Washington,Puget Sound Energy Inc,98503,October,2019,90
Washington,Puget Sound Energy Inc,98506,October,2019,20
Washington,Puget Sound Energy Inc,98512,October,2019,53
Washington,Puget Sound Energy Inc,98513,October,2019,34
Washington,Puget Sound Energy Inc,98516,October,2019,28
Washington,Puget Sound Energy Inc,98530,October,2019,0
Washington,Puget Sound Energy Inc,98531,October,2019,9
Washington,Puget Sound Energy Inc,98532,October,2019,5
Washington,Puget Sound Energy Inc,98558,October,2019,1
Washington,Puget Sound Energy Inc,98568,October,2019,1
Washington,Puget Sound Energy Inc,98576,October,2019,2
Washington,Puget Sound Energy Inc,98579,October,2019,19
Washington,Puget Sound Energy Inc,98580,October,2019,4
Washington,Puget Sound Energy Inc,98589,October,2019,7
Washington,Puget Sound Energy Inc,98591,October,2019,0
Washington,Puget Sound Energy Inc,98596,October,2019,0
Washington,Puget Sound Energy Inc,98597,October,2019,29
Washington,Northwest Natural Gas Company,98601,October,2019,0
Washington,Northwest Natural Gas Company,98602,October,2019,0
Washington,Northwest Natural Gas Company,98604,October,2019,1
Washington,Northwest Natural Gas Company,98605,October,2019,0
Washington,Northwest Natural Gas Company,98606,October,2019,0
Washington,Northwest Natural Gas Company,98607,October,2019,1
Washington,Northwest Natural Gas Company,98610,October,2019,0
Washington,Northwest Natural Gas Company,98612,October,2019,0
Washington,Northwest Natural Gas Company,98617,October,2019,0
Washington,Northwest Natural Gas Company,98620,October,2019,0
Washington,Avista Utilities,98620,October,2019,5
Washington,Northwest Natural Gas Company,98626,October,2019,0
Washington,Northwest Natural Gas Company,98628,October,2019,0
Washington,Northwest Natural Gas Company,98629,October,2019,0
Washington,Northwest Natural Gas Company,98635,October,2019,0
Washington,Northwest Natural Gas Company,98639,October,2019,2
Washington,Northwest Natural Gas Company,98642,October,2019,0
Washington,Northwest Natural Gas Company,98648,October,2019,0
Washington,Avista Utilities,98648,October,2019,0
Washington,Northwest Natural Gas Company,98660,October,2019,0
Washington,Northwest Natural Gas Company,98661,October,2019,5
Washington,Northwest Natural Gas Company,98662,October,2019,6
Washington,Northwest Natural Gas Company,98663,October,2019,4
Washington,Northwest Natural Gas Company,98664,October,2019,5
Washington,Northwest Natural Gas Company,98665,October,2019,6
Washington,Northwest Natural Gas Company,98666,October,2019,0
Washington,Northwest Natural Gas Company,98668,October,2019,0
Washington,Northwest Natural Gas Company,98671,October,2019,4
Washington,Northwest Natural Gas Company,98672,October,2019,0
Washington,Northwest Natural Gas Company,98674,October,2019,0
Washington,Northwest Natural Gas Company,98675,October,2019,0
Washington,Northwest Natural Gas Company,98682,October,2019,11
Washington,Northwest Natural Gas Company,98683,October,2019,3
Washington,Northwest Natural Gas Company,98684,October,2019,4
Washington,Northwest Natural Gas Company,98685,October,2019,3
Washington,Northwest Natural Gas Company,98686,October,2019,1
Washington,Northwest Natural Gas Company,98762,October,2019,0
Washington,Avista Utilities,98857,October,2019,0
Washington,Northwest Natural Gas Company,98864,October,2019,0
Washington,Puget Sound Energy Inc,98922,October,2019,5
Washington,Puget Sound Energy Inc,98925,October,2019,0
Washington,Puget Sound Energy Inc,98926,October,2019,0
Washington,Puget Sound Energy Inc,98934,October,2019,0
Washington,Puget Sound Energy Inc,98940,October,2019,0
Washington,Puget Sound Energy Inc,98941,October,2019,0
Washington,Puget Sound Energy Inc,98943,October,2019,1
Washington,Puget Sound Energy Inc,98946,October,2019,0
Washington,Avista Utilities,99001,October,2019,1
Washington,Avista Utilities,99003,October,2019,0
Washington,Avista Utilities,99004,October,2019,0
Washington,Avista Utilities,99005,October,2019,2
Washington,Avista Utilities,99006,October,2019,3
Washington,Avista Utilities,99008,October,2019,0
Washington,Avista Utilities,99009,October,2019,1
Washington,Avista Utilities,99011,October,2019,0
Washington,Avista Utilities,99012,October,2019,3
Washington,Avista Utilities,99013,October,2019,2
Washington,Avista Utilities,99014,October,2019,0
Washington,Avista Utilities,99016,October,2019,4
Washington,Avista Utilities,99018,October,2019,0
Washington,Avista Utilities,99019,October,2019,2
Washington,Avista Utilities,99020,October,2019,0
Washington,Avista Utilities,99021,October,2019,4
Washington,Avista Utilities,99022,October,2019,6
Washington,Avista Utilities,99023,October,2019,0
Washington,Avista Utilities,99025,October,2019,3
Washington,Avista Utilities,99026,October,2019,2
Washington,Avista Utilities,99027,October,2019,3
Washington,Avista Utilities,99029,October,2019,0
Washington,Avista Utilities,99030,October,2019,3
Washington,Avista Utilities,99031,October,2019,2
Washington,Avista Utilities,99032,October,2019,0
Washington,Avista Utilities,99033,October,2019,0
Washington,Avista Utilities,99034,October,2019,0
Washington,Avista Utilities,99036,October,2019,0
Washington,Avista Utilities,99037,October,2019,0
Washington,Avista Utilities,99039,October,2019,0
Washington,Avista Utilities,99040,October,2019,1
Washington,Avista Utilities,99101,October,2019,0
Washington,Avista Utilities,99102,October,2019,2
Washington,Avista Utilities,99103,October,2019,0
Washington,Avista Utilities,99104,October,2019,0
Washington,Avista Utilities,99107,October,2019,0
Washington,Avista Utilities,99109,October,2019,0
Washington,Avista Utilities,99110,October,2019,1
Washington,Avista Utilities,99111,October,2019,6
Washington,Avista Utilities,99113,October,2019,0
Washington,Avista Utilities,99114,October,2019,5
Washington,Avista Utilities,99117,October,2019,0
Washington,Avista Utilities,99122,October,2019,1
Washington,Avista Utilities,99125,October,2019,1
Washington,Avista Utilities,99126,October,2019,0
Washington,Avista Utilities,99128,October,2019,1
Washington,Avista Utilities,99129,October,2019,0
Washington,Avista Utilities,99130,October,2019,0
Washington,Avista Utilities,99131,October,2019,1
Washington,Avista Utilities,99134,October,2019,1
Washington,Avista Utilities,99137,October,2019,0
Washington,Avista Utilities,99138,October,2019,2
Washington,Avista Utilities,99141,October,2019,12
Washington,Avista Utilities,99143,October,2019,2
Washington,Avista Utilities,99144,October,2019,0
Washington,Avista Utilities,99146,October,2019,0
Washington,Avista Utilities,99148,October,2019,0
Washington,Avista Utilities,99149,October,2019,2
Washington,Avista Utilities,99151,October,2019,2
Washington,Avista Utilities,99156,October,2019,0
Washington,Avista Utilities,99157,October,2019,0
Washington,Avista Utilities,99158,October,2019,3
Washington,Avista Utilities,99159,October,2019,0
Washington,Avista Utilities,99160,October,2019,1
Washington,Avista Utilities,99161,October,2019,2
Washington,Avista Utilities,99163,October,2019,47
Washington,Avista Utilities,99164,October,2019,0
Washington,Avista Utilities,99167,October,2019,1
Washington,Avista Utilities,99169,October,2019,0
Washington,Avista Utilities,99170,October,2019,2
Washington,Avista Utilities,99171,October,2019,0
Washington,Avista Utilities,99173,October,2019,1
Washington,Avista Utilities,99174,October,2019,0
Washington,Avista Utilities,99176,October,2019,0
Washington,Avista Utilities,99179,October,2019,2
Washington,Avista Utilities,99181,October,2019,1
Washington,Avista Utilities,99185,October,2019,1
Washington,Avista Utilities,99201,October,2019,116
Washington,Avista Utilities,99202,October,2019,84
Washington,Avista Utilities,99203,October,2019,24
Washington,Avista Utilities,99204,October,2019,16
Washington,Avista Utilities,99205,October,2019,34
Washington,Avista Utilities,99206,October,2019,27
Washington,Avista Utilities,99207,October,2019,199
Washington,Avista Utilities,99208,October,2019,26
Washington,Avista Utilities,99212,October,2019,77
Washington,Avista Utilities,99216,October,2019,17
Washington,Avista Utilities,99217,October,2019,46
Washington,Avista Utilities,99218,October,2019,10
Washington,Avista Utilities,99219,October,2019,0
Washington,Avista Utilities,99220,October,2019,0
Washington,Avista Utilities,99223,October,2019,90
Washington,Avista Utilities,99224,October,2019,12
Washington,Avista Utilities,99260,October,2019,0
Washington,Avista Utilities,99326,October,2019,0
Washington,Avista Utilities,99335,October,2019,0
Washington,Avista Utilities,99341,October,2019,0
Washington,Avista Utilities,99344,October,2019,10
Washington,Avista Utilities,99371,October,2019,0
Washington,Avista Utilities,99402,October,2019,1
Washington,Avista Utilities,99403,October,2019,72
Washington,Puget Sound Energy Inc,98001,September,2019,15
Washington,Puget Sound Energy Inc,98002,September,2019,124
Washington,Puget Sound Energy Inc,98003,September,2019,68
Washington,Puget Sound Energy Inc,98004,September,2019,48
Washington,Puget Sound Energy Inc,98005,September,2019,2
Washington,Puget Sound Energy Inc,98006,September,2019,13
Washington,Puget Sound Energy Inc,98007,September,2019,1
Washington,Puget Sound Energy Inc,98008,September,2019,1
Washington,Puget Sound Energy Inc,98010,September,2019,25
Washington,Puget Sound Energy Inc,98011,September,2019,11
Washington,Puget Sound Energy Inc,98012,September,2019,12
Washington,Puget Sound Energy Inc,98014,September,2019,0
Washington,Puget Sound Energy Inc,98019,September,2019,0
Washington,Puget Sound Energy Inc,98020,September,2019,3
Washington,Puget Sound Energy Inc,98021,September,2019,3
Washington,Puget Sound Energy Inc,98022,September,2019,39
Washington,Puget Sound Energy Inc,98023,September,2019,117
Washington,Puget Sound Energy Inc,98024,September,2019,1
Washington,Northwest Natural Gas Company,98026,September,2019,0
Washington,Puget Sound Energy Inc,98026,September,2019,6
Washington,Puget Sound Energy Inc,98027,September,2019,0
Washington,Puget Sound Energy Inc,98028,September,2019,23
Washington,Puget Sound Energy Inc,98029,September,2019,5
Washington,Puget Sound Energy Inc,98030,September,2019,3
Washington,Puget Sound Energy Inc,98031,September,2019,21
Washington,Puget Sound Energy Inc,98032,September,2019,73
Washington,Puget Sound Energy Inc,98033,September,2019,6
Washington,Puget Sound Energy Inc,98034,September,2019,9
Washington,Puget Sound Energy Inc,98036,September,2019,6
Washington,Puget Sound Energy Inc,98037,September,2019,2
Washington,Puget Sound Energy Inc,98038,September,2019,79
Washington,Puget Sound Energy Inc,98039,September,2019,0
Washington,Puget Sound Energy Inc,98040,September,2019,5
Washington,Puget Sound Energy Inc,98042,September,2019,81
Washington,Puget Sound Energy Inc,98043,September,2019,0
Washington,Puget Sound Energy Inc,98045,September,2019,0
Washington,Puget Sound Energy Inc,98047,September,2019,0
Washington,Puget Sound Energy Inc,98051,September,2019,6
Washington,Puget Sound Energy Inc,98052,September,2019,8
Washington,Puget Sound Energy Inc,98053,September,2019,0
Washington,Puget Sound Energy Inc,98055,September,2019,74
Washington,Puget Sound Energy Inc,98056,September,2019,69
Washington,Puget Sound Energy Inc,98057,September,2019,76
Washington,Puget Sound Energy Inc,98058,September,2019,22
Washington,Puget Sound Energy Inc,98059,September,2019,20
Washington,Puget Sound Energy Inc,98065,September,2019,1
Washington,Puget Sound Energy Inc,98068,September,2019,0
Washington,Puget Sound Energy Inc,98070,September,2019,1
Washington,Puget Sound Energy Inc,98072,September,2019,8
Washington,Puget Sound Energy Inc,98074,September,2019,0
Washington,Puget Sound Energy Inc,98075,September,2019,0
Washington,Puget Sound Energy Inc,98077,September,2019,0
Washington,Puget Sound Energy Inc,98087,September,2019,21
Washington,Puget Sound Energy Inc,98092,September,2019,85
Washington,Puget Sound Energy Inc,98101,September,2019,0
Washington,Puget Sound Energy Inc,98102,September,2019,14
Washington,Puget Sound Energy Inc,98103,September,2019,24
Washington,Puget Sound Energy Inc,98104,September,2019,0
Washington,Puget Sound Energy Inc,98105,September,2019,0
Washington,Puget Sound Energy Inc,98106,September,2019,7
Washington,Puget Sound Energy Inc,98107,September,2019,9
Washington,Puget Sound Energy Inc,98108,September,2019,22
Washington,Puget Sound Energy Inc,98109,September,2019,9
Washington,Puget Sound Energy Inc,98110,September,2019,0
Washington,Puget Sound Energy Inc,98112,September,2019,0
Washington,Puget Sound Energy Inc,98115,September,2019,0
Washington,Puget Sound Energy Inc,98116,September,2019,8
Washington,Puget Sound Energy Inc,98117,September,2019,15
Washington,Puget Sound Energy Inc,98118,September,2019,9
Washington,Northwest Natural Gas Company,98119,September,2019,0
Washington,Puget Sound Energy Inc,98119,September,2019,26
Washington,Puget Sound Energy Inc,98121,September,2019,5
Washington,Puget Sound Energy Inc,98122,September,2019,11
Washington,Puget Sound Energy Inc,98125,September,2019,0
Washington,Puget Sound Energy Inc,98126,September,2019,30
Washington,Northwest Natural Gas Company,98127,September,2019,0
Washington,Puget Sound Energy Inc,98133,September,2019,9
Washington,Puget Sound Energy Inc,98134,September,2019,1
Washington,Puget Sound Energy Inc,98136,September,2019,9
Washington,Puget Sound Energy Inc,98144,September,2019,20
Washington,Puget Sound Energy Inc,98146,September,2019,12
Washington,Puget Sound Energy Inc,98148,September,2019,3
Washington,Puget Sound Energy Inc,98155,September,2019,0
Washington,Puget Sound Energy Inc,98166,September,2019,21
Washington,Puget Sound Energy Inc,98168,September,2019,23
Washington,Puget Sound Energy Inc,98177,September,2019,6
Washington,Puget Sound Energy Inc,98178,September,2019,5
Washington,Puget Sound Energy Inc,98188,September,2019,60
Washington,Puget Sound Energy Inc,98198,September,2019,134
Washington,Puget Sound Energy Inc,98199,September,2019,16
Washington,Puget Sound Energy Inc,98201,September,2019,40
Washington,Puget Sound Energy Inc,98203,September,2019,20
Washington,Puget Sound Energy Inc,98204,September,2019,30
Washington,Northwest Natural Gas Company,98208,September,2019,0
Washington,Puget Sound Energy Inc,98208,September,2019,8
Washington,Puget Sound Energy Inc,98220,September,2019,0
Washington,Puget Sound Energy Inc,98221,September,2019,6
Washington,Puget Sound Energy Inc,98223,September,2019,0
Washington,Puget Sound Energy Inc,98224,September,2019,1
Washington,Puget Sound Energy Inc,98225,September,2019,41
Washington,Puget Sound Energy Inc,98226,September,2019,31
Washington,Puget Sound Energy Inc,98229,September,2019,9
Washington,Puget Sound Energy Inc,98230,September,2019,5
Washington,Puget Sound Energy Inc,98232,September,2019,4
Washington,Puget Sound Energy Inc,98233,September,2019,24
Washington,Puget Sound Energy Inc,98235,September,2019,0
Washington,Puget Sound Energy Inc,98236,September,2019,0
Washington,Puget Sound Energy Inc,98237,September,2019,7
Washington,Puget Sound Energy Inc,98238,September,2019,0
Washington,Puget Sound Energy Inc,98239,September,2019,0
Washington,Puget Sound Energy Inc,98240,September,2019,0
Washington,Puget Sound Energy Inc,98244,September,2019,0
Washington,Puget Sound Energy Inc,98247,September,2019,0
Washington,Puget Sound Energy Inc,98248,September,2019,5
Washington,Puget Sound Energy Inc,98249,September,2019,0
Washington,Puget Sound Energy Inc,98251,September,2019,0
Washington,Puget Sound Energy Inc,98252,September,2019,0
Washington,Puget Sound Energy Inc,98253,September,2019,1
Washington,Puget Sound Energy Inc,98255,September,2019,4
Washington,Puget Sound Energy Inc,98257,September,2019,4
Washington,Puget Sound Energy Inc,98258,September,2019,4
Washington,Puget Sound Energy Inc,98260,September,2019,0
Washington,Puget Sound Energy Inc,98262,September,2019,0
Washington,Puget Sound Energy Inc,98263,September,2019,1
Washington,Puget Sound Energy Inc,98264,September,2019,3
Washington,Puget Sound Energy Inc,98266,September,2019,0
Washington,Puget Sound Energy Inc,98267,September,2019,0
Washington,Puget Sound Energy Inc,98270,September,2019,20
Washington,Puget Sound Energy Inc,98271,September,2019,9
Washington,Puget Sound Energy Inc,98272,September,2019,0
Washington,Puget Sound Energy Inc,98273,September,2019,66
Washington,Puget Sound Energy Inc,98274,September,2019,35
Washington,Puget Sound Energy Inc,98275,September,2019,12
Washington,Puget Sound Energy Inc,98276,September,2019,0
Washington,Puget Sound Energy Inc,98277,September,2019,6
Washington,Puget Sound Energy Inc,98281,September,2019,0
Washington,Puget Sound Energy Inc,98284,September,2019,25
Washington,Puget Sound Energy Inc,98288,September,2019,0
Washington,Puget Sound Energy Inc,98290,September,2019,0
Washington,Puget Sound Energy Inc,98292,September,2019,0
Washington,Puget Sound Energy Inc,98294,September,2019,0
Washington,Puget Sound Energy Inc,98295,September,2019,0
Washington,Puget Sound Energy Inc,98296,September,2019,0
Washington,Northwest Natural Gas Company,98307,September,2019,0
Washington,Puget Sound Energy Inc,98310,September,2019,0
Washington,Puget Sound Energy Inc,98311,September,2019,2
Washington,Puget Sound Energy Inc,98312,September,2019,24
Washington,Puget Sound Energy Inc,98321,September,2019,15
Washington,Puget Sound Energy Inc,98323,September,2019,1
Washington,Puget Sound Energy Inc,98327,September,2019,0
Washington,Puget Sound Energy Inc,98332,September,2019,0
Washington,Puget Sound Energy Inc,98335,September,2019,6
Washington,Puget Sound Energy Inc,98337,September,2019,15
Washington,Puget Sound Energy Inc,98338,September,2019,26
Washington,Puget Sound Energy Inc,98340,September,2019,0
Washington,Puget Sound Energy Inc,98342,September,2019,0
Washington,Puget Sound Energy Inc,98345,September,2019,2
Washington,Puget Sound Energy Inc,98346,September,2019,6
Washington,Puget Sound Energy Inc,98353,September,2019,0
Washington,Puget Sound Energy Inc,98354,September,2019,14
Washington,Puget Sound Energy Inc,98359,September,2019,0
Washington,Puget Sound Energy Inc,98360,September,2019,8
Washington,Puget Sound Energy Inc,98366,September,2019,82
Washington,Puget Sound Energy Inc,98367,September,2019,26
Washington,Puget Sound Energy Inc,98370,September,2019,28
Washington,Puget Sound Energy Inc,98371,September,2019,18
Washington,Puget Sound Energy Inc,98372,September,2019,61
Washington,Puget Sound Energy Inc,98373,September,2019,23
Washington,Puget Sound Energy Inc,98374,September,2019,31
Washington,Puget Sound Energy Inc,98375,September,2019,31
Washington,Puget Sound Energy Inc,98380,September,2019,5
Washington,Puget Sound Energy Inc,98383,September,2019,21
Washington,Puget Sound Energy Inc,98385,September,2019,2
Washington,Puget Sound Energy Inc,98387,September,2019,24
Washington,Puget Sound Energy Inc,98388,September,2019,0
Washington,Puget Sound Energy Inc,98390,September,2019,31
Washington,Puget Sound Energy Inc,98391,September,2019,106
Washington,Puget Sound Energy Inc,98392,September,2019,3
Washington,Puget Sound Energy Inc,98402,September,2019,0
Washington,Puget Sound Energy Inc,98403,September,2019,5
Washington,Puget Sound Energy Inc,98404,September,2019,7
Washington,Puget Sound Energy Inc,98405,September,2019,38
Washington,Puget Sound Energy Inc,98406,September,2019,7
Washington,Puget Sound Energy Inc,98407,September,2019,10
Washington,Puget Sound Energy Inc,98408,September,2019,28
Washington,Puget Sound Energy Inc,98409,September,2019,30
Washington,Puget Sound Energy Inc,98418,September,2019,15
Washington,Puget Sound Energy Inc,98422,September,2019,7
Washington,Puget Sound Energy Inc,98424,September,2019,11
Washington,Puget Sound Energy Inc,98439,September,2019,0
Washington,Puget Sound Energy Inc,98443,September,2019,0
Washington,Puget Sound Energy Inc,98444,September,2019,12
Washington,Puget Sound Energy Inc,98445,September,2019,5
Washington,Puget Sound Energy Inc,98446,September,2019,3
Washington,Puget Sound Energy Inc,98465,September,2019,2
Washington,Puget Sound Energy Inc,98466,September,2019,11
Washington,Puget Sound Energy Inc,98467,September,2019,1
Washington,Puget Sound Energy Inc,98498,September,2019,0
Washington,Puget Sound Energy Inc,98499,September,2019,5
Washington,Puget Sound Energy Inc,98501,September,2019,51
Washington,Puget Sound Energy Inc,98502,September,2019,13
Washington,Puget Sound Energy Inc,98503,September,2019,103
Washington,Puget Sound Energy Inc,98506,September,2019,40
Washington,Puget Sound Energy Inc,98512,September,2019,12
Washington,Puget Sound Energy Inc,98513,September,2019,31
Washington,Puget Sound Energy Inc,98516,September,2019,22
Washington,Puget Sound Energy Inc,98530,September,2019,4
Washington,Puget Sound Energy Inc,98531,September,2019,5
Washington,Puget Sound Energy Inc,98532,September,2019,0
Washington,Puget Sound Energy Inc,98558,September,2019,0
Washington,Puget Sound Energy Inc,98568,September,2019,0
Washington,Puget Sound Energy Inc,98576,September,2019,10
Washington,Puget Sound Energy Inc,98579,September,2019,23
Washington,Puget Sound Energy Inc,98580,September,2019,10
Washington,Puget Sound Energy Inc,98589,September,2019,8
Washington,Puget Sound Energy Inc,98591,September,2019,0
Washington,Puget Sound Energy Inc,98596,September,2019,0
Washington,Puget Sound Energy Inc,98597,September,2019,36
Washington,Northwest Natural Gas Company,98601,September,2019,0
Washington,Northwest Natural Gas Company,98602,September,2019,0
Washington,Northwest Natural Gas Company,98604,September,2019,3
Washington,Northwest Natural Gas Company,98605,September,2019,0
Washington,Northwest Natural Gas Company,98606,September,2019,0
Washington,Northwest Natural Gas Company,98607,September,2019,6
Washington,Northwest Natural Gas Company,98610,September,2019,0
Washington,Northwest Natural Gas Company,98612,September,2019,0
Washington,Northwest Natural Gas Company,98617,September,2019,0
Washington,Northwest Natural Gas Company,98620,September,2019,0
Washington,Avista Utilities,98620,September,2019,2
Washington,Northwest Natural Gas Company,98626,September,2019,0
Washington,Northwest Natural Gas Company,98628,September,2019,1
Washington,Northwest Natural Gas Company,98629,September,2019,0
Washington,Northwest Natural Gas Company,98635,September,2019,0
Washington,Northwest Natural Gas Company,98639,September,2019,0
Washington,Northwest Natural Gas Company,98642,September,2019,3
Washington,Avista Utilities,98648,September,2019,1
Washington,Northwest Natural Gas Company,98648,September,2019,0
Washington,Northwest Natural Gas Company,98660,September,2019,3
Washington,Northwest Natural Gas Company,98661,September,2019,8
Washington,Northwest Natural Gas Company,98662,September,2019,8
Washington,Northwest Natural Gas Company,98663,September,2019,5
Washington,Northwest Natural Gas Company,98664,September,2019,4
Washington,Northwest Natural Gas Company,98665,September,2019,7
Washington,Northwest Natural Gas Company,98666,September,2019,0
Washington,Northwest Natural Gas Company,98668,September,2019,0
Washington,Northwest Natural Gas Company,98671,September,2019,6
Washington,Northwest Natural Gas Company,98672,September,2019,1
Washington,Northwest Natural Gas Company,98674,September,2019,0
Washington,Northwest Natural Gas Company,98675,September,2019,0
Washington,Northwest Natural Gas Company,98682,September,2019,11
Washington,Northwest Natural Gas Company,98683,September,2019,5
Washington,Northwest Natural Gas Company,98684,September,2019,10
Washington,Northwest Natural Gas Company,98685,September,2019,0
Washington,Northwest Natural Gas Company,98686,September,2019,1
Washington,Northwest Natural Gas Company,98762,September,2019,0
Washington,Avista Utilities,98857,September,2019,0
Washington,Northwest Natural Gas Company,98864,September,2019,0
Washington,Puget Sound Energy Inc,98922,September,2019,3
Washington,Puget Sound Energy Inc,98925,September,2019,0
Washington,Puget Sound Energy Inc,98926,September,2019,4
Washington,Puget Sound Energy Inc,98934,September,2019,5
Washington,Puget Sound Energy Inc,98940,September,2019,0
Washington,Puget Sound Energy Inc,98941,September,2019,0
Washington,Puget Sound Energy Inc,98943,September,2019,0
Washington,Puget Sound Energy Inc,98946,September,2019,3
Washington,Avista Utilities,99001,September,2019,8
Washington,Avista Utilities,99003,September,2019,3
Washington,Avista Utilities,99004,September,2019,3
Washington,Avista Utilities,99005,September,2019,3
Washington,Avista Utilities,99006,September,2019,4
Washington,Avista Utilities,99008,September,2019,0
Washington,Avista Utilities,99009,September,2019,2
Washington,Avista Utilities,99011,September,2019,0
Washington,Avista Utilities,99012,September,2019,1
Washington,Avista Utilities,99013,September,2019,2
Washington,Avista Utilities,99014,September,2019,0
Washington,Avista Utilities,99016,September,2019,4
Washington,Avista Utilities,99018,September,2019,0
Washington,Avista Utilities,99019,September,2019,1
Washington,Avista Utilities,99020,September,2019,0
Washington,Avista Utilities,99021,September,2019,4
Washington,Avista Utilities,99022,September,2019,6
Washington,Avista Utilities,99023,September,2019,0
Washington,Avista Utilities,99025,September,2019,0
Washington,Avista Utilities,99026,September,2019,1
Washington,Avista Utilities,99027,September,2019,0
Washington,Avista Utilities,99029,September,2019,0
Washington,Avista Utilities,99030,September,2019,2
Washington,Avista Utilities,99031,September,2019,0
Washington,Avista Utilities,99032,September,2019,0
Washington,Avista Utilities,99033,September,2019,4
Washington,Avista Utilities,99034,September,2019,0
Washington,Avista Utilities,99036,September,2019,0
Washington,Avista Utilities,99037,September,2019,4
Washington,Avista Utilities,99039,September,2019,0
Washington,Avista Utilities,99040,September,2019,2
Washington,Avista Utilities,99101,September,2019,0
Washington,Avista Utilities,99102,September,2019,1
Washington,Avista Utilities,99103,September,2019,0
Washington,Avista Utilities,99104,September,2019,0
Washington,Avista Utilities,99107,September,2019,0
Washington,Avista Utilities,99109,September,2019,1
Washington,Avista Utilities,99110,September,2019,0
Washington,Avista Utilities,99111,September,2019,7
Washington,Avista Utilities,99113,September,2019,0
Washington,Avista Utilities,99114,September,2019,11
Washington,Avista Utilities,99117,September,2019,2
Washington,Avista Utilities,99122,September,2019,0
Washington,Avista Utilities,99125,September,2019,1
Washington,Avista Utilities,99126,September,2019,0
Washington,Avista Utilities,99128,September,2019,1
Washington,Avista Utilities,99129,September,2019,0
Washington,Avista Utilities,99130,September,2019,0
Washington,Avista Utilities,99131,September,2019,0
Washington,Avista Utilities,99134,September,2019,0
Washington,Avista Utilities,99137,September,2019,0
Washington,Avista Utilities,99138,September,2019,1
Washington,Avista Utilities,99141,September,2019,2
Washington,Avista Utilities,99143,September,2019,5
Washington,Avista Utilities,99144,September,2019,0
Washington,Avista Utilities,99146,September,2019,0
Washington,Avista Utilities,99148,September,2019,0
Washington,Avista Utilities,99149,September,2019,1
Washington,Avista Utilities,99151,September,2019,0
Washington,Avista Utilities,99156,September,2019,0
Washington,Avista Utilities,99157,September,2019,0
Washington,Avista Utilities,99158,September,2019,2
Washington,Avista Utilities,99159,September,2019,0
Washington,Avista Utilities,99160,September,2019,0
Washington,Avista Utilities,99161,September,2019,0
Washington,Avista Utilities,99163,September,2019,62
Washington,Avista Utilities,99164,September,2019,0
Washington,Avista Utilities,99167,September,2019,1
Washington,Avista Utilities,99169,September,2019,4
Washington,Avista Utilities,99170,September,2019,4
Washington,Avista Utilities,99171,September,2019,2
Washington,Avista Utilities,99173,September,2019,0
Washington,Avista Utilities,99174,September,2019,1
Washington,Avista Utilities,99176,September,2019,0
Washington,Avista Utilities,99179,September,2019,1
Washington,Avista Utilities,99181,September,2019,1
Washington,Avista Utilities,99185,September,2019,0
Washington,Avista Utilities,99201,September,2019,9
Washington,Avista Utilities,99202,September,2019,126
Washington,Avista Utilities,99203,September,2019,22
Washington,Avista Utilities,99204,September,2019,24
Washington,Avista Utilities,99205,September,2019,55
Washington,Avista Utilities,99206,September,2019,30
Washington,Avista Utilities,99207,September,2019,229
Washington,Avista Utilities,99208,September,2019,55
Washington,Avista Utilities,99212,September,2019,85
Washington,Avista Utilities,99216,September,2019,5
Washington,Avista Utilities,99217,September,2019,76
Washington,Avista Utilities,99218,September,2019,10
Washington,Avista Utilities,99219,September,2019,0
Washington,Avista Utilities,99220,September,2019,0
Washington,Avista Utilities,99223,September,2019,70
Washington,Avista Utilities,99224,September,2019,11
Washington,Avista Utilities,99260,September,2019,0
Washington,Avista Utilities,99326,September,2019,1
Washington,Avista Utilities,99335,September,2019,0
Washington,Avista Utilities,99341,September,2019,3
Washington,Avista Utilities,99344,September,2019,6
Washington,Avista Utilities,99371,September,2019,0
Washington,Avista Utilities,99402,September,2019,1
Washington,Avista Utilities,99403,September,2019,22
Washington,PacifiCorp,98603,February,2020,0
Washington,PacifiCorp,98901,February,2020,9
Washington,PacifiCorp,98902,February,2020,20
Washington,PacifiCorp,98903,February,2020,6
Washington,PacifiCorp,98908,February,2020,3
Washington,PacifiCorp,98920,February,2020,0
Washington,PacifiCorp,98921,February,2020,0
Washington,PacifiCorp,98923,February,2020,0
Washington,PacifiCorp,98930,February,2020,2
Washington,PacifiCorp,98932,February,2020,1
Washington,PacifiCorp,98933,February,2020,0
Washington,PacifiCorp,98935,February,2020,1
Washington,PacifiCorp,98936,February,2020,0
Washington,PacifiCorp,98937,February,2020,1
Washington,PacifiCorp,98938,February,2020,3
Washington,PacifiCorp,98939,February,2020,0
Washington,PacifiCorp,98942,February,2020,5
Washington,PacifiCorp,98944,February,2020,8
Washington,PacifiCorp,98947,February,2020,0
Washington,PacifiCorp,98948,February,2020,2
Washington,PacifiCorp,98951,February,2020,1
Washington,PacifiCorp,98952,February,2020,1
Washington,PacifiCorp,98953,February,2020,2
Washington,PacifiCorp,99301,February,2020,0
Washington,PacifiCorp,99323,February,2020,2
Washington,PacifiCorp,99324,February,2020,8
Washington,PacifiCorp,99328,February,2020,12
Washington,PacifiCorp,99329,February,2020,0
Washington,PacifiCorp,99347,February,2020,0
Washington,PacifiCorp,99348,February,2020,2
Washington,PacifiCorp,99350,February,2020,0
Washington,PacifiCorp,99360,February,2020,0
Washington,PacifiCorp,99361,February,2020,0
Washington,PacifiCorp,99362,February,2020,2
Washington,PacifiCorp,99363,February,2020,0
Washington,PacifiCorp,98603,January,2020,0
Washington,PacifiCorp,98901,January,2020,7
Washington,PacifiCorp,98902,January,2020,12
Washington,PacifiCorp,98903,January,2020,8
Washington,PacifiCorp,98908,January,2020,8
Washington,PacifiCorp,98920,January,2020,0
Washington,PacifiCorp,98921,January,2020,0
Washington,PacifiCorp,98923,January,2020,0
Washington,PacifiCorp,98930,January,2020,6
Washington,PacifiCorp,98932,January,2020,1
Washington,PacifiCorp,98933,January,2020,0
Washington,PacifiCorp,98935,January,2020,5
Washington,PacifiCorp,98936,January,2020,0
Washington,PacifiCorp,98937,January,2020,0
Washington,PacifiCorp,98938,January,2020,0
Washington,PacifiCorp,98939,January,2020,0
Washington,PacifiCorp,98942,January,2020,0
Washington,PacifiCorp,98944,January,2020,0
Washington,PacifiCorp,98947,January,2020,0
Washington,PacifiCorp,98948,January,2020,8
Washington,PacifiCorp,98951,January,2020,3
Washington,PacifiCorp,98952,January,2020,0
Washington,PacifiCorp,98953,January,2020,3
Washington,PacifiCorp,99301,January,2020,0
Washington,PacifiCorp,99323,January,2020,0
Washington,PacifiCorp,99324,January,2020,0
Washington,PacifiCorp,99328,January,2020,1
Washington,PacifiCorp,99329,January,2020,0
Washington,PacifiCorp,99347,January,2020,0
Washington,PacifiCorp,99348,January,2020,0
Washington,PacifiCorp,99350,January,2020,0
Washington,PacifiCorp,99360,January,2020,0
Washington,PacifiCorp,99361,January,2020,0
Washington,PacifiCorp,99362,January,2020,15
Washington,PacifiCorp,99363,January,2020,0
Washington,Puget Sound Energy Inc,98001,March,2020,6
Washington,Puget Sound Energy Inc,98002,March,2020,43
Washington,Puget Sound Energy Inc,98003,March,2020,89
Washington,Puget Sound Energy Inc,98004,March,2020,0
Washington,Puget Sound Energy Inc,98005,March,2020,0
Washington,Puget Sound Energy Inc,98006,March,2020,0
Washington,Puget Sound Energy Inc,98007,March,2020,0
Washington,Puget Sound Energy Inc,98008,March,2020,2
Washington,Puget Sound Energy Inc,98010,March,2020,0
Washington,Puget Sound Energy Inc,98011,March,2020,0
Washington,Puget Sound Energy Inc,98012,March,2020,0
Washington,Puget Sound Energy Inc,98014,March,2020,0
Washington,Puget Sound Energy Inc,98019,March,2020,0
Washington,Puget Sound Energy Inc,98020,March,2020,0
Washington,Puget Sound Energy Inc,98021,March,2020,0
Washington,Puget Sound Energy Inc,98022,March,2020,0
Washington,Puget Sound Energy Inc,98023,March,2020,0
Washington,Puget Sound Energy Inc,98024,March,2020,0
Washington,Puget Sound Energy Inc,98026,March,2020,2
Washington,Northwest Natural Gas Company,98026,March,2020,0
Washington,Puget Sound Energy Inc,98027,March,2020,9
Washington,Puget Sound Energy Inc,98028,March,2020,0
Washington,Puget Sound Energy Inc,98029,March,2020,5
Washington,Puget Sound Energy Inc,98030,March,2020,0
Washington,Puget Sound Energy Inc,98031,March,2020,0
Washington,Puget Sound Energy Inc,98032,March,2020,27
Washington,Puget Sound Energy Inc,98033,March,2020,0
Washington,Puget Sound Energy Inc,98034,March,2020,1
Washington,Puget Sound Energy Inc,98036,March,2020,0
Washington,Puget Sound Energy Inc,98037,March,2020,5
Washington,Puget Sound Energy Inc,98038,March,2020,0
Washington,Puget Sound Energy Inc,98039,March,2020,0
Washington,Puget Sound Energy Inc,98040,March,2020,5
Washington,Puget Sound Energy Inc,98042,March,2020,0
Washington,Puget Sound Energy Inc,98043,March,2020,0
Washington,Puget Sound Energy Inc,98045,March,2020,0
Washington,Puget Sound Energy Inc,98047,March,2020,0
Washington,Puget Sound Energy Inc,98051,March,2020,0
Washington,Puget Sound Energy Inc,98052,March,2020,0
Washington,Puget Sound Energy Inc,98053,March,2020,0
Washington,Puget Sound Energy Inc,98055,March,2020,24
Washington,Puget Sound Energy Inc,98056,March,2020,41
Washington,Puget Sound Energy Inc,98057,March,2020,25
Washington,Puget Sound Energy Inc,98058,March,2020,28
Washington,Puget Sound Energy Inc,98059,March,2020,8
Washington,Puget Sound Energy Inc,98065,March,2020,0
Washington,Puget Sound Energy Inc,98068,March,2020,0
Washington,Puget Sound Energy Inc,98070,March,2020,0
Washington,Puget Sound Energy Inc,98072,March,2020,0
Washington,Puget Sound Energy Inc,98074,March,2020,2
Washington,Puget Sound Energy Inc,98075,March,2020,6
Washington,Puget Sound Energy Inc,98077,March,2020,0
Washington,Puget Sound Energy Inc,98087,March,2020,18
Washington,Puget Sound Energy Inc,98092,March,2020,0
Washington,Puget Sound Energy Inc,98101,March,2020,0
Washington,Puget Sound Energy Inc,98102,March,2020,8
Washington,Puget Sound Energy Inc,98103,March,2020,2
Washington,Puget Sound Energy Inc,98104,March,2020,0
Washington,Puget Sound Energy Inc,98105,March,2020,5
Washington,Puget Sound Energy Inc,98106,March,2020,0
Washington,Puget Sound Energy Inc,98107,March,2020,1
Washington,Puget Sound Energy Inc,98108,March,2020,4
Washington,Puget Sound Energy Inc,98109,March,2020,2
Washington,Puget Sound Energy Inc,98110,March,2020,0
Washington,Puget Sound Energy Inc,98112,March,2020,0
Washington,Puget Sound Energy Inc,98115,March,2020,1
Washington,Puget Sound Energy Inc,98116,March,2020,0
Washington,Puget Sound Energy Inc,98117,March,2020,2
Washington,Puget Sound Energy Inc,98118,March,2020,0
Washington,Puget Sound Energy Inc,98119,March,2020,3
Washington,Northwest Natural Gas Company,98119,March,2020,0
Washington,Puget Sound Energy Inc,98121,March,2020,0
Washington,Puget Sound Energy Inc,98122,March,2020,0
Washington,Puget Sound Energy Inc,98125,March,2020,0
Washington,Puget Sound Energy Inc,98126,March,2020,0
Washington,Northwest Natural Gas Company,98127,March,2020,0
Washington,Puget Sound Energy Inc,98133,March,2020,0
Washington,Puget Sound Energy Inc,98134,March,2020,0
Washington,Puget Sound Energy Inc,98136,March,2020,0
Washington,Puget Sound Energy Inc,98144,March,2020,0
Washington,Puget Sound Energy Inc,98146,March,2020,0
Washington,Puget Sound Energy Inc,98148,March,2020,0
Washington,Puget Sound Energy Inc,98155,March,2020,0
Washington,Puget Sound Energy Inc,98166,March,2020,0
Washington,Puget Sound Energy Inc,98168,March,2020,6
Washington,Puget Sound Energy Inc,98177,March,2020,0
Washington,Puget Sound Energy Inc,98178,March,2020,0
Washington,Puget Sound Energy Inc,98188,March,2020,26
Washington,Puget Sound Energy Inc,98198,March,2020,60
Washington,Puget Sound Energy Inc,98199,March,2020,1
Washington,Puget Sound Energy Inc,98201,March,2020,0
Washington,Puget Sound Energy Inc,98203,March,2020,0
Washington,Puget Sound Energy Inc,98204,March,2020,21
Washington,Northwest Natural Gas Company,98208,March,2020,0
Washington,Puget Sound Energy Inc,98208,March,2020,2
Washington,Puget Sound Energy Inc,98220,March,2020,0
Washington,Cascade Natural Gas,98221,March,2020,5
Washington,Puget Sound Energy Inc,98221,March,2020,38
Washington,Cascade Natural Gas,98223,March,2020,2
Washington,Puget Sound Energy Inc,98223,March,2020,0
Washington,Puget Sound Energy Inc,98224,March,2020,0
Washington,Cascade Natural Gas,98225,March,2020,8
Washington,Puget Sound Energy Inc,98225,March,2020,6
Washington,Cascade Natural Gas,98226,March,2020,2
Washington,Puget Sound Energy Inc,98226,March,2020,1
Washington,Puget Sound Energy Inc,98229,March,2020,1
Washington,Cascade Natural Gas,98229,March,2020,2
Washington,Puget Sound Energy Inc,98230,March,2020,0
Washington,Puget Sound Energy Inc,98232,March,2020,0
Washington,Puget Sound Energy Inc,98233,March,2020,0
Washington,Puget Sound Energy Inc,98235,March,2020,0
Washington,Puget Sound Energy Inc,98236,March,2020,0
Washington,Puget Sound Energy Inc,98237,March,2020,0
Washington,Puget Sound Energy Inc,98238,March,2020,0
Washington,Puget Sound Energy Inc,98239,March,2020,0
Washington,Puget Sound Energy Inc,98240,March,2020,0
Washington,Puget Sound Energy Inc,98244,March,2020,0
Washington,Cascade Natural Gas,98247,March,2020,3
Washington,Puget Sound Energy Inc,98247,March,2020,0
Washington,Cascade Natural Gas,98248,March,2020,1
Washington,Puget Sound Energy Inc,98248,March,2020,0
Washington,Puget Sound Energy Inc,98249,March,2020,0
Washington,Puget Sound Energy Inc,98251,March,2020,0
Washington,Puget Sound Energy Inc,98252,March,2020,0
Washington,Puget Sound Energy Inc,98253,March,2020,0
Washington,Puget Sound Energy Inc,98255,March,2020,0
Washington,Puget Sound Energy Inc,98257,March,2020,1
Washington,Cascade Natural Gas,98257,March,2020,1
Washington,Puget Sound Energy Inc,98258,March,2020,0
Washington,Puget Sound Energy Inc,98260,March,2020,0
Washington,Puget Sound Energy Inc,98262,March,2020,0
Washington,Puget Sound Energy Inc,98263,March,2020,0
Washington,Cascade Natural Gas,98264,March,2020,8
Washington,Puget Sound Energy Inc,98264,March,2020,12
Washington,Puget Sound Energy Inc,98266,March,2020,0
Washington,Puget Sound Energy Inc,98267,March,2020,0
Washington,Puget Sound Energy Inc,98270,March,2020,0
Washington,Puget Sound Energy Inc,98271,March,2020,0
Washington,Puget Sound Energy Inc,98272,March,2020,0
Washington,Cascade Natural Gas,98273,March,2020,4
Washington,Puget Sound Energy Inc,98273,March,2020,7
Washington,Puget Sound Energy Inc,98274,March,2020,4
Washington,Cascade Natural Gas,98274,March,2020,2
Washington,Puget Sound Energy Inc,98275,March,2020,0
Washington,Puget Sound Energy Inc,98276,March,2020,0
Washington,Puget Sound Energy Inc,98277,March,2020,0
Washington,Cascade Natural Gas,98277,March,2020,2
Washington,Puget Sound Energy Inc,98281,March,2020,0
Washington,Puget Sound Energy Inc,98284,March,2020,0
Washington,Cascade Natural Gas,98284,March,2020,1
Washington,Puget Sound Energy Inc,98288,March,2020,0
Washington,Puget Sound Energy Inc,98290,March,2020,0
Washington,Puget Sound Energy Inc,98292,March,2020,0
Washington,Cascade Natural Gas,98292,March,2020,3
Washington,Puget Sound Energy Inc,98294,March,2020,0
Washington,Puget Sound Energy Inc,98295,March,2020,0
Washington,Puget Sound Energy Inc,98296,March,2020,0
Washington,Northwest Natural Gas Company,98307,March,2020,0
Washington,Puget Sound Energy Inc,98310,March,2020,0
Washington,Cascade Natural Gas,98310,March,2020,2
Washington,Puget Sound Energy Inc,98311,March,2020,0
Washington,Cascade Natural Gas,98311,March,2020,5
Washington,Puget Sound Energy Inc,98312,March,2020,1
Washington,Puget Sound Energy Inc,98321,March,2020,0
Washington,Puget Sound Energy Inc,98323,March,2020,0
Washington,Puget Sound Energy Inc,98327,March,2020,8
Washington,Puget Sound Energy Inc,98332,March,2020,0
Washington,Puget Sound Energy Inc,98335,March,2020,0
Washington,Puget Sound Energy Inc,98337,March,2020,0
Washington,Puget Sound Energy Inc,98338,March,2020,0
Washington,Puget Sound Energy Inc,98340,March,2020,0
Washington,Puget Sound Energy Inc,98342,March,2020,0
Washington,Puget Sound Energy Inc,98345,March,2020,0
Washington,Puget Sound Energy Inc,98346,March,2020,0
Washington,Puget Sound Energy Inc,98353,March,2020,0
Washington,Puget Sound Energy Inc,98354,March,2020,0
Washington,Puget Sound Energy Inc,98359,March,2020,4
Washington,Puget Sound Energy Inc,98360,March,2020,0
Washington,Puget Sound Energy Inc,98366,March,2020,35
Washington,Cascade Natural Gas,98366,March,2020,4
Washington,Cascade Natural Gas,98367,March,2020,1
Washington,Puget Sound Energy Inc,98367,March,2020,7
Washington,Cascade Natural Gas,98370,March,2020,1
Washington,Puget Sound Energy Inc,98370,March,2020,0
Washington,Puget Sound Energy Inc,98371,March,2020,0
Washington,Puget Sound Energy Inc,98372,March,2020,1
Washington,Puget Sound Energy Inc,98373,March,2020,54
Washington,Puget Sound Energy Inc,98374,March,2020,34
Washington,Puget Sound Energy Inc,98375,March,2020,15
Washington,Puget Sound Energy Inc,98380,March,2020,0
Washington,Puget Sound Energy Inc,98383,March,2020,0
Washington,Puget Sound Energy Inc,98385,March,2020,0
Washington,Puget Sound Energy Inc,98387,March,2020,0
Washington,Puget Sound Energy Inc,98388,March,2020,0
Washington,Puget Sound Energy Inc,98390,March,2020,0
Washington,Puget Sound Energy Inc,98391,March,2020,0
Washington,Puget Sound Energy Inc,98392,March,2020,0
Washington,Puget Sound Energy Inc,98402,March,2020,0
Washington,Puget Sound Energy Inc,98403,March,2020,0
Washington,Puget Sound Energy Inc,98404,March,2020,0
Washington,Puget Sound Energy Inc,98405,March,2020,8
Washington,Puget Sound Energy Inc,98406,March,2020,2
Washington,Puget Sound Energy Inc,98407,March,2020,3
Washington,Puget Sound Energy Inc,98408,March,2020,0
Washington,Puget Sound Energy Inc,98409,March,2020,1
Washington,Puget Sound Energy Inc,98418,March,2020,0
Washington,Puget Sound Energy Inc,98422,March,2020,1
Washington,Puget Sound Energy Inc,98424,March,2020,0
Washington,Puget Sound Energy Inc,98439,March,2020,5
Washington,Puget Sound Energy Inc,98443,March,2020,0
Washington,Puget Sound Energy Inc,98444,March,2020,0
Washington,Puget Sound Energy Inc,98445,March,2020,0
Washington,Puget Sound Energy Inc,98446,March,2020,0
Washington,Puget Sound Energy Inc,98465,March,2020,0
Washington,Puget Sound Energy Inc,98466,March,2020,0
Washington,Puget Sound Energy Inc,98467,March,2020,0
Washington,Puget Sound Energy Inc,98498,March,2020,6
Washington,Puget Sound Energy Inc,98499,March,2020,1
Washington,Puget Sound Energy Inc,98501,March,2020,76
Washington,Puget Sound Energy Inc,98502,March,2020,0
Washington,Puget Sound Energy Inc,98503,March,2020,79
Washington,Puget Sound Energy Inc,98506,March,2020,1
Washington,Puget Sound Energy Inc,98512,March,2020,0
Washington,Puget Sound Energy Inc,98513,March,2020,34
Washington,Puget Sound Energy Inc,98516,March,2020,2
Washington,Cascade Natural Gas,98520,March,2020,8
Washington,Puget Sound Energy Inc,98530,March,2020,0
Washington,Puget Sound Energy Inc,98531,March,2020,0
Washington,Puget Sound Energy Inc,98532,March,2020,0
Washington,Cascade Natural Gas,98541,March,2020,1
Washington,Cascade Natural Gas,98550,March,2020,6
Washington,Puget Sound Energy Inc,98558,March,2020,0
Washington,Cascade Natural Gas,98563,March,2020,1
Washington,Puget Sound Energy Inc,98568,March,2020,0
Washington,Puget Sound Energy Inc,98576,March,2020,0
Washington,Puget Sound Energy Inc,98579,March,2020,0
Washington,Puget Sound Energy Inc,98580,March,2020,0
Washington,Puget Sound Energy Inc,98589,March,2020,0
Washington,Puget Sound Energy Inc,98591,March,2020,0
Washington,Puget Sound Energy Inc,98596,March,2020,0
Washington,Puget Sound Energy Inc,98597,March,2020,0
Washington,Northwest Natural Gas Company,98601,March,2020,0
Washington,Northwest Natural Gas Company,98602,March,2020,0
Washington,PacifiCorp,98603,March,2020,0
Washington,Northwest Natural Gas Company,98604,March,2020,1
Washington,Northwest Natural Gas Company,98605,March,2020,0
Washington,Northwest Natural Gas Company,98606,March,2020,0
Washington,Northwest Natural Gas Company,98607,March,2020,10
Washington,Northwest Natural Gas Company,98610,March,2020,0
Washington,Northwest Natural Gas Company,98612,March,2020,0
Washington,Northwest Natural Gas Company,98617,March,2020,0
Washington,Avista Utilities,98620,March,2020,1
Washington,Northwest Natural Gas Company,98620,March,2020,0
Washington,Northwest Natural Gas Company,98626,March,2020,0
Washington,Northwest Natural Gas Company,98628,March,2020,0
Washington,Northwest Natural Gas Company,98629,March,2020,0
Washington,Northwest Natural Gas Company,98635,March,2020,0
Washington,Northwest Natural Gas Company,98639,March,2020,0
Washington,Northwest Natural Gas Company,98642,March,2020,0
Washington,Avista Utilities,98648,March,2020,0
Washington,Northwest Natural Gas Company,98648,March,2020,0
Washington,Northwest Natural Gas Company,98660,March,2020,0
Washington,Northwest Natural Gas Company,98661,March,2020,10
Washington,Northwest Natural Gas Company,98662,March,2020,16
Washington,Northwest Natural Gas Company,98663,March,2020,0
Washington,Northwest Natural Gas Company,98664,March,2020,11
Washington,Northwest Natural Gas Company,98665,March,2020,14
Washington,Northwest Natural Gas Company,98666,March,2020,0
Washington,Northwest Natural Gas Company,98668,March,2020,0
Washington,Northwest Natural Gas Company,98671,March,2020,12
Washington,Northwest Natural Gas Company,98672,March,2020,0
Washington,Northwest Natural Gas Company,98674,March,2020,0
Washington,Northwest Natural Gas Company,98675,March,2020,0
Washington,Northwest Natural Gas Company,98682,March,2020,5
Washington,Northwest Natural Gas Company,98683,March,2020,9
Washington,Northwest Natural Gas Company,98684,March,2020,8
Washington,Northwest Natural Gas Company,98685,March,2020,0
Washington,Northwest Natural Gas Company,98686,March,2020,6
Washington,Northwest Natural Gas Company,98762,March,2020,0
Washington,Cascade Natural Gas,98801,March,2020,3
Washington,Avista Utilities,98857,March,2020,0
Washington,Northwest Natural Gas Company,98864,March,2020,0
Washington,PacifiCorp,98901,March,2020,11
Washington,Cascade Natural Gas,98902,March,2020,3
Washington,PacifiCorp,98902,March,2020,0
Washington,PacifiCorp,98903,March,2020,0
Washington,Cascade Natural Gas,98908,March,2020,1
Washington,PacifiCorp,98908,March,2020,0
Washington,PacifiCorp,98920,March,2020,0
Washington,PacifiCorp,98921,March,2020,0
Washington,Puget Sound Energy Inc,98922,March,2020,0
Washington,PacifiCorp,98923,March,2020,0
Washington,Puget Sound Energy Inc,98925,March,2020,0
Washington,Puget Sound Energy Inc,98926,March,2020,0
Washington,PacifiCorp,98930,March,2020,2
Washington,PacifiCorp,98932,March,2020,0
Washington,PacifiCorp,98933,March,2020,0
Washington,Puget Sound Energy Inc,98934,March,2020,0
Washington,PacifiCorp,98935,March,2020,2
Washington,PacifiCorp,98936,March,2020,0
Washington,PacifiCorp,98937,March,2020,0
Washington,PacifiCorp,98938,March,2020,0
Washington,PacifiCorp,98939,March,2020,0
Washington,Puget Sound Energy Inc,98940,March,2020,0
Washington,Puget Sound Energy Inc,98941,March,2020,0
Washington,PacifiCorp,98942,March,2020,0
Washington,Puget Sound Energy Inc,98943,March,2020,0
Washington,Cascade Natural Gas,98944,March,2020,4
Washington,PacifiCorp,98944,March,2020,1
Washington,Puget Sound Energy Inc,98946,March,2020,0
Washington,PacifiCorp,98947,March,2020,0
Washington,PacifiCorp,98948,March,2020,0
Washington,Cascade Natural Gas,98948,March,2020,3
Washington,PacifiCorp,98951,March,2020,2
Washington,Cascade Natural Gas,98951,March,2020,2
Washington,PacifiCorp,98952,March,2020,0
Washington,PacifiCorp,98953,March,2020,0
Washington,Avista Utilities,99001,March,2020,3
Washington,Avista Utilities,99003,March,2020,2
Washington,Avista Utilities,99004,March,2020,0
Washington,Avista Utilities,99005,March,2020,4
Washington,Avista Utilities,99006,March,2020,0
Washington,Avista Utilities,99008,March,2020,0
Washington,Avista Utilities,99009,March,2020,0
Washington,Avista Utilities,99011,March,2020,0
Washington,Avista Utilities,99012,March,2020,1
Washington,Avista Utilities,99013,March,2020,1
Washington,Avista Utilities,99014,March,2020,0
Washington,Avista Utilities,99016,March,2020,0
Washington,Avista Utilities,99018,March,2020,0
Washington,Avista Utilities,99019,March,2020,0
Washington,Avista Utilities,99020,March,2020,0
Washington,Avista Utilities,99021,March,2020,2
Washington,Avista Utilities,99022,March,2020,0
Washington,Avista Utilities,99023,March,2020,0
Washington,Avista Utilities,99025,March,2020,1
Washington,Avista Utilities,99026,March,2020,0
Washington,Avista Utilities,99027,March,2020,0
Washington,Avista Utilities,99029,March,2020,0
Washington,Avista Utilities,99030,March,2020,0
Washington,Avista Utilities,99031,March,2020,0
Washington,Avista Utilities,99032,March,2020,0
Washington,Avista Utilities,99033,March,2020,0
Washington,Avista Utilities,99034,March,2020,0
Washington,Avista Utilities,99036,March,2020,0
Washington,Avista Utilities,99037,March,2020,2
Washington,Avista Utilities,99039,March,2020,0
Washington,Avista Utilities,99040,March,2020,0
Washington,Avista Utilities,99101,March,2020,1
Washington,Avista Utilities,99102,March,2020,4
Washington,Avista Utilities,99103,March,2020,3
Washington,Avista Utilities,99104,March,2020,0
Washington,Avista Utilities,99107,March,2020,0
Washington,Avista Utilities,99109,March,2020,3
Washington,Avista Utilities,99110,March,2020,0
Washington,Avista Utilities,99111,March,2020,1
Washington,Avista Utilities,99113,March,2020,0
Washington,Avista Utilities,99114,March,2020,4
Washington,Avista Utilities,99117,March,2020,0
Washington,Avista Utilities,99122,March,2020,1
Washington,Avista Utilities,99125,March,2020,0
Washington,Avista Utilities,99126,March,2020,0
Washington,Avista Utilities,99128,March,2020,0
Washington,Avista Utilities,99129,March,2020,0
Washington,Avista Utilities,99130,March,2020,1
Washington,Avista Utilities,99131,March,2020,0
Washington,Avista Utilities,99134,March,2020,0
Washington,Avista Utilities,99137,March,2020,0
Washington,Avista Utilities,99138,March,2020,0
Washington,Avista Utilities,99141,March,2020,2
Washington,Avista Utilities,99143,March,2020,3
Washington,Avista Utilities,99144,March,2020,0
Washington,Avista Utilities,99146,March,2020,0
Washington,Avista Utilities,99148,March,2020,1
Washington,Avista Utilities,99149,March,2020,0
Washington,Avista Utilities,99151,March,2020,0
Washington,Avista Utilities,99156,March,2020,0
Washington,Avista Utilities,99157,March,2020,0
Washington,Avista Utilities,99158,March,2020,0
Washington,Avista Utilities,99159,March,2020,3
Washington,Avista Utilities,99160,March,2020,0
Washington,Avista Utilities,99161,March,2020,3
Washington,Avista Utilities,99163,March,2020,43
Washington,Avista Utilities,99164,March,2020,0
Washington,Avista Utilities,99167,March,2020,0
Washington,Avista Utilities,99169,March,2020,2
Washington,Avista Utilities,99170,March,2020,0
Washington,Avista Utilities,99171,March,2020,0
Washington,Avista Utilities,99173,March,2020,1
Washington,Avista Utilities,99174,March,2020,0
Washington,Avista Utilities,99176,March,2020,0
Washington,Avista Utilities,99179,March,2020,2
Washington,Avista Utilities,99181,March,2020,0
Washington,Avista Utilities,99185,March,2020,0
Washington,Avista Utilities,99201,March,2020,27
Washington,Avista Utilities,99202,March,2020,33
Washington,Avista Utilities,99203,March,2020,34
Washington,Avista Utilities,99204,March,2020,7
Washington,Avista Utilities,99205,March,2020,148
Washington,Avista Utilities,99206,March,2020,34
Washington,Avista Utilities,99207,March,2020,107
Washington,Avista Utilities,99208,March,2020,44
Washington,Avista Utilities,99212,March,2020,60
Washington,Avista Utilities,99216,March,2020,18
Washington,Avista Utilities,99217,March,2020,46
Washington,Avista Utilities,99218,March,2020,10
Washington,Avista Utilities,99219,March,2020,0
Washington,Avista Utilities,99220,March,2020,0
Washington,Avista Utilities,99223,March,2020,59
Washington,Avista Utilities,99224,March,2020,14
Washington,Avista Utilities,99260,March,2020,0
Washington,PacifiCorp,99301,March,2020,0
Washington,PacifiCorp,99323,March,2020,0
Washington,PacifiCorp,99324,March,2020,0
Washington,Avista Utilities,99326,March,2020,0
Washington,PacifiCorp,99328,March,2020,0
Washington,PacifiCorp,99329,March,2020,1
Washington,Avista Utilities,99335,March,2020,0
Washington,Cascade Natural Gas,99336,March,2020,9
Washington,Cascade Natural Gas,99337,March,2020,5
Washington,Avista Utilities,99341,March,2020,1
Washington,Cascade Natural Gas,99344,March,2020,1
Washington,Avista Utilities,99344,March,2020,15
Washington,PacifiCorp,99347,March,2020,0
Washington,PacifiCorp,99348,March,2020,1
Washington,PacifiCorp,99350,March,2020,0
Washington,Cascade Natural Gas,99352,March,2020,4
Washington,Cascade Natural Gas,99354,March,2020,2
Washington,PacifiCorp,99360,March,2020,0
Washington,PacifiCorp,99361,March,2020,1
Washington,PacifiCorp,99362,March,2020,11
Washington,Cascade Natural Gas,99362,March,2020,11
Washington,PacifiCorp,99363,March,2020,0
Washington,Avista Utilities,99371,March,2020,3
Washington,Avista Utilities,99402,March,2020,1
Washington,Avista Utilities,99403,March,2020,5
Washington,Cascade Natural Gas,98221,December,2021,1
Washington,Cascade Natural Gas,98225,December,2021,2
Washington,Cascade Natural Gas,98226,December,2021,0
Washington,Cascade Natural Gas,98229,December,2021,2
Washington,Cascade Natural Gas,98230,December,2021,0
Washington,Cascade Natural Gas,98233,December,2021,0
Washington,Cascade Natural Gas,98240,December,2021,0
Washington,Cascade Natural Gas,98247,December,2021,2
Washington,Cascade Natural Gas,98248,December,2021,0
Washington,Cascade Natural Gas,98264,December,2021,0
Washington,Cascade Natural Gas,98273,December,2021,2
Washington,Cascade Natural Gas,98284,December,2021,4
Washington,Cascade Natural Gas,98295,December,2021,1
Washington,Cascade Natural Gas,98310,December,2021,0
Washington,Cascade Natural Gas,98311,December,2021,0
Washington,Cascade Natural Gas,98312,December,2021,2
Washington,Cascade Natural Gas,98337,December,2021,3
Washington,Cascade Natural Gas,98366,December,2021,4
Washington,Cascade Natural Gas,98367,December,2021,0
Washington,Cascade Natural Gas,98584,December,2021,5
Washington,Avista Utilities,98620,December,2021,0
Washington,Cascade Natural Gas,98625,December,2021,0
Washington,Cascade Natural Gas,98626,December,2021,0
Washington,Avista Utilities,98648,December,2021,0
Washington,Cascade Natural Gas,98674,December,2021,0
Washington,Avista Utilities,98857,December,2021,0
Washington,Cascade Natural Gas,98901,December,2021,9
Washington,Cascade Natural Gas,98902,December,2021,8
Washington,Cascade Natural Gas,98903,December,2021,0
Washington,Cascade Natural Gas,98930,December,2021,1
Washington,Cascade Natural Gas,98932,December,2021,0
Washington,Cascade Natural Gas,98936,December,2021,1
Washington,Cascade Natural Gas,98944,December,2021,1
Washington,Cascade Natural Gas,98953,December,2021,0
Washington,Avista Utilities,99001,December,2021,0
Washington,Avista Utilities,99003,December,2021,0
Washington,Avista Utilities,99004,December,2021,0
Washington,Avista Utilities,99005,December,2021,0
Washington,Avista Utilities,99006,December,2021,0
Washington,Avista Utilities,99008,December,2021,0
Washington,Avista Utilities,99009,December,2021,0
Washington,Avista Utilities,99011,December,2021,0
Washington,Avista Utilities,99012,December,2021,0
Washington,Avista Utilities,99013,December,2021,0
Washington,Avista Utilities,99014,December,2021,0
Washington,Avista Utilities,99016,December,2021,0
Washington,Avista Utilities,99018,December,2021,0
Washington,Avista Utilities,99019,December,2021,1
Washington,Avista Utilities,99020,December,2021,0
Washington,Avista Utilities,99021,December,2021,0
Washington,Avista Utilities,99022,December,2021,0
Washington,Avista Utilities,99023,December,2021,0
Washington,Avista Utilities,99025,December,2021,0
Washington,Avista Utilities,99026,December,2021,0
Washington,Avista Utilities,99027,December,2021,0
Washington,Avista Utilities,99029,December,2021,0
Washington,Avista Utilities,99030,December,2021,0
Washington,Avista Utilities,99031,December,2021,0
Washington,Avista Utilities,99032,December,2021,0
Washington,Avista Utilities,99033,December,2021,0
Washington,Avista Utilities,99034,December,2021,1
Washington,Avista Utilities,99036,December,2021,0
Washington,Avista Utilities,99037,December,2021,0
Washington,Avista Utilities,99039,December,2021,0
Washington,Avista Utilities,99040,December,2021,0
Washington,Avista Utilities,99101,December,2021,0
Washington,Avista Utilities,99102,December,2021,0
Washington,Avista Utilities,99103,December,2021,0
Washington,Avista Utilities,99104,December,2021,0
Washington,Avista Utilities,99107,December,2021,0
Washington,Avista Utilities,99109,December,2021,0
Washington,Avista Utilities,99110,December,2021,0
Washington,Avista Utilities,99111,December,2021,0
Washington,Avista Utilities,99113,December,2021,0
Washington,Avista Utilities,99114,December,2021,0
Washington,Avista Utilities,99117,December,2021,0
Washington,Avista Utilities,99122,December,2021,0
Washington,Avista Utilities,99125,December,2021,0
Washington,Avista Utilities,99126,December,2021,0
Washington,Avista Utilities,99128,December,2021,0
Washington,Avista Utilities,99129,December,2021,0
Washington,Avista Utilities,99130,December,2021,0
Washington,Avista Utilities,99131,December,2021,0
Washington,Avista Utilities,99134,December,2021,0
Washington,Avista Utilities,99137,December,2021,0
Washington,Avista Utilities,99138,December,2021,0
Washington,Avista Utilities,99141,December,2021,0
Washington,Avista Utilities,99143,December,2021,0
Washington,Avista Utilities,99144,December,2021,0
Washington,Avista Utilities,99146,December,2021,0
Washington,Avista Utilities,99148,December,2021,0
Washington,Avista Utilities,99149,December,2021,0
Washington,Avista Utilities,99151,December,2021,0
Washington,Avista Utilities,99156,December,2021,0
Washington,Avista Utilities,99157,December,2021,0
Washington,Avista Utilities,99158,December,2021,0
Washington,Avista Utilities,99159,December,2021,0
Washington,Avista Utilities,99160,December,2021,0
Washington,Avista Utilities,99161,December,2021,0
Washington,Avista Utilities,99163,December,2021,1
Washington,Avista Utilities,99164,December,2021,0
Washington,Avista Utilities,99167,December,2021,0
Washington,Avista Utilities,99169,December,2021,0
Washington,Avista Utilities,99170,December,2021,0
Washington,Avista Utilities,99171,December,2021,0
Washington,Avista Utilities,99173,December,2021,0
Washington,Avista Utilities,99174,December,2021,0
Washington,Avista Utilities,99176,December,2021,0
Washington,Avista Utilities,99179,December,2021,0
Washington,Avista Utilities,99181,December,2021,0
Washington,Avista Utilities,99185,December,2021,0
Washington,Avista Utilities,99201,December,2021,0
Washington,Avista Utilities,99202,December,2021,2
Washington,Avista Utilities,99203,December,2021,0
Washington,Avista Utilities,99204,December,2021,1
Washington,Avista Utilities,99205,December,2021,0
Washington,Avista Utilities,99206,December,2021,2
Washington,Avista Utilities,99207,December,2021,1
Washington,Avista Utilities,99208,December,2021,4
Washington,Avista Utilities,99212,December,2021,0
Washington,Avista Utilities,99216,December,2021,1
Washington,Avista Utilities,99217,December,2021,0
Washington,Avista Utilities,99218,December,2021,0
Washington,Avista Utilities,99219,December,2021,0
Washington,Avista Utilities,99220,December,2021,0
Washington,Avista Utilities,99223,December,2021,0
Washington,Avista Utilities,99224,December,2021,0
Washington,Avista Utilities,99228,December,2021,0
Washington,Avista Utilities,99260,December,2021,0
Washington,Cascade Natural Gas,99301,December,2021,3
Washington,Cascade Natural Gas,99324,December,2021,0
Washington,Avista Utilities,99326,December,2021,0
Washington,Avista Utilities,99335,December,2021,0
Washington,Cascade Natural Gas,99336,December,2021,3
Washington,Cascade Natural Gas,99337,December,2021,1
Washington,Avista Utilities,99341,December,2021,0
Washington,Avista Utilities,99344,December,2021,0
Washington,Cascade Natural Gas,99362,December,2021,0
Washington,Avista Utilities,99371,December,2021,0
Washington,Avista Utilities,99402,December,2021,0
Washington,Avista Utilities,99403,December,2021,3
Washington,Cascade Natural Gas,98221,November,2021,11
Washington,Cascade Natural Gas,98225,November,2021,0
Washington,Cascade Natural Gas,98226,November,2021,1
Washington,Cascade Natural Gas,98229,November,2021,0
Washington,Cascade Natural Gas,98230,November,2021,2
Washington,Cascade Natural Gas,98233,November,2021,4
Washington,Cascade Natural Gas,98240,November,2021,1
Washington,Cascade Natural Gas,98247,November,2021,0
Washington,Cascade Natural Gas,98248,November,2021,1
Washington,Cascade Natural Gas,98264,November,2021,4
Washington,Cascade Natural Gas,98273,November,2021,6
Washington,Cascade Natural Gas,98284,November,2021,0
Washington,Cascade Natural Gas,98295,November,2021,0
Washington,Cascade Natural Gas,98310,November,2021,11
Washington,Cascade Natural Gas,98311,November,2021,5
Washington,Cascade Natural Gas,98312,November,2021,8
Washington,Cascade Natural Gas,98337,November,2021,4
Washington,Cascade Natural Gas,98366,November,2021,2
Washington,Cascade Natural Gas,98367,November,2021,1
Washington,Cascade Natural Gas,98584,November,2021,0
Washington,Avista Utilities,98620,November,2021,0
Washington,Cascade Natural Gas,98625,November,2021,1
Washington,Cascade Natural Gas,98626,November,2021,3
Washington,Avista Utilities,98648,November,2021,0
Washington,Cascade Natural Gas,98674,November,2021,2
Washington,Avista Utilities,98857,November,2021,0
Washington,Cascade Natural Gas,98901,November,2021,4
Washington,Cascade Natural Gas,98902,November,2021,10
Washington,Cascade Natural Gas,98903,November,2021,2
Washington,Cascade Natural Gas,98930,November,2021,0
Washington,Cascade Natural Gas,98932,November,2021,1
Washington,Cascade Natural Gas,98936,November,2021,0
Washington,Cascade Natural Gas,98944,November,2021,0
Washington,Cascade Natural Gas,98953,November,2021,1
Washington,Avista Utilities,99001,November,2021,0
Washington,Avista Utilities,99003,November,2021,0
Washington,Avista Utilities,99004,November,2021,0
Washington,Avista Utilities,99005,November,2021,0
Washington,Avista Utilities,99006,November,2021,0
Washington,Avista Utilities,99008,November,2021,0
Washington,Avista Utilities,99009,November,2021,0
Washington,Avista Utilities,99011,November,2021,0
Washington,Avista Utilities,99012,November,2021,0
Washington,Avista Utilities,99013,November,2021,0
Washington,Avista Utilities,99014,November,2021,0
Washington,Avista Utilities,99016,November,2021,0
Washington,Avista Utilities,99018,November,2021,0
Washington,Avista Utilities,99019,November,2021,0
Washington,Avista Utilities,99020,November,2021,0
Washington,Avista Utilities,99021,November,2021,0
Washington,Avista Utilities,99022,November,2021,0
Washington,Avista Utilities,99023,November,2021,0
Washington,Avista Utilities,99025,November,2021,0
Washington,Avista Utilities,99026,November,2021,0
Washington,Avista Utilities,99027,November,2021,0
Washington,Avista Utilities,99029,November,2021,0
Washington,Avista Utilities,99030,November,2021,0
Washington,Avista Utilities,99031,November,2021,0
Washington,Avista Utilities,99032,November,2021,0
Washington,Avista Utilities,99033,November,2021,0
Washington,Avista Utilities,99034,November,2021,0
Washington,Avista Utilities,99036,November,2021,0
Washington,Avista Utilities,99037,November,2021,0
Washington,Avista Utilities,99039,November,2021,0
Washington,Avista Utilities,99040,November,2021,0
Washington,Avista Utilities,99101,November,2021,0
Washington,Avista Utilities,99102,November,2021,0
Washington,Avista Utilities,99103,November,2021,0
Washington,Avista Utilities,99104,November,2021,0
Washington,Avista Utilities,99107,November,2021,0
Washington,Avista Utilities,99109,November,2021,0
Washington,Avista Utilities,99110,November,2021,0
Washington,Avista Utilities,99111,November,2021,0
Washington,Avista Utilities,99113,November,2021,0
Washington,Avista Utilities,99114,November,2021,0
Washington,Avista Utilities,99117,November,2021,0
Washington,Avista Utilities,99122,November,2021,0
Washington,Avista Utilities,99125,November,2021,0
Washington,Avista Utilities,99126,November,2021,1
Washington,Avista Utilities,99128,November,2021,0
Washington,Avista Utilities,99129,November,2021,0
Washington,Avista Utilities,99130,November,2021,0
Washington,Avista Utilities,99131,November,2021,0
Washington,Avista Utilities,99134,November,2021,0
Washington,Avista Utilities,99137,November,2021,0
Washington,Avista Utilities,99138,November,2021,0
Washington,Avista Utilities,99141,November,2021,1
Washington,Avista Utilities,99143,November,2021,0
Washington,Avista Utilities,99144,November,2021,0
Washington,Avista Utilities,99146,November,2021,0
Washington,Avista Utilities,99148,November,2021,0
Washington,Avista Utilities,99149,November,2021,0
Washington,Avista Utilities,99151,November,2021,0
Washington,Avista Utilities,99156,November,2021,0
Washington,Avista Utilities,99157,November,2021,0
Washington,Avista Utilities,99158,November,2021,0
Washington,Avista Utilities,99159,November,2021,0
Washington,Avista Utilities,99160,November,2021,0
Washington,Avista Utilities,99161,November,2021,0
Washington,Avista Utilities,99163,November,2021,0
Washington,Avista Utilities,99164,November,2021,0
Washington,Avista Utilities,99167,November,2021,0
Washington,Avista Utilities,99169,November,2021,0
Washington,Avista Utilities,99170,November,2021,0
Washington,Avista Utilities,99171,November,2021,0
Washington,Avista Utilities,99173,November,2021,0
Washington,Avista Utilities,99174,November,2021,0
Washington,Avista Utilities,99176,November,2021,0
Washington,Avista Utilities,99179,November,2021,0
Washington,Avista Utilities,99181,November,2021,0
Washington,Avista Utilities,99185,November,2021,0
Washington,Avista Utilities,99201,November,2021,0
Washington,Avista Utilities,99202,November,2021,0
Washington,Avista Utilities,99203,November,2021,0
Washington,Avista Utilities,99204,November,2021,0
Washington,Avista Utilities,99205,November,2021,2
Washington,Avista Utilities,99206,November,2021,0
Washington,Avista Utilities,99207,November,2021,2
Washington,Avista Utilities,99208,November,2021,0
Washington,Avista Utilities,99212,November,2021,0
Washington,Avista Utilities,99216,November,2021,0
Washington,Avista Utilities,99217,November,2021,0
Washington,Avista Utilities,99218,November,2021,0
Washington,Avista Utilities,99219,November,2021,0
Washington,Avista Utilities,99220,November,2021,0
Washington,Avista Utilities,99223,November,2021,0
Washington,Avista Utilities,99224,November,2021,0
Washington,Avista Utilities,99228,November,2021,0
Washington,Avista Utilities,99260,November,2021,0
Washington,Cascade Natural Gas,99301,November,2021,7
Washington,Cascade Natural Gas,99324,November,2021,2
Washington,Avista Utilities,99326,November,2021,0
Washington,Avista Utilities,99335,November,2021,0
Washington,Cascade Natural Gas,99336,November,2021,0
Washington,Cascade Natural Gas,99337,November,2021,0
Washington,Avista Utilities,99341,November,2021,0
Washington,Avista Utilities,99344,November,2021,0
Washington,Cascade Natural Gas,99362,November,2021,2
Washington,Avista Utilities,99371,November,2021,0
Washington,Avista Utilities,99402,November,2021,0
Washington,Avista Utilities,99403,November,2021,0
Washington,Cascade Natural Gas,98221,October,2021,0
Washington,Cascade Natural Gas,98225,October,2021,0
Washington,Cascade Natural Gas,98226,October,2021,0
Washington,Cascade Natural Gas,98229,October,2021,0
Washington,Cascade Natural Gas,98230,October,2021,0
Washington,Cascade Natural Gas,98233,October,2021,0
Washington,Cascade Natural Gas,98240,October,2021,0
Washington,Cascade Natural Gas,98247,October,2021,0
Washington,Cascade Natural Gas,98248,October,2021,1
Washington,Cascade Natural Gas,98264,October,2021,0
Washington,Cascade Natural Gas,98273,October,2021,0
Washington,Cascade Natural Gas,98284,October,2021,0
Washington,Cascade Natural Gas,98295,October,2021,0
Washington,Cascade Natural Gas,98310,October,2021,0
Washington,Cascade Natural Gas,98311,October,2021,0
Washington,Cascade Natural Gas,98312,October,2021,0
Washington,Cascade Natural Gas,98337,October,2021,2
Washington,Cascade Natural Gas,98366,October,2021,0
Washington,Cascade Natural Gas,98367,October,2021,0
Washington,Cascade Natural Gas,98584,October,2021,0
Washington,Cascade Natural Gas,98625,October,2021,0
Washington,Cascade Natural Gas,98626,October,2021,0
Washington,Cascade Natural Gas,98674,October,2021,0
Washington,Cascade Natural Gas,98901,October,2021,0
Washington,Cascade Natural Gas,98902,October,2021,0
Washington,Cascade Natural Gas,98903,October,2021,0
Washington,Cascade Natural Gas,98930,October,2021,0
Washington,Cascade Natural Gas,98932,October,2021,0
Washington,Cascade Natural Gas,98936,October,2021,0
Washington,Cascade Natural Gas,98944,October,2021,0
Washington,Cascade Natural Gas,98953,October,2021,0
Washington,Cascade Natural Gas,99301,October,2021,0
Washington,Cascade Natural Gas,99324,October,2021,0
Washington,Cascade Natural Gas,99336,October,2021,0
Washington,Cascade Natural Gas,99337,October,2021,0
Washington,Cascade Natural Gas,99362,October,2021,0
Washington,Northwest Natural Gas Company,97031,April,2022,0
Washington,Northwest Natural Gas Company,97301,April,2022,0
Washington,Northwest Natural Gas Company,97388,April,2022,0
Washington,Northwest Natural Gas Company,97663,April,2022,0
Washington,Northwest Natural Gas Company,98026,April,2022,0
Washington,Northwest Natural Gas Company,98119,April,2022,0
Washington,Northwest Natural Gas Company,98127,April,2022,0
Washington,Northwest Natural Gas Company,98208,April,2022,0
Washington,Cascade Natural Gas,98221,April,2022,2
Washington,Cascade Natural Gas,98223,April,2022,3
Washington,Cascade Natural Gas,98225,April,2022,3
Washington,Cascade Natural Gas,98226,April,2022,1
Washington,Cascade Natural Gas,98229,April,2022,1
Washington,Cascade Natural Gas,98230,April,2022,1
Washington,Cascade Natural Gas,98232,April,2022,0
Washington,Cascade Natural Gas,98233,April,2022,1
Washington,Cascade Natural Gas,98240,April,2022,0
Washington,Cascade Natural Gas,98247,April,2022,0
Washington,Cascade Natural Gas,98248,April,2022,3
Washington,Cascade Natural Gas,98257,April,2022,0
Washington,Cascade Natural Gas,98264,April,2022,3
Washington,Cascade Natural Gas,98271,April,2022,0
Washington,Cascade Natural Gas,98273,April,2022,0
Washington,Cascade Natural Gas,98274,April,2022,1
Washington,Cascade Natural Gas,98276,April,2022,0
Washington,Cascade Natural Gas,98277,April,2022,1
Washington,Cascade Natural Gas,98282,April,2022,1
Washington,Cascade Natural Gas,98284,April,2022,1
Washington,Cascade Natural Gas,98292,April,2022,1
Washington,Cascade Natural Gas,98295,April,2022,1
Washington,Northwest Natural Gas Company,98307,April,2022,0
Washington,Cascade Natural Gas,98310,April,2022,5
Washington,Cascade Natural Gas,98311,April,2022,3
Washington,Cascade Natural Gas,98312,April,2022,8
Washington,Cascade Natural Gas,98337,April,2022,1
Washington,Cascade Natural Gas,98366,April,2022,0
Washington,Cascade Natural Gas,98367,April,2022,0
Washington,Cascade Natural Gas,98370,April,2022,0
Washington,Cascade Natural Gas,98383,April,2022,1
Washington,Cascade Natural Gas,98520,April,2022,0
Washington,Cascade Natural Gas,98541,April,2022,0
Washington,Cascade Natural Gas,98550,April,2022,2
Washington,Cascade Natural Gas,98557,April,2022,0
Washington,Cascade Natural Gas,98563,April,2022,1
Washington,Cascade Natural Gas,98584,April,2022,0
Washington,Northwest Natural Gas Company,98601,April,2022,0
Washington,Northwest Natural Gas Company,98604,April,2022,0
Washington,Northwest Natural Gas Company,98605,April,2022,0
Washington,Northwest Natural Gas Company,98606,April,2022,0
Washington,Northwest Natural Gas Company,98607,April,2022,0
Washington,Northwest Natural Gas Company,98610,April,2022,0
Washington,Northwest Natural Gas Company,98612,April,2022,0
Washington,Northwest Natural Gas Company,98617,April,2022,0
Washington,Avista Utilities,98620,April,2022,1
Washington,Northwest Natural Gas Company,98620,April,2022,0
Washington,Northwest Natural Gas Company,98626,April,2022,0
Washington,Cascade Natural Gas,98626,April,2022,0
Washington,Northwest Natural Gas Company,98628,April,2022,0
Washington,Northwest Natural Gas Company,98629,April,2022,0
Washington,Cascade Natural Gas,98632,April,2022,1
Washington,Northwest Natural Gas Company,98635,April,2022,0
Washington,Northwest Natural Gas Company,98639,April,2022,0
Washington,Northwest Natural Gas Company,98642,April,2022,0
Washington,Avista Utilities,98648,April,2022,0
Washington,Northwest Natural Gas Company,98648,April,2022,0
Washington,Northwest Natural Gas Company,98660,April,2022,0
Washington,Northwest Natural Gas Company,98661,April,2022,0
Washington,Northwest Natural Gas Company,98662,April,2022,0
Washington,Northwest Natural Gas Company,98663,April,2022,0
Washington,Northwest Natural Gas Company,98664,April,2022,0
Washington,Northwest Natural Gas Company,98665,April,2022,0
Washington,Northwest Natural Gas Company,98666,April,2022,0
Washington,Northwest Natural Gas Company,98668,April,2022,0
Washington,Northwest Natural Gas Company,98671,April,2022,0
Washington,Northwest Natural Gas Company,98672,April,2022,0
Washington,Northwest Natural Gas Company,98674,April,2022,0
Washington,Cascade Natural Gas,98674,April,2022,0
Washington,Northwest Natural Gas Company,98675,April,2022,0
Washington,Northwest Natural Gas Company,98682,April,2022,0
Washington,Northwest Natural Gas Company,98683,April,2022,0
Washington,Northwest Natural Gas Company,98684,April,2022,0
Washington,Northwest Natural Gas Company,98685,April,2022,0
Washington,Northwest Natural Gas Company,98686,April,2022,0
Washington,Northwest Natural Gas Company,98762,April,2022,0
Washington,Cascade Natural Gas,98801,April,2022,1
Washington,Cascade Natural Gas,98802,April,2022,1
Washington,Cascade Natural Gas,98837,April,2022,1
Washington,Avista Utilities,98857,April,2022,0
Washington,Cascade Natural Gas,98901,April,2022,6
Washington,Cascade Natural Gas,98902,April,2022,12
Washington,Cascade Natural Gas,98903,April,2022,1
Washington,Cascade Natural Gas,98908,April,2022,5
Washington,Cascade Natural Gas,98930,April,2022,0
Washington,Cascade Natural Gas,98932,April,2022,0
Washington,Cascade Natural Gas,98936,April,2022,0
Washington,Cascade Natural Gas,98942,April,2022,1
Washington,Cascade Natural Gas,98944,April,2022,1
Washington,Cascade Natural Gas,98948,April,2022,2
Washington,Cascade Natural Gas,98951,April,2022,2
Washington,Cascade Natural Gas,98953,April,2022,1
Washington,Avista Utilities,99001,April,2022,1
Washington,Avista Utilities,99003,April,2022,0
Washington,Avista Utilities,99004,April,2022,1
Washington,Avista Utilities,99005,April,2022,0
Washington,Avista Utilities,99006,April,2022,0
Washington,Avista Utilities,99008,April,2022,0
Washington,Avista Utilities,99009,April,2022,0
Washington,Avista Utilities,99011,April,2022,0
Washington,Avista Utilities,99012,April,2022,0
Washington,Avista Utilities,99013,April,2022,0
Washington,Avista Utilities,99014,April,2022,0
Washington,Avista Utilities,99016,April,2022,0
Washington,Avista Utilities,99018,April,2022,0
Washington,Avista Utilities,99019,April,2022,0
Washington,Avista Utilities,99020,April,2022,0
Washington,Avista Utilities,99021,April,2022,1
Washington,Avista Utilities,99022,April,2022,3
Washington,Avista Utilities,99023,April,2022,0
Washington,Avista Utilities,99025,April,2022,0
Washington,Avista Utilities,99026,April,2022,0
Washington,Avista Utilities,99027,April,2022,1
Washington,Avista Utilities,99029,April,2022,1
Washington,Avista Utilities,99030,April,2022,0
Washington,Avista Utilities,99031,April,2022,0
Washington,Avista Utilities,99032,April,2022,0
Washington,Avista Utilities,99033,April,2022,1
Washington,Avista Utilities,99034,April,2022,0
Washington,Avista Utilities,99036,April,2022,0
Washington,Avista Utilities,99037,April,2022,0
Washington,Avista Utilities,99039,April,2022,0
Washington,Avista Utilities,99040,April,2022,1
Washington,Avista Utilities,99101,April,2022,0
Washington,Avista Utilities,99102,April,2022,0
Washington,Avista Utilities,99103,April,2022,0
Washington,Avista Utilities,99104,April,2022,0
Washington,Avista Utilities,99107,April,2022,0
Washington,Avista Utilities,99109,April,2022,2
Washington,Avista Utilities,99110,April,2022,0
Washington,Avista Utilities,99111,April,2022,0
Washington,Avista Utilities,99113,April,2022,0
Washington,Avista Utilities,99114,April,2022,2
Washington,Avista Utilities,99117,April,2022,0
Washington,Avista Utilities,99122,April,2022,0
Washington,Avista Utilities,99125,April,2022,0
Washington,Avista Utilities,99126,April,2022,1
Washington,Avista Utilities,99128,April,2022,0
Washington,Avista Utilities,99129,April,2022,0
Washington,Avista Utilities,99130,April,2022,0
Washington,Avista Utilities,99131,April,2022,0
Washington,Avista Utilities,99134,April,2022,0
Washington,Avista Utilities,99137,April,2022,0
Washington,Avista Utilities,99138,April,2022,0
Washington,Avista Utilities,99141,April,2022,0
Washington,Avista Utilities,99143,April,2022,0
Washington,Avista Utilities,99144,April,2022,0
Washington,Avista Utilities,99146,April,2022,0
Washington,Avista Utilities,99148,April,2022,0
Washington,Avista Utilities,99149,April,2022,0
Washington,Avista Utilities,99151,April,2022,1
Washington,Avista Utilities,99156,April,2022,0
Washington,Avista Utilities,99157,April,2022,0
Washington,Avista Utilities,99158,April,2022,0
Washington,Avista Utilities,99159,April,2022,0
Washington,Avista Utilities,99160,April,2022,0
Washington,Avista Utilities,99161,April,2022,0
Washington,Avista Utilities,99163,April,2022,3
Washington,Avista Utilities,99164,April,2022,0
Washington,Avista Utilities,99167,April,2022,0
Washington,Avista Utilities,99169,April,2022,0
Washington,Avista Utilities,99170,April,2022,0
Washington,Avista Utilities,99171,April,2022,0
Washington,Avista Utilities,99173,April,2022,0
Washington,Avista Utilities,99174,April,2022,0
Washington,Avista Utilities,99176,April,2022,0
Washington,Avista Utilities,99179,April,2022,0
Washington,Avista Utilities,99181,April,2022,0
Washington,Avista Utilities,99185,April,2022,0
Washington,Avista Utilities,99201,April,2022,3
Washington,Avista Utilities,99202,April,2022,6
Washington,Avista Utilities,99203,April,2022,0
Washington,Avista Utilities,99204,April,2022,5
Washington,Avista Utilities,99205,April,2022,10
Washington,Avista Utilities,99206,April,2022,7
Washington,Avista Utilities,99207,April,2022,13
Washington,Avista Utilities,99208,April,2022,15
Washington,Avista Utilities,99212,April,2022,2
Washington,Avista Utilities,99216,April,2022,3
Washington,Avista Utilities,99217,April,2022,1
Washington,Avista Utilities,99218,April,2022,2
Washington,Avista Utilities,99219,April,2022,0
Washington,Avista Utilities,99220,April,2022,0
Washington,Avista Utilities,99223,April,2022,3
Washington,Avista Utilities,99224,April,2022,3
Washington,Avista Utilities,99228,April,2022,0
Washington,Avista Utilities,99260,April,2022,0
Washington,Cascade Natural Gas,99301,April,2022,3
Washington,Cascade Natural Gas,99324,April,2022,0
Washington,Avista Utilities,99326,April,2022,0
Washington,Avista Utilities,99335,April,2022,0
Washington,Cascade Natural Gas,99336,April,2022,2
Washington,Cascade Natural Gas,99337,April,2022,0
Washington,Avista Utilities,99341,April,2022,0
Washington,Cascade Natural Gas,99344,April,2022,0
Washington,Avista Utilities,99344,April,2022,2
Washington,Cascade Natural Gas,99350,April,2022,0
Washington,Cascade Natural Gas,99352,April,2022,1
Washington,Cascade Natural Gas,99353,April,2022,0
Washington,Cascade Natural Gas,99354,April,2022,2
Washington,Cascade Natural Gas,99362,April,2022,4
Washington,Avista Utilities,99371,April,2022,0
Washington,Avista Utilities,99402,April,2022,1
Washington,Avista Utilities,99403,April,2022,2
Washington,Northwest Natural Gas Company,97031,August,2022,0
Washington,Northwest Natural Gas Company,97301,August,2022,0
Washington,Northwest Natural Gas Company,97388,August,2022,0
Washington,Puget Sound Energy Inc,98001,August,2022,0
Washington,Puget Sound Energy Inc,98002,August,2022,2
Washington,Puget Sound Energy Inc,98003,August,2022,0
Washington,Puget Sound Energy Inc,98004,August,2022,4
Washington,Puget Sound Energy Inc,98005,August,2022,3
Washington,Puget Sound Energy Inc,98006,August,2022,0
Washington,Puget Sound Energy Inc,98007,August,2022,3
Washington,Puget Sound Energy Inc,98008,August,2022,0
Washington,Puget Sound Energy Inc,98010,August,2022,0
Washington,Puget Sound Energy Inc,98011,August,2022,0
Washington,Puget Sound Energy Inc,98014,August,2022,0
Washington,Puget Sound Energy Inc,98022,August,2022,3
Washington,Puget Sound Energy Inc,98023,August,2022,2
Washington,Northwest Natural Gas Company,98026,August,2022,0
Washington,Puget Sound Energy Inc,98026,August,2022,1
Washington,Puget Sound Energy Inc,98027,August,2022,0
Washington,Puget Sound Energy Inc,98028,August,2022,0
Washington,Puget Sound Energy Inc,98029,August,2022,0
Washington,Puget Sound Energy Inc,98030,August,2022,10
Washington,Puget Sound Energy Inc,98031,August,2022,4
Washington,Puget Sound Energy Inc,98032,August,2022,32
Washington,Puget Sound Energy Inc,98033,August,2022,0
Washington,Puget Sound Energy Inc,98038,August,2022,0
Washington,Puget Sound Energy Inc,98039,August,2022,0
Washington,Puget Sound Energy Inc,98040,August,2022,3
Washington,Puget Sound Energy Inc,98042,August,2022,0
Washington,Puget Sound Energy Inc,98043,August,2022,0
Washington,Puget Sound Energy Inc,98047,August,2022,2
Washington,Puget Sound Energy Inc,98052,August,2022,0
Washington,Puget Sound Energy Inc,98055,August,2022,2
Washington,Puget Sound Energy Inc,98056,August,2022,1
Washington,Puget Sound Energy Inc,98057,August,2022,1
Washington,Puget Sound Energy Inc,98059,August,2022,0
Washington,Puget Sound Energy Inc,98065,August,2022,0
Washington,Puget Sound Energy Inc,98072,August,2022,0
Washington,Puget Sound Energy Inc,98074,August,2022,0
Washington,Puget Sound Energy Inc,98092,August,2022,0
Washington,Puget Sound Energy Inc,98102,August,2022,0
Washington,Puget Sound Energy Inc,98103,August,2022,0
Washington,Puget Sound Energy Inc,98106,August,2022,2
Washington,Puget Sound Energy Inc,98108,August,2022,0
Washington,Puget Sound Energy Inc,98110,August,2022,0
Washington,Puget Sound Energy Inc,98112,August,2022,0
Washington,Puget Sound Energy Inc,98116,August,2022,0
Washington,Puget Sound Energy Inc,98117,August,2022,0
Washington,Puget Sound Energy Inc,98118,August,2022,0
Washington,Northwest Natural Gas Company,98119,August,2022,0
Washington,Puget Sound Energy Inc,98121,August,2022,0
Washington,Puget Sound Energy Inc,98126,August,2022,0
Washington,Northwest Natural Gas Company,98127,August,2022,0
Washington,Puget Sound Energy Inc,98133,August,2022,0
Washington,Puget Sound Energy Inc,98146,August,2022,1
Washington,Puget Sound Energy Inc,98148,August,2022,0
Washington,Puget Sound Energy Inc,98166,August,2022,0
Washington,Puget Sound Energy Inc,98168,August,2022,2
Washington,Puget Sound Energy Inc,98178,August,2022,2
Washington,Puget Sound Energy Inc,98188,August,2022,0
Washington,Puget Sound Energy Inc,98198,August,2022,1
Washington,Puget Sound Energy Inc,98201,August,2022,0
Washington,Northwest Natural Gas Company,98208,August,2022,0
Washington,Cascade Natural Gas,98221,August,2022,0
Washington,Puget Sound Energy Inc,98221,August,2022,0
Washington,Cascade Natural Gas,98223,August,2022,0
Washington,Puget Sound Energy Inc,98224,August,2022,0
Washington,Puget Sound Energy Inc,98225,August,2022,5
Washington,Cascade Natural Gas,98225,August,2022,2
Washington,Cascade Natural Gas,98226,August,2022,1
Washington,Puget Sound Energy Inc,98226,August,2022,1
Washington,Cascade Natural Gas,98229,August,2022,0
Washington,Puget Sound Energy Inc,98229,August,2022,2
Washington,Puget Sound Energy Inc,98230,August,2022,0
Washington,Cascade Natural Gas,98230,August,2022,3
Washington,Puget Sound Energy Inc,98232,August,2022,0
Washington,Cascade Natural Gas,98232,August,2022,0
Washington,Puget Sound Energy Inc,98233,August,2022,0
Washington,Cascade Natural Gas,98233,August,2022,3
Washington,Puget Sound Energy Inc,98235,August,2022,0
Washington,Puget Sound Energy Inc,98240,August,2022,0
Washington,Cascade Natural Gas,98240,August,2022,0
Washington,Cascade Natural Gas,98247,August,2022,0
Washington,Puget Sound Energy Inc,98247,August,2022,0
Washington,Puget Sound Energy Inc,98248,August,2022,0
Washington,Cascade Natural Gas,98248,August,2022,1
Washington,Puget Sound Energy Inc,98255,August,2022,0
Washington,Puget Sound Energy Inc,98257,August,2022,0
Washington,Cascade Natural Gas,98257,August,2022,0
Washington,Puget Sound Energy Inc,98264,August,2022,0
Washington,Cascade Natural Gas,98264,August,2022,0
Washington,Cascade Natural Gas,98271,August,2022,0
Washington,Puget Sound Energy Inc,98273,August,2022,0
Washington,Cascade Natural Gas,98273,August,2022,4
Washington,Cascade Natural Gas,98274,August,2022,0
Washington,Puget Sound Energy Inc,98274,August,2022,0
Washington,Cascade Natural Gas,98276,August,2022,0
Washington,Puget Sound Energy Inc,98277,August,2022,0
Washington,Cascade Natural Gas,98277,August,2022,1
Washington,Cascade Natural Gas,98282,August,2022,0
Washington,Cascade Natural Gas,98284,August,2022,3
Washington,Puget Sound Energy Inc,98284,August,2022,0
Washington,Cascade Natural Gas,98292,August,2022,0
Washington,Puget Sound Energy Inc,98294,August,2022,1
Washington,Cascade Natural Gas,98295,August,2022,0
Washington,Northwest Natural Gas Company,98307,August,2022,0
Washington,Cascade Natural Gas,98310,August,2022,0
Washington,Puget Sound Energy Inc,98310,August,2022,7
Washington,Puget Sound Energy Inc,98311,August,2022,7
Washington,Cascade Natural Gas,98311,August,2022,0
Washington,Puget Sound Energy Inc,98312,August,2022,11
Washington,Cascade Natural Gas,98312,August,2022,6
Washington,Puget Sound Energy Inc,98327,August,2022,0
Washington,Puget Sound Energy Inc,98332,August,2022,0
Washington,Puget Sound Energy Inc,98335,August,2022,0
Washington,Cascade Natural Gas,98337,August,2022,1
Washington,Puget Sound Energy Inc,98337,August,2022,0
Washington,Puget Sound Energy Inc,98338,August,2022,0
Washington,Puget Sound Energy Inc,98342,August,2022,0
Washington,Puget Sound Energy Inc,98346,August,2022,2
Washington,Puget Sound Energy Inc,98359,August,2022,0
Washington,Puget Sound Energy Inc,98360,August,2022,0
Washington,Puget Sound Energy Inc,98366,August,2022,16
Washington,Cascade Natural Gas,98366,August,2022,0
Washington,Puget Sound Energy Inc,98367,August,2022,8
Washington,Cascade Natural Gas,98367,August,2022,0
Washington,Cascade Natural Gas,98370,August,2022,1
Washington,Puget Sound Energy Inc,98370,August,2022,10
Washington,Puget Sound Energy Inc,98371,August,2022,2
Washington,Puget Sound Energy Inc,98372,August,2022,2
Washington,Puget Sound Energy Inc,98373,August,2022,2
Washington,Puget Sound Energy Inc,98374,August,2022,0
Washington,Puget Sound Energy Inc,98375,August,2022,0
Washington,Puget Sound Energy Inc,98380,August,2022,2
Washington,Cascade Natural Gas,98383,August,2022,1
Washington,Puget Sound Energy Inc,98383,August,2022,5
Washington,Puget Sound Energy Inc,98387,August,2022,1
Washington,Puget Sound Energy Inc,98388,August,2022,0
Washington,Puget Sound Energy Inc,98390,August,2022,0
Washington,Puget Sound Energy Inc,98391,August,2022,4
Washington,Puget Sound Energy Inc,98392,August,2022,0
Washington,Puget Sound Energy Inc,98402,August,2022,0
Washington,Puget Sound Energy Inc,98403,August,2022,1
Washington,Puget Sound Energy Inc,98404,August,2022,1
Washington,Puget Sound Energy Inc,98405,August,2022,0
Washington,Puget Sound Energy Inc,98406,August,2022,1
Washington,Puget Sound Energy Inc,98407,August,2022,0
Washington,Puget Sound Energy Inc,98408,August,2022,0
Washington,Puget Sound Energy Inc,98409,August,2022,1
Washington,Puget Sound Energy Inc,98418,August,2022,0
Washington,Puget Sound Energy Inc,98422,August,2022,0
Washington,Puget Sound Energy Inc,98439,August,2022,2
Washington,Puget Sound Energy Inc,98444,August,2022,0
Washington,Puget Sound Energy Inc,98445,August,2022,0
Washington,Puget Sound Energy Inc,98446,August,2022,0
Washington,Puget Sound Energy Inc,98466,August,2022,0
Washington,Puget Sound Energy Inc,98467,August,2022,0
Washington,Puget Sound Energy Inc,98498,August,2022,0
Washington,Puget Sound Energy Inc,98499,August,2022,0
Washington,Puget Sound Energy Inc,98501,August,2022,5
Washington,Puget Sound Energy Inc,98502,August,2022,7
Washington,Puget Sound Energy Inc,98503,August,2022,10
Washington,Puget Sound Energy Inc,98506,August,2022,2
Washington,Puget Sound Energy Inc,98512,August,2022,0
Washington,Puget Sound Energy Inc,98513,August,2022,4
Washington,Puget Sound Energy Inc,98516,August,2022,1
Washington,Cascade Natural Gas,98520,August,2022,1
Washington,Puget Sound Energy Inc,98530,August,2022,0
Washington,Puget Sound Energy Inc,98531,August,2022,0
Washington,Cascade Natural Gas,98541,August,2022,1
Washington,Cascade Natural Gas,98550,August,2022,0
Washington,Cascade Natural Gas,98557,August,2022,0
Washington,Cascade Natural Gas,98563,August,2022,0
Washington,Puget Sound Energy Inc,98576,August,2022,0
Washington,Puget Sound Energy Inc,98579,August,2022,0
Washington,Puget Sound Energy Inc,98580,August,2022,0
Washington,Cascade Natural Gas,98584,August,2022,2
Washington,Puget Sound Energy Inc,98589,August,2022,0
Washington,Puget Sound Energy Inc,98597,August,2022,0
Washington,Northwest Natural Gas Company,98601,August,2022,0
Washington,Northwest Natural Gas Company,98604,August,2022,1
Washington,Northwest Natural Gas Company,98605,August,2022,0
Washington,Northwest Natural Gas Company,98606,August,2022,0
Washington,Northwest Natural Gas Company,98607,August,2022,0
Washington,Northwest Natural Gas Company,98610,August,2022,0
Washington,Northwest Natural Gas Company,98612,August,2022,0
Washington,Northwest Natural Gas Company,98617,August,2022,0
Washington,Northwest Natural Gas Company,98620,August,2022,0
Washington,Avista Utilities,98620,August,2022,0
Washington,Northwest Natural Gas Company,98626,August,2022,0
Washington,Cascade Natural Gas,98626,August,2022,3
Washington,Northwest Natural Gas Company,98628,August,2022,0
Washington,Northwest Natural Gas Company,98629,August,2022,0
Washington,Cascade Natural Gas,98632,August,2022,0
Washington,Northwest Natural Gas Company,98635,August,2022,0
Washington,Northwest Natural Gas Company,98639,August,2022,0
Washington,Northwest Natural Gas Company,98642,August,2022,1
Washington,Northwest Natural Gas Company,98648,August,2022,0
Washington,Avista Utilities,98648,August,2022,0
Washington,Northwest Natural Gas Company,98660,August,2022,0
Washington,Northwest Natural Gas Company,98661,August,2022,3
Washington,Northwest Natural Gas Company,98662,August,2022,0
Washington,Northwest Natural Gas Company,98663,August,2022,0
Washington,Northwest Natural Gas Company,98664,August,2022,0
Washington,Northwest Natural Gas Company,98665,August,2022,4
Washington,Northwest Natural Gas Company,98666,August,2022,0
Washington,Northwest Natural Gas Company,98668,August,2022,0
Washington,Northwest Natural Gas Company,98671,August,2022,0
Washington,Northwest Natural Gas Company,98672,August,2022,0
Washington,Northwest Natural Gas Company,98674,August,2022,0
Washington,Cascade Natural Gas,98674,August,2022,0
Washington,Northwest Natural Gas Company,98675,August,2022,0
Washington,Northwest Natural Gas Company,98682,August,2022,2
Washington,Northwest Natural Gas Company,98683,August,2022,0
Washington,Northwest Natural Gas Company,98684,August,2022,0
Washington,Northwest Natural Gas Company,98685,August,2022,0
Washington,Northwest Natural Gas Company,98686,August,2022,0
Washington,Northwest Natural Gas Company,98762,August,2022,0
Washington,Cascade Natural Gas,98801,August,2022,0
Washington,Cascade Natural Gas,98802,August,2022,0
Washington,Cascade Natural Gas,98837,August,2022,0
Washington,Avista Utilities,98857,August,2022,0
Washington,Northwest Natural Gas Company,98864,August,2022,0
Washington,Cascade Natural Gas,98901,August,2022,6
Washington,Cascade Natural Gas,98902,August,2022,16
Washington,Cascade Natural Gas,98903,August,2022,2
Washington,Cascade Natural Gas,98908,August,2022,0
Washington,Puget Sound Energy Inc,98922,August,2022,1
Washington,Cascade Natural Gas,98930,August,2022,2
Washington,Cascade Natural Gas,98932,August,2022,0
Washington,Cascade Natural Gas,98936,August,2022,1
Washington,PacifiCorp,98938,August,2022,0
Washington,Cascade Natural Gas,98942,August,2022,0
Washington,PacifiCorp,98944,August,2022,0
Washington,Cascade Natural Gas,98944,August,2022,0
Washington,Cascade Natural Gas,98948,August,2022,0
Washington,Cascade Natural Gas,98951,August,2022,0
Washington,Cascade Natural Gas,98953,August,2022,1
Washington,Avista Utilities,99001,August,2022,3
Washington,Avista Utilities,99003,August,2022,0
Washington,Avista Utilities,99004,August,2022,2
Washington,Avista Utilities,99005,August,2022,0
Washington,Avista Utilities,99006,August,2022,0
Washington,Avista Utilities,99008,August,2022,0
Washington,Avista Utilities,99009,August,2022,0
Washington,Avista Utilities,99011,August,2022,0
Washington,Avista Utilities,99012,August,2022,0
Washington,Avista Utilities,99013,August,2022,0
Washington,Avista Utilities,99014,August,2022,0
Washington,Avista Utilities,99016,August,2022,0
Washington,Avista Utilities,99018,August,2022,0
Washington,Avista Utilities,99019,August,2022,0
Washington,Avista Utilities,99020,August,2022,0
Washington,Avista Utilities,99021,August,2022,0
Washington,Avista Utilities,99022,August,2022,1
Washington,Avista Utilities,99023,August,2022,0
Washington,Avista Utilities,99025,August,2022,0
Washington,Avista Utilities,99026,August,2022,0
Washington,Avista Utilities,99027,August,2022,1
Washington,Avista Utilities,99029,August,2022,0
Washington,Avista Utilities,99030,August,2022,0
Washington,Avista Utilities,99031,August,2022,0
Washington,Avista Utilities,99032,August,2022,0
Washington,Avista Utilities,99033,August,2022,0
Washington,Avista Utilities,99034,August,2022,0
Washington,Avista Utilities,99036,August,2022,0
Washington,Avista Utilities,99037,August,2022,0
Washington,Avista Utilities,99039,August,2022,0
Washington,Avista Utilities,99040,August,2022,0
Washington,Avista Utilities,99101,August,2022,0
Washington,Avista Utilities,99102,August,2022,0
Washington,Avista Utilities,99103,August,2022,0
Washington,Avista Utilities,99104,August,2022,0
Washington,Avista Utilities,99107,August,2022,0
Washington,Avista Utilities,99109,August,2022,1
Washington,Avista Utilities,99110,August,2022,0
Washington,Avista Utilities,99111,August,2022,0
Washington,Avista Utilities,99113,August,2022,0
Washington,Avista Utilities,99114,August,2022,9
Washington,Avista Utilities,99117,August,2022,0
Washington,Avista Utilities,99122,August,2022,0
Washington,Avista Utilities,99125,August,2022,0
Washington,Avista Utilities,99126,August,2022,0
Washington,Avista Utilities,99128,August,2022,0
Washington,Avista Utilities,99129,August,2022,0
Washington,Avista Utilities,99130,August,2022,0
Washington,Avista Utilities,99131,August,2022,0
Washington,Avista Utilities,99134,August,2022,0
Washington,Avista Utilities,99137,August,2022,0
Washington,Avista Utilities,99138,August,2022,0
Washington,Avista Utilities,99141,August,2022,2
Washington,Avista Utilities,99143,August,2022,0
Washington,Avista Utilities,99144,August,2022,0
Washington,Avista Utilities,99146,August,2022,0
Washington,Avista Utilities,99148,August,2022,0
Washington,Avista Utilities,99149,August,2022,0
Washington,Avista Utilities,99151,August,2022,0
Washington,Avista Utilities,99156,August,2022,0
Washington,Avista Utilities,99157,August,2022,0
Washington,Avista Utilities,99158,August,2022,0
Washington,Avista Utilities,99159,August,2022,0
Washington,Avista Utilities,99160,August,2022,0
Washington,Avista Utilities,99161,August,2022,0
Washington,Avista Utilities,99163,August,2022,1
Washington,Avista Utilities,99164,August,2022,0
Washington,Avista Utilities,99167,August,2022,0
Washington,Avista Utilities,99169,August,2022,0
Washington,Avista Utilities,99170,August,2022,0
Washington,Avista Utilities,99171,August,2022,0
Washington,Avista Utilities,99173,August,2022,0
Washington,Avista Utilities,99174,August,2022,0
Washington,Avista Utilities,99176,August,2022,0
Washington,Avista Utilities,99179,August,2022,0
Washington,Avista Utilities,99181,August,2022,0
Washington,Avista Utilities,99185,August,2022,0
Washington,Avista Utilities,99201,August,2022,1
Washington,Avista Utilities,99202,August,2022,2
Washington,Avista Utilities,99203,August,2022,0
Washington,Avista Utilities,99204,August,2022,0
Washington,Avista Utilities,99205,August,2022,7
Washington,Avista Utilities,99206,August,2022,0
Washington,Avista Utilities,99207,August,2022,5
Washington,Avista Utilities,99208,August,2022,1
Washington,Avista Utilities,99212,August,2022,2
Washington,Avista Utilities,99216,August,2022,1
Washington,Avista Utilities,99217,August,2022,6
Washington,Avista Utilities,99218,August,2022,2
Washington,Avista Utilities,99219,August,2022,0
Washington,Avista Utilities,99220,August,2022,0
Washington,Avista Utilities,99223,August,2022,2
Washington,Avista Utilities,99224,August,2022,1
Washington,Avista Utilities,99228,August,2022,0
Washington,Avista Utilities,99260,August,2022,0
Washington,Cascade Natural Gas,99301,August,2022,10
Washington,PacifiCorp,99324,August,2022,0
Washington,Cascade Natural Gas,99324,August,2022,1
Washington,Avista Utilities,99326,August,2022,0
Washington,Avista Utilities,99335,August,2022,0
Washington,Cascade Natural Gas,99336,August,2022,0
Washington,Cascade Natural Gas,99337,August,2022,0
Washington,Avista Utilities,99341,August,2022,0
Washington,Cascade Natural Gas,99344,August,2022,0
Washington,Avista Utilities,99344,August,2022,4
Washington,Cascade Natural Gas,99350,August,2022,0
Washington,Cascade Natural Gas,99352,August,2022,0
Washington,Cascade Natural Gas,99353,August,2022,0
Washington,Cascade Natural Gas,99354,August,2022,0
Washington,Cascade Natural Gas,99362,August,2022,1
Washington,Avista Utilities,99371,August,2022,0
Washington,Avista Utilities,99402,August,2022,1
Washington,Avista Utilities,99403,August,2022,0
Washington,Puget Sound Energy Inc,98001,December,2022,3
Washington,Puget Sound Energy Inc,98002,December,2022,7
Washington,Puget Sound Energy Inc,98003,December,2022,9
Washington,Puget Sound Energy Inc,98004,December,2022,1
Washington,Puget Sound Energy Inc,98005,December,2022,2
Washington,Puget Sound Energy Inc,98006,December,2022,0
Washington,Puget Sound Energy Inc,98007,December,2022,2
Washington,Puget Sound Energy Inc,98008,December,2022,0
Washington,Puget Sound Energy Inc,98010,December,2022,0
Washington,Puget Sound Energy Inc,98011,December,2022,0
Washington,Puget Sound Energy Inc,98014,December,2022,0
Washington,Puget Sound Energy Inc,98022,December,2022,0
Washington,Puget Sound Energy Inc,98023,December,2022,9
Washington,Puget Sound Energy Inc,98026,December,2022,0
Washington,Puget Sound Energy Inc,98027,December,2022,4
Washington,Puget Sound Energy Inc,98028,December,2022,1
Washington,Puget Sound Energy Inc,98029,December,2022,0
Washington,Puget Sound Energy Inc,98030,December,2022,4
Washington,Puget Sound Energy Inc,98031,December,2022,10
Washington,Puget Sound Energy Inc,98032,December,2022,11
Washington,Puget Sound Energy Inc,98033,December,2022,2
Washington,Puget Sound Energy Inc,98038,December,2022,1
Washington,Puget Sound Energy Inc,98039,December,2022,2
Washington,Puget Sound Energy Inc,98040,December,2022,0
Washington,Puget Sound Energy Inc,98042,December,2022,1
Washington,Puget Sound Energy Inc,98043,December,2022,1
Washington,Puget Sound Energy Inc,98047,December,2022,0
Washington,Puget Sound Energy Inc,98052,December,2022,2
Washington,Puget Sound Energy Inc,98055,December,2022,3
Washington,Puget Sound Energy Inc,98056,December,2022,5
Washington,Puget Sound Energy Inc,98057,December,2022,8
Washington,Puget Sound Energy Inc,98059,December,2022,1
Washington,Puget Sound Energy Inc,98065,December,2022,0
Washington,Puget Sound Energy Inc,98072,December,2022,0
Washington,Puget Sound Energy Inc,98074,December,2022,1
Washington,Puget Sound Energy Inc,98092,December,2022,10
Washington,Puget Sound Energy Inc,98102,December,2022,0
Washington,Puget Sound Energy Inc,98103,December,2022,0
Washington,Puget Sound Energy Inc,98106,December,2022,0
Washington,Puget Sound Energy Inc,98108,December,2022,0
Washington,Puget Sound Energy Inc,98110,December,2022,0
Washington,Puget Sound Energy Inc,98112,December,2022,1
Washington,Puget Sound Energy Inc,98116,December,2022,0
Washington,Puget Sound Energy Inc,98117,December,2022,0
Washington,Puget Sound Energy Inc,98118,December,2022,0
Washington,Puget Sound Energy Inc,98121,December,2022,0
Washington,Puget Sound Energy Inc,98126,December,2022,0
Washington,Puget Sound Energy Inc,98133,December,2022,0
Washington,Puget Sound Energy Inc,98146,December,2022,0
Washington,Puget Sound Energy Inc,98148,December,2022,0
Washington,Puget Sound Energy Inc,98166,December,2022,0
Washington,Puget Sound Energy Inc,98168,December,2022,0
Washington,Puget Sound Energy Inc,98178,December,2022,0
Washington,Puget Sound Energy Inc,98188,December,2022,3
Washington,Puget Sound Energy Inc,98198,December,2022,4
Washington,Puget Sound Energy Inc,98201,December,2022,0
Washington,Puget Sound Energy Inc,98221,December,2022,1
Washington,Cascade Natural Gas,98221,December,2022,2
Washington,Cascade Natural Gas,98223,December,2022,1
Washington,Puget Sound Energy Inc,98224,December,2022,0
Washington,Cascade Natural Gas,98225,December,2022,4
Washington,Puget Sound Energy Inc,98225,December,2022,2
Washington,Puget Sound Energy Inc,98226,December,2022,4
Washington,Cascade Natural Gas,98226,December,2022,4
Washington,Puget Sound Energy Inc,98229,December,2022,2
Washington,Cascade Natural Gas,98229,December,2022,4
Washington,Cascade Natural Gas,98230,December,2022,0
Washington,Puget Sound Energy Inc,98230,December,2022,2
Washington,Puget Sound Energy Inc,98232,December,2022,0
Washington,Cascade Natural Gas,98232,December,2022,0
Washington,Puget Sound Energy Inc,98233,December,2022,0
Washington,Cascade Natural Gas,98233,December,2022,0
Washington,Puget Sound Energy Inc,98235,December,2022,1
Washington,Cascade Natural Gas,98240,December,2022,0
Washington,Puget Sound Energy Inc,98240,December,2022,1
Washington,Cascade Natural Gas,98247,December,2022,4
Washington,Puget Sound Energy Inc,98247,December,2022,2
Washington,Puget Sound Energy Inc,98248,December,2022,8
Washington,Cascade Natural Gas,98248,December,2022,1
Washington,Puget Sound Energy Inc,98255,December,2022,0
Washington,Puget Sound Energy Inc,98257,December,2022,1
Washington,Cascade Natural Gas,98257,December,2022,0
Washington,Cascade Natural Gas,98264,December,2022,1
Washington,Puget Sound Energy Inc,98264,December,2022,4
Washington,Cascade Natural Gas,98271,December,2022,0
Washington,Cascade Natural Gas,98273,December,2022,12
Washington,Puget Sound Energy Inc,98273,December,2022,1
Washington,Cascade Natural Gas,98274,December,2022,6
Washington,Puget Sound Energy Inc,98274,December,2022,2
Washington,Cascade Natural Gas,98276,December,2022,1
Washington,Cascade Natural Gas,98277,December,2022,1
Washington,Puget Sound Energy Inc,98277,December,2022,4
Washington,Cascade Natural Gas,98282,December,2022,0
Washington,Cascade Natural Gas,98284,December,2022,0
Washington,Puget Sound Energy Inc,98284,December,2022,5
Washington,Cascade Natural Gas,98292,December,2022,0
Washington,Puget Sound Energy Inc,98294,December,2022,0
Washington,Cascade Natural Gas,98295,December,2022,0
Washington,Cascade Natural Gas,98310,December,2022,2
Washington,Puget Sound Energy Inc,98310,December,2022,0
Washington,Cascade Natural Gas,98311,December,2022,3
Washington,Puget Sound Energy Inc,98311,December,2022,0
Washington,Puget Sound Energy Inc,98312,December,2022,1
Washington,Cascade Natural Gas,98312,December,2022,1
Washington,Puget Sound Energy Inc,98327,December,2022,0
Washington,Puget Sound Energy Inc,98332,December,2022,0
Washington,Puget Sound Energy Inc,98335,December,2022,1
Washington,Cascade Natural Gas,98337,December,2022,1
Washington,Puget Sound Energy Inc,98337,December,2022,0
Washington,Puget Sound Energy Inc,98338,December,2022,1
Washington,Puget Sound Energy Inc,98342,December,2022,0
Washington,Puget Sound Energy Inc,98346,December,2022,1
Washington,Puget Sound Energy Inc,98359,December,2022,0
Washington,Puget Sound Energy Inc,98360,December,2022,0
Washington,Puget Sound Energy Inc,98366,December,2022,2
Washington,Cascade Natural Gas,98366,December,2022,8
Washington,Puget Sound Energy Inc,98367,December,2022,3
Washington,Cascade Natural Gas,98367,December,2022,1
Washington,Puget Sound Energy Inc,98370,December,2022,0
Washington,Cascade Natural Gas,98370,December,2022,2
Washington,Puget Sound Energy Inc,98371,December,2022,2
Washington,Puget Sound Energy Inc,98372,December,2022,0
Washington,Puget Sound Energy Inc,98373,December,2022,2
Washington,Puget Sound Energy Inc,98374,December,2022,5
Washington,Puget Sound Energy Inc,98375,December,2022,0
Washington,Puget Sound Energy Inc,98380,December,2022,1
Washington,Puget Sound Energy Inc,98383,December,2022,1
Washington,Cascade Natural Gas,98383,December,2022,0
Washington,Puget Sound Energy Inc,98387,December,2022,3
Washington,Puget Sound Energy Inc,98388,December,2022,0
Washington,Puget Sound Energy Inc,98390,December,2022,2
Washington,Puget Sound Energy Inc,98391,December,2022,4
Washington,Puget Sound Energy Inc,98392,December,2022,0
Washington,Puget Sound Energy Inc,98402,December,2022,1
Washington,Puget Sound Energy Inc,98403,December,2022,2
Washington,Puget Sound Energy Inc,98404,December,2022,1
Washington,Puget Sound Energy Inc,98405,December,2022,1
Washington,Puget Sound Energy Inc,98406,December,2022,2
Washington,Puget Sound Energy Inc,98407,December,2022,1
Washington,Puget Sound Energy Inc,98408,December,2022,2
Washington,Puget Sound Energy Inc,98409,December,2022,4
Washington,Puget Sound Energy Inc,98418,December,2022,3
Washington,Puget Sound Energy Inc,98422,December,2022,1
Washington,Puget Sound Energy Inc,98439,December,2022,1
Washington,Puget Sound Energy Inc,98444,December,2022,3
Washington,Puget Sound Energy Inc,98445,December,2022,3
Washington,Puget Sound Energy Inc,98446,December,2022,3
Washington,Puget Sound Energy Inc,98466,December,2022,0
Washington,Puget Sound Energy Inc,98467,December,2022,1
Washington,Puget Sound Energy Inc,98498,December,2022,1
Washington,Puget Sound Energy Inc,98499,December,2022,0
Washington,Puget Sound Energy Inc,98501,December,2022,4
Washington,Puget Sound Energy Inc,98502,December,2022,4
Washington,Puget Sound Energy Inc,98503,December,2022,4
Washington,Puget Sound Energy Inc,98506,December,2022,1
Washington,Puget Sound Energy Inc,98512,December,2022,3
Washington,Puget Sound Energy Inc,98513,December,2022,0
Washington,Puget Sound Energy Inc,98516,December,2022,0
Washington,Cascade Natural Gas,98520,December,2022,12
Washington,Puget Sound Energy Inc,98530,December,2022,1
Washington,Puget Sound Energy Inc,98531,December,2022,0
Washington,Cascade Natural Gas,98541,December,2022,0
Washington,Cascade Natural Gas,98550,December,2022,7
Washington,Cascade Natural Gas,98557,December,2022,0
Washington,Cascade Natural Gas,98563,December,2022,0
Washington,Puget Sound Energy Inc,98576,December,2022,2
Washington,Puget Sound Energy Inc,98579,December,2022,1
Washington,Puget Sound Energy Inc,98580,December,2022,0
Washington,Cascade Natural Gas,98584,December,2022,0
Washington,Puget Sound Energy Inc,98589,December,2022,0
Washington,Puget Sound Energy Inc,98597,December,2022,1
Washington,Avista Utilities,98620,December,2022,0
Washington,Cascade Natural Gas,98626,December,2022,1
Washington,Cascade Natural Gas,98632,December,2022,2
Washington,Avista Utilities,98648,December,2022,0
Washington,Cascade Natural Gas,98674,December,2022,2
Washington,Cascade Natural Gas,98801,December,2022,0
Washington,Cascade Natural Gas,98802,December,2022,0
Washington,Cascade Natural Gas,98837,December,2022,0
Washington,Avista Utilities,98857,December,2022,0
Washington,Cascade Natural Gas,98901,December,2022,0
Washington,Cascade Natural Gas,98902,December,2022,2
Washington,Cascade Natural Gas,98903,December,2022,0
Washington,Cascade Natural Gas,98908,December,2022,0
Washington,Puget Sound Energy Inc,98922,December,2022,0
Washington,Cascade Natural Gas,98930,December,2022,0
Washington,Cascade Natural Gas,98932,December,2022,0
Washington,Cascade Natural Gas,98936,December,2022,0
Washington,Cascade Natural Gas,98942,December,2022,1
Washington,Cascade Natural Gas,98944,December,2022,1
Washington,Cascade Natural Gas,98948,December,2022,0
Washington,Cascade Natural Gas,98951,December,2022,0
Washington,Cascade Natural Gas,98953,December,2022,0
Washington,Avista Utilities,99001,December,2022,2
Washington,Avista Utilities,99003,December,2022,2
Washington,Avista Utilities,99004,December,2022,0
Washington,Avista Utilities,99005,December,2022,3
Washington,Avista Utilities,99006,December,2022,0
Washington,Avista Utilities,99008,December,2022,0
Washington,Avista Utilities,99009,December,2022,1
Washington,Avista Utilities,99011,December,2022,0
Washington,Avista Utilities,99012,December,2022,2
Washington,Avista Utilities,99013,December,2022,6
Washington,Avista Utilities,99014,December,2022,0
Washington,Avista Utilities,99016,December,2022,9
Washington,Avista Utilities,99018,December,2022,0
Washington,Avista Utilities,99019,December,2022,10
Washington,Avista Utilities,99020,December,2022,0
Washington,Avista Utilities,99021,December,2022,4
Washington,Avista Utilities,99022,December,2022,0
Washington,Avista Utilities,99023,December,2022,0
Washington,Avista Utilities,99025,December,2022,1
Washington,Avista Utilities,99026,December,2022,0
Washington,Avista Utilities,99027,December,2022,4
Washington,Avista Utilities,99029,December,2022,0
Washington,Avista Utilities,99030,December,2022,0
Washington,Avista Utilities,99031,December,2022,0
Washington,Avista Utilities,99032,December,2022,0
Washington,Avista Utilities,99033,December,2022,0
Washington,Avista Utilities,99034,December,2022,0
Washington,Avista Utilities,99036,December,2022,0
Washington,Avista Utilities,99037,December,2022,0
Washington,Avista Utilities,99039,December,2022,0
Washington,Avista Utilities,99040,December,2022,1
Washington,Avista Utilities,99101,December,2022,0
Washington,Avista Utilities,99102,December,2022,0
Washington,Avista Utilities,99103,December,2022,0
Washington,Avista Utilities,99104,December,2022,0
Washington,Avista Utilities,99107,December,2022,0
Washington,Avista Utilities,99109,December,2022,0
Washington,Avista Utilities,99110,December,2022,0
Washington,Avista Utilities,99111,December,2022,3
Washington,Avista Utilities,99113,December,2022,0
Washington,Avista Utilities,99114,December,2022,9
Washington,Avista Utilities,99117,December,2022,0
Washington,Avista Utilities,99122,December,2022,0
Washington,Avista Utilities,99125,December,2022,0
Washington,Avista Utilities,99126,December,2022,0
Washington,Avista Utilities,99128,December,2022,0
Washington,Avista Utilities,99129,December,2022,0
Washington,Avista Utilities,99130,December,2022,0
Washington,Avista Utilities,99131,December,2022,0
Washington,Avista Utilities,99134,December,2022,1
Washington,Avista Utilities,99137,December,2022,0
Washington,Avista Utilities,99138,December,2022,0
Washington,Avista Utilities,99141,December,2022,3
Washington,Avista Utilities,99143,December,2022,1
Washington,Avista Utilities,99144,December,2022,0
Washington,Avista Utilities,99146,December,2022,0
Washington,Avista Utilities,99148,December,2022,0
Washington,Avista Utilities,99149,December,2022,0
Washington,Avista Utilities,99151,December,2022,0
Washington,Avista Utilities,99156,December,2022,0
Washington,Avista Utilities,99157,December,2022,0
Washington,Avista Utilities,99158,December,2022,1
Washington,Avista Utilities,99159,December,2022,0
Washington,Avista Utilities,99160,December,2022,0
Washington,Avista Utilities,99161,December,2022,0
Washington,Avista Utilities,99163,December,2022,26
Washington,Avista Utilities,99164,December,2022,0
Washington,Avista Utilities,99167,December,2022,0
Washington,Avista Utilities,99169,December,2022,1
Washington,Avista Utilities,99170,December,2022,1
Washington,Avista Utilities,99171,December,2022,0
Washington,Avista Utilities,99173,December,2022,0
Washington,Avista Utilities,99174,December,2022,0
Washington,Avista Utilities,99176,December,2022,0
Washington,Avista Utilities,99179,December,2022,0
Washington,Avista Utilities,99181,December,2022,1
Washington,Avista Utilities,99185,December,2022,0
Washington,Avista Utilities,99201,December,2022,21
Washington,Avista Utilities,99202,December,2022,16
Washington,Avista Utilities,99203,December,2022,16
Washington,Avista Utilities,99204,December,2022,5
Washington,Avista Utilities,99205,December,2022,38
Washington,Avista Utilities,99206,December,2022,9
Washington,Avista Utilities,99207,December,2022,72
Washington,Avista Utilities,99208,December,2022,45
Washington,Avista Utilities,99212,December,2022,16
Washington,Avista Utilities,99216,December,2022,13
Washington,Avista Utilities,99217,December,2022,24
Washington,Avista Utilities,99218,December,2022,10
Washington,Avista Utilities,99219,December,2022,0
Washington,Avista Utilities,99220,December,2022,0
Washington,Avista Utilities,99223,December,2022,18
Washington,Avista Utilities,99224,December,2022,4
Washington,Avista Utilities,99228,December,2022,0
Washington,Avista Utilities,99260,December,2022,0
Washington,Cascade Natural Gas,99301,December,2022,0
Washington,Cascade Natural Gas,99324,December,2022,0
Washington,Avista Utilities,99326,December,2022,0
Washington,Avista Utilities,99335,December,2022,0
Washington,Cascade Natural Gas,99336,December,2022,6
Washington,Cascade Natural Gas,99337,December,2022,0
Washington,Avista Utilities,99341,December,2022,0
Washington,Cascade Natural Gas,99344,December,2022,0
Washington,Avista Utilities,99344,December,2022,6
Washington,Cascade Natural Gas,99350,December,2022,0
Washington,Cascade Natural Gas,99352,December,2022,0
Washington,Cascade Natural Gas,99353,December,2022,0
Washington,Cascade Natural Gas,99354,December,2022,0
Washington,Cascade Natural Gas,99362,December,2022,1
Washington,PacifiCorp,99362,December,2022,0
Washington,Avista Utilities,99371,December,2022,0
Washington,Avista Utilities,99402,December,2022,0
Washington,Avista Utilities,99403,December,2022,14
Washington,Cascade Natural Gas,98221,February,2022,0
Washington,Cascade Natural Gas,98223,February,2022,0
Washington,Cascade Natural Gas,98225,February,2022,1
Washington,Cascade Natural Gas,98226,February,2022,1
Washington,Cascade Natural Gas,98229,February,2022,0
Washington,Cascade Natural Gas,98230,February,2022,0
Washington,Cascade Natural Gas,98232,February,2022,0
Washington,Cascade Natural Gas,98233,February,2022,0
Washington,Cascade Natural Gas,98240,February,2022,0
Washington,Cascade Natural Gas,98247,February,2022,0
Washington,Cascade Natural Gas,98248,February,2022,0
Washington,Cascade Natural Gas,98257,February,2022,0
Washington,Cascade Natural Gas,98264,February,2022,0
Washington,Cascade Natural Gas,98271,February,2022,0
Washington,Cascade Natural Gas,98273,February,2022,0
Washington,Cascade Natural Gas,98274,February,2022,0
Washington,Cascade Natural Gas,98276,February,2022,0
Washington,Cascade Natural Gas,98277,February,2022,0
Washington,Cascade Natural Gas,98282,February,2022,0
Washington,Cascade Natural Gas,98284,February,2022,0
Washington,Cascade Natural Gas,98292,February,2022,0
Washington,Cascade Natural Gas,98295,February,2022,1
Washington,Cascade Natural Gas,98310,February,2022,0
Washington,Cascade Natural Gas,98311,February,2022,0
Washington,Cascade Natural Gas,98312,February,2022,0
Washington,Cascade Natural Gas,98337,February,2022,0
Washington,Cascade Natural Gas,98366,February,2022,2
Washington,Cascade Natural Gas,98367,February,2022,0
Washington,Cascade Natural Gas,98370,February,2022,0
Washington,Cascade Natural Gas,98383,February,2022,0
Washington,Cascade Natural Gas,98520,February,2022,0
Washington,Cascade Natural Gas,98541,February,2022,0
Washington,Cascade Natural Gas,98550,February,2022,0
Washington,Cascade Natural Gas,98557,February,2022,0
Washington,Cascade Natural Gas,98563,February,2022,0
Washington,Cascade Natural Gas,98584,February,2022,0
Washington,Avista Utilities,98620,February,2022,0
Washington,Cascade Natural Gas,98626,February,2022,0
Washington,Cascade Natural Gas,98632,February,2022,0
Washington,Avista Utilities,98648,February,2022,0
Washington,Cascade Natural Gas,98674,February,2022,0
Washington,Cascade Natural Gas,98801,February,2022,0
Washington,Cascade Natural Gas,98802,February,2022,0
Washington,Cascade Natural Gas,98837,February,2022,0
Washington,Avista Utilities,98857,February,2022,0
Washington,Cascade Natural Gas,98901,February,2022,0
Washington,Cascade Natural Gas,98902,February,2022,1
Washington,Cascade Natural Gas,98903,February,2022,0
Washington,Cascade Natural Gas,98908,February,2022,0
Washington,Cascade Natural Gas,98930,February,2022,0
Washington,Cascade Natural Gas,98932,February,2022,0
Washington,Cascade Natural Gas,98936,February,2022,1
Washington,Cascade Natural Gas,98942,February,2022,0
Washington,Cascade Natural Gas,98944,February,2022,1
Washington,Cascade Natural Gas,98948,February,2022,0
Washington,Cascade Natural Gas,98951,February,2022,0
Washington,Cascade Natural Gas,98953,February,2022,0
Washington,Avista Utilities,99001,February,2022,0
Washington,Avista Utilities,99003,February,2022,0
Washington,Avista Utilities,99004,February,2022,1
Washington,Avista Utilities,99005,February,2022,1
Washington,Avista Utilities,99006,February,2022,3
Washington,Avista Utilities,99008,February,2022,0
Washington,Avista Utilities,99009,February,2022,0
Washington,Avista Utilities,99011,February,2022,0
Washington,Avista Utilities,99012,February,2022,0
Washington,Avista Utilities,99013,February,2022,4
Washington,Avista Utilities,99014,February,2022,0
Washington,Avista Utilities,99016,February,2022,2
Washington,Avista Utilities,99018,February,2022,0
Washington,Avista Utilities,99019,February,2022,1
Washington,Avista Utilities,99020,February,2022,0
Washington,Avista Utilities,99021,February,2022,0
Washington,Avista Utilities,99022,February,2022,0
Washington,Avista Utilities,99023,February,2022,0
Washington,Avista Utilities,99025,February,2022,0
Washington,Avista Utilities,99026,February,2022,0
Washington,Avista Utilities,99027,February,2022,1
Washington,Avista Utilities,99029,February,2022,0
Washington,Avista Utilities,99030,February,2022,0
Washington,Avista Utilities,99031,February,2022,2
Washington,Avista Utilities,99032,February,2022,1
Washington,Avista Utilities,99033,February,2022,0
Washington,Avista Utilities,99034,February,2022,0
Washington,Avista Utilities,99036,February,2022,0
Washington,Avista Utilities,99037,February,2022,0
Washington,Avista Utilities,99039,February,2022,1
Washington,Avista Utilities,99040,February,2022,2
Washington,Avista Utilities,99101,February,2022,0
Washington,Avista Utilities,99102,February,2022,1
Washington,Avista Utilities,99103,February,2022,0
Washington,Avista Utilities,99104,February,2022,0
Washington,Avista Utilities,99107,February,2022,0
Washington,Avista Utilities,99109,February,2022,3
Washington,Avista Utilities,99110,February,2022,1
Washington,Avista Utilities,99111,February,2022,0
Washington,Avista Utilities,99113,February,2022,0
Washington,Avista Utilities,99114,February,2022,6
Washington,Avista Utilities,99117,February,2022,0
Washington,Avista Utilities,99122,February,2022,0
Washington,Avista Utilities,99125,February,2022,0
Washington,Avista Utilities,99126,February,2022,1
Washington,Avista Utilities,99128,February,2022,0
Washington,Avista Utilities,99129,February,2022,0
Washington,Avista Utilities,99130,February,2022,0
Washington,Avista Utilities,99131,February,2022,0
Washington,Avista Utilities,99134,February,2022,0
Washington,Avista Utilities,99137,February,2022,0
Washington,Avista Utilities,99138,February,2022,0
Washington,Avista Utilities,99141,February,2022,2
Washington,Avista Utilities,99143,February,2022,1
Washington,Avista Utilities,99144,February,2022,0
Washington,Avista Utilities,99146,February,2022,0
Washington,Avista Utilities,99148,February,2022,0
Washington,Avista Utilities,99149,February,2022,0
Washington,Avista Utilities,99151,February,2022,0
Washington,Avista Utilities,99156,February,2022,0
Washington,Avista Utilities,99157,February,2022,1
Washington,Avista Utilities,99158,February,2022,0
Washington,Avista Utilities,99159,February,2022,0
Washington,Avista Utilities,99160,February,2022,0
Washington,Avista Utilities,99161,February,2022,0
Washington,Avista Utilities,99163,February,2022,9
Washington,Avista Utilities,99164,February,2022,0
Washington,Avista Utilities,99167,February,2022,0
Washington,Avista Utilities,99169,February,2022,1
Washington,Avista Utilities,99170,February,2022,0
Washington,Avista Utilities,99171,February,2022,0
Washington,Avista Utilities,99173,February,2022,0
Washington,Avista Utilities,99174,February,2022,0
Washington,Avista Utilities,99176,February,2022,0
Washington,Avista Utilities,99179,February,2022,0
Washington,Avista Utilities,99181,February,2022,0
Washington,Avista Utilities,99185,February,2022,0
Washington,Avista Utilities,99201,February,2022,6
Washington,Avista Utilities,99202,February,2022,1
Washington,Avista Utilities,99203,February,2022,0
Washington,Avista Utilities,99204,February,2022,6
Washington,Avista Utilities,99205,February,2022,5
Washington,Avista Utilities,99206,February,2022,3
Washington,Avista Utilities,99207,February,2022,20
Washington,Avista Utilities,99208,February,2022,9
Washington,Avista Utilities,99212,February,2022,5
Washington,Avista Utilities,99216,February,2022,6
Washington,Avista Utilities,99217,February,2022,2
Washington,Avista Utilities,99218,February,2022,1
Washington,Avista Utilities,99219,February,2022,0
Washington,Avista Utilities,99220,February,2022,0
Washington,Avista Utilities,99223,February,2022,7
Washington,Avista Utilities,99224,February,2022,1
Washington,Avista Utilities,99228,February,2022,0
Washington,Avista Utilities,99260,February,2022,0
Washington,Cascade Natural Gas,99301,February,2022,1
Washington,Cascade Natural Gas,99324,February,2022,0
Washington,Avista Utilities,99326,February,2022,0
Washington,Avista Utilities,99335,February,2022,0
Washington,Cascade Natural Gas,99336,February,2022,0
Washington,Cascade Natural Gas,99337,February,2022,0
Washington,Avista Utilities,99341,February,2022,0
Washington,Avista Utilities,99344,February,2022,3
Washington,Cascade Natural Gas,99344,February,2022,0
Washington,Cascade Natural Gas,99350,February,2022,0
Washington,Cascade Natural Gas,99352,February,2022,1
Washington,Cascade Natural Gas,99353,February,2022,0
Washington,Cascade Natural Gas,99354,February,2022,0
Washington,Cascade Natural Gas,99362,February,2022,0
Washington,Avista Utilities,99371,February,2022,0
Washington,Avista Utilities,99402,February,2022,3
Washington,Avista Utilities,99403,February,2022,6
Washington,Cascade Natural Gas,98221,January,2022,2
Washington,Cascade Natural Gas,98223,January,2022,2
Washington,Cascade Natural Gas,98225,January,2022,8
Washington,Cascade Natural Gas,98226,January,2022,3
Washington,Cascade Natural Gas,98229,January,2022,3
Washington,Cascade Natural Gas,98230,January,2022,0
Washington,Cascade Natural Gas,98232,January,2022,0
Washington,Cascade Natural Gas,98233,January,2022,0
Washington,Cascade Natural Gas,98240,January,2022,0
Washington,Cascade Natural Gas,98247,January,2022,0
Washington,Cascade Natural Gas,98248,January,2022,1
Washington,Cascade Natural Gas,98257,January,2022,1
Washington,Cascade Natural Gas,98264,January,2022,1
Washington,Cascade Natural Gas,98271,January,2022,1
Washington,Cascade Natural Gas,98273,January,2022,6
Washington,Cascade Natural Gas,98274,January,2022,4
Washington,Cascade Natural Gas,98276,January,2022,0
Washington,Cascade Natural Gas,98277,January,2022,8
Washington,Cascade Natural Gas,98282,January,2022,0
Washington,Cascade Natural Gas,98284,January,2022,2
Washington,Cascade Natural Gas,98292,January,2022,0
Washington,Cascade Natural Gas,98295,January,2022,0
Washington,Cascade Natural Gas,98310,January,2022,0
Washington,Cascade Natural Gas,98311,January,2022,0
Washington,Cascade Natural Gas,98312,January,2022,0
Washington,Cascade Natural Gas,98337,January,2022,0
Washington,Cascade Natural Gas,98366,January,2022,7
Washington,Cascade Natural Gas,98367,January,2022,1
Washington,Cascade Natural Gas,98370,January,2022,0
Washington,Cascade Natural Gas,98383,January,2022,1
Washington,Cascade Natural Gas,98520,January,2022,6
Washington,Cascade Natural Gas,98541,January,2022,1
Washington,Cascade Natural Gas,98550,January,2022,7
Washington,Cascade Natural Gas,98557,January,2022,0
Washington,Cascade Natural Gas,98563,January,2022,1
Washington,Cascade Natural Gas,98584,January,2022,1
Washington,Avista Utilities,98620,January,2022,0
Washington,Cascade Natural Gas,98626,January,2022,0
Washington,Cascade Natural Gas,98632,January,2022,3
Washington,Avista Utilities,98648,January,2022,0
Washington,Cascade Natural Gas,98674,January,2022,0
Washington,Cascade Natural Gas,98801,January,2022,0
Washington,Cascade Natural Gas,98802,January,2022,0
Washington,Cascade Natural Gas,98837,January,2022,1
Washington,Avista Utilities,98857,January,2022,0
Washington,Cascade Natural Gas,98901,January,2022,0
Washington,Cascade Natural Gas,98902,January,2022,1
Washington,Cascade Natural Gas,98903,January,2022,0
Washington,Cascade Natural Gas,98908,January,2022,1
Washington,Cascade Natural Gas,98930,January,2022,0
Washington,Cascade Natural Gas,98932,January,2022,0
Washington,Cascade Natural Gas,98936,January,2022,0
Washington,Cascade Natural Gas,98942,January,2022,1
Washington,Cascade Natural Gas,98944,January,2022,1
Washington,Cascade Natural Gas,98948,January,2022,2
Washington,Cascade Natural Gas,98951,January,2022,0
Washington,Cascade Natural Gas,98953,January,2022,0
Washington,Avista Utilities,99001,January,2022,0
Washington,Avista Utilities,99003,January,2022,0
Washington,Avista Utilities,99004,January,2022,0
Washington,Avista Utilities,99005,January,2022,0
Washington,Avista Utilities,99006,January,2022,1
Washington,Avista Utilities,99008,January,2022,1
Washington,Avista Utilities,99009,January,2022,0
Washington,Avista Utilities,99011,January,2022,0
Washington,Avista Utilities,99012,January,2022,0
Washington,Avista Utilities,99013,January,2022,3
Washington,Avista Utilities,99014,January,2022,0
Washington,Avista Utilities,99016,January,2022,0
Washington,Avista Utilities,99018,January,2022,0
Washington,Avista Utilities,99019,January,2022,0
Washington,Avista Utilities,99020,January,2022,0
Washington,Avista Utilities,99021,January,2022,0
Washington,Avista Utilities,99022,January,2022,0
Washington,Avista Utilities,99023,January,2022,0
Washington,Avista Utilities,99025,January,2022,0
Washington,Avista Utilities,99026,January,2022,0
Washington,Avista Utilities,99027,January,2022,0
Washington,Avista Utilities,99029,January,2022,1
Washington,Avista Utilities,99030,January,2022,0
Washington,Avista Utilities,99031,January,2022,0
Washington,Avista Utilities,99032,January,2022,0
Washington,Avista Utilities,99033,January,2022,2
Washington,Avista Utilities,99034,January,2022,0
Washington,Avista Utilities,99036,January,2022,0
Washington,Avista Utilities,99037,January,2022,0
Washington,Avista Utilities,99039,January,2022,0
Washington,Avista Utilities,99040,January,2022,1
Washington,Avista Utilities,99101,January,2022,0
Washington,Avista Utilities,99102,January,2022,1
Washington,Avista Utilities,99103,January,2022,0
Washington,Avista Utilities,99104,January,2022,0
Washington,Avista Utilities,99107,January,2022,0
Washington,Avista Utilities,99109,January,2022,0
Washington,Avista Utilities,99110,January,2022,1
Washington,Avista Utilities,99111,January,2022,2
Washington,Avista Utilities,99113,January,2022,0
Washington,Avista Utilities,99114,January,2022,1
Washington,Avista Utilities,99117,January,2022,0
Washington,Avista Utilities,99122,January,2022,0
Washington,Avista Utilities,99125,January,2022,0
Washington,Avista Utilities,99126,January,2022,1
Washington,Avista Utilities,99128,January,2022,0
Washington,Avista Utilities,99129,January,2022,2
Washington,Avista Utilities,99130,January,2022,1
Washington,Avista Utilities,99131,January,2022,0
Washington,Avista Utilities,99134,January,2022,0
Washington,Avista Utilities,99137,January,2022,0
Washington,Avista Utilities,99138,January,2022,0
Washington,Avista Utilities,99141,January,2022,2
Washington,Avista Utilities,99143,January,2022,0
Washington,Avista Utilities,99144,January,2022,0
Washington,Avista Utilities,99146,January,2022,0
Washington,Avista Utilities,99148,January,2022,0
Washington,Avista Utilities,99149,January,2022,0
Washington,Avista Utilities,99151,January,2022,0
Washington,Avista Utilities,99156,January,2022,0
Washington,Avista Utilities,99157,January,2022,1
Washington,Avista Utilities,99158,January,2022,0
Washington,Avista Utilities,99159,January,2022,0
Washington,Avista Utilities,99160,January,2022,0
Washington,Avista Utilities,99161,January,2022,0
Washington,Avista Utilities,99163,January,2022,14
Washington,Avista Utilities,99164,January,2022,0
Washington,Avista Utilities,99167,January,2022,0
Washington,Avista Utilities,99169,January,2022,1
Washington,Avista Utilities,99170,January,2022,0
Washington,Avista Utilities,99171,January,2022,0
Washington,Avista Utilities,99173,January,2022,0
Washington,Avista Utilities,99174,January,2022,0
Washington,Avista Utilities,99176,January,2022,0
Washington,Avista Utilities,99179,January,2022,0
Washington,Avista Utilities,99181,January,2022,0
Washington,Avista Utilities,99185,January,2022,1
Washington,Avista Utilities,99201,January,2022,1
Washington,Avista Utilities,99202,January,2022,2
Washington,Avista Utilities,99203,January,2022,1
Washington,Avista Utilities,99204,January,2022,8
Washington,Avista Utilities,99205,January,2022,5
Washington,Avista Utilities,99206,January,2022,1
Washington,Avista Utilities,99207,January,2022,11
Washington,Avista Utilities,99208,January,2022,1
Washington,Avista Utilities,99212,January,2022,4
Washington,Avista Utilities,99216,January,2022,1
Washington,Avista Utilities,99217,January,2022,1
Washington,Avista Utilities,99218,January,2022,0
Washington,Avista Utilities,99219,January,2022,0
Washington,Avista Utilities,99220,January,2022,0
Washington,Avista Utilities,99223,January,2022,7
Washington,Avista Utilities,99224,January,2022,0
Washington,Avista Utilities,99228,January,2022,0
Washington,Avista Utilities,99260,January,2022,0
Washington,Cascade Natural Gas,99301,January,2022,0
Washington,Cascade Natural Gas,99324,January,2022,3
Washington,Avista Utilities,99326,January,2022,0
Washington,Avista Utilities,99335,January,2022,0
Washington,Cascade Natural Gas,99336,January,2022,4
Washington,Cascade Natural Gas,99337,January,2022,0
Washington,Avista Utilities,99341,January,2022,1
Washington,Avista Utilities,99344,January,2022,2
Washington,Cascade Natural Gas,99344,January,2022,0
Washington,Cascade Natural Gas,99350,January,2022,0
Washington,Cascade Natural Gas,99352,January,2022,0
Washington,Cascade Natural Gas,99353,January,2022,1
Washington,Cascade Natural Gas,99354,January,2022,0
Washington,Cascade Natural Gas,99362,January,2022,4
Washington,Avista Utilities,99371,January,2022,0
Washington,Avista Utilities,99402,January,2022,0
Washington,Avista Utilities,99403,January,2022,9
Washington,Northwest Natural Gas Company,97031,July,2022,0
Washington,Northwest Natural Gas Company,97301,July,2022,0
Washington,Northwest Natural Gas Company,97388,July,2022,0
Washington,Puget Sound Energy Inc,98001,July,2022,0
Washington,Puget Sound Energy Inc,98002,July,2022,0
Washington,Puget Sound Energy Inc,98003,July,2022,0
Washington,Puget Sound Energy Inc,98004,July,2022,0
Washington,Puget Sound Energy Inc,98005,July,2022,1
Washington,Puget Sound Energy Inc,98006,July,2022,0
Washington,Puget Sound Energy Inc,98007,July,2022,3
Washington,Puget Sound Energy Inc,98008,July,2022,0
Washington,Puget Sound Energy Inc,98010,July,2022,0
Washington,Puget Sound Energy Inc,98011,July,2022,0
Washington,Puget Sound Energy Inc,98014,July,2022,0
Washington,Puget Sound Energy Inc,98022,July,2022,0
Washington,Puget Sound Energy Inc,98023,July,2022,0
Washington,Northwest Natural Gas Company,98026,July,2022,0
Washington,Puget Sound Energy Inc,98026,July,2022,0
Washington,Puget Sound Energy Inc,98027,July,2022,0
Washington,Puget Sound Energy Inc,98028,July,2022,0
Washington,Puget Sound Energy Inc,98029,July,2022,0
Washington,Puget Sound Energy Inc,98030,July,2022,0
Washington,Puget Sound Energy Inc,98031,July,2022,1
Washington,Puget Sound Energy Inc,98032,July,2022,1
Washington,Puget Sound Energy Inc,98033,July,2022,1
Washington,Puget Sound Energy Inc,98038,July,2022,0
Washington,Puget Sound Energy Inc,98039,July,2022,0
Washington,Puget Sound Energy Inc,98040,July,2022,0
Washington,Puget Sound Energy Inc,98042,July,2022,0
Washington,Puget Sound Energy Inc,98043,July,2022,0
Washington,Puget Sound Energy Inc,98047,July,2022,0
Washington,Puget Sound Energy Inc,98052,July,2022,0
Washington,Puget Sound Energy Inc,98055,July,2022,0
Washington,Puget Sound Energy Inc,98056,July,2022,2
Washington,Puget Sound Energy Inc,98057,July,2022,0
Washington,Puget Sound Energy Inc,98059,July,2022,0
Washington,Puget Sound Energy Inc,98065,July,2022,0
Washington,Puget Sound Energy Inc,98072,July,2022,0
Washington,Puget Sound Energy Inc,98074,July,2022,0
Washington,Puget Sound Energy Inc,98092,July,2022,0
Washington,Puget Sound Energy Inc,98102,July,2022,1
Washington,Puget Sound Energy Inc,98103,July,2022,1
Washington,Puget Sound Energy Inc,98106,July,2022,0
Washington,Puget Sound Energy Inc,98108,July,2022,0
Washington,Puget Sound Energy Inc,98110,July,2022,2
Washington,Puget Sound Energy Inc,98112,July,2022,0
Washington,Puget Sound Energy Inc,98116,July,2022,0
Washington,Puget Sound Energy Inc,98117,July,2022,4
Washington,Puget Sound Energy Inc,98118,July,2022,0
Washington,Northwest Natural Gas Company,98119,July,2022,0
Washington,Puget Sound Energy Inc,98121,July,2022,0
Washington,Puget Sound Energy Inc,98126,July,2022,1
Washington,Northwest Natural Gas Company,98127,July,2022,0
Washington,Puget Sound Energy Inc,98133,July,2022,0
Washington,Puget Sound Energy Inc,98146,July,2022,1
Washington,Puget Sound Energy Inc,98148,July,2022,0
Washington,Puget Sound Energy Inc,98166,July,2022,1
Washington,Puget Sound Energy Inc,98168,July,2022,0
Washington,Puget Sound Energy Inc,98178,July,2022,0
Washington,Puget Sound Energy Inc,98188,July,2022,0
Washington,Puget Sound Energy Inc,98198,July,2022,0
Washington,Puget Sound Energy Inc,98201,July,2022,0
Washington,Northwest Natural Gas Company,98208,July,2022,0
Washington,Puget Sound Energy Inc,98221,July,2022,0
Washington,Cascade Natural Gas,98221,July,2022,0
Washington,Cascade Natural Gas,98223,July,2022,0
Washington,Puget Sound Energy Inc,98224,July,2022,0
Washington,Puget Sound Energy Inc,98225,July,2022,2
Washington,Cascade Natural Gas,98225,July,2022,2
Washington,Puget Sound Energy Inc,98226,July,2022,0
Washington,Cascade Natural Gas,98226,July,2022,0
Washington,Puget Sound Energy Inc,98229,July,2022,0
Washington,Cascade Natural Gas,98229,July,2022,0
Washington,Puget Sound Energy Inc,98230,July,2022,0
Washington,Cascade Natural Gas,98230,July,2022,0
Washington,Puget Sound Energy Inc,98232,July,2022,0
Washington,Cascade Natural Gas,98232,July,2022,0
Washington,Cascade Natural Gas,98233,July,2022,1
Washington,Puget Sound Energy Inc,98233,July,2022,0
Washington,Puget Sound Energy Inc,98235,July,2022,0
Washington,Cascade Natural Gas,98240,July,2022,0
Washington,Puget Sound Energy Inc,98240,July,2022,0
Washington,Cascade Natural Gas,98247,July,2022,0
Washington,Puget Sound Energy Inc,98247,July,2022,0
Washington,Cascade Natural Gas,98248,July,2022,0
Washington,Puget Sound Energy Inc,98248,July,2022,0
Washington,Puget Sound Energy Inc,98255,July,2022,0
Washington,Puget Sound Energy Inc,98257,July,2022,0
Washington,Cascade Natural Gas,98257,July,2022,0
Washington,Cascade Natural Gas,98264,July,2022,1
Washington,Puget Sound Energy Inc,98264,July,2022,0
Washington,Cascade Natural Gas,98271,July,2022,0
Washington,Cascade Natural Gas,98273,July,2022,1
Washington,Puget Sound Energy Inc,98273,July,2022,0
Washington,Cascade Natural Gas,98274,July,2022,0
Washington,Puget Sound Energy Inc,98274,July,2022,0
Washington,Cascade Natural Gas,98276,July,2022,0
Washington,Cascade Natural Gas,98277,July,2022,0
Washington,Puget Sound Energy Inc,98277,July,2022,0
Washington,Cascade Natural Gas,98282,July,2022,0
Washington,Cascade Natural Gas,98284,July,2022,2
Washington,Puget Sound Energy Inc,98284,July,2022,0
Washington,Cascade Natural Gas,98292,July,2022,0
Washington,Puget Sound Energy Inc,98294,July,2022,0
Washington,Cascade Natural Gas,98295,July,2022,0
Washington,Northwest Natural Gas Company,98307,July,2022,0
Washington,Puget Sound Energy Inc,98310,July,2022,0
Washington,Cascade Natural Gas,98310,July,2022,0
Washington,Puget Sound Energy Inc,98311,July,2022,0
Washington,Cascade Natural Gas,98311,July,2022,0
Washington,Cascade Natural Gas,98312,July,2022,1
Washington,Puget Sound Energy Inc,98312,July,2022,4
Washington,Puget Sound Energy Inc,98327,July,2022,0
Washington,Puget Sound Energy Inc,98332,July,2022,0
Washington,Puget Sound Energy Inc,98335,July,2022,0
Washington,Cascade Natural Gas,98337,July,2022,1
Washington,Puget Sound Energy Inc,98337,July,2022,1
Washington,Puget Sound Energy Inc,98338,July,2022,0
Washington,Puget Sound Energy Inc,98342,July,2022,0
Washington,Puget Sound Energy Inc,98346,July,2022,0
Washington,Puget Sound Energy Inc,98359,July,2022,2
Washington,Puget Sound Energy Inc,98360,July,2022,0
Washington,Cascade Natural Gas,98366,July,2022,0
Washington,Puget Sound Energy Inc,98366,July,2022,5
Washington,Cascade Natural Gas,98367,July,2022,0
Washington,Puget Sound Energy Inc,98367,July,2022,2
Washington,Puget Sound Energy Inc,98370,July,2022,2
Washington,Cascade Natural Gas,98370,July,2022,0
Washington,Puget Sound Energy Inc,98371,July,2022,8
Washington,Puget Sound Energy Inc,98372,July,2022,3
Washington,Puget Sound Energy Inc,98373,July,2022,4
Washington,Puget Sound Energy Inc,98374,July,2022,5
Washington,Puget Sound Energy Inc,98375,July,2022,2
Washington,Puget Sound Energy Inc,98380,July,2022,1
Washington,Cascade Natural Gas,98383,July,2022,0
Washington,Puget Sound Energy Inc,98383,July,2022,3
Washington,Puget Sound Energy Inc,98387,July,2022,2
Washington,Puget Sound Energy Inc,98388,July,2022,0
Washington,Puget Sound Energy Inc,98390,July,2022,1
Washington,Puget Sound Energy Inc,98391,July,2022,0
Washington,Puget Sound Energy Inc,98392,July,2022,0
Washington,Puget Sound Energy Inc,98402,July,2022,0
Washington,Puget Sound Energy Inc,98403,July,2022,0
Washington,Puget Sound Energy Inc,98404,July,2022,0
Washington,Puget Sound Energy Inc,98405,July,2022,1
Washington,Puget Sound Energy Inc,98406,July,2022,0
Washington,Puget Sound Energy Inc,98407,July,2022,0
Washington,Puget Sound Energy Inc,98408,July,2022,0
Washington,Puget Sound Energy Inc,98409,July,2022,1
Washington,Puget Sound Energy Inc,98418,July,2022,0
Washington,Puget Sound Energy Inc,98422,July,2022,0
Washington,Puget Sound Energy Inc,98439,July,2022,0
Washington,Puget Sound Energy Inc,98444,July,2022,0
Washington,Puget Sound Energy Inc,98445,July,2022,0
Washington,Puget Sound Energy Inc,98446,July,2022,0
Washington,Puget Sound Energy Inc,98466,July,2022,0
Washington,Puget Sound Energy Inc,98467,July,2022,0
Washington,Puget Sound Energy Inc,98498,July,2022,1
Washington,Puget Sound Energy Inc,98499,July,2022,1
Washington,Puget Sound Energy Inc,98501,July,2022,1
Washington,Puget Sound Energy Inc,98502,July,2022,2
Washington,Puget Sound Energy Inc,98503,July,2022,2
Washington,Puget Sound Energy Inc,98506,July,2022,1
Washington,Puget Sound Energy Inc,98512,July,2022,3
Washington,Puget Sound Energy Inc,98513,July,2022,0
Washington,Puget Sound Energy Inc,98516,July,2022,0
Washington,Cascade Natural Gas,98520,July,2022,1
Washington,Puget Sound Energy Inc,98530,July,2022,0
Washington,Puget Sound Energy Inc,98531,July,2022,3
Washington,Cascade Natural Gas,98541,July,2022,0
Washington,Cascade Natural Gas,98550,July,2022,0
Washington,Cascade Natural Gas,98557,July,2022,0
Washington,Cascade Natural Gas,98563,July,2022,0
Washington,Puget Sound Energy Inc,98576,July,2022,1
Washington,Puget Sound Energy Inc,98579,July,2022,1
Washington,Puget Sound Energy Inc,98580,July,2022,3
Washington,Cascade Natural Gas,98584,July,2022,0
Washington,Puget Sound Energy Inc,98589,July,2022,1
Washington,Puget Sound Energy Inc,98597,July,2022,3
Washington,Northwest Natural Gas Company,98601,July,2022,0
Washington,Northwest Natural Gas Company,98604,July,2022,1
Washington,Northwest Natural Gas Company,98605,July,2022,0
Washington,Northwest Natural Gas Company,98606,July,2022,0
Washington,Northwest Natural Gas Company,98607,July,2022,0
Washington,Northwest Natural Gas Company,98610,July,2022,0
Washington,Northwest Natural Gas Company,98612,July,2022,0
Washington,Northwest Natural Gas Company,98617,July,2022,0
Washington,Northwest Natural Gas Company,98620,July,2022,0
Washington,Avista Utilities,98620,July,2022,0
Washington,Northwest Natural Gas Company,98626,July,2022,0
Washington,Cascade Natural Gas,98626,July,2022,3
Washington,Northwest Natural Gas Company,98628,July,2022,0
Washington,Northwest Natural Gas Company,98629,July,2022,0
Washington,Cascade Natural Gas,98632,July,2022,0
Washington,Northwest Natural Gas Company,98635,July,2022,0
Washington,Northwest Natural Gas Company,98639,July,2022,0
Washington,Northwest Natural Gas Company,98642,July,2022,0
Washington,Northwest Natural Gas Company,98648,July,2022,0
Washington,Avista Utilities,98648,July,2022,0
Washington,Northwest Natural Gas Company,98660,July,2022,0
Washington,Northwest Natural Gas Company,98661,July,2022,1
Washington,Northwest Natural Gas Company,98662,July,2022,1
Washington,Northwest Natural Gas Company,98663,July,2022,0
Washington,Northwest Natural Gas Company,98664,July,2022,0
Washington,Northwest Natural Gas Company,98665,July,2022,0
Washington,Northwest Natural Gas Company,98666,July,2022,0
Washington,Northwest Natural Gas Company,98668,July,2022,0
Washington,Northwest Natural Gas Company,98671,July,2022,0
Washington,Northwest Natural Gas Company,98672,July,2022,0
Washington,Northwest Natural Gas Company,98674,July,2022,0
Washington,Cascade Natural Gas,98674,July,2022,1
Washington,Northwest Natural Gas Company,98675,July,2022,0
Washington,Northwest Natural Gas Company,98682,July,2022,0
Washington,Northwest Natural Gas Company,98683,July,2022,0
Washington,Northwest Natural Gas Company,98684,July,2022,1
Washington,Northwest Natural Gas Company,98685,July,2022,1
Washington,Northwest Natural Gas Company,98686,July,2022,0
Washington,Northwest Natural Gas Company,98762,July,2022,0
Washington,Cascade Natural Gas,98801,July,2022,0
Washington,Cascade Natural Gas,98802,July,2022,0
Washington,Cascade Natural Gas,98837,July,2022,0
Washington,Avista Utilities,98857,July,2022,0
Washington,Northwest Natural Gas Company,98864,July,2022,0
Washington,Cascade Natural Gas,98901,July,2022,1
Washington,Cascade Natural Gas,98902,July,2022,13
Washington,Cascade Natural Gas,98903,July,2022,1
Washington,Cascade Natural Gas,98908,July,2022,0
Washington,Puget Sound Energy Inc,98922,July,2022,0
Washington,Cascade Natural Gas,98930,July,2022,1
Washington,Cascade Natural Gas,98932,July,2022,0
Washington,Cascade Natural Gas,98936,July,2022,0
Washington,PacifiCorp,98938,July,2022,0
Washington,Cascade Natural Gas,98942,July,2022,0
Washington,Cascade Natural Gas,98944,July,2022,0
Washington,PacifiCorp,98944,July,2022,0
Washington,Cascade Natural Gas,98948,July,2022,1
Washington,Cascade Natural Gas,98951,July,2022,0
Washington,Cascade Natural Gas,98953,July,2022,0
Washington,Avista Utilities,99001,July,2022,1
Washington,Avista Utilities,99003,July,2022,0
Washington,Avista Utilities,99004,July,2022,0
Washington,Avista Utilities,99005,July,2022,0
Washington,Avista Utilities,99006,July,2022,0
Washington,Avista Utilities,99008,July,2022,0
Washington,Avista Utilities,99009,July,2022,0
Washington,Avista Utilities,99011,July,2022,0
Washington,Avista Utilities,99012,July,2022,0
Washington,Avista Utilities,99013,July,2022,0
Washington,Avista Utilities,99014,July,2022,0
Washington,Avista Utilities,99016,July,2022,0
Washington,Avista Utilities,99018,July,2022,0
Washington,Avista Utilities,99019,July,2022,0
Washington,Avista Utilities,99020,July,2022,0
Washington,Avista Utilities,99021,July,2022,0
Washington,Avista Utilities,99022,July,2022,0
Washington,Avista Utilities,99023,July,2022,0
Washington,Avista Utilities,99025,July,2022,0
Washington,Avista Utilities,99026,July,2022,0
Washington,Avista Utilities,99027,July,2022,0
Washington,Avista Utilities,99029,July,2022,0
Washington,Avista Utilities,99030,July,2022,0
Washington,Avista Utilities,99031,July,2022,0
Washington,Avista Utilities,99032,July,2022,0
Washington,Avista Utilities,99033,July,2022,0
Washington,Avista Utilities,99034,July,2022,0
Washington,Avista Utilities,99036,July,2022,0
Washington,Avista Utilities,99037,July,2022,0
Washington,Avista Utilities,99039,July,2022,0
Washington,Avista Utilities,99040,July,2022,0
Washington,Avista Utilities,99101,July,2022,0
Washington,Avista Utilities,99102,July,2022,0
Washington,Avista Utilities,99103,July,2022,0
Washington,Avista Utilities,99104,July,2022,0
Washington,Avista Utilities,99107,July,2022,0
Washington,Avista Utilities,99109,July,2022,0
Washington,Avista Utilities,99110,July,2022,0
Washington,Avista Utilities,99111,July,2022,0
Washington,Avista Utilities,99113,July,2022,0
Washington,Avista Utilities,99114,July,2022,0
Washington,Avista Utilities,99117,July,2022,0
Washington,Avista Utilities,99122,July,2022,0
Washington,Avista Utilities,99125,July,2022,0
Washington,Avista Utilities,99126,July,2022,0
Washington,Avista Utilities,99128,July,2022,0
Washington,Avista Utilities,99129,July,2022,0
Washington,Avista Utilities,99130,July,2022,0
Washington,Avista Utilities,99131,July,2022,0
Washington,Avista Utilities,99134,July,2022,0
Washington,Avista Utilities,99137,July,2022,0
Washington,Avista Utilities,99138,July,2022,0
Washington,Avista Utilities,99141,July,2022,0
Washington,Avista Utilities,99143,July,2022,0
Washington,Avista Utilities,99144,July,2022,0
Washington,Avista Utilities,99146,July,2022,0
Washington,Avista Utilities,99148,July,2022,0
Washington,Avista Utilities,99149,July,2022,0
Washington,Avista Utilities,99151,July,2022,0
Washington,Avista Utilities,99156,July,2022,0
Washington,Avista Utilities,99157,July,2022,0
Washington,Avista Utilities,99158,July,2022,0
Washington,Avista Utilities,99159,July,2022,0
Washington,Avista Utilities,99160,July,2022,0
Washington,Avista Utilities,99161,July,2022,0
Washington,Avista Utilities,99163,July,2022,0
Washington,Avista Utilities,99164,July,2022,0
Washington,Avista Utilities,99167,July,2022,0
Washington,Avista Utilities,99169,July,2022,0
Washington,Avista Utilities,99170,July,2022,0
Washington,Avista Utilities,99171,July,2022,0
Washington,Avista Utilities,99173,July,2022,0
Washington,Avista Utilities,99174,July,2022,0
Washington,Avista Utilities,99176,July,2022,0
Washington,Avista Utilities,99179,July,2022,0
Washington,Avista Utilities,99181,July,2022,0
Washington,Avista Utilities,99185,July,2022,0
Washington,Avista Utilities,99201,July,2022,0
Washington,Avista Utilities,99202,July,2022,1
Washington,Avista Utilities,99203,July,2022,0
Washington,Avista Utilities,99204,July,2022,0
Washington,Avista Utilities,99205,July,2022,0
Washington,Avista Utilities,99206,July,2022,0
Washington,Avista Utilities,99207,July,2022,0
Washington,Avista Utilities,99208,July,2022,0
Washington,Avista Utilities,99212,July,2022,0
Washington,Avista Utilities,99216,July,2022,0
Washington,Avista Utilities,99217,July,2022,0
Washington,Avista Utilities,99218,July,2022,0
Washington,Avista Utilities,99219,July,2022,0
Washington,Avista Utilities,99220,July,2022,0
Washington,Avista Utilities,99223,July,2022,0
Washington,Avista Utilities,99224,July,2022,0
Washington,Avista Utilities,99228,July,2022,0
Washington,Avista Utilities,99260,July,2022,0
Washington,Cascade Natural Gas,99301,July,2022,9
Washington,Cascade Natural Gas,99324,July,2022,0
Washington,PacifiCorp,99324,July,2022,0
Washington,Avista Utilities,99326,July,2022,0
Washington,Avista Utilities,99335,July,2022,0
Washington,Cascade Natural Gas,99336,July,2022,0
Washington,Cascade Natural Gas,99337,July,2022,0
Washington,Avista Utilities,99341,July,2022,0
Washington,Avista Utilities,99344,July,2022,0
Washington,Cascade Natural Gas,99344,July,2022,0
Washington,Cascade Natural Gas,99350,July,2022,0
Washington,Cascade Natural Gas,99352,July,2022,0
Washington,Cascade Natural Gas,99353,July,2022,0
Washington,Cascade Natural Gas,99354,July,2022,0
Washington,Cascade Natural Gas,99362,July,2022,0
Washington,Avista Utilities,99371,July,2022,0
Washington,Avista Utilities,99402,July,2022,0
Washington,Avista Utilities,99403,July,2022,0
Washington,Northwest Natural Gas Company,97031,June,2022,0
Washington,Northwest Natural Gas Company,97301,June,2022,0
Washington,Northwest Natural Gas Company,97388,June,2022,0
Washington,Northwest Natural Gas Company,97663,June,2022,0
Washington,Puget Sound Energy Inc,98001,June,2022,0
Washington,Puget Sound Energy Inc,98002,June,2022,0
Washington,Puget Sound Energy Inc,98003,June,2022,0
Washington,Puget Sound Energy Inc,98004,June,2022,0
Washington,Puget Sound Energy Inc,98005,June,2022,0
Washington,Puget Sound Energy Inc,98006,June,2022,0
Washington,Puget Sound Energy Inc,98007,June,2022,0
Washington,Puget Sound Energy Inc,98008,June,2022,0
Washington,Puget Sound Energy Inc,98010,June,2022,0
Washington,Puget Sound Energy Inc,98011,June,2022,0
Washington,Puget Sound Energy Inc,98014,June,2022,0
Washington,Puget Sound Energy Inc,98022,June,2022,0
Washington,Puget Sound Energy Inc,98023,June,2022,1
Washington,Puget Sound Energy Inc,98026,June,2022,0
Washington,Northwest Natural Gas Company,98026,June,2022,0
Washington,Puget Sound Energy Inc,98027,June,2022,0
Washington,Puget Sound Energy Inc,98028,June,2022,0
Washington,Puget Sound Energy Inc,98029,June,2022,0
Washington,Puget Sound Energy Inc,98030,June,2022,0
Washington,Puget Sound Energy Inc,98031,June,2022,1
Washington,Puget Sound Energy Inc,98032,June,2022,0
Washington,Puget Sound Energy Inc,98033,June,2022,0
Washington,Puget Sound Energy Inc,98038,June,2022,0
Washington,Puget Sound Energy Inc,98039,June,2022,0
Washington,Puget Sound Energy Inc,98040,June,2022,0
Washington,Puget Sound Energy Inc,98042,June,2022,0
Washington,Puget Sound Energy Inc,98043,June,2022,0
Washington,Puget Sound Energy Inc,98047,June,2022,0
Washington,Puget Sound Energy Inc,98052,June,2022,0
Washington,Puget Sound Energy Inc,98055,June,2022,0
Washington,Puget Sound Energy Inc,98056,June,2022,0
Washington,Puget Sound Energy Inc,98057,June,2022,0
Washington,Puget Sound Energy Inc,98059,June,2022,0
Washington,Puget Sound Energy Inc,98065,June,2022,0
Washington,Puget Sound Energy Inc,98072,June,2022,0
Washington,Puget Sound Energy Inc,98074,June,2022,0
Washington,Puget Sound Energy Inc,98092,June,2022,0
Washington,Puget Sound Energy Inc,98102,June,2022,0
Washington,Puget Sound Energy Inc,98103,June,2022,0
Washington,Puget Sound Energy Inc,98106,June,2022,0
Washington,Puget Sound Energy Inc,98108,June,2022,1
Washington,Puget Sound Energy Inc,98110,June,2022,0
Washington,Puget Sound Energy Inc,98112,June,2022,0
Washington,Puget Sound Energy Inc,98116,June,2022,0
Washington,Puget Sound Energy Inc,98117,June,2022,0
Washington,Puget Sound Energy Inc,98118,June,2022,0
Washington,Northwest Natural Gas Company,98119,June,2022,0
Washington,Puget Sound Energy Inc,98121,June,2022,0
Washington,Puget Sound Energy Inc,98126,June,2022,2
Washington,Northwest Natural Gas Company,98127,June,2022,0
Washington,Puget Sound Energy Inc,98133,June,2022,0
Washington,Puget Sound Energy Inc,98146,June,2022,0
Washington,Puget Sound Energy Inc,98148,June,2022,0
Washington,Puget Sound Energy Inc,98166,June,2022,0
Washington,Puget Sound Energy Inc,98168,June,2022,3
Washington,Puget Sound Energy Inc,98178,June,2022,1
Washington,Puget Sound Energy Inc,98188,June,2022,0
Washington,Puget Sound Energy Inc,98198,June,2022,0
Washington,Puget Sound Energy Inc,98201,June,2022,0
Washington,Northwest Natural Gas Company,98208,June,2022,0
Washington,Puget Sound Energy Inc,98221,June,2022,0
Washington,Cascade Natural Gas,98221,June,2022,1
Washington,Cascade Natural Gas,98223,June,2022,1
Washington,Puget Sound Energy Inc,98224,June,2022,0
Washington,Puget Sound Energy Inc,98225,June,2022,3
Washington,Cascade Natural Gas,98225,June,2022,2
Washington,Cascade Natural Gas,98226,June,2022,2
Washington,Puget Sound Energy Inc,98226,June,2022,1
Washington,Puget Sound Energy Inc,98229,June,2022,3
Washington,Cascade Natural Gas,98229,June,2022,3
Washington,Cascade Natural Gas,98230,June,2022,3
Washington,Puget Sound Energy Inc,98230,June,2022,0
Washington,Cascade Natural Gas,98232,June,2022,0
Washington,Puget Sound Energy Inc,98232,June,2022,0
Washington,Puget Sound Energy Inc,98233,June,2022,0
Washington,Cascade Natural Gas,98233,June,2022,0
Washington,Puget Sound Energy Inc,98235,June,2022,0
Washington,Puget Sound Energy Inc,98240,June,2022,0
Washington,Cascade Natural Gas,98240,June,2022,1
Washington,Puget Sound Energy Inc,98247,June,2022,0
Washington,Cascade Natural Gas,98247,June,2022,0
Washington,Cascade Natural Gas,98248,June,2022,11
Washington,Puget Sound Energy Inc,98248,June,2022,0
Washington,Puget Sound Energy Inc,98255,June,2022,0
Washington,Cascade Natural Gas,98257,June,2022,1
Washington,Puget Sound Energy Inc,98257,June,2022,0
Washington,Puget Sound Energy Inc,98264,June,2022,0
Washington,Cascade Natural Gas,98264,June,2022,0
Washington,Cascade Natural Gas,98271,June,2022,0
Washington,Puget Sound Energy Inc,98273,June,2022,0
Washington,Cascade Natural Gas,98273,June,2022,3
Washington,Cascade Natural Gas,98274,June,2022,1
Washington,Puget Sound Energy Inc,98274,June,2022,0
Washington,Cascade Natural Gas,98276,June,2022,0
Washington,Cascade Natural Gas,98277,June,2022,2
Washington,Puget Sound Energy Inc,98277,June,2022,0
Washington,Cascade Natural Gas,98282,June,2022,0
Washington,Puget Sound Energy Inc,98284,June,2022,0
Washington,Cascade Natural Gas,98284,June,2022,1
Washington,Cascade Natural Gas,98292,June,2022,0
Washington,Puget Sound Energy Inc,98294,June,2022,0
Washington,Cascade Natural Gas,98295,June,2022,0
Washington,Northwest Natural Gas Company,98307,June,2022,0
Washington,Cascade Natural Gas,98310,June,2022,2
Washington,Puget Sound Energy Inc,98310,June,2022,4
Washington,Cascade Natural Gas,98311,June,2022,2
Washington,Puget Sound Energy Inc,98311,June,2022,4
Washington,Cascade Natural Gas,98312,June,2022,10
Washington,Puget Sound Energy Inc,98312,June,2022,3
Washington,Puget Sound Energy Inc,98327,June,2022,0
Washington,Puget Sound Energy Inc,98332,June,2022,1
Washington,Puget Sound Energy Inc,98335,June,2022,0
Washington,Puget Sound Energy Inc,98337,June,2022,1
Washington,Cascade Natural Gas,98337,June,2022,5
Washington,Puget Sound Energy Inc,98338,June,2022,0
Washington,Puget Sound Energy Inc,98342,June,2022,0
Washington,Puget Sound Energy Inc,98346,June,2022,0
Washington,Puget Sound Energy Inc,98359,June,2022,0
Washington,Puget Sound Energy Inc,98360,June,2022,0
Washington,Cascade Natural Gas,98366,June,2022,1
Washington,Puget Sound Energy Inc,98366,June,2022,1
Washington,Cascade Natural Gas,98367,June,2022,0
Washington,Puget Sound Energy Inc,98367,June,2022,0
Washington,Cascade Natural Gas,98370,June,2022,1
Washington,Puget Sound Energy Inc,98370,June,2022,0
Washington,Puget Sound Energy Inc,98371,June,2022,0
Washington,Puget Sound Energy Inc,98372,June,2022,0
Washington,Puget Sound Energy Inc,98373,June,2022,2
Washington,Puget Sound Energy Inc,98374,June,2022,0
Washington,Puget Sound Energy Inc,98375,June,2022,0
Washington,Puget Sound Energy Inc,98380,June,2022,1
Washington,Cascade Natural Gas,98383,June,2022,0
Washington,Puget Sound Energy Inc,98383,June,2022,1
Washington,Puget Sound Energy Inc,98387,June,2022,1
Washington,Puget Sound Energy Inc,98388,June,2022,0
Washington,Puget Sound Energy Inc,98390,June,2022,0
Washington,Puget Sound Energy Inc,98391,June,2022,0
Washington,Puget Sound Energy Inc,98392,June,2022,0
Washington,Puget Sound Energy Inc,98402,June,2022,0
Washington,Puget Sound Energy Inc,98403,June,2022,0
Washington,Puget Sound Energy Inc,98404,June,2022,0
Washington,Puget Sound Energy Inc,98405,June,2022,0
Washington,Puget Sound Energy Inc,98406,June,2022,0
Washington,Puget Sound Energy Inc,98407,June,2022,0
Washington,Puget Sound Energy Inc,98408,June,2022,0
Washington,Puget Sound Energy Inc,98409,June,2022,0
Washington,Puget Sound Energy Inc,98418,June,2022,0
Washington,Puget Sound Energy Inc,98422,June,2022,0
Washington,Puget Sound Energy Inc,98439,June,2022,0
Washington,Puget Sound Energy Inc,98444,June,2022,0
Washington,Puget Sound Energy Inc,98445,June,2022,0
Washington,Puget Sound Energy Inc,98446,June,2022,1
Washington,Puget Sound Energy Inc,98466,June,2022,0
Washington,Puget Sound Energy Inc,98467,June,2022,0
Washington,Puget Sound Energy Inc,98498,June,2022,2
Washington,Puget Sound Energy Inc,98499,June,2022,0
Washington,Puget Sound Energy Inc,98501,June,2022,1
Washington,Puget Sound Energy Inc,98502,June,2022,1
Washington,Puget Sound Energy Inc,98503,June,2022,1
Washington,Puget Sound Energy Inc,98506,June,2022,2
Washington,Puget Sound Energy Inc,98512,June,2022,0
Washington,Puget Sound Energy Inc,98513,June,2022,0
Washington,Puget Sound Energy Inc,98516,June,2022,0
Washington,Cascade Natural Gas,98520,June,2022,1
Washington,Puget Sound Energy Inc,98530,June,2022,0
Washington,Puget Sound Energy Inc,98531,June,2022,0
Washington,Cascade Natural Gas,98541,June,2022,0
Washington,Cascade Natural Gas,98550,June,2022,2
Washington,Cascade Natural Gas,98557,June,2022,0
Washington,Cascade Natural Gas,98563,June,2022,0
Washington,Puget Sound Energy Inc,98576,June,2022,0
Washington,Puget Sound Energy Inc,98579,June,2022,0
Washington,Puget Sound Energy Inc,98580,June,2022,0
Washington,Cascade Natural Gas,98584,June,2022,0
Washington,Puget Sound Energy Inc,98589,June,2022,0
Washington,Puget Sound Energy Inc,98597,June,2022,0
Washington,Northwest Natural Gas Company,98601,June,2022,0
Washington,Northwest Natural Gas Company,98604,June,2022,0
Washington,Northwest Natural Gas Company,98605,June,2022,0
Washington,Northwest Natural Gas Company,98606,June,2022,0
Washington,Northwest Natural Gas Company,98607,June,2022,0
Washington,Northwest Natural Gas Company,98610,June,2022,0
Washington,Northwest Natural Gas Company,98612,June,2022,0
Washington,Northwest Natural Gas Company,98617,June,2022,0
Washington,Avista Utilities,98620,June,2022,0
Washington,Northwest Natural Gas Company,98620,June,2022,0
Washington,Northwest Natural Gas Company,98626,June,2022,0
Washington,Cascade Natural Gas,98626,June,2022,0
Washington,Northwest Natural Gas Company,98628,June,2022,0
Washington,Northwest Natural Gas Company,98629,June,2022,0
Washington,Cascade Natural Gas,98632,June,2022,0
Washington,Northwest Natural Gas Company,98635,June,2022,0
Washington,Northwest Natural Gas Company,98639,June,2022,0
Washington,Northwest Natural Gas Company,98642,June,2022,0
Washington,Northwest Natural Gas Company,98648,June,2022,0
Washington,Avista Utilities,98648,June,2022,0
Washington,Northwest Natural Gas Company,98660,June,2022,0
Washington,Northwest Natural Gas Company,98661,June,2022,0
Washington,Northwest Natural Gas Company,98662,June,2022,0
Washington,Northwest Natural Gas Company,98663,June,2022,0
Washington,Northwest Natural Gas Company,98664,June,2022,1
Washington,Northwest Natural Gas Company,98665,June,2022,0
Washington,Northwest Natural Gas Company,98666,June,2022,0
Washington,Northwest Natural Gas Company,98668,June,2022,0
Washington,Northwest Natural Gas Company,98671,June,2022,0
Washington,Northwest Natural Gas Company,98672,June,2022,0
Washington,Northwest Natural Gas Company,98674,June,2022,0
Washington,Cascade Natural Gas,98674,June,2022,0
Washington,Northwest Natural Gas Company,98675,June,2022,0
Washington,Northwest Natural Gas Company,98682,June,2022,0
Washington,Northwest Natural Gas Company,98683,June,2022,0
Washington,Northwest Natural Gas Company,98684,June,2022,1
Washington,Northwest Natural Gas Company,98685,June,2022,0
Washington,Northwest Natural Gas Company,98686,June,2022,1
Washington,Northwest Natural Gas Company,98762,June,2022,0
Washington,Cascade Natural Gas,98801,June,2022,0
Washington,Cascade Natural Gas,98802,June,2022,0
Washington,Cascade Natural Gas,98837,June,2022,1
Washington,Avista Utilities,98857,June,2022,0
Washington,Cascade Natural Gas,98901,June,2022,5
Washington,Cascade Natural Gas,98902,June,2022,30
Washington,Cascade Natural Gas,98903,June,2022,2
Washington,Cascade Natural Gas,98908,June,2022,1
Washington,Puget Sound Energy Inc,98922,June,2022,0
Washington,Cascade Natural Gas,98930,June,2022,2
Washington,Cascade Natural Gas,98932,June,2022,0
Washington,Cascade Natural Gas,98936,June,2022,0
Washington,Cascade Natural Gas,98942,June,2022,0
Washington,Cascade Natural Gas,98944,June,2022,1
Washington,Cascade Natural Gas,98948,June,2022,1
Washington,Cascade Natural Gas,98951,June,2022,1
Washington,Cascade Natural Gas,98953,June,2022,3
Washington,Avista Utilities,99001,June,2022,6
Washington,Avista Utilities,99003,June,2022,1
Washington,Avista Utilities,99004,June,2022,2
Washington,Avista Utilities,99005,June,2022,0
Washington,Avista Utilities,99006,June,2022,1
Washington,Avista Utilities,99008,June,2022,0
Washington,Avista Utilities,99009,June,2022,0
Washington,Avista Utilities,99011,June,2022,0
Washington,Avista Utilities,99012,June,2022,0
Washington,Avista Utilities,99013,June,2022,1
Washington,Avista Utilities,99014,June,2022,0
Washington,Avista Utilities,99016,June,2022,6
Washington,Avista Utilities,99018,June,2022,0
Washington,Avista Utilities,99019,June,2022,0
Washington,Avista Utilities,99020,June,2022,0
Washington,Avista Utilities,99021,June,2022,3
Washington,Avista Utilities,99022,June,2022,2
Washington,Avista Utilities,99023,June,2022,0
Washington,Avista Utilities,99025,June,2022,0
Washington,Avista Utilities,99026,June,2022,0
Washington,Avista Utilities,99027,June,2022,0
Washington,Avista Utilities,99029,June,2022,0
Washington,Avista Utilities,99030,June,2022,0
Washington,Avista Utilities,99031,June,2022,0
Washington,Avista Utilities,99032,June,2022,0
Washington,Avista Utilities,99033,June,2022,0
Washington,Avista Utilities,99034,June,2022,0
Washington,Avista Utilities,99036,June,2022,0
Washington,Avista Utilities,99037,June,2022,6
Washington,Avista Utilities,99039,June,2022,0
Washington,Avista Utilities,99040,June,2022,1
Washington,Avista Utilities,99101,June,2022,1
Washington,Avista Utilities,99102,June,2022,0
Washington,Avista Utilities,99103,June,2022,0
Washington,Avista Utilities,99104,June,2022,0
Washington,Avista Utilities,99107,June,2022,0
Washington,Avista Utilities,99109,June,2022,0
Washington,Avista Utilities,99110,June,2022,0
Washington,Avista Utilities,99111,June,2022,0
Washington,Avista Utilities,99113,June,2022,0
Washington,Avista Utilities,99114,June,2022,6
Washington,Avista Utilities,99117,June,2022,0
Washington,Avista Utilities,99122,June,2022,1
Washington,Avista Utilities,99125,June,2022,0
Washington,Avista Utilities,99126,June,2022,0
Washington,Avista Utilities,99128,June,2022,0
Washington,Avista Utilities,99129,June,2022,0
Washington,Avista Utilities,99130,June,2022,0
Washington,Avista Utilities,99131,June,2022,0
Washington,Avista Utilities,99134,June,2022,0
Washington,Avista Utilities,99137,June,2022,0
Washington,Avista Utilities,99138,June,2022,0
Washington,Avista Utilities,99141,June,2022,2
Washington,Avista Utilities,99143,June,2022,0
Washington,Avista Utilities,99144,June,2022,0
Washington,Avista Utilities,99146,June,2022,0
Washington,Avista Utilities,99148,June,2022,0
Washington,Avista Utilities,99149,June,2022,0
Washington,Avista Utilities,99151,June,2022,0
Washington,Avista Utilities,99156,June,2022,0
Washington,Avista Utilities,99157,June,2022,0
Washington,Avista Utilities,99158,June,2022,0
Washington,Avista Utilities,99159,June,2022,0
Washington,Avista Utilities,99160,June,2022,0
Washington,Avista Utilities,99161,June,2022,0
Washington,Avista Utilities,99163,June,2022,22
Washington,Avista Utilities,99164,June,2022,0
Washington,Avista Utilities,99167,June,2022,0
Washington,Avista Utilities,99169,June,2022,1
Washington,Avista Utilities,99170,June,2022,1
Washington,Avista Utilities,99171,June,2022,0
Washington,Avista Utilities,99173,June,2022,3
Washington,Avista Utilities,99174,June,2022,0
Washington,Avista Utilities,99176,June,2022,0
Washington,Avista Utilities,99179,June,2022,0
Washington,Avista Utilities,99181,June,2022,1
Washington,Avista Utilities,99185,June,2022,0
Washington,Avista Utilities,99201,June,2022,13
Washington,Avista Utilities,99202,June,2022,9
Washington,Avista Utilities,99203,June,2022,2
Washington,Avista Utilities,99204,June,2022,7
Washington,Avista Utilities,99205,June,2022,11
Washington,Avista Utilities,99206,June,2022,12
Washington,Avista Utilities,99207,June,2022,31
Washington,Avista Utilities,99208,June,2022,19
Washington,Avista Utilities,99212,June,2022,12
Washington,Avista Utilities,99216,June,2022,18
Washington,Avista Utilities,99217,June,2022,8
Washington,Avista Utilities,99218,June,2022,4
Washington,Avista Utilities,99219,June,2022,0
Washington,Avista Utilities,99220,June,2022,0
Washington,Avista Utilities,99223,June,2022,7
Washington,Avista Utilities,99224,June,2022,5
Washington,Avista Utilities,99228,June,2022,0
Washington,Avista Utilities,99260,June,2022,0
Washington,Cascade Natural Gas,99301,June,2022,4
Washington,Cascade Natural Gas,99324,June,2022,1
Washington,Avista Utilities,99326,June,2022,0
Washington,Avista Utilities,99335,June,2022,0
Washington,Cascade Natural Gas,99336,June,2022,1
Washington,Cascade Natural Gas,99337,June,2022,1
Washington,Avista Utilities,99341,June,2022,0
Washington,Cascade Natural Gas,99344,June,2022,2
Washington,Avista Utilities,99344,June,2022,1
Washington,Cascade Natural Gas,99350,June,2022,0
Washington,Cascade Natural Gas,99352,June,2022,1
Washington,Cascade Natural Gas,99353,June,2022,0
Washington,Cascade Natural Gas,99354,June,2022,2
Washington,Cascade Natural Gas,99362,June,2022,3
Washington,Avista Utilities,99371,June,2022,0
Washington,Avista Utilities,99402,June,2022,0
Washington,Avista Utilities,99403,June,2022,12
Washington,Cascade Natural Gas,98221,March,2022,0
Washington,Cascade Natural Gas,98223,March,2022,0
Washington,Cascade Natural Gas,98225,March,2022,3
Washington,Cascade Natural Gas,98226,March,2022,1
Washington,Cascade Natural Gas,98229,March,2022,0
Washington,Cascade Natural Gas,98230,March,2022,0
Washington,Cascade Natural Gas,98232,March,2022,0
Washington,Cascade Natural Gas,98233,March,2022,0
Washington,Cascade Natural Gas,98240,March,2022,0
Washington,Cascade Natural Gas,98247,March,2022,0
Washington,Cascade Natural Gas,98248,March,2022,0
Washington,Cascade Natural Gas,98257,March,2022,0
Washington,Cascade Natural Gas,98264,March,2022,0
Washington,Cascade Natural Gas,98271,March,2022,0
Washington,Cascade Natural Gas,98273,March,2022,1
Washington,Cascade Natural Gas,98274,March,2022,0
Washington,Cascade Natural Gas,98276,March,2022,0
Washington,Cascade Natural Gas,98277,March,2022,0
Washington,Cascade Natural Gas,98282,March,2022,0
Washington,Cascade Natural Gas,98284,March,2022,0
Washington,Cascade Natural Gas,98292,March,2022,0
Washington,Cascade Natural Gas,98295,March,2022,0
Washington,Cascade Natural Gas,98310,March,2022,0
Washington,Cascade Natural Gas,98311,March,2022,0
Washington,Cascade Natural Gas,98312,March,2022,0
Washington,Cascade Natural Gas,98337,March,2022,0
Washington,Cascade Natural Gas,98366,March,2022,3
Washington,Cascade Natural Gas,98367,March,2022,0
Washington,Cascade Natural Gas,98370,March,2022,0
Washington,Cascade Natural Gas,98383,March,2022,0
Washington,Cascade Natural Gas,98520,March,2022,2
Washington,Cascade Natural Gas,98541,March,2022,0
Washington,Cascade Natural Gas,98550,March,2022,0
Washington,Cascade Natural Gas,98557,March,2022,0
Washington,Cascade Natural Gas,98563,March,2022,0
Washington,Cascade Natural Gas,98584,March,2022,0
Washington,Avista Utilities,98620,March,2022,0
Washington,Cascade Natural Gas,98626,March,2022,0
Washington,Cascade Natural Gas,98632,March,2022,0
Washington,Avista Utilities,98648,March,2022,0
Washington,Cascade Natural Gas,98674,March,2022,0
Washington,Cascade Natural Gas,98801,March,2022,0
Washington,Cascade Natural Gas,98802,March,2022,0
Washington,Cascade Natural Gas,98837,March,2022,0
Washington,Avista Utilities,98857,March,2022,0
Washington,Cascade Natural Gas,98901,March,2022,2
Washington,Cascade Natural Gas,98902,March,2022,1
Washington,Cascade Natural Gas,98903,March,2022,2
Washington,Cascade Natural Gas,98908,March,2022,1
Washington,Cascade Natural Gas,98930,March,2022,0
Washington,Cascade Natural Gas,98932,March,2022,0
Washington,Cascade Natural Gas,98936,March,2022,0
Washington,Cascade Natural Gas,98942,March,2022,1
Washington,Cascade Natural Gas,98944,March,2022,2
Washington,Cascade Natural Gas,98948,March,2022,0
Washington,Cascade Natural Gas,98951,March,2022,0
Washington,Cascade Natural Gas,98953,March,2022,0
Washington,Avista Utilities,99001,March,2022,1
Washington,Avista Utilities,99003,March,2022,0
Washington,Avista Utilities,99004,March,2022,1
Washington,Avista Utilities,99005,March,2022,0
Washington,Avista Utilities,99006,March,2022,0
Washington,Avista Utilities,99008,March,2022,0
Washington,Avista Utilities,99009,March,2022,0
Washington,Avista Utilities,99011,March,2022,0
Washington,Avista Utilities,99012,March,2022,0
Washington,Avista Utilities,99013,March,2022,0
Washington,Avista Utilities,99014,March,2022,0
Washington,Avista Utilities,99016,March,2022,4
Washington,Avista Utilities,99018,March,2022,0
Washington,Avista Utilities,99019,March,2022,0
Washington,Avista Utilities,99020,March,2022,0
Washington,Avista Utilities,99021,March,2022,0
Washington,Avista Utilities,99022,March,2022,1
Washington,Avista Utilities,99023,March,2022,0
Washington,Avista Utilities,99025,March,2022,0
Washington,Avista Utilities,99026,March,2022,0
Washington,Avista Utilities,99027,March,2022,2
Washington,Avista Utilities,99029,March,2022,0
Washington,Avista Utilities,99030,March,2022,0
Washington,Avista Utilities,99031,March,2022,0
Washington,Avista Utilities,99032,March,2022,0
Washington,Avista Utilities,99033,March,2022,0
Washington,Avista Utilities,99034,March,2022,0
Washington,Avista Utilities,99036,March,2022,0
Washington,Avista Utilities,99037,March,2022,0
Washington,Avista Utilities,99039,March,2022,0
Washington,Avista Utilities,99040,March,2022,0
Washington,Avista Utilities,99101,March,2022,0
Washington,Avista Utilities,99102,March,2022,0
Washington,Avista Utilities,99103,March,2022,0
Washington,Avista Utilities,99104,March,2022,0
Washington,Avista Utilities,99107,March,2022,0
Washington,Avista Utilities,99109,March,2022,2
Washington,Avista Utilities,99110,March,2022,0
Washington,Avista Utilities,99111,March,2022,0
Washington,Avista Utilities,99113,March,2022,0
Washington,Avista Utilities,99114,March,2022,7
Washington,Avista Utilities,99117,March,2022,0
Washington,Avista Utilities,99122,March,2022,0
Washington,Avista Utilities,99125,March,2022,0
Washington,Avista Utilities,99126,March,2022,0
Washington,Avista Utilities,99128,March,2022,0
Washington,Avista Utilities,99129,March,2022,2
Washington,Avista Utilities,99130,March,2022,0
Washington,Avista Utilities,99131,March,2022,0
Washington,Avista Utilities,99134,March,2022,0
Washington,Avista Utilities,99137,March,2022,0
Washington,Avista Utilities,99138,March,2022,0
Washington,Avista Utilities,99141,March,2022,4
Washington,Avista Utilities,99143,March,2022,0
Washington,Avista Utilities,99144,March,2022,0
Washington,Avista Utilities,99146,March,2022,0
Washington,Avista Utilities,99148,March,2022,0
Washington,Avista Utilities,99149,March,2022,0
Washington,Avista Utilities,99151,March,2022,0
Washington,Avista Utilities,99156,March,2022,0
Washington,Avista Utilities,99157,March,2022,0
Washington,Avista Utilities,99158,March,2022,0
Washington,Avista Utilities,99159,March,2022,0
Washington,Avista Utilities,99160,March,2022,0
Washington,Avista Utilities,99161,March,2022,2
Washington,Avista Utilities,99163,March,2022,8
Washington,Avista Utilities,99164,March,2022,0
Washington,Avista Utilities,99167,March,2022,0
Washington,Avista Utilities,99169,March,2022,0
Washington,Avista Utilities,99170,March,2022,2
Washington,Avista Utilities,99171,March,2022,0
Washington,Avista Utilities,99173,March,2022,0
Washington,Avista Utilities,99174,March,2022,0
Washington,Avista Utilities,99176,March,2022,0
Washington,Avista Utilities,99179,March,2022,0
Washington,Avista Utilities,99181,March,2022,1
Washington,Avista Utilities,99185,March,2022,0
Washington,Avista Utilities,99201,March,2022,2
Washington,Avista Utilities,99202,March,2022,2
Washington,Avista Utilities,99203,March,2022,1
Washington,Avista Utilities,99204,March,2022,5
Washington,Avista Utilities,99205,March,2022,8
Washington,Avista Utilities,99206,March,2022,4
Washington,Avista Utilities,99207,March,2022,11
Washington,Avista Utilities,99208,March,2022,8
Washington,Avista Utilities,99212,March,2022,2
Washington,Avista Utilities,99216,March,2022,4
Washington,Avista Utilities,99217,March,2022,5
Washington,Avista Utilities,99218,March,2022,1
Washington,Avista Utilities,99219,March,2022,0
Washington,Avista Utilities,99220,March,2022,0
Washington,Avista Utilities,99223,March,2022,5
Washington,Avista Utilities,99224,March,2022,3
Washington,Avista Utilities,99228,March,2022,0
Washington,Avista Utilities,99260,March,2022,0
Washington,Cascade Natural Gas,99301,March,2022,2
Washington,Cascade Natural Gas,99324,March,2022,0
Washington,Avista Utilities,99326,March,2022,0
Washington,Avista Utilities,99335,March,2022,0
Washington,Cascade Natural Gas,99336,March,2022,3
Washington,Cascade Natural Gas,99337,March,2022,0
Washington,Avista Utilities,99341,March,2022,1
Washington,Avista Utilities,99344,March,2022,3
Washington,Cascade Natural Gas,99344,March,2022,0
Washington,Cascade Natural Gas,99350,March,2022,0
Washington,Cascade Natural Gas,99352,March,2022,0
Washington,Cascade Natural Gas,99353,March,2022,0
Washington,Cascade Natural Gas,99354,March,2022,0
Washington,Cascade Natural Gas,99362,March,2022,1
Washington,Avista Utilities,99371,March,2022,0
Washington,Avista Utilities,99402,March,2022,0
Washington,Avista Utilities,99403,March,2022,2
Washington,Northwest Natural Gas Company,97031,May,2022,0
Washington,Northwest Natural Gas Company,97301,May,2022,0
Washington,Northwest Natural Gas Company,97388,May,2022,0
Washington,Northwest Natural Gas Company,97663,May,2022,0
Washington,Puget Sound Energy Inc,98001,May,2022,0
Washington,Puget Sound Energy Inc,98002,May,2022,0
Washington,Puget Sound Energy Inc,98003,May,2022,0
Washington,Puget Sound Energy Inc,98004,May,2022,0
Washington,Puget Sound Energy Inc,98005,May,2022,0
Washington,Puget Sound Energy Inc,98006,May,2022,0
Washington,Puget Sound Energy Inc,98007,May,2022,0
Washington,Puget Sound Energy Inc,98008,May,2022,0
Washington,Puget Sound Energy Inc,98010,May,2022,0
Washington,Puget Sound Energy Inc,98011,May,2022,0
Washington,Puget Sound Energy Inc,98014,May,2022,0
Washington,Puget Sound Energy Inc,98022,May,2022,0
Washington,Puget Sound Energy Inc,98023,May,2022,0
Washington,Puget Sound Energy Inc,98026,May,2022,0
Washington,Northwest Natural Gas Company,98026,May,2022,0
Washington,Puget Sound Energy Inc,98027,May,2022,0
Washington,Puget Sound Energy Inc,98028,May,2022,0
Washington,Puget Sound Energy Inc,98029,May,2022,0
Washington,Puget Sound Energy Inc,98030,May,2022,0
Washington,Puget Sound Energy Inc,98031,May,2022,0
Washington,Puget Sound Energy Inc,98032,May,2022,0
Washington,Puget Sound Energy Inc,98033,May,2022,0
Washington,Puget Sound Energy Inc,98038,May,2022,0
Washington,Puget Sound Energy Inc,98039,May,2022,0
Washington,Puget Sound Energy Inc,98040,May,2022,0
Washington,Puget Sound Energy Inc,98042,May,2022,0
Washington,Puget Sound Energy Inc,98043,May,2022,0
Washington,Puget Sound Energy Inc,98047,May,2022,0
Washington,Puget Sound Energy Inc,98052,May,2022,0
Washington,Puget Sound Energy Inc,98055,May,2022,0
Washington,Puget Sound Energy Inc,98056,May,2022,0
Washington,Puget Sound Energy Inc,98057,May,2022,0
Washington,Puget Sound Energy Inc,98059,May,2022,0
Washington,Puget Sound Energy Inc,98065,May,2022,0
Washington,Puget Sound Energy Inc,98072,May,2022,0
Washington,Puget Sound Energy Inc,98074,May,2022,0
Washington,Puget Sound Energy Inc,98092,May,2022,0
Washington,Puget Sound Energy Inc,98102,May,2022,0
Washington,Puget Sound Energy Inc,98103,May,2022,0
Washington,Puget Sound Energy Inc,98106,May,2022,0
Washington,Puget Sound Energy Inc,98108,May,2022,0
Washington,Puget Sound Energy Inc,98110,May,2022,0
Washington,Puget Sound Energy Inc,98112,May,2022,0
Washington,Puget Sound Energy Inc,98116,May,2022,1
Washington,Puget Sound Energy Inc,98117,May,2022,0
Washington,Puget Sound Energy Inc,98118,May,2022,2
Washington,Northwest Natural Gas Company,98119,May,2022,0
Washington,Puget Sound Energy Inc,98121,May,2022,0
Washington,Puget Sound Energy Inc,98126,May,2022,1
Washington,Northwest Natural Gas Company,98127,May,2022,0
Washington,Puget Sound Energy Inc,98133,May,2022,0
Washington,Puget Sound Energy Inc,98146,May,2022,0
Washington,Puget Sound Energy Inc,98148,May,2022,0
Washington,Puget Sound Energy Inc,98166,May,2022,0
Washington,Puget Sound Energy Inc,98168,May,2022,1
Washington,Puget Sound Energy Inc,98178,May,2022,0
Washington,Puget Sound Energy Inc,98188,May,2022,0
Washington,Puget Sound Energy Inc,98198,May,2022,0
Washington,Puget Sound Energy Inc,98201,May,2022,0
Washington,Northwest Natural Gas Company,98208,May,2022,0
Washington,Cascade Natural Gas,98221,May,2022,3
Washington,Puget Sound Energy Inc,98221,May,2022,0
Washington,Cascade Natural Gas,98223,May,2022,1
Washington,Puget Sound Energy Inc,98224,May,2022,0
Washington,Puget Sound Energy Inc,98225,May,2022,0
Washington,Cascade Natural Gas,98225,May,2022,5
Washington,Cascade Natural Gas,98226,May,2022,3
Washington,Puget Sound Energy Inc,98226,May,2022,0
Washington,Puget Sound Energy Inc,98229,May,2022,1
Washington,Cascade Natural Gas,98229,May,2022,3
Washington,Cascade Natural Gas,98230,May,2022,3
Washington,Puget Sound Energy Inc,98230,May,2022,0
Washington,Puget Sound Energy Inc,98232,May,2022,0
Washington,Cascade Natural Gas,98232,May,2022,0
Washington,Puget Sound Energy Inc,98233,May,2022,0
Washington,Cascade Natural Gas,98233,May,2022,1
Washington,Puget Sound Energy Inc,98235,May,2022,0
Washington,Puget Sound Energy Inc,98240,May,2022,0
Washington,Cascade Natural Gas,98240,May,2022,0
Washington,Cascade Natural Gas,98247,May,2022,0
Washington,Puget Sound Energy Inc,98247,May,2022,0
Washington,Cascade Natural Gas,98248,May,2022,2
Washington,Puget Sound Energy Inc,98248,May,2022,0
Washington,Puget Sound Energy Inc,98255,May,2022,0
Washington,Cascade Natural Gas,98257,May,2022,1
Washington,Puget Sound Energy Inc,98257,May,2022,0
Washington,Cascade Natural Gas,98264,May,2022,3
Washington,Puget Sound Energy Inc,98264,May,2022,0
Washington,Cascade Natural Gas,98271,May,2022,0
Washington,Cascade Natural Gas,98273,May,2022,4
Washington,Puget Sound Energy Inc,98273,May,2022,0
Washington,Cascade Natural Gas,98274,May,2022,1
Washington,Puget Sound Energy Inc,98274,May,2022,0
Washington,Cascade Natural Gas,98276,May,2022,0
Washington,Puget Sound Energy Inc,98277,May,2022,0
Washington,Cascade Natural Gas,98277,May,2022,2
Washington,Cascade Natural Gas,98282,May,2022,0
Washington,Puget Sound Energy Inc,98284,May,2022,0
Washington,Cascade Natural Gas,98284,May,2022,4
Washington,Cascade Natural Gas,98292,May,2022,1
Washington,Puget Sound Energy Inc,98294,May,2022,0
Washington,Cascade Natural Gas,98295,May,2022,0
Washington,Northwest Natural Gas Company,98307,May,2022,0
Washington,Puget Sound Energy Inc,98310,May,2022,2
Washington,Cascade Natural Gas,98310,May,2022,9
Washington,Cascade Natural Gas,98311,May,2022,2
Washington,Puget Sound Energy Inc,98311,May,2022,1
Washington,Cascade Natural Gas,98312,May,2022,4
Washington,Puget Sound Energy Inc,98312,May,2022,0
Washington,Puget Sound Energy Inc,98327,May,2022,0
Washington,Puget Sound Energy Inc,98332,May,2022,0
Washington,Puget Sound Energy Inc,98335,May,2022,0
Washington,Cascade Natural Gas,98337,May,2022,5
Washington,Puget Sound Energy Inc,98337,May,2022,0
Washington,Puget Sound Energy Inc,98338,May,2022,0
Washington,Puget Sound Energy Inc,98342,May,2022,0
Washington,Puget Sound Energy Inc,98346,May,2022,0
Washington,Puget Sound Energy Inc,98359,May,2022,0
Washington,Puget Sound Energy Inc,98360,May,2022,0
Washington,Cascade Natural Gas,98366,May,2022,6
Washington,Puget Sound Energy Inc,98366,May,2022,2
Washington,Cascade Natural Gas,98367,May,2022,1
Washington,Puget Sound Energy Inc,98367,May,2022,1
Washington,Puget Sound Energy Inc,98370,May,2022,0
Washington,Cascade Natural Gas,98370,May,2022,2
Washington,Puget Sound Energy Inc,98371,May,2022,0
Washington,Puget Sound Energy Inc,98372,May,2022,0
Washington,Puget Sound Energy Inc,98373,May,2022,0
Washington,Puget Sound Energy Inc,98374,May,2022,0
Washington,Puget Sound Energy Inc,98375,May,2022,0
Washington,Puget Sound Energy Inc,98380,May,2022,0
Washington,Cascade Natural Gas,98383,May,2022,0
Washington,Puget Sound Energy Inc,98383,May,2022,0
Washington,Puget Sound Energy Inc,98387,May,2022,0
Washington,Puget Sound Energy Inc,98388,May,2022,0
Washington,Puget Sound Energy Inc,98390,May,2022,0
Washington,Puget Sound Energy Inc,98391,May,2022,0
Washington,Puget Sound Energy Inc,98392,May,2022,0
Washington,Puget Sound Energy Inc,98402,May,2022,0
Washington,Puget Sound Energy Inc,98403,May,2022,1
Washington,Puget Sound Energy Inc,98404,May,2022,0
Washington,Puget Sound Energy Inc,98405,May,2022,0
Washington,Puget Sound Energy Inc,98406,May,2022,0
Washington,Puget Sound Energy Inc,98407,May,2022,0
Washington,Puget Sound Energy Inc,98408,May,2022,0
Washington,Puget Sound Energy Inc,98409,May,2022,0
Washington,Puget Sound Energy Inc,98418,May,2022,1
Washington,Puget Sound Energy Inc,98422,May,2022,1
Washington,Puget Sound Energy Inc,98439,May,2022,0
Washington,Puget Sound Energy Inc,98444,May,2022,0
Washington,Puget Sound Energy Inc,98445,May,2022,0
Washington,Puget Sound Energy Inc,98446,May,2022,0
Washington,Puget Sound Energy Inc,98466,May,2022,0
Washington,Puget Sound Energy Inc,98467,May,2022,0
Washington,Puget Sound Energy Inc,98498,May,2022,1
Washington,Puget Sound Energy Inc,98499,May,2022,0
Washington,Puget Sound Energy Inc,98501,May,2022,0
Washington,Puget Sound Energy Inc,98502,May,2022,0
Washington,Puget Sound Energy Inc,98503,May,2022,0
Washington,Puget Sound Energy Inc,98506,May,2022,0
Washington,Puget Sound Energy Inc,98512,May,2022,0
Washington,Puget Sound Energy Inc,98513,May,2022,0
Washington,Puget Sound Energy Inc,98516,May,2022,0
Washington,Cascade Natural Gas,98520,May,2022,0
Washington,Puget Sound Energy Inc,98530,May,2022,0
Washington,Puget Sound Energy Inc,98531,May,2022,0
Washington,Cascade Natural Gas,98541,May,2022,0
Washington,Cascade Natural Gas,98550,May,2022,5
Washington,Cascade Natural Gas,98557,May,2022,0
Washington,Cascade Natural Gas,98563,May,2022,1
Washington,Puget Sound Energy Inc,98576,May,2022,0
Washington,Puget Sound Energy Inc,98579,May,2022,0
Washington,Puget Sound Energy Inc,98580,May,2022,0
Washington,Cascade Natural Gas,98584,May,2022,1
Washington,Puget Sound Energy Inc,98589,May,2022,0
Washington,Puget Sound Energy Inc,98597,May,2022,0
Washington,Northwest Natural Gas Company,98601,May,2022,0
Washington,Northwest Natural Gas Company,98604,May,2022,0
Washington,Northwest Natural Gas Company,98605,May,2022,0
Washington,Northwest Natural Gas Company,98606,May,2022,0
Washington,Northwest Natural Gas Company,98607,May,2022,0
Washington,Northwest Natural Gas Company,98610,May,2022,0
Washington,Northwest Natural Gas Company,98612,May,2022,0
Washington,Northwest Natural Gas Company,98617,May,2022,0
Washington,Northwest Natural Gas Company,98620,May,2022,0
Washington,Avista Utilities,98620,May,2022,0
Washington,Cascade Natural Gas,98626,May,2022,1
Washington,Northwest Natural Gas Company,98626,May,2022,0
Washington,Northwest Natural Gas Company,98628,May,2022,0
Washington,Northwest Natural Gas Company,98629,May,2022,0
Washington,Cascade Natural Gas,98632,May,2022,2
Washington,Northwest Natural Gas Company,98635,May,2022,0
Washington,Northwest Natural Gas Company,98639,May,2022,0
Washington,Northwest Natural Gas Company,98642,May,2022,0
Washington,Northwest Natural Gas Company,98648,May,2022,0
Washington,Avista Utilities,98648,May,2022,0
Washington,Northwest Natural Gas Company,98660,May,2022,0
Washington,Northwest Natural Gas Company,98661,May,2022,0
Washington,Northwest Natural Gas Company,98662,May,2022,0
Washington,Northwest Natural Gas Company,98663,May,2022,0
Washington,Northwest Natural Gas Company,98664,May,2022,0
Washington,Northwest Natural Gas Company,98665,May,2022,0
Washington,Northwest Natural Gas Company,98666,May,2022,0
Washington,Northwest Natural Gas Company,98668,May,2022,0
Washington,Northwest Natural Gas Company,98671,May,2022,0
Washington,Northwest Natural Gas Company,98672,May,2022,0
Washington,Cascade Natural Gas,98674,May,2022,1
Washington,Northwest Natural Gas Company,98674,May,2022,0
Washington,Northwest Natural Gas Company,98675,May,2022,0
Washington,Northwest Natural Gas Company,98682,May,2022,0
Washington,Northwest Natural Gas Company,98683,May,2022,0
Washington,Northwest Natural Gas Company,98684,May,2022,0
Washington,Northwest Natural Gas Company,98685,May,2022,0
Washington,Northwest Natural Gas Company,98686,May,2022,0
Washington,Northwest Natural Gas Company,98762,May,2022,0
Washington,Cascade Natural Gas,98801,May,2022,0
Washington,Cascade Natural Gas,98802,May,2022,0
Washington,Cascade Natural Gas,98837,May,2022,2
Washington,Avista Utilities,98857,May,2022,0
Washington,Cascade Natural Gas,98901,May,2022,3
Washington,Cascade Natural Gas,98902,May,2022,8
Washington,Cascade Natural Gas,98903,May,2022,3
Washington,Cascade Natural Gas,98908,May,2022,8
Washington,Puget Sound Energy Inc,98922,May,2022,0
Washington,Cascade Natural Gas,98930,May,2022,0
Washington,Cascade Natural Gas,98932,May,2022,0
Washington,Cascade Natural Gas,98936,May,2022,0
Washington,Cascade Natural Gas,98942,May,2022,3
Washington,Cascade Natural Gas,98944,May,2022,1
Washington,Cascade Natural Gas,98948,May,2022,1
Washington,Cascade Natural Gas,98951,May,2022,0
Washington,Cascade Natural Gas,98953,May,2022,0
Washington,Avista Utilities,99001,May,2022,4
Washington,Avista Utilities,99003,May,2022,0
Washington,Avista Utilities,99004,May,2022,0
Washington,Avista Utilities,99005,May,2022,0
Washington,Avista Utilities,99006,May,2022,1
Washington,Avista Utilities,99008,May,2022,0
Washington,Avista Utilities,99009,May,2022,0
Washington,Avista Utilities,99011,May,2022,0
Washington,Avista Utilities,99012,May,2022,1
Washington,Avista Utilities,99013,May,2022,2
Washington,Avista Utilities,99014,May,2022,0
Washington,Avista Utilities,99016,May,2022,3
Washington,Avista Utilities,99018,May,2022,0
Washington,Avista Utilities,99019,May,2022,1
Washington,Avista Utilities,99020,May,2022,0
Washington,Avista Utilities,99021,May,2022,2
Washington,Avista Utilities,99022,May,2022,3
Washington,Avista Utilities,99023,May,2022,0
Washington,Avista Utilities,99025,May,2022,0
Washington,Avista Utilities,99026,May,2022,0
Washington,Avista Utilities,99027,May,2022,1
Washington,Avista Utilities,99029,May,2022,2
Washington,Avista Utilities,99030,May,2022,0
Washington,Avista Utilities,99031,May,2022,0
Washington,Avista Utilities,99032,May,2022,0
Washington,Avista Utilities,99033,May,2022,1
Washington,Avista Utilities,99034,May,2022,0
Washington,Avista Utilities,99036,May,2022,0
Washington,Avista Utilities,99037,May,2022,1
Washington,Avista Utilities,99039,May,2022,0
Washington,Avista Utilities,99040,May,2022,1
Washington,Avista Utilities,99101,May,2022,0
Washington,Avista Utilities,99102,May,2022,0
Washington,Avista Utilities,99103,May,2022,0
Washington,Avista Utilities,99104,May,2022,0
Washington,Avista Utilities,99107,May,2022,0
Washington,Avista Utilities,99109,May,2022,6
Washington,Avista Utilities,99110,May,2022,1
Washington,Avista Utilities,99111,May,2022,0
Washington,Avista Utilities,99113,May,2022,1
Washington,Avista Utilities,99114,May,2022,10
Washington,Avista Utilities,99117,May,2022,0
Washington,Avista Utilities,99122,May,2022,0
Washington,Avista Utilities,99125,May,2022,0
Washington,Avista Utilities,99126,May,2022,1
Washington,Avista Utilities,99128,May,2022,0
Washington,Avista Utilities,99129,May,2022,2
Washington,Avista Utilities,99130,May,2022,0
Washington,Avista Utilities,99131,May,2022,0
Washington,Avista Utilities,99134,May,2022,0
Washington,Avista Utilities,99137,May,2022,0
Washington,Avista Utilities,99138,May,2022,0
Washington,Avista Utilities,99141,May,2022,10
Washington,Avista Utilities,99143,May,2022,0
Washington,Avista Utilities,99144,May,2022,0
Washington,Avista Utilities,99146,May,2022,0
Washington,Avista Utilities,99148,May,2022,0
Washington,Avista Utilities,99149,May,2022,0
Washington,Avista Utilities,99151,May,2022,0
Washington,Avista Utilities,99156,May,2022,0
Washington,Avista Utilities,99157,May,2022,0
Washington,Avista Utilities,99158,May,2022,0
Washington,Avista Utilities,99159,May,2022,0
Washington,Avista Utilities,99160,May,2022,0
Washington,Avista Utilities,99161,May,2022,1
Washington,Avista Utilities,99163,May,2022,15
Washington,Avista Utilities,99164,May,2022,0
Washington,Avista Utilities,99167,May,2022,1
Washington,Avista Utilities,99169,May,2022,0
Washington,Avista Utilities,99170,May,2022,0
Washington,Avista Utilities,99171,May,2022,0
Washington,Avista Utilities,99173,May,2022,0
Washington,Avista Utilities,99174,May,2022,0
Washington,Avista Utilities,99176,May,2022,0
Washington,Avista Utilities,99179,May,2022,0
Washington,Avista Utilities,99181,May,2022,2
Washington,Avista Utilities,99185,May,2022,1
Washington,Avista Utilities,99201,May,2022,10
Washington,Avista Utilities,99202,May,2022,11
Washington,Avista Utilities,99203,May,2022,3
Washington,Avista Utilities,99204,May,2022,11
Washington,Avista Utilities,99205,May,2022,8
Washington,Avista Utilities,99206,May,2022,4
Washington,Avista Utilities,99207,May,2022,46
Washington,Avista Utilities,99208,May,2022,21
Washington,Avista Utilities,99212,May,2022,4
Washington,Avista Utilities,99216,May,2022,9
Washington,Avista Utilities,99217,May,2022,11
Washington,Avista Utilities,99218,May,2022,2
Washington,Avista Utilities,99219,May,2022,0
Washington,Avista Utilities,99220,May,2022,0
Washington,Avista Utilities,99223,May,2022,9
Washington,Avista Utilities,99224,May,2022,3
Washington,Avista Utilities,99228,May,2022,0
Washington,Avista Utilities,99260,May,2022,0
Washington,Cascade Natural Gas,99301,May,2022,3
Washington,Cascade Natural Gas,99324,May,2022,2
Washington,Avista Utilities,99326,May,2022,0
Washington,Avista Utilities,99335,May,2022,0
Washington,Cascade Natural Gas,99336,May,2022,4
Washington,Cascade Natural Gas,99337,May,2022,0
Washington,Avista Utilities,99341,May,2022,1
Washington,Avista Utilities,99344,May,2022,5
Washington,Cascade Natural Gas,99344,May,2022,0
Washington,Cascade Natural Gas,99350,May,2022,0
Washington,Cascade Natural Gas,99352,May,2022,3
Washington,Cascade Natural Gas,99353,May,2022,0
Washington,Cascade Natural Gas,99354,May,2022,5
Washington,Cascade Natural Gas,99362,May,2022,4
Washington,Avista Utilities,99371,May,2022,0
Washington,Avista Utilities,99402,May,2022,3
Washington,Avista Utilities,99403,May,2022,20
Washington,Puget Sound Energy Inc,98001,November,2022,0
Washington,Puget Sound Energy Inc,98002,November,2022,1
Washington,Puget Sound Energy Inc,98003,November,2022,7
Washington,Puget Sound Energy Inc,98004,November,2022,3
Washington,Puget Sound Energy Inc,98005,November,2022,1
Washington,Puget Sound Energy Inc,98006,November,2022,1
Washington,Puget Sound Energy Inc,98007,November,2022,3
Washington,Puget Sound Energy Inc,98008,November,2022,0
Washington,Puget Sound Energy Inc,98010,November,2022,0
Washington,Puget Sound Energy Inc,98011,November,2022,0
Washington,Puget Sound Energy Inc,98014,November,2022,1
Washington,Puget Sound Energy Inc,98022,November,2022,0
Washington,Puget Sound Energy Inc,98023,November,2022,5
Washington,Puget Sound Energy Inc,98026,November,2022,0
Washington,Puget Sound Energy Inc,98027,November,2022,1
Washington,Puget Sound Energy Inc,98028,November,2022,0
Washington,Puget Sound Energy Inc,98029,November,2022,0
Washington,Puget Sound Energy Inc,98030,November,2022,4
Washington,Puget Sound Energy Inc,98031,November,2022,2
Washington,Puget Sound Energy Inc,98032,November,2022,10
Washington,Puget Sound Energy Inc,98033,November,2022,0
Washington,Puget Sound Energy Inc,98038,November,2022,0
Washington,Puget Sound Energy Inc,98039,November,2022,0
Washington,Puget Sound Energy Inc,98040,November,2022,0
Washington,Puget Sound Energy Inc,98042,November,2022,1
Washington,Puget Sound Energy Inc,98043,November,2022,0
Washington,Puget Sound Energy Inc,98047,November,2022,0
Washington,Puget Sound Energy Inc,98052,November,2022,0
Washington,Puget Sound Energy Inc,98055,November,2022,0
Washington,Puget Sound Energy Inc,98056,November,2022,5
Washington,Puget Sound Energy Inc,98057,November,2022,0
Washington,Puget Sound Energy Inc,98059,November,2022,4
Washington,Puget Sound Energy Inc,98065,November,2022,0
Washington,Puget Sound Energy Inc,98072,November,2022,0
Washington,Puget Sound Energy Inc,98074,November,2022,0
Washington,Puget Sound Energy Inc,98092,November,2022,7
Washington,Puget Sound Energy Inc,98102,November,2022,1
Washington,Puget Sound Energy Inc,98103,November,2022,1
Washington,Puget Sound Energy Inc,98106,November,2022,0
Washington,Puget Sound Energy Inc,98108,November,2022,0
Washington,Puget Sound Energy Inc,98110,November,2022,1
Washington,Puget Sound Energy Inc,98112,November,2022,0
Washington,Puget Sound Energy Inc,98116,November,2022,0
Washington,Puget Sound Energy Inc,98117,November,2022,0
Washington,Puget Sound Energy Inc,98118,November,2022,0
Washington,Puget Sound Energy Inc,98121,November,2022,1
Washington,Puget Sound Energy Inc,98126,November,2022,0
Washington,Puget Sound Energy Inc,98133,November,2022,2
Washington,Puget Sound Energy Inc,98146,November,2022,1
Washington,Puget Sound Energy Inc,98148,November,2022,1
Washington,Puget Sound Energy Inc,98166,November,2022,2
Washington,Puget Sound Energy Inc,98168,November,2022,2
Washington,Puget Sound Energy Inc,98178,November,2022,1
Washington,Puget Sound Energy Inc,98188,November,2022,2
Washington,Puget Sound Energy Inc,98198,November,2022,17
Washington,Puget Sound Energy Inc,98201,November,2022,0
Washington,Cascade Natural Gas,98221,November,2022,14
Washington,Puget Sound Energy Inc,98221,November,2022,0
Washington,Cascade Natural Gas,98223,November,2022,6
Washington,Puget Sound Energy Inc,98224,November,2022,0
Washington,Puget Sound Energy Inc,98225,November,2022,4
Washington,Cascade Natural Gas,98225,November,2022,9
Washington,Puget Sound Energy Inc,98226,November,2022,10
Washington,Cascade Natural Gas,98226,November,2022,7
Washington,Cascade Natural Gas,98229,November,2022,5
Washington,Puget Sound Energy Inc,98229,November,2022,4
Washington,Cascade Natural Gas,98230,November,2022,1
Washington,Puget Sound Energy Inc,98230,November,2022,0
Washington,Cascade Natural Gas,98232,November,2022,0
Washington,Puget Sound Energy Inc,98232,November,2022,1
Washington,Cascade Natural Gas,98233,November,2022,1
Washington,Puget Sound Energy Inc,98233,November,2022,2
Washington,Puget Sound Energy Inc,98235,November,2022,0
Washington,Cascade Natural Gas,98240,November,2022,0
Washington,Puget Sound Energy Inc,98240,November,2022,0
Washington,Cascade Natural Gas,98247,November,2022,5
Washington,Puget Sound Energy Inc,98247,November,2022,0
Washington,Cascade Natural Gas,98248,November,2022,5
Washington,Puget Sound Energy Inc,98248,November,2022,3
Washington,Puget Sound Energy Inc,98255,November,2022,1
Washington,Puget Sound Energy Inc,98257,November,2022,1
Washington,Cascade Natural Gas,98257,November,2022,4
Washington,Puget Sound Energy Inc,98264,November,2022,0
Washington,Cascade Natural Gas,98264,November,2022,13
Washington,Cascade Natural Gas,98271,November,2022,2
Washington,Cascade Natural Gas,98273,November,2022,4
Washington,Puget Sound Energy Inc,98273,November,2022,1
Washington,Cascade Natural Gas,98274,November,2022,2
Washington,Puget Sound Energy Inc,98274,November,2022,2
Washington,Cascade Natural Gas,98276,November,2022,1
Washington,Cascade Natural Gas,98277,November,2022,3
Washington,Puget Sound Energy Inc,98277,November,2022,4
Washington,Cascade Natural Gas,98282,November,2022,0
Washington,Cascade Natural Gas,98284,November,2022,3
Washington,Puget Sound Energy Inc,98284,November,2022,4
Washington,Cascade Natural Gas,98292,November,2022,5
Washington,Puget Sound Energy Inc,98294,November,2022,0
Washington,Cascade Natural Gas,98295,November,2022,2
Washington,Cascade Natural Gas,98310,November,2022,6
Washington,Puget Sound Energy Inc,98310,November,2022,5
Washington,Cascade Natural Gas,98311,November,2022,7
Washington,Puget Sound Energy Inc,98311,November,2022,4
Washington,Cascade Natural Gas,98312,November,2022,10
Washington,Puget Sound Energy Inc,98312,November,2022,8
Washington,Puget Sound Energy Inc,98327,November,2022,2
Washington,Puget Sound Energy Inc,98332,November,2022,0
Washington,Puget Sound Energy Inc,98335,November,2022,0
Washington,Cascade Natural Gas,98337,November,2022,6
Washington,Puget Sound Energy Inc,98337,November,2022,4
Washington,Puget Sound Energy Inc,98338,November,2022,3
Washington,Puget Sound Energy Inc,98342,November,2022,0
Washington,Puget Sound Energy Inc,98346,November,2022,0
Washington,Puget Sound Energy Inc,98359,November,2022,0
Washington,Puget Sound Energy Inc,98360,November,2022,1
Washington,Cascade Natural Gas,98366,November,2022,14
Washington,Puget Sound Energy Inc,98366,November,2022,2
Washington,Cascade Natural Gas,98367,November,2022,6
Washington,Puget Sound Energy Inc,98367,November,2022,2
Washington,Puget Sound Energy Inc,98370,November,2022,1
Washington,Cascade Natural Gas,98370,November,2022,1
Washington,Puget Sound Energy Inc,98371,November,2022,8
Washington,Puget Sound Energy Inc,98372,November,2022,3
Washington,Puget Sound Energy Inc,98373,November,2022,4
Washington,Puget Sound Energy Inc,98374,November,2022,9
Washington,Puget Sound Energy Inc,98375,November,2022,5
Washington,Puget Sound Energy Inc,98380,November,2022,2
Washington,Cascade Natural Gas,98383,November,2022,1
Washington,Puget Sound Energy Inc,98383,November,2022,1
Washington,Puget Sound Energy Inc,98387,November,2022,1
Washington,Puget Sound Energy Inc,98388,November,2022,0
Washington,Puget Sound Energy Inc,98390,November,2022,0
Washington,Puget Sound Energy Inc,98391,November,2022,3
Washington,Puget Sound Energy Inc,98392,November,2022,0
Washington,Puget Sound Energy Inc,98402,November,2022,0
Washington,Puget Sound Energy Inc,98403,November,2022,0
Washington,Puget Sound Energy Inc,98404,November,2022,0
Washington,Puget Sound Energy Inc,98405,November,2022,0
Washington,Puget Sound Energy Inc,98406,November,2022,0
Washington,Puget Sound Energy Inc,98407,November,2022,0
Washington,Puget Sound Energy Inc,98408,November,2022,0
Washington,Puget Sound Energy Inc,98409,November,2022,1
Washington,Puget Sound Energy Inc,98418,November,2022,2
Washington,Puget Sound Energy Inc,98422,November,2022,0
Washington,Puget Sound Energy Inc,98439,November,2022,3
Washington,Puget Sound Energy Inc,98444,November,2022,0
Washington,Puget Sound Energy Inc,98445,November,2022,0
Washington,Puget Sound Energy Inc,98446,November,2022,0
Washington,Puget Sound Energy Inc,98466,November,2022,0
Washington,Puget Sound Energy Inc,98467,November,2022,0
Washington,Puget Sound Energy Inc,98498,November,2022,2
Washington,Puget Sound Energy Inc,98499,November,2022,1
Washington,Puget Sound Energy Inc,98501,November,2022,4
Washington,Puget Sound Energy Inc,98502,November,2022,5
Washington,Puget Sound Energy Inc,98503,November,2022,3
Washington,Puget Sound Energy Inc,98506,November,2022,2
Washington,Puget Sound Energy Inc,98512,November,2022,3
Washington,Puget Sound Energy Inc,98513,November,2022,5
Washington,Puget Sound Energy Inc,98516,November,2022,2
Washington,Cascade Natural Gas,98520,November,2022,6
Washington,Puget Sound Energy Inc,98530,November,2022,0
Washington,Puget Sound Energy Inc,98531,November,2022,1
Washington,Cascade Natural Gas,98541,November,2022,0
Washington,Cascade Natural Gas,98550,November,2022,3
Washington,Cascade Natural Gas,98557,November,2022,0
Washington,Cascade Natural Gas,98563,November,2022,0
Washington,Puget Sound Energy Inc,98576,November,2022,2
Washington,Puget Sound Energy Inc,98579,November,2022,0
Washington,Puget Sound Energy Inc,98580,November,2022,0
Washington,Cascade Natural Gas,98584,November,2022,4
Washington,Puget Sound Energy Inc,98589,November,2022,1
Washington,Puget Sound Energy Inc,98597,November,2022,2
Washington,Avista Utilities,98620,November,2022,0
Washington,Cascade Natural Gas,98626,November,2022,0
Washington,Cascade Natural Gas,98632,November,2022,3
Washington,Avista Utilities,98648,November,2022,0
Washington,Cascade Natural Gas,98674,November,2022,1
Washington,Cascade Natural Gas,98801,November,2022,0
Washington,Cascade Natural Gas,98802,November,2022,0
Washington,Cascade Natural Gas,98837,November,2022,0
Washington,Avista Utilities,98857,November,2022,0
Washington,Cascade Natural Gas,98901,November,2022,9
Washington,Cascade Natural Gas,98902,November,2022,13
Washington,Cascade Natural Gas,98903,November,2022,2
Washington,Cascade Natural Gas,98908,November,2022,7
Washington,Puget Sound Energy Inc,98922,November,2022,0
Washington,Cascade Natural Gas,98930,November,2022,0
Washington,Cascade Natural Gas,98932,November,2022,0
Washington,Cascade Natural Gas,98936,November,2022,1
Washington,Cascade Natural Gas,98942,November,2022,3
Washington,Cascade Natural Gas,98944,November,2022,11
Washington,Cascade Natural Gas,98948,November,2022,5
Washington,Cascade Natural Gas,98951,November,2022,1
Washington,Cascade Natural Gas,98953,November,2022,0
Washington,Avista Utilities,99001,November,2022,3
Washington,Avista Utilities,99003,November,2022,1
Washington,Avista Utilities,99004,November,2022,2
Washington,Avista Utilities,99005,November,2022,3
Washington,Avista Utilities,99006,November,2022,1
Washington,Avista Utilities,99008,November,2022,0
Washington,Avista Utilities,99009,November,2022,1
Washington,Avista Utilities,99011,November,2022,0
Washington,Avista Utilities,99012,November,2022,2
Washington,Avista Utilities,99013,November,2022,0
Washington,Avista Utilities,99014,November,2022,0
Washington,Avista Utilities,99016,November,2022,10
Washington,Avista Utilities,99018,November,2022,0
Washington,Avista Utilities,99019,November,2022,5
Washington,Avista Utilities,99020,November,2022,0
Washington,Avista Utilities,99021,November,2022,8
Washington,Avista Utilities,99022,November,2022,0
Washington,Avista Utilities,99023,November,2022,0
Washington,Avista Utilities,99025,November,2022,0
Washington,Avista Utilities,99026,November,2022,1
Washington,Avista Utilities,99027,November,2022,2
Washington,Avista Utilities,99029,November,2022,0
Washington,Avista Utilities,99030,November,2022,1
Washington,Avista Utilities,99031,November,2022,0
Washington,Avista Utilities,99032,November,2022,0
Washington,Avista Utilities,99033,November,2022,0
Washington,Avista Utilities,99034,November,2022,0
Washington,Avista Utilities,99036,November,2022,0
Washington,Avista Utilities,99037,November,2022,3
Washington,Avista Utilities,99039,November,2022,0
Washington,Avista Utilities,99040,November,2022,0
Washington,Avista Utilities,99101,November,2022,1
Washington,Avista Utilities,99102,November,2022,0
Washington,Avista Utilities,99103,November,2022,0
Washington,Avista Utilities,99104,November,2022,0
Washington,Avista Utilities,99107,November,2022,0
Washington,Avista Utilities,99109,November,2022,3
Washington,Avista Utilities,99110,November,2022,0
Washington,Avista Utilities,99111,November,2022,2
Washington,Avista Utilities,99113,November,2022,0
Washington,Avista Utilities,99114,November,2022,8
Washington,Avista Utilities,99117,November,2022,0
Washington,Avista Utilities,99122,November,2022,2
Washington,Avista Utilities,99125,November,2022,0
Washington,Avista Utilities,99126,November,2022,0
Washington,Avista Utilities,99128,November,2022,1
Washington,Avista Utilities,99129,November,2022,0
Washington,Avista Utilities,99130,November,2022,0
Washington,Avista Utilities,99131,November,2022,0
Washington,Avista Utilities,99134,November,2022,0
Washington,Avista Utilities,99137,November,2022,0
Washington,Avista Utilities,99138,November,2022,0
Washington,Avista Utilities,99141,November,2022,10
Washington,Avista Utilities,99143,November,2022,0
Washington,Avista Utilities,99144,November,2022,0
Washington,Avista Utilities,99146,November,2022,0
Washington,Avista Utilities,99148,November,2022,0
Washington,Avista Utilities,99149,November,2022,0
Washington,Avista Utilities,99151,November,2022,1
Washington,Avista Utilities,99156,November,2022,0
Washington,Avista Utilities,99157,November,2022,0
Washington,Avista Utilities,99158,November,2022,0
Washington,Avista Utilities,99159,November,2022,0
Washington,Avista Utilities,99160,November,2022,0
Washington,Avista Utilities,99161,November,2022,2
Washington,Avista Utilities,99163,November,2022,29
Washington,Avista Utilities,99164,November,2022,0
Washington,Avista Utilities,99167,November,2022,0
Washington,Avista Utilities,99169,November,2022,0
Washington,Avista Utilities,99170,November,2022,0
Washington,Avista Utilities,99171,November,2022,3
Washington,Avista Utilities,99173,November,2022,1
Washington,Avista Utilities,99174,November,2022,0
Washington,Avista Utilities,99176,November,2022,0
Washington,Avista Utilities,99179,November,2022,0
Washington,Avista Utilities,99181,November,2022,0
Washington,Avista Utilities,99185,November,2022,1
Washington,Avista Utilities,99201,November,2022,27
Washington,Avista Utilities,99202,November,2022,35
Washington,Avista Utilities,99203,November,2022,7
Washington,Avista Utilities,99204,November,2022,13
Washington,Avista Utilities,99205,November,2022,44
Washington,Avista Utilities,99206,November,2022,20
Washington,Avista Utilities,99207,November,2022,91
Washington,Avista Utilities,99208,November,2022,62
Washington,Avista Utilities,99212,November,2022,26
Washington,Avista Utilities,99216,November,2022,26
Washington,Avista Utilities,99217,November,2022,35
Washington,Avista Utilities,99218,November,2022,7
Washington,Avista Utilities,99219,November,2022,0
Washington,Avista Utilities,99220,November,2022,0
Washington,Avista Utilities,99223,November,2022,26
Washington,Avista Utilities,99224,November,2022,16
Washington,Avista Utilities,99228,November,2022,0
Washington,Avista Utilities,99260,November,2022,0
Washington,Cascade Natural Gas,99301,November,2022,4
Washington,Cascade Natural Gas,99324,November,2022,4
Washington,Avista Utilities,99326,November,2022,0
Washington,Avista Utilities,99335,November,2022,0
Washington,Cascade Natural Gas,99336,November,2022,6
Washington,Cascade Natural Gas,99337,November,2022,3
Washington,Avista Utilities,99341,November,2022,0
Washington,Cascade Natural Gas,99344,November,2022,1
Washington,Avista Utilities,99344,November,2022,9
Washington,Cascade Natural Gas,99350,November,2022,0
Washington,Cascade Natural Gas,99352,November,2022,9
Washington,Cascade Natural Gas,99353,November,2022,1
Washington,Cascade Natural Gas,99354,November,2022,9
Washington,PacifiCorp,99362,November,2022,0
Washington,Cascade Natural Gas,99362,November,2022,16
Washington,Avista Utilities,99371,November,2022,1
Washington,Avista Utilities,99402,November,2022,3
Washington,Avista Utilities,99403,November,2022,19
Washington,Puget Sound Energy Inc,98001,October,2022,7
Washington,Puget Sound Energy Inc,98002,October,2022,4
Washington,Puget Sound Energy Inc,98003,October,2022,18
Washington,Puget Sound Energy Inc,98004,October,2022,1
Washington,Puget Sound Energy Inc,98005,October,2022,1
Washington,Puget Sound Energy Inc,98006,October,2022,1
Washington,Puget Sound Energy Inc,98007,October,2022,2
Washington,Puget Sound Energy Inc,98008,October,2022,2
Washington,Puget Sound Energy Inc,98010,October,2022,1
Washington,Puget Sound Energy Inc,98011,October,2022,1
Washington,Puget Sound Energy Inc,98014,October,2022,0
Washington,Puget Sound Energy Inc,98022,October,2022,0
Washington,Puget Sound Energy Inc,98023,October,2022,14
Washington,Puget Sound Energy Inc,98026,October,2022,0
Washington,Puget Sound Energy Inc,98027,October,2022,0
Washington,Puget Sound Energy Inc,98028,October,2022,0
Washington,Puget Sound Energy Inc,98029,October,2022,1
Washington,Puget Sound Energy Inc,98030,October,2022,20
Washington,Puget Sound Energy Inc,98031,October,2022,11
Washington,Puget Sound Energy Inc,98032,October,2022,16
Washington,Puget Sound Energy Inc,98033,October,2022,1
Washington,Puget Sound Energy Inc,98038,October,2022,0
Washington,Puget Sound Energy Inc,98039,October,2022,0
Washington,Puget Sound Energy Inc,98040,October,2022,0
Washington,Puget Sound Energy Inc,98042,October,2022,6
Washington,Puget Sound Energy Inc,98043,October,2022,0
Washington,Puget Sound Energy Inc,98047,October,2022,1
Washington,Puget Sound Energy Inc,98052,October,2022,4
Washington,Puget Sound Energy Inc,98055,October,2022,0
Washington,Puget Sound Energy Inc,98056,October,2022,6
Washington,Puget Sound Energy Inc,98057,October,2022,1
Washington,Puget Sound Energy Inc,98059,October,2022,3
Washington,Puget Sound Energy Inc,98065,October,2022,0
Washington,Puget Sound Energy Inc,98072,October,2022,1
Washington,Puget Sound Energy Inc,98074,October,2022,0
Washington,Puget Sound Energy Inc,98092,October,2022,1
Washington,Puget Sound Energy Inc,98102,October,2022,0
Washington,Puget Sound Energy Inc,98103,October,2022,0
Washington,Puget Sound Energy Inc,98106,October,2022,0
Washington,Puget Sound Energy Inc,98108,October,2022,0
Washington,Puget Sound Energy Inc,98110,October,2022,1
Washington,Puget Sound Energy Inc,98112,October,2022,0
Washington,Puget Sound Energy Inc,98116,October,2022,0
Washington,Puget Sound Energy Inc,98117,October,2022,0
Washington,Puget Sound Energy Inc,98118,October,2022,0
Washington,Puget Sound Energy Inc,98121,October,2022,0
Washington,Puget Sound Energy Inc,98126,October,2022,0
Washington,Puget Sound Energy Inc,98133,October,2022,0
Washington,Puget Sound Energy Inc,98146,October,2022,1
Washington,Puget Sound Energy Inc,98148,October,2022,0
Washington,Puget Sound Energy Inc,98166,October,2022,1
Washington,Puget Sound Energy Inc,98168,October,2022,2
Washington,Puget Sound Energy Inc,98178,October,2022,2
Washington,Puget Sound Energy Inc,98188,October,2022,6
Washington,Puget Sound Energy Inc,98198,October,2022,10
Washington,Puget Sound Energy Inc,98201,October,2022,1
Washington,Cascade Natural Gas,98221,October,2022,0
Washington,Puget Sound Energy Inc,98221,October,2022,0
Washington,Cascade Natural Gas,98223,October,2022,0
Washington,Puget Sound Energy Inc,98224,October,2022,1
Washington,Puget Sound Energy Inc,98225,October,2022,6
Washington,Cascade Natural Gas,98225,October,2022,5
Washington,Cascade Natural Gas,98226,October,2022,5
Washington,Puget Sound Energy Inc,98226,October,2022,5
Washington,Cascade Natural Gas,98229,October,2022,3
Washington,Puget Sound Energy Inc,98229,October,2022,0
Washington,Puget Sound Energy Inc,98230,October,2022,0
Washington,Cascade Natural Gas,98230,October,2022,1
Washington,Cascade Natural Gas,98232,October,2022,0
Washington,Puget Sound Energy Inc,98232,October,2022,0
Washington,Puget Sound Energy Inc,98233,October,2022,1
Washington,Cascade Natural Gas,98233,October,2022,1
Washington,Puget Sound Energy Inc,98235,October,2022,0
Washington,Cascade Natural Gas,98240,October,2022,0
Washington,Puget Sound Energy Inc,98240,October,2022,0
Washington,Puget Sound Energy Inc,98247,October,2022,0
Washington,Cascade Natural Gas,98247,October,2022,5
Washington,Cascade Natural Gas,98248,October,2022,0
Washington,Puget Sound Energy Inc,98248,October,2022,0
Washington,Puget Sound Energy Inc,98255,October,2022,0
Washington,Puget Sound Energy Inc,98257,October,2022,0
Washington,Cascade Natural Gas,98257,October,2022,0
Washington,Puget Sound Energy Inc,98264,October,2022,1
Washington,Cascade Natural Gas,98264,October,2022,0
Washington,Cascade Natural Gas,98271,October,2022,0
Washington,Puget Sound Energy Inc,98273,October,2022,3
Washington,Cascade Natural Gas,98273,October,2022,2
Washington,Cascade Natural Gas,98274,October,2022,0
Washington,Puget Sound Energy Inc,98274,October,2022,1
Washington,Cascade Natural Gas,98276,October,2022,0
Washington,Puget Sound Energy Inc,98277,October,2022,1
Washington,Cascade Natural Gas,98277,October,2022,3
Washington,Cascade Natural Gas,98282,October,2022,0
Washington,Puget Sound Energy Inc,98284,October,2022,3
Washington,Cascade Natural Gas,98284,October,2022,8
Washington,Cascade Natural Gas,98292,October,2022,0
Washington,Puget Sound Energy Inc,98294,October,2022,0
Washington,Cascade Natural Gas,98295,October,2022,0
Washington,Cascade Natural Gas,98310,October,2022,3
Washington,Puget Sound Energy Inc,98310,October,2022,5
Washington,Cascade Natural Gas,98311,October,2022,3
Washington,Puget Sound Energy Inc,98311,October,2022,2
Washington,Cascade Natural Gas,98312,October,2022,6
Washington,Puget Sound Energy Inc,98312,October,2022,1
Washington,Puget Sound Energy Inc,98327,October,2022,1
Washington,Puget Sound Energy Inc,98332,October,2022,0
Washington,Puget Sound Energy Inc,98335,October,2022,0
Washington,Puget Sound Energy Inc,98337,October,2022,0
Washington,Cascade Natural Gas,98337,October,2022,2
Washington,Puget Sound Energy Inc,98338,October,2022,2
Washington,Puget Sound Energy Inc,98342,October,2022,0
Washington,Puget Sound Energy Inc,98346,October,2022,0
Washington,Puget Sound Energy Inc,98359,October,2022,0
Washington,Puget Sound Energy Inc,98360,October,2022,0
Washington,Puget Sound Energy Inc,98366,October,2022,7
Washington,Cascade Natural Gas,98366,October,2022,2
Washington,Cascade Natural Gas,98367,October,2022,0
Washington,Puget Sound Energy Inc,98367,October,2022,2
Washington,Cascade Natural Gas,98370,October,2022,0
Washington,Puget Sound Energy Inc,98370,October,2022,1
Washington,Puget Sound Energy Inc,98371,October,2022,5
Washington,Puget Sound Energy Inc,98372,October,2022,8
Washington,Puget Sound Energy Inc,98373,October,2022,3
Washington,Puget Sound Energy Inc,98374,October,2022,7
Washington,Puget Sound Energy Inc,98375,October,2022,5
Washington,Puget Sound Energy Inc,98380,October,2022,1
Washington,Puget Sound Energy Inc,98383,October,2022,1
Washington,Cascade Natural Gas,98383,October,2022,0
Washington,Puget Sound Energy Inc,98387,October,2022,2
Washington,Puget Sound Energy Inc,98388,October,2022,0
Washington,Puget Sound Energy Inc,98390,October,2022,2
Washington,Puget Sound Energy Inc,98391,October,2022,2
Washington,Puget Sound Energy Inc,98392,October,2022,0
Washington,Puget Sound Energy Inc,98402,October,2022,0
Washington,Puget Sound Energy Inc,98403,October,2022,0
Washington,Puget Sound Energy Inc,98404,October,2022,1
Washington,Puget Sound Energy Inc,98405,October,2022,3
Washington,Puget Sound Energy Inc,98406,October,2022,0
Washington,Puget Sound Energy Inc,98407,October,2022,0
Washington,Puget Sound Energy Inc,98408,October,2022,2
Washington,Puget Sound Energy Inc,98409,October,2022,1
Washington,Puget Sound Energy Inc,98418,October,2022,1
Washington,Puget Sound Energy Inc,98422,October,2022,3
Washington,Puget Sound Energy Inc,98439,October,2022,3
Washington,Puget Sound Energy Inc,98444,October,2022,3
Washington,Puget Sound Energy Inc,98445,October,2022,1
Washington,Puget Sound Energy Inc,98446,October,2022,0
Washington,Puget Sound Energy Inc,98466,October,2022,4
Washington,Puget Sound Energy Inc,98467,October,2022,0
Washington,Puget Sound Energy Inc,98498,October,2022,2
Washington,Puget Sound Energy Inc,98499,October,2022,3
Washington,Puget Sound Energy Inc,98501,October,2022,5
Washington,Puget Sound Energy Inc,98502,October,2022,5
Washington,Puget Sound Energy Inc,98503,October,2022,3
Washington,Puget Sound Energy Inc,98506,October,2022,1
Washington,Puget Sound Energy Inc,98512,October,2022,3
Washington,Puget Sound Energy Inc,98513,October,2022,1
Washington,Puget Sound Energy Inc,98516,October,2022,4
Washington,Cascade Natural Gas,98520,October,2022,2
Washington,Puget Sound Energy Inc,98530,October,2022,0
Washington,Puget Sound Energy Inc,98531,October,2022,2
Washington,Cascade Natural Gas,98541,October,2022,0
Washington,Cascade Natural Gas,98550,October,2022,4
Washington,Cascade Natural Gas,98557,October,2022,1
Washington,Cascade Natural Gas,98563,October,2022,1
Washington,Puget Sound Energy Inc,98576,October,2022,2
Washington,Puget Sound Energy Inc,98579,October,2022,2
Washington,Puget Sound Energy Inc,98580,October,2022,1
Washington,Cascade Natural Gas,98584,October,2022,4
Washington,Puget Sound Energy Inc,98589,October,2022,2
Washington,Puget Sound Energy Inc,98597,October,2022,8
Washington,Avista Utilities,98620,October,2022,2
Washington,Cascade Natural Gas,98626,October,2022,1
Washington,Cascade Natural Gas,98632,October,2022,0
Washington,Avista Utilities,98648,October,2022,0
Washington,Cascade Natural Gas,98674,October,2022,1
Washington,Cascade Natural Gas,98801,October,2022,0
Washington,Cascade Natural Gas,98802,October,2022,0
Washington,Cascade Natural Gas,98837,October,2022,0
Washington,Avista Utilities,98857,October,2022,0
Washington,Cascade Natural Gas,98901,October,2022,3
Washington,Cascade Natural Gas,98902,October,2022,9
Washington,Cascade Natural Gas,98903,October,2022,0
Washington,Cascade Natural Gas,98908,October,2022,5
Washington,Puget Sound Energy Inc,98922,October,2022,0
Washington,Cascade Natural Gas,98930,October,2022,5
Washington,Cascade Natural Gas,98932,October,2022,0
Washington,Cascade Natural Gas,98936,October,2022,4
Washington,Cascade Natural Gas,98942,October,2022,1
Washington,Cascade Natural Gas,98944,October,2022,1
Washington,Cascade Natural Gas,98948,October,2022,1
Washington,Cascade Natural Gas,98951,October,2022,0
Washington,Cascade Natural Gas,98953,October,2022,0
Washington,Avista Utilities,99001,October,2022,9
Washington,Avista Utilities,99003,October,2022,0
Washington,Avista Utilities,99004,October,2022,2
Washington,Avista Utilities,99005,October,2022,0
Washington,Avista Utilities,99006,October,2022,4
Washington,Avista Utilities,99008,October,2022,0
Washington,Avista Utilities,99009,October,2022,0
Washington,Avista Utilities,99011,October,2022,0
Washington,Avista Utilities,99012,October,2022,0
Washington,Avista Utilities,99013,October,2022,2
Washington,Avista Utilities,99014,October,2022,0
Washington,Avista Utilities,99016,October,2022,8
Washington,Avista Utilities,99018,October,2022,0
Washington,Avista Utilities,99019,October,2022,9
Washington,Avista Utilities,99020,October,2022,0
Washington,Avista Utilities,99021,October,2022,1
Washington,Avista Utilities,99022,October,2022,10
Washington,Avista Utilities,99023,October,2022,0
Washington,Avista Utilities,99025,October,2022,0
Washington,Avista Utilities,99026,October,2022,3
Washington,Avista Utilities,99027,October,2022,2
Washington,Avista Utilities,99029,October,2022,0
Washington,Avista Utilities,99030,October,2022,0
Washington,Avista Utilities,99031,October,2022,0
Washington,Avista Utilities,99032,October,2022,0
Washington,Avista Utilities,99033,October,2022,0
Washington,Avista Utilities,99034,October,2022,0
Washington,Avista Utilities,99036,October,2022,0
Washington,Avista Utilities,99037,October,2022,1
Washington,Avista Utilities,99039,October,2022,0
Washington,Avista Utilities,99040,October,2022,0
Washington,Avista Utilities,99101,October,2022,1
Washington,Avista Utilities,99102,October,2022,0
Washington,Avista Utilities,99103,October,2022,0
Washington,Avista Utilities,99104,October,2022,0
Washington,Avista Utilities,99107,October,2022,0
Washington,Avista Utilities,99109,October,2022,1
Washington,Avista Utilities,99110,October,2022,0
Washington,Avista Utilities,99111,October,2022,3
Washington,Avista Utilities,99113,October,2022,0
Washington,Avista Utilities,99114,October,2022,6
Washington,Avista Utilities,99117,October,2022,0
Washington,Avista Utilities,99122,October,2022,1
Washington,Avista Utilities,99125,October,2022,1
Washington,Avista Utilities,99126,October,2022,0
Washington,Avista Utilities,99128,October,2022,0
Washington,Avista Utilities,99129,October,2022,0
Washington,Avista Utilities,99130,October,2022,1
Washington,Avista Utilities,99131,October,2022,0
Washington,Avista Utilities,99134,October,2022,0
Washington,Avista Utilities,99137,October,2022,0
Washington,Avista Utilities,99138,October,2022,0
Washington,Avista Utilities,99141,October,2022,1
Washington,Avista Utilities,99143,October,2022,0
Washington,Avista Utilities,99144,October,2022,0
Washington,Avista Utilities,99146,October,2022,0
Washington,Avista Utilities,99148,October,2022,0
Washington,Avista Utilities,99149,October,2022,0
Washington,Avista Utilities,99151,October,2022,0
Washington,Avista Utilities,99156,October,2022,0
Washington,Avista Utilities,99157,October,2022,0
Washington,Avista Utilities,99158,October,2022,0
Washington,Avista Utilities,99159,October,2022,0
Washington,Avista Utilities,99160,October,2022,1
Washington,Avista Utilities,99161,October,2022,0
Washington,Avista Utilities,99163,October,2022,19
Washington,Avista Utilities,99164,October,2022,0
Washington,Avista Utilities,99167,October,2022,0
Washington,Avista Utilities,99169,October,2022,2
Washington,Avista Utilities,99170,October,2022,0
Washington,Avista Utilities,99171,October,2022,0
Washington,Avista Utilities,99173,October,2022,1
Washington,Avista Utilities,99174,October,2022,0
Washington,Avista Utilities,99176,October,2022,0
Washington,Avista Utilities,99179,October,2022,0
Washington,Avista Utilities,99181,October,2022,1
Washington,Avista Utilities,99185,October,2022,0
Washington,Avista Utilities,99201,October,2022,27
Washington,Avista Utilities,99202,October,2022,27
Washington,Avista Utilities,99203,October,2022,4
Washington,Avista Utilities,99204,October,2022,12
Washington,Avista Utilities,99205,October,2022,59
Washington,Avista Utilities,99206,October,2022,7
Washington,Avista Utilities,99207,October,2022,60
Washington,Avista Utilities,99208,October,2022,86
Washington,Avista Utilities,99212,October,2022,22
Washington,Avista Utilities,99216,October,2022,10
Washington,Avista Utilities,99217,October,2022,24
Washington,Avista Utilities,99218,October,2022,19
Washington,Avista Utilities,99219,October,2022,0
Washington,Avista Utilities,99220,October,2022,0
Washington,Avista Utilities,99223,October,2022,16
Washington,Avista Utilities,99224,October,2022,12
Washington,Avista Utilities,99228,October,2022,0
Washington,Avista Utilities,99260,October,2022,0
Washington,Cascade Natural Gas,99301,October,2022,6
Washington,Cascade Natural Gas,99324,October,2022,0
Washington,Avista Utilities,99326,October,2022,0
Washington,Avista Utilities,99335,October,2022,0
Washington,Cascade Natural Gas,99336,October,2022,0
Washington,Cascade Natural Gas,99337,October,2022,2
Washington,Avista Utilities,99341,October,2022,1
Washington,Cascade Natural Gas,99344,October,2022,0
Washington,Avista Utilities,99344,October,2022,25
Washington,Cascade Natural Gas,99350,October,2022,0
Washington,Cascade Natural Gas,99352,October,2022,1
Washington,Cascade Natural Gas,99353,October,2022,0
Washington,Cascade Natural Gas,99354,October,2022,0
Washington,PacifiCorp,99362,October,2022,6
Washington,Cascade Natural Gas,99362,October,2022,6
Washington,Avista Utilities,99371,October,2022,0
Washington,Avista Utilities,99402,October,2022,1
Washington,Avista Utilities,99403,October,2022,22
Washington,Northwest Natural Gas Company,97031,September,2022,0
Washington,Northwest Natural Gas Company,97301,September,2022,0
Washington,Northwest Natural Gas Company,97388,September,2022,0
Washington,Puget Sound Energy Inc,98001,September,2022,1
Washington,Puget Sound Energy Inc,98002,September,2022,4
Washington,Puget Sound Energy Inc,98003,September,2022,13
Washington,Puget Sound Energy Inc,98004,September,2022,1
Washington,Puget Sound Energy Inc,98005,September,2022,1
Washington,Puget Sound Energy Inc,98006,September,2022,0
Washington,Puget Sound Energy Inc,98007,September,2022,1
Washington,Puget Sound Energy Inc,98008,September,2022,0
Washington,Puget Sound Energy Inc,98010,September,2022,0
Washington,Puget Sound Energy Inc,98011,September,2022,0
Washington,Puget Sound Energy Inc,98014,September,2022,0
Washington,Puget Sound Energy Inc,98022,September,2022,0
Washington,Puget Sound Energy Inc,98023,September,2022,2
Washington,Puget Sound Energy Inc,98026,September,2022,0
Washington,Northwest Natural Gas Company,98026,September,2022,0
Washington,Puget Sound Energy Inc,98027,September,2022,0
Washington,Puget Sound Energy Inc,98028,September,2022,0
Washington,Puget Sound Energy Inc,98029,September,2022,0
Washington,Puget Sound Energy Inc,98030,September,2022,14
Washington,Puget Sound Energy Inc,98031,September,2022,18
Washington,Puget Sound Energy Inc,98032,September,2022,27
Washington,Puget Sound Energy Inc,98033,September,2022,0
Washington,Puget Sound Energy Inc,98038,September,2022,0
Washington,Puget Sound Energy Inc,98039,September,2022,0
Washington,Puget Sound Energy Inc,98040,September,2022,1
Washington,Puget Sound Energy Inc,98042,September,2022,0
Washington,Puget Sound Energy Inc,98043,September,2022,0
Washington,Puget Sound Energy Inc,98047,September,2022,1
Washington,Puget Sound Energy Inc,98052,September,2022,0
Washington,Puget Sound Energy Inc,98055,September,2022,0
Washington,Puget Sound Energy Inc,98056,September,2022,6
Washington,Puget Sound Energy Inc,98057,September,2022,0
Washington,Puget Sound Energy Inc,98059,September,2022,0
Washington,Puget Sound Energy Inc,98065,September,2022,1
Washington,Puget Sound Energy Inc,98072,September,2022,2
Washington,Puget Sound Energy Inc,98074,September,2022,0
Washington,Puget Sound Energy Inc,98092,September,2022,1
Washington,Puget Sound Energy Inc,98102,September,2022,0
Washington,Puget Sound Energy Inc,98103,September,2022,0
Washington,Puget Sound Energy Inc,98106,September,2022,0
Washington,Puget Sound Energy Inc,98108,September,2022,0
Washington,Puget Sound Energy Inc,98110,September,2022,0
Washington,Puget Sound Energy Inc,98112,September,2022,0
Washington,Puget Sound Energy Inc,98116,September,2022,0
Washington,Puget Sound Energy Inc,98117,September,2022,0
Washington,Puget Sound Energy Inc,98118,September,2022,0
Washington,Northwest Natural Gas Company,98119,September,2022,0
Washington,Puget Sound Energy Inc,98121,September,2022,0
Washington,Puget Sound Energy Inc,98126,September,2022,0
Washington,Northwest Natural Gas Company,98127,September,2022,0
Washington,Puget Sound Energy Inc,98133,September,2022,0
Washington,Puget Sound Energy Inc,98146,September,2022,1
Washington,Puget Sound Energy Inc,98148,September,2022,2
Washington,Puget Sound Energy Inc,98166,September,2022,0
Washington,Puget Sound Energy Inc,98168,September,2022,1
Washington,Puget Sound Energy Inc,98178,September,2022,0
Washington,Puget Sound Energy Inc,98188,September,2022,0
Washington,Puget Sound Energy Inc,98198,September,2022,16
Washington,Puget Sound Energy Inc,98201,September,2022,0
Washington,Northwest Natural Gas Company,98208,September,2022,0
Washington,Cascade Natural Gas,98221,September,2022,2
Washington,Puget Sound Energy Inc,98221,September,2022,0
Washington,Cascade Natural Gas,98223,September,2022,0
Washington,Puget Sound Energy Inc,98224,September,2022,0
Washington,Puget Sound Energy Inc,98225,September,2022,0
Washington,Cascade Natural Gas,98225,September,2022,2
Washington,Puget Sound Energy Inc,98226,September,2022,0
Washington,Cascade Natural Gas,98226,September,2022,0
Washington,Puget Sound Energy Inc,98229,September,2022,0
Washington,Cascade Natural Gas,98229,September,2022,0
Washington,Cascade Natural Gas,98230,September,2022,1
Washington,Puget Sound Energy Inc,98230,September,2022,0
Washington,Cascade Natural Gas,98232,September,2022,1
Washington,Puget Sound Energy Inc,98232,September,2022,0
Washington,Cascade Natural Gas,98233,September,2022,5
Washington,Puget Sound Energy Inc,98233,September,2022,2
Washington,Puget Sound Energy Inc,98235,September,2022,0
Washington,Puget Sound Energy Inc,98240,September,2022,0
Washington,Cascade Natural Gas,98240,September,2022,0
Washington,Puget Sound Energy Inc,98247,September,2022,0
Washington,Cascade Natural Gas,98247,September,2022,0
Washington,Cascade Natural Gas,98248,September,2022,0
Washington,Puget Sound Energy Inc,98248,September,2022,0
Washington,Puget Sound Energy Inc,98255,September,2022,0
Washington,Puget Sound Energy Inc,98257,September,2022,0
Washington,Cascade Natural Gas,98257,September,2022,1
Washington,Cascade Natural Gas,98264,September,2022,0
Washington,Puget Sound Energy Inc,98264,September,2022,0
Washington,Cascade Natural Gas,98271,September,2022,0
Washington,Puget Sound Energy Inc,98273,September,2022,0
Washington,Cascade Natural Gas,98273,September,2022,7
Washington,Cascade Natural Gas,98274,September,2022,0
Washington,Puget Sound Energy Inc,98274,September,2022,0
Washington,Cascade Natural Gas,98276,September,2022,0
Washington,Cascade Natural Gas,98277,September,2022,0
Washington,Puget Sound Energy Inc,98277,September,2022,0
Washington,Cascade Natural Gas,98282,September,2022,0
Washington,Puget Sound Energy Inc,98284,September,2022,0
Washington,Cascade Natural Gas,98284,September,2022,1
Washington,Cascade Natural Gas,98292,September,2022,0
Washington,Puget Sound Energy Inc,98294,September,2022,0
Washington,Cascade Natural Gas,98295,September,2022,0
Washington,Northwest Natural Gas Company,98307,September,2022,0
Washington,Puget Sound Energy Inc,98310,September,2022,4
Washington,Cascade Natural Gas,98310,September,2022,0
Washington,Cascade Natural Gas,98311,September,2022,0
Washington,Puget Sound Energy Inc,98311,September,2022,2
Washington,Puget Sound Energy Inc,98312,September,2022,5
Washington,Cascade Natural Gas,98312,September,2022,5
Washington,Puget Sound Energy Inc,98327,September,2022,0
Washington,Puget Sound Energy Inc,98332,September,2022,0
Washington,Puget Sound Energy Inc,98335,September,2022,0
Washington,Puget Sound Energy Inc,98337,September,2022,3
Washington,Cascade Natural Gas,98337,September,2022,1
Washington,Puget Sound Energy Inc,98338,September,2022,0
Washington,Puget Sound Energy Inc,98342,September,2022,1
Washington,Puget Sound Energy Inc,98346,September,2022,2
Washington,Puget Sound Energy Inc,98359,September,2022,1
Washington,Puget Sound Energy Inc,98360,September,2022,0
Washington,Puget Sound Energy Inc,98366,September,2022,3
Washington,Cascade Natural Gas,98366,September,2022,1
Washington,Cascade Natural Gas,98367,September,2022,1
Washington,Puget Sound Energy Inc,98367,September,2022,3
Washington,Cascade Natural Gas,98370,September,2022,0
Washington,Puget Sound Energy Inc,98370,September,2022,15
Washington,Puget Sound Energy Inc,98371,September,2022,6
Washington,Puget Sound Energy Inc,98372,September,2022,10
Washington,Puget Sound Energy Inc,98373,September,2022,10
Washington,Puget Sound Energy Inc,98374,September,2022,5
Washington,Puget Sound Energy Inc,98375,September,2022,10
Washington,Puget Sound Energy Inc,98380,September,2022,1
Washington,Puget Sound Energy Inc,98383,September,2022,4
Washington,Cascade Natural Gas,98383,September,2022,0
Washington,Puget Sound Energy Inc,98387,September,2022,4
Washington,Puget Sound Energy Inc,98388,September,2022,1
Washington,Puget Sound Energy Inc,98390,September,2022,2
Washington,Puget Sound Energy Inc,98391,September,2022,1
Washington,Puget Sound Energy Inc,98392,September,2022,2
Washington,Puget Sound Energy Inc,98402,September,2022,0
Washington,Puget Sound Energy Inc,98403,September,2022,0
Washington,Puget Sound Energy Inc,98404,September,2022,0
Washington,Puget Sound Energy Inc,98405,September,2022,1
Washington,Puget Sound Energy Inc,98406,September,2022,1
Washington,Puget Sound Energy Inc,98407,September,2022,0
Washington,Puget Sound Energy Inc,98408,September,2022,1
Washington,Puget Sound Energy Inc,98409,September,2022,1
Washington,Puget Sound Energy Inc,98418,September,2022,0
Washington,Puget Sound Energy Inc,98422,September,2022,0
Washington,Puget Sound Energy Inc,98439,September,2022,1
Washington,Puget Sound Energy Inc,98444,September,2022,1
Washington,Puget Sound Energy Inc,98445,September,2022,0
Washington,Puget Sound Energy Inc,98446,September,2022,1
Washington,Puget Sound Energy Inc,98466,September,2022,2
Washington,Puget Sound Energy Inc,98467,September,2022,1
Washington,Puget Sound Energy Inc,98498,September,2022,7
Washington,Puget Sound Energy Inc,98499,September,2022,3
Washington,Puget Sound Energy Inc,98501,September,2022,8
Washington,Puget Sound Energy Inc,98502,September,2022,13
Washington,Puget Sound Energy Inc,98503,September,2022,11
Washington,Puget Sound Energy Inc,98506,September,2022,8
Washington,Puget Sound Energy Inc,98512,September,2022,11
Washington,Puget Sound Energy Inc,98513,September,2022,8
Washington,Puget Sound Energy Inc,98516,September,2022,6
Washington,Cascade Natural Gas,98520,September,2022,3
Washington,Puget Sound Energy Inc,98530,September,2022,1
Washington,Puget Sound Energy Inc,98531,September,2022,0
Washington,Cascade Natural Gas,98541,September,2022,0
Washington,Cascade Natural Gas,98550,September,2022,2
Washington,Cascade Natural Gas,98557,September,2022,0
Washington,Cascade Natural Gas,98563,September,2022,0
Washington,Puget Sound Energy Inc,98576,September,2022,1
Washington,Puget Sound Energy Inc,98579,September,2022,3
Washington,Puget Sound Energy Inc,98580,September,2022,0
Washington,Cascade Natural Gas,98584,September,2022,0
Washington,Puget Sound Energy Inc,98589,September,2022,0
Washington,Puget Sound Energy Inc,98597,September,2022,4
Washington,Northwest Natural Gas Company,98601,September,2022,0
Washington,Northwest Natural Gas Company,98604,September,2022,0
Washington,Northwest Natural Gas Company,98605,September,2022,0
Washington,Northwest Natural Gas Company,98606,September,2022,0
Washington,Northwest Natural Gas Company,98607,September,2022,0
Washington,Northwest Natural Gas Company,98610,September,2022,0
Washington,Northwest Natural Gas Company,98612,September,2022,0
Washington,Northwest Natural Gas Company,98617,September,2022,0
Washington,Northwest Natural Gas Company,98620,September,2022,0
Washington,Avista Utilities,98620,September,2022,0
Washington,Cascade Natural Gas,98626,September,2022,0
Washington,Northwest Natural Gas Company,98626,September,2022,0
Washington,Northwest Natural Gas Company,98628,September,2022,0
Washington,Northwest Natural Gas Company,98629,September,2022,0
Washington,Cascade Natural Gas,98632,September,2022,2
Washington,Northwest Natural Gas Company,98635,September,2022,0
Washington,Northwest Natural Gas Company,98639,September,2022,0
Washington,Northwest Natural Gas Company,98642,September,2022,0
Washington,Northwest Natural Gas Company,98648,September,2022,0
Washington,Avista Utilities,98648,September,2022,0
Washington,Northwest Natural Gas Company,98660,September,2022,0
Washington,Northwest Natural Gas Company,98661,September,2022,0
Washington,Northwest Natural Gas Company,98662,September,2022,0
Washington,Northwest Natural Gas Company,98663,September,2022,0
Washington,Northwest Natural Gas Company,98664,September,2022,0
Washington,Northwest Natural Gas Company,98665,September,2022,0
Washington,Northwest Natural Gas Company,98666,September,2022,0
Washington,Northwest Natural Gas Company,98668,September,2022,0
Washington,Northwest Natural Gas Company,98671,September,2022,0
Washington,Northwest Natural Gas Company,98672,September,2022,0
Washington,Cascade Natural Gas,98674,September,2022,2
Washington,Northwest Natural Gas Company,98674,September,2022,0
Washington,Northwest Natural Gas Company,98675,September,2022,0
Washington,Northwest Natural Gas Company,98682,September,2022,0
Washington,Northwest Natural Gas Company,98683,September,2022,0
Washington,Northwest Natural Gas Company,98684,September,2022,0
Washington,Northwest Natural Gas Company,98685,September,2022,0
Washington,Northwest Natural Gas Company,98686,September,2022,0
Washington,Northwest Natural Gas Company,98762,September,2022,0
Washington,Cascade Natural Gas,98801,September,2022,0
Washington,Cascade Natural Gas,98802,September,2022,0
Washington,Cascade Natural Gas,98837,September,2022,0
Washington,Avista Utilities,98857,September,2022,0
Washington,Northwest Natural Gas Company,98864,September,2022,0
Washington,Cascade Natural Gas,98901,September,2022,1
Washington,Cascade Natural Gas,98902,September,2022,8
Washington,Cascade Natural Gas,98903,September,2022,2
Washington,Cascade Natural Gas,98908,September,2022,1
Washington,Puget Sound Energy Inc,98922,September,2022,0
Washington,Cascade Natural Gas,98930,September,2022,2
Washington,Cascade Natural Gas,98932,September,2022,1
Washington,Cascade Natural Gas,98936,September,2022,0
Washington,PacifiCorp,98938,September,2022,1
Washington,Cascade Natural Gas,98942,September,2022,2
Washington,Cascade Natural Gas,98944,September,2022,0
Washington,PacifiCorp,98944,September,2022,1
Washington,Cascade Natural Gas,98948,September,2022,1
Washington,Cascade Natural Gas,98951,September,2022,0
Washington,Cascade Natural Gas,98953,September,2022,1
Washington,Avista Utilities,99001,September,2022,2
Washington,Avista Utilities,99003,September,2022,0
Washington,Avista Utilities,99004,September,2022,0
Washington,Avista Utilities,99005,September,2022,0
Washington,Avista Utilities,99006,September,2022,0
Washington,Avista Utilities,99008,September,2022,0
Washington,Avista Utilities,99009,September,2022,0
Washington,Avista Utilities,99011,September,2022,0
Washington,Avista Utilities,99012,September,2022,0
Washington,Avista Utilities,99013,September,2022,0
Washington,Avista Utilities,99014,September,2022,0
Washington,Avista Utilities,99016,September,2022,4
Washington,Avista Utilities,99018,September,2022,0
Washington,Avista Utilities,99019,September,2022,0
Washington,Avista Utilities,99020,September,2022,0
Washington,Avista Utilities,99021,September,2022,2
Washington,Avista Utilities,99022,September,2022,0
Washington,Avista Utilities,99023,September,2022,0
Washington,Avista Utilities,99025,September,2022,0
Washington,Avista Utilities,99026,September,2022,0
Washington,Avista Utilities,99027,September,2022,1
Washington,Avista Utilities,99029,September,2022,0
Washington,Avista Utilities,99030,September,2022,0
Washington,Avista Utilities,99031,September,2022,0
Washington,Avista Utilities,99032,September,2022,0
Washington,Avista Utilities,99033,September,2022,0
Washington,Avista Utilities,99034,September,2022,0
Washington,Avista Utilities,99036,September,2022,0
Washington,Avista Utilities,99037,September,2022,2
Washington,Avista Utilities,99039,September,2022,0
Washington,Avista Utilities,99040,September,2022,0
Washington,Avista Utilities,99101,September,2022,0
Washington,Avista Utilities,99102,September,2022,0
Washington,Avista Utilities,99103,September,2022,0
Washington,Avista Utilities,99104,September,2022,0
Washington,Avista Utilities,99107,September,2022,0
Washington,Avista Utilities,99109,September,2022,0
Washington,Avista Utilities,99110,September,2022,0
Washington,Avista Utilities,99111,September,2022,0
Washington,Avista Utilities,99113,September,2022,0
Washington,Avista Utilities,99114,September,2022,5
Washington,Avista Utilities,99117,September,2022,0
Washington,Avista Utilities,99122,September,2022,0
Washington,Avista Utilities,99125,September,2022,0
Washington,Avista Utilities,99126,September,2022,0
Washington,Avista Utilities,99128,September,2022,0
Washington,Avista Utilities,99129,September,2022,0
Washington,Avista Utilities,99130,September,2022,1
Washington,Avista Utilities,99131,September,2022,0
Washington,Avista Utilities,99134,September,2022,0
Washington,Avista Utilities,99137,September,2022,0
Washington,Avista Utilities,99138,September,2022,0
Washington,Avista Utilities,99141,September,2022,2
Washington,Avista Utilities,99143,September,2022,0
Washington,Avista Utilities,99144,September,2022,0
Washington,Avista Utilities,99146,September,2022,0
Washington,Avista Utilities,99148,September,2022,0
Washington,Avista Utilities,99149,September,2022,0
Washington,Avista Utilities,99151,September,2022,0
Washington,Avista Utilities,99156,September,2022,0
Washington,Avista Utilities,99157,September,2022,0
Washington,Avista Utilities,99158,September,2022,0
Washington,Avista Utilities,99159,September,2022,0
Washington,Avista Utilities,99160,September,2022,0
Washington,Avista Utilities,99161,September,2022,0
Washington,Avista Utilities,99163,September,2022,0
Washington,Avista Utilities,99164,September,2022,0
Washington,Avista Utilities,99167,September,2022,0
Washington,Avista Utilities,99169,September,2022,0
Washington,Avista Utilities,99170,September,2022,0
Washington,Avista Utilities,99171,September,2022,0
Washington,Avista Utilities,99173,September,2022,2
Washington,Avista Utilities,99174,September,2022,0
Washington,Avista Utilities,99176,September,2022,0
Washington,Avista Utilities,99179,September,2022,0
Washington,Avista Utilities,99181,September,2022,0
Washington,Avista Utilities,99185,September,2022,0
Washington,Avista Utilities,99201,September,2022,3
Washington,Avista Utilities,99202,September,2022,3
Washington,Avista Utilities,99203,September,2022,3
Washington,Avista Utilities,99204,September,2022,2
Washington,Avista Utilities,99205,September,2022,9
Washington,Avista Utilities,99206,September,2022,6
Washington,Avista Utilities,99207,September,2022,29
Washington,Avista Utilities,99208,September,2022,10
Washington,Avista Utilities,99212,September,2022,2
Washington,Avista Utilities,99216,September,2022,3
Washington,Avista Utilities,99217,September,2022,7
Washington,Avista Utilities,99218,September,2022,2
Washington,Avista Utilities,99219,September,2022,0
Washington,Avista Utilities,99220,September,2022,0
Washington,Avista Utilities,99223,September,2022,2
Washington,Avista Utilities,99224,September,2022,1
Washington,Avista Utilities,99228,September,2022,0
Washington,Avista Utilities,99260,September,2022,0
Washington,Cascade Natural Gas,99301,September,2022,12
Washington,PacifiCorp,99324,September,2022,1
Washington,Cascade Natural Gas,99324,September,2022,2
Washington,Avista Utilities,99326,September,2022,0
Washington,Avista Utilities,99335,September,2022,0
Washington,Cascade Natural Gas,99336,September,2022,0
Washington,Cascade Natural Gas,99337,September,2022,0
Washington,Avista Utilities,99341,September,2022,0
Washington,Avista Utilities,99344,September,2022,4
Washington,Cascade Natural Gas,99344,September,2022,1
Washington,Cascade Natural Gas,99350,September,2022,1
Washington,Cascade Natural Gas,99352,September,2022,0
Washington,Cascade Natural Gas,99353,September,2022,0
Washington,Cascade Natural Gas,99354,September,2022,0
Washington,Cascade Natural Gas,99362,September,2022,6
Washington,Avista Utilities,99371,September,2022,0
Washington,Avista Utilities,99402,September,2022,0
Washington,Avista Utilities,99403,September,2022,1
Washington,Northwest Natural Gas Company,97031,April,2023,0
Washington,Northwest Natural Gas Company,97301,April,2023,0
Washington,Northwest Natural Gas Company,97388,April,2023,0
Washington,Puget Sound Energy Inc,98001,April,2023,12
Washington,Puget Sound Energy Inc,98002,April,2023,27
Washington,Puget Sound Energy Inc,98003,April,2023,29
Washington,Puget Sound Energy Inc,98004,April,2023,2
Washington,Puget Sound Energy Inc,98005,April,2023,2
Washington,Puget Sound Energy Inc,98006,April,2023,7
Washington,Puget Sound Energy Inc,98007,April,2023,5
Washington,Puget Sound Energy Inc,98008,April,2023,6
Washington,Puget Sound Energy Inc,98010,April,2023,0
Washington,Puget Sound Energy Inc,98011,April,2023,3
Washington,Puget Sound Energy Inc,98012,April,2023,4
Washington,Puget Sound Energy Inc,98019,April,2023,0
Washington,Puget Sound Energy Inc,98020,April,2023,1
Washington,Puget Sound Energy Inc,98021,April,2023,0
Washington,Puget Sound Energy Inc,98022,April,2023,3
Washington,Puget Sound Energy Inc,98023,April,2023,27
Washington,Puget Sound Energy Inc,98024,April,2023,1
Washington,Northwest Natural Gas Company,98026,April,2023,0
Washington,Puget Sound Energy Inc,98026,April,2023,0
Washington,Puget Sound Energy Inc,98027,April,2023,5
Washington,Puget Sound Energy Inc,98028,April,2023,4
Washington,Puget Sound Energy Inc,98029,April,2023,0
Washington,Puget Sound Energy Inc,98030,April,2023,17
Washington,Puget Sound Energy Inc,98031,April,2023,18
Washington,Puget Sound Energy Inc,98032,April,2023,26
Washington,Puget Sound Energy Inc,98033,April,2023,4
Washington,Puget Sound Energy Inc,98034,April,2023,13
Washington,Puget Sound Energy Inc,98036,April,2023,3
Washington,Puget Sound Energy Inc,98037,April,2023,1
Washington,Puget Sound Energy Inc,98038,April,2023,5
Washington,Puget Sound Energy Inc,98039,April,2023,0
Washington,Puget Sound Energy Inc,98040,April,2023,2
Washington,Puget Sound Energy Inc,98042,April,2023,6
Washington,Puget Sound Energy Inc,98043,April,2023,0
Washington,Puget Sound Energy Inc,98045,April,2023,0
Washington,Puget Sound Energy Inc,98047,April,2023,3
Washington,Puget Sound Energy Inc,98050,April,2023,0
Washington,Puget Sound Energy Inc,98051,April,2023,0
Washington,Puget Sound Energy Inc,98052,April,2023,10
Washington,Puget Sound Energy Inc,98053,April,2023,3
Washington,Puget Sound Energy Inc,98055,April,2023,25
Washington,Puget Sound Energy Inc,98056,April,2023,12
Washington,Puget Sound Energy Inc,98057,April,2023,10
Washington,Puget Sound Energy Inc,98058,April,2023,19
Washington,Puget Sound Energy Inc,98059,April,2023,7
Washington,Puget Sound Energy Inc,98065,April,2023,5
Washington,Puget Sound Energy Inc,98068,April,2023,1
Washington,Puget Sound Energy Inc,98070,April,2023,2
Washington,Puget Sound Energy Inc,98072,April,2023,1
Washington,Puget Sound Energy Inc,98074,April,2023,1
Washington,Puget Sound Energy Inc,98075,April,2023,0
Washington,Puget Sound Energy Inc,98077,April,2023,0
Washington,Puget Sound Energy Inc,98087,April,2023,2
Washington,Puget Sound Energy Inc,98092,April,2023,18
Washington,Puget Sound Energy Inc,98102,April,2023,1
Washington,Puget Sound Energy Inc,98103,April,2023,3
Washington,Puget Sound Energy Inc,98104,April,2023,1
Washington,Puget Sound Energy Inc,98105,April,2023,5
Washington,Puget Sound Energy Inc,98106,April,2023,4
Washington,Puget Sound Energy Inc,98108,April,2023,5
Washington,Puget Sound Energy Inc,98109,April,2023,0
Washington,Puget Sound Energy Inc,98110,April,2023,2
Washington,Puget Sound Energy Inc,98112,April,2023,0
Washington,Puget Sound Energy Inc,98115,April,2023,5
Washington,Puget Sound Energy Inc,98116,April,2023,2
Washington,Puget Sound Energy Inc,98117,April,2023,0
Washington,Puget Sound Energy Inc,98118,April,2023,4
Washington,Northwest Natural Gas Company,98119,April,2023,0
Washington,Puget Sound Energy Inc,98119,April,2023,1
Washington,Puget Sound Energy Inc,98122,April,2023,3
Washington,Northwest Natural Gas Company,98125,April,2023,0
Washington,Puget Sound Energy Inc,98125,April,2023,0
Washington,Puget Sound Energy Inc,98126,April,2023,3
Washington,Northwest Natural Gas Company,98127,April,2023,0
Washington,Puget Sound Energy Inc,98133,April,2023,5
Washington,Puget Sound Energy Inc,98144,April,2023,3
Washington,Puget Sound Energy Inc,98146,April,2023,0
Washington,Puget Sound Energy Inc,98148,April,2023,2
Washington,Puget Sound Energy Inc,98155,April,2023,4
Washington,Puget Sound Energy Inc,98166,April,2023,2
Washington,Puget Sound Energy Inc,98168,April,2023,1
Washington,Puget Sound Energy Inc,98177,April,2023,1
Washington,Puget Sound Energy Inc,98178,April,2023,1
Washington,Puget Sound Energy Inc,98188,April,2023,7
Washington,Puget Sound Energy Inc,98198,April,2023,14
Washington,Puget Sound Energy Inc,98199,April,2023,0
Washington,Puget Sound Energy Inc,98201,April,2023,4
Washington,Puget Sound Energy Inc,98203,April,2023,1
Washington,Puget Sound Energy Inc,98204,April,2023,1
Washington,Northwest Natural Gas Company,98208,April,2023,0
Washington,Puget Sound Energy Inc,98208,April,2023,2
Washington,Cascade Natural Gas,98220,April,2023,0
Washington,Cascade Natural Gas,98221,April,2023,8
Washington,Puget Sound Energy Inc,98221,April,2023,4
Washington,Cascade Natural Gas,98223,April,2023,3
Washington,Puget Sound Energy Inc,98224,April,2023,0
Washington,Puget Sound Energy Inc,98225,April,2023,7
Washington,Cascade Natural Gas,98225,April,2023,11
Washington,Cascade Natural Gas,98226,April,2023,6
Washington,Puget Sound Energy Inc,98226,April,2023,3
Washington,Puget Sound Energy Inc,98229,April,2023,1
Washington,Cascade Natural Gas,98229,April,2023,10
Washington,Cascade Natural Gas,98230,April,2023,11
Washington,Puget Sound Energy Inc,98230,April,2023,1
Washington,Puget Sound Energy Inc,98232,April,2023,1
Washington,Puget Sound Energy Inc,98233,April,2023,5
Washington,Cascade Natural Gas,98233,April,2023,3
Washington,Puget Sound Energy Inc,98236,April,2023,0
Washington,Puget Sound Energy Inc,98237,April,2023,0
Washington,Puget Sound Energy Inc,98239,April,2023,1
Washington,Puget Sound Energy Inc,98240,April,2023,0
Washington,Cascade Natural Gas,98240,April,2023,2
Washington,Cascade Natural Gas,98247,April,2023,5
Washington,Puget Sound Energy Inc,98247,April,2023,1
Washington,Puget Sound Energy Inc,98248,April,2023,3
Washington,Cascade Natural Gas,98248,April,2023,16
Washington,Puget Sound Energy Inc,98249,April,2023,1
Washington,Puget Sound Energy Inc,98252,April,2023,0
Washington,Puget Sound Energy Inc,98253,April,2023,0
Washington,Cascade Natural Gas,98257,April,2023,2
Washington,Puget Sound Energy Inc,98257,April,2023,1
Washington,Puget Sound Energy Inc,98258,April,2023,2
Washington,Puget Sound Energy Inc,98260,April,2023,1
Washington,Puget Sound Energy Inc,98262,April,2023,1
Washington,Cascade Natural Gas,98264,April,2023,7
Washington,Puget Sound Energy Inc,98264,April,2023,1
Washington,Puget Sound Energy Inc,98270,April,2023,3
Washington,Cascade Natural Gas,98271,April,2023,0
Washington,Puget Sound Energy Inc,98272,April,2023,0
Washington,Puget Sound Energy Inc,98273,April,2023,2
Washington,Cascade Natural Gas,98273,April,2023,8
Washington,Cascade Natural Gas,98274,April,2023,6
Washington,Puget Sound Energy Inc,98274,April,2023,1
Washington,Cascade Natural Gas,98276,April,2023,1
Washington,Cascade Natural Gas,98277,April,2023,5
Washington,Puget Sound Energy Inc,98277,April,2023,4
Washington,Cascade Natural Gas,98282,April,2023,1
Washington,Puget Sound Energy Inc,98284,April,2023,3
Washington,Cascade Natural Gas,98284,April,2023,3
Washington,Puget Sound Energy Inc,98290,April,2023,1
Washington,Cascade Natural Gas,98292,April,2023,0
Washington,Cascade Natural Gas,98295,April,2023,0
Washington,Puget Sound Energy Inc,98296,April,2023,0
Washington,Northwest Natural Gas Company,98307,April,2023,0
Washington,Cascade Natural Gas,98310,April,2023,2
Washington,Puget Sound Energy Inc,98310,April,2023,3
Washington,Puget Sound Energy Inc,98311,April,2023,3
Washington,Cascade Natural Gas,98311,April,2023,4
Washington,Cascade Natural Gas,98312,April,2023,2
Washington,Puget Sound Energy Inc,98312,April,2023,8
Washington,Puget Sound Energy Inc,98321,April,2023,1
Washington,Puget Sound Energy Inc,98327,April,2023,1
Washington,Puget Sound Energy Inc,98332,April,2023,0
Washington,Puget Sound Energy Inc,98337,April,2023,1
Washington,Cascade Natural Gas,98337,April,2023,4
Washington,Puget Sound Energy Inc,98338,April,2023,2
Washington,Puget Sound Energy Inc,98340,April,2023,0
Washington,Puget Sound Energy Inc,98342,April,2023,0
Washington,Cascade Natural Gas,98345,April,2023,0
Washington,Puget Sound Energy Inc,98345,April,2023,0
Washington,Puget Sound Energy Inc,98346,April,2023,4
Washington,Puget Sound Energy Inc,98354,April,2023,1
Washington,Puget Sound Energy Inc,98359,April,2023,1
Washington,Puget Sound Energy Inc,98360,April,2023,0
Washington,Cascade Natural Gas,98366,April,2023,5
Washington,Puget Sound Energy Inc,98366,April,2023,6
Washington,Cascade Natural Gas,98367,April,2023,1
Washington,Puget Sound Energy Inc,98367,April,2023,11
Washington,Cascade Natural Gas,98370,April,2023,0
Washington,Puget Sound Energy Inc,98370,April,2023,7
Washington,Puget Sound Energy Inc,98371,April,2023,9
Washington,Puget Sound Energy Inc,98372,April,2023,2
Washington,Puget Sound Energy Inc,98373,April,2023,6
Washington,Puget Sound Energy Inc,98374,April,2023,4
Washington,Puget Sound Energy Inc,98375,April,2023,1
Washington,Puget Sound Energy Inc,98380,April,2023,4
Washington,Cascade Natural Gas,98383,April,2023,4
Washington,Puget Sound Energy Inc,98383,April,2023,3
Washington,Puget Sound Energy Inc,98385,April,2023,0
Washington,Puget Sound Energy Inc,98387,April,2023,7
Washington,Puget Sound Energy Inc,98390,April,2023,4
Washington,Puget Sound Energy Inc,98391,April,2023,7
Washington,Puget Sound Energy Inc,98392,April,2023,0
Washington,Puget Sound Energy Inc,98403,April,2023,2
Washington,Puget Sound Energy Inc,98404,April,2023,4
Washington,Puget Sound Energy Inc,98405,April,2023,3
Washington,Puget Sound Energy Inc,98407,April,2023,0
Washington,Puget Sound Energy Inc,98408,April,2023,1
Washington,Puget Sound Energy Inc,98409,April,2023,4
Washington,Puget Sound Energy Inc,98418,April,2023,4
Washington,Puget Sound Energy Inc,98422,April,2023,3
Washington,Puget Sound Energy Inc,98424,April,2023,0
Washington,Puget Sound Energy Inc,98439,April,2023,1
Washington,Puget Sound Energy Inc,98444,April,2023,3
Washington,Puget Sound Energy Inc,98445,April,2023,2
Washington,Puget Sound Energy Inc,98446,April,2023,1
Washington,Puget Sound Energy Inc,98465,April,2023,0
Washington,Puget Sound Energy Inc,98466,April,2023,2
Washington,Puget Sound Energy Inc,98467,April,2023,1
Washington,Puget Sound Energy Inc,98498,April,2023,5
Washington,Puget Sound Energy Inc,98499,April,2023,3
Washington,Puget Sound Energy Inc,98501,April,2023,1
Washington,Puget Sound Energy Inc,98502,April,2023,5
Washington,Puget Sound Energy Inc,98503,April,2023,6
Washington,Puget Sound Energy Inc,98506,April,2023,4
Washington,Puget Sound Energy Inc,98512,April,2023,8
Washington,Puget Sound Energy Inc,98513,April,2023,7
Washington,Puget Sound Energy Inc,98516,April,2023,5
Washington,Cascade Natural Gas,98520,April,2023,5
Washington,Puget Sound Energy Inc,98531,April,2023,1
Washington,Puget Sound Energy Inc,98532,April,2023,1
Washington,Cascade Natural Gas,98541,April,2023,1
Washington,Cascade Natural Gas,98550,April,2023,6
Washington,Cascade Natural Gas,98557,April,2023,1
Washington,Puget Sound Energy Inc,98558,April,2023,0
Washington,Cascade Natural Gas,98563,April,2023,1
Washington,Puget Sound Energy Inc,98576,April,2023,1
Washington,Puget Sound Energy Inc,98579,April,2023,3
Washington,Puget Sound Energy Inc,98580,April,2023,2
Washington,Cascade Natural Gas,98584,April,2023,1
Washington,Puget Sound Energy Inc,98589,April,2023,2
Washington,Puget Sound Energy Inc,98597,April,2023,5
Washington,Northwest Natural Gas Company,98601,April,2023,0
Washington,Northwest Natural Gas Company,98604,April,2023,8
Washington,Northwest Natural Gas Company,98605,April,2023,0
Washington,Northwest Natural Gas Company,98606,April,2023,0
Washington,Northwest Natural Gas Company,98607,April,2023,7
Washington,Northwest Natural Gas Company,98610,April,2023,0
Washington,Cascade Natural Gas,98611,April,2023,0
Washington,Northwest Natural Gas Company,98612,April,2023,0
Washington,Northwest Natural Gas Company,98617,April,2023,0
Washington,Avista Utilities,98620,April,2023,5
Washington,Northwest Natural Gas Company,98620,April,2023,0
Washington,Cascade Natural Gas,98625,April,2023,0
Washington,Cascade Natural Gas,98626,April,2023,1
Washington,Northwest Natural Gas Company,98626,April,2023,0
Washington,Northwest Natural Gas Company,98628,April,2023,0
Washington,Northwest Natural Gas Company,98629,April,2023,8
Washington,Cascade Natural Gas,98632,April,2023,0
Washington,Northwest Natural Gas Company,98635,April,2023,0
Washington,Northwest Natural Gas Company,98639,April,2023,0
Washington,Northwest Natural Gas Company,98642,April,2023,6
Washington,Avista Utilities,98648,April,2023,0
Washington,Northwest Natural Gas Company,98648,April,2023,0
Washington,Northwest Natural Gas Company,98660,April,2023,4
Washington,Northwest Natural Gas Company,98661,April,2023,17
Washington,Northwest Natural Gas Company,98662,April,2023,16
Washington,Northwest Natural Gas Company,98663,April,2023,12
Washington,Northwest Natural Gas Company,98664,April,2023,14
Washington,Northwest Natural Gas Company,98665,April,2023,25
Washington,Northwest Natural Gas Company,98666,April,2023,0
Washington,Northwest Natural Gas Company,98668,April,2023,0
Washington,Northwest Natural Gas Company,98671,April,2023,15
Washington,Northwest Natural Gas Company,98672,April,2023,0
Washington,Northwest Natural Gas Company,98674,April,2023,0
Washington,Cascade Natural Gas,98674,April,2023,0
Washington,Northwest Natural Gas Company,98675,April,2023,0
Washington,Northwest Natural Gas Company,98682,April,2023,30
Washington,Northwest Natural Gas Company,98683,April,2023,4
Washington,Northwest Natural Gas Company,98684,April,2023,11
Washington,Northwest Natural Gas Company,98685,April,2023,0
Washington,Northwest Natural Gas Company,98686,April,2023,5
Washington,Northwest Natural Gas Company,98762,April,2023,0
Washington,Cascade Natural Gas,98801,April,2023,1
Washington,Cascade Natural Gas,98802,April,2023,2
Washington,Cascade Natural Gas,98837,April,2023,4
Washington,Cascade Natural Gas,98848,April,2023,0
Washington,Avista Utilities,98857,April,2023,0
Washington,Cascade Natural Gas,98901,April,2023,9
Washington,Cascade Natural Gas,98902,April,2023,37
Washington,Cascade Natural Gas,98903,April,2023,1
Washington,Cascade Natural Gas,98908,April,2023,6
Washington,PacifiCorp,98908,April,2023,1
Washington,Puget Sound Energy Inc,98922,April,2023,2
Washington,Puget Sound Energy Inc,98925,April,2023,0
Washington,Puget Sound Energy Inc,98926,April,2023,2
Washington,Cascade Natural Gas,98930,April,2023,3
Washington,PacifiCorp,98932,April,2023,0
Washington,Cascade Natural Gas,98932,April,2023,4
Washington,Cascade Natural Gas,98936,April,2023,3
Washington,Puget Sound Energy Inc,98941,April,2023,0
Washington,Cascade Natural Gas,98942,April,2023,7
Washington,Puget Sound Energy Inc,98943,April,2023,1
Washington,Cascade Natural Gas,98944,April,2023,11
Washington,Cascade Natural Gas,98948,April,2023,7
Washington,Cascade Natural Gas,98951,April,2023,2
Washington,Cascade Natural Gas,98953,April,2023,3
Washington,Avista Utilities,99001,April,2023,12
Washington,Avista Utilities,99003,April,2023,4
Washington,Avista Utilities,99004,April,2023,3
Washington,Avista Utilities,99005,April,2023,2
Washington,Avista Utilities,99006,April,2023,8
Washington,Avista Utilities,99008,April,2023,0
Washington,Avista Utilities,99009,April,2023,1
Washington,Avista Utilities,99011,April,2023,0
Washington,Avista Utilities,99012,April,2023,3
Washington,Avista Utilities,99013,April,2023,4
Washington,Avista Utilities,99014,April,2023,0
Washington,Avista Utilities,99016,April,2023,23
Washington,Avista Utilities,99018,April,2023,2
Washington,Avista Utilities,99019,April,2023,13
Washington,Avista Utilities,99020,April,2023,0
Washington,Avista Utilities,99021,April,2023,8
Washington,Avista Utilities,99022,April,2023,7
Washington,Avista Utilities,99023,April,2023,0
Washington,Avista Utilities,99025,April,2023,1
Washington,Avista Utilities,99026,April,2023,1
Washington,Avista Utilities,99027,April,2023,6
Washington,Avista Utilities,99029,April,2023,3
Washington,Avista Utilities,99030,April,2023,0
Washington,Avista Utilities,99031,April,2023,1
Washington,Avista Utilities,99032,April,2023,0
Washington,Avista Utilities,99033,April,2023,0
Washington,Avista Utilities,99034,April,2023,1
Washington,Avista Utilities,99036,April,2023,0
Washington,Avista Utilities,99037,April,2023,6
Washington,Avista Utilities,99039,April,2023,0
Washington,Avista Utilities,99040,April,2023,4
Washington,Avista Utilities,99101,April,2023,0
Washington,Avista Utilities,99102,April,2023,1
Washington,Avista Utilities,99103,April,2023,0
Washington,Avista Utilities,99104,April,2023,0
Washington,Avista Utilities,99107,April,2023,0
Washington,Avista Utilities,99109,April,2023,5
Washington,Avista Utilities,99110,April,2023,1
Washington,Avista Utilities,99111,April,2023,4
Washington,Avista Utilities,99113,April,2023,0
Washington,Avista Utilities,99114,April,2023,22
Washington,Avista Utilities,99117,April,2023,0
Washington,Avista Utilities,99122,April,2023,4
Washington,Avista Utilities,99125,April,2023,1
Washington,Avista Utilities,99126,April,2023,2
Washington,Avista Utilities,99128,April,2023,0
Washington,Avista Utilities,99129,April,2023,3
Washington,Avista Utilities,99130,April,2023,1
Washington,Avista Utilities,99131,April,2023,0
Washington,Avista Utilities,99134,April,2023,1
Washington,Avista Utilities,99137,April,2023,1
Washington,Avista Utilities,99138,April,2023,0
Washington,Avista Utilities,99141,April,2023,9
Washington,Avista Utilities,99143,April,2023,1
Washington,Avista Utilities,99144,April,2023,0
Washington,Avista Utilities,99146,April,2023,0
Washington,Avista Utilities,99148,April,2023,0
Washington,Avista Utilities,99149,April,2023,0
Washington,Avista Utilities,99151,April,2023,2
Washington,Avista Utilities,99156,April,2023,0
Washington,Avista Utilities,99157,April,2023,0
Washington,Avista Utilities,99158,April,2023,0
Washington,Avista Utilities,99159,April,2023,0
Washington,Avista Utilities,99160,April,2023,0
Washington,Avista Utilities,99161,April,2023,1
Washington,Avista Utilities,99163,April,2023,67
Washington,Avista Utilities,99164,April,2023,0
Washington,Avista Utilities,99167,April,2023,0
Washington,Avista Utilities,99169,April,2023,10
Washington,Avista Utilities,99170,April,2023,1
Washington,Avista Utilities,99171,April,2023,0
Washington,Avista Utilities,99173,April,2023,2
Washington,Avista Utilities,99174,April,2023,0
Washington,Avista Utilities,99176,April,2023,0
Washington,Avista Utilities,99179,April,2023,0
Washington,Avista Utilities,99181,April,2023,5
Washington,Avista Utilities,99185,April,2023,1
Washington,Avista Utilities,99201,April,2023,45
Washington,Avista Utilities,99202,April,2023,51
Washington,Avista Utilities,99203,April,2023,23
Washington,Avista Utilities,99204,April,2023,19
Washington,Avista Utilities,99205,April,2023,83
Washington,Avista Utilities,99206,April,2023,34
Washington,Avista Utilities,99207,April,2023,89
Washington,Avista Utilities,99208,April,2023,106
Washington,Avista Utilities,99212,April,2023,43
Washington,Avista Utilities,99216,April,2023,33
Washington,Avista Utilities,99217,April,2023,46
Washington,Avista Utilities,99218,April,2023,18
Washington,Avista Utilities,99219,April,2023,0
Washington,Avista Utilities,99220,April,2023,0
Washington,Avista Utilities,99223,April,2023,41
Washington,Avista Utilities,99224,April,2023,29
Washington,Avista Utilities,99228,April,2023,0
Washington,Avista Utilities,99260,April,2023,0
Washington,Cascade Natural Gas,99301,April,2023,9
Washington,PacifiCorp,99323,April,2023,0
Washington,Cascade Natural Gas,99324,April,2023,5
Washington,PacifiCorp,99324,April,2023,0
Washington,Avista Utilities,99326,April,2023,0
Washington,PacifiCorp,99328,April,2023,0
Washington,Avista Utilities,99335,April,2023,0
Washington,Cascade Natural Gas,99336,April,2023,8
Washington,Cascade Natural Gas,99337,April,2023,5
Washington,Cascade Natural Gas,99338,April,2023,2
Washington,Avista Utilities,99341,April,2023,1
Washington,Cascade Natural Gas,99344,April,2023,6
Washington,Avista Utilities,99344,April,2023,23
Washington,Cascade Natural Gas,99350,April,2023,1
Washington,Cascade Natural Gas,99352,April,2023,14
Washington,Cascade Natural Gas,99353,April,2023,0
Washington,Cascade Natural Gas,99354,April,2023,7
Washington,PacifiCorp,99360,April,2023,0
Washington,PacifiCorp,99362,April,2023,0
Washington,Cascade Natural Gas,99362,April,2023,12
Washington,Avista Utilities,99371,April,2023,1
Washington,Avista Utilities,99402,April,2023,6
Washington,Avista Utilities,99403,April,2023,34
Washington,Northwest Natural Gas Company,97031,August,2023,0
Washington,Northwest Natural Gas Company,97301,August,2023,0
Washington,Northwest Natural Gas Company,97388,August,2023,0
Washington,Puget Sound Energy Inc,98001,August,2023,14
Washington,Puget Sound Energy Inc,98002,August,2023,14
Washington,Puget Sound Energy Inc,98003,August,2023,27
Washington,Puget Sound Energy Inc,98004,August,2023,3
Washington,Puget Sound Energy Inc,98005,August,2023,3
Washington,Puget Sound Energy Inc,98006,August,2023,1
Washington,Puget Sound Energy Inc,98007,August,2023,3
Washington,Puget Sound Energy Inc,98008,August,2023,2
Washington,Puget Sound Energy Inc,98010,August,2023,0
Washington,Puget Sound Energy Inc,98011,August,2023,3
Washington,Puget Sound Energy Inc,98014,August,2023,2
Washington,Puget Sound Energy Inc,98019,August,2023,4
Washington,Puget Sound Energy Inc,98020,August,2023,0
Washington,Puget Sound Energy Inc,98022,August,2023,1
Washington,Puget Sound Energy Inc,98023,August,2023,15
Washington,Puget Sound Energy Inc,98024,August,2023,1
Washington,Northwest Natural Gas Company,98026,August,2023,0
Washington,Puget Sound Energy Inc,98027,August,2023,2
Washington,Puget Sound Energy Inc,98028,August,2023,3
Washington,Puget Sound Energy Inc,98029,August,2023,4
Washington,Puget Sound Energy Inc,98030,August,2023,8
Washington,Puget Sound Energy Inc,98031,August,2023,12
Washington,Puget Sound Energy Inc,98032,August,2023,20
Washington,Puget Sound Energy Inc,98033,August,2023,4
Washington,Puget Sound Energy Inc,98034,August,2023,3
Washington,Puget Sound Energy Inc,98036,August,2023,0
Washington,Puget Sound Energy Inc,98038,August,2023,7
Washington,Puget Sound Energy Inc,98039,August,2023,1
Washington,Puget Sound Energy Inc,98040,August,2023,0
Washington,Puget Sound Energy Inc,98042,August,2023,10
Washington,Puget Sound Energy Inc,98045,August,2023,2
Washington,Puget Sound Energy Inc,98047,August,2023,0
Washington,Puget Sound Energy Inc,98051,August,2023,1
Washington,Puget Sound Energy Inc,98052,August,2023,6
Washington,Puget Sound Energy Inc,98053,August,2023,2
Washington,Puget Sound Energy Inc,98055,August,2023,13
Washington,Puget Sound Energy Inc,98056,August,2023,11
Washington,Puget Sound Energy Inc,98057,August,2023,3
Washington,Puget Sound Energy Inc,98058,August,2023,12
Washington,Puget Sound Energy Inc,98059,August,2023,7
Washington,Puget Sound Energy Inc,98065,August,2023,1
Washington,Puget Sound Energy Inc,98070,August,2023,0
Washington,Puget Sound Energy Inc,98074,August,2023,1
Washington,Puget Sound Energy Inc,98075,August,2023,1
Washington,Puget Sound Energy Inc,98077,August,2023,1
Washington,Puget Sound Energy Inc,98092,August,2023,22
Washington,Puget Sound Energy Inc,98104,August,2023,0
Washington,Puget Sound Energy Inc,98118,August,2023,1
Washington,Northwest Natural Gas Company,98119,August,2023,0
Washington,Northwest Natural Gas Company,98125,August,2023,0
Washington,Puget Sound Energy Inc,98125,August,2023,1
Washington,Puget Sound Energy Inc,98126,August,2023,1
Washington,Northwest Natural Gas Company,98127,August,2023,0
Washington,Puget Sound Energy Inc,98133,August,2023,0
Washington,Puget Sound Energy Inc,98148,August,2023,4
Washington,Puget Sound Energy Inc,98166,August,2023,0
Washington,Puget Sound Energy Inc,98188,August,2023,7
Washington,Puget Sound Energy Inc,98198,August,2023,18
Washington,Puget Sound Energy Inc,98204,August,2023,1
Washington,Puget Sound Energy Inc,98208,August,2023,1
Washington,Northwest Natural Gas Company,98208,August,2023,0
Washington,Cascade Natural Gas,98220,August,2023,2
Washington,Puget Sound Energy Inc,98221,August,2023,3
Washington,Cascade Natural Gas,98221,August,2023,12
Washington,Cascade Natural Gas,98223,August,2023,1
Washington,Puget Sound Energy Inc,98224,August,2023,1
Washington,Puget Sound Energy Inc,98225,August,2023,5
Washington,Cascade Natural Gas,98225,August,2023,25
Washington,Puget Sound Energy Inc,98226,August,2023,3
Washington,Cascade Natural Gas,98226,August,2023,15
Washington,Cascade Natural Gas,98229,August,2023,13
Washington,Puget Sound Energy Inc,98229,August,2023,0
Washington,Puget Sound Energy Inc,98230,August,2023,3
Washington,Cascade Natural Gas,98230,August,2023,11
Washington,Cascade Natural Gas,98233,August,2023,10
Washington,Puget Sound Energy Inc,98233,August,2023,3
Washington,Puget Sound Energy Inc,98235,August,2023,0
Washington,Puget Sound Energy Inc,98236,August,2023,0
Washington,Puget Sound Energy Inc,98237,August,2023,1
Washington,Puget Sound Energy Inc,98239,August,2023,2
Washington,Puget Sound Energy Inc,98240,August,2023,0
Washington,Cascade Natural Gas,98240,August,2023,0
Washington,Cascade Natural Gas,98247,August,2023,3
Washington,Puget Sound Energy Inc,98247,August,2023,0
Washington,Cascade Natural Gas,98248,August,2023,15
Washington,Puget Sound Energy Inc,98248,August,2023,0
Washington,Puget Sound Energy Inc,98249,August,2023,0
Washington,Puget Sound Energy Inc,98255,August,2023,1
Washington,Cascade Natural Gas,98257,August,2023,3
Washington,Puget Sound Energy Inc,98257,August,2023,3
Washington,Puget Sound Energy Inc,98260,August,2023,0
Washington,Puget Sound Energy Inc,98264,August,2023,3
Washington,Cascade Natural Gas,98264,August,2023,24
Washington,Puget Sound Energy Inc,98266,August,2023,0
Washington,Puget Sound Energy Inc,98270,August,2023,1
Washington,Cascade Natural Gas,98271,August,2023,2
Washington,Cascade Natural Gas,98273,August,2023,20
Washington,Puget Sound Energy Inc,98273,August,2023,4
Washington,Puget Sound Energy Inc,98274,August,2023,2
Washington,Cascade Natural Gas,98274,August,2023,7
Washington,Cascade Natural Gas,98276,August,2023,1
Washington,Cascade Natural Gas,98277,August,2023,7
Washington,Puget Sound Energy Inc,98277,August,2023,9
Washington,Puget Sound Energy Inc,98281,August,2023,0
Washington,Cascade Natural Gas,98282,August,2023,0
Washington,Puget Sound Energy Inc,98284,August,2023,2
Washington,Cascade Natural Gas,98284,August,2023,20
Washington,Cascade Natural Gas,98292,August,2023,2
Washington,Cascade Natural Gas,98295,August,2023,1
Washington,Northwest Natural Gas Company,98307,August,2023,0
Washington,Puget Sound Energy Inc,98310,August,2023,5
Washington,Cascade Natural Gas,98310,August,2023,7
Washington,Cascade Natural Gas,98311,August,2023,6
Washington,Puget Sound Energy Inc,98311,August,2023,2
Washington,Cascade Natural Gas,98312,August,2023,9
Washington,Puget Sound Energy Inc,98312,August,2023,2
Washington,Puget Sound Energy Inc,98321,August,2023,3
Washington,Puget Sound Energy Inc,98323,August,2023,0
Washington,Puget Sound Energy Inc,98327,August,2023,1
Washington,Puget Sound Energy Inc,98337,August,2023,4
Washington,Cascade Natural Gas,98337,August,2023,0
Washington,Puget Sound Energy Inc,98338,August,2023,2
Washington,Puget Sound Energy Inc,98340,August,2023,1
Washington,Puget Sound Energy Inc,98342,August,2023,0
Washington,Cascade Natural Gas,98345,August,2023,0
Washington,Puget Sound Energy Inc,98346,August,2023,1
Washington,Puget Sound Energy Inc,98359,August,2023,1
Washington,Puget Sound Energy Inc,98360,August,2023,2
Washington,Cascade Natural Gas,98366,August,2023,3
Washington,Puget Sound Energy Inc,98366,August,2023,6
Washington,Cascade Natural Gas,98367,August,2023,2
Washington,Puget Sound Energy Inc,98367,August,2023,2
Washington,Puget Sound Energy Inc,98370,August,2023,5
Washington,Cascade Natural Gas,98370,August,2023,4
Washington,Puget Sound Energy Inc,98371,August,2023,6
Washington,Puget Sound Energy Inc,98372,August,2023,4
Washington,Puget Sound Energy Inc,98373,August,2023,9
Washington,Puget Sound Energy Inc,98374,August,2023,17
Washington,Puget Sound Energy Inc,98375,August,2023,3
Washington,Puget Sound Energy Inc,98380,August,2023,1
Washington,Puget Sound Energy Inc,98383,August,2023,3
Washington,Cascade Natural Gas,98383,August,2023,5
Washington,Puget Sound Energy Inc,98387,August,2023,0
Washington,Puget Sound Energy Inc,98390,August,2023,2
Washington,Puget Sound Energy Inc,98391,August,2023,7
Washington,Puget Sound Energy Inc,98392,August,2023,0
Washington,Puget Sound Energy Inc,98424,August,2023,1
Washington,Puget Sound Energy Inc,98439,August,2023,5
Washington,Puget Sound Energy Inc,98446,August,2023,2
Washington,Puget Sound Energy Inc,98498,August,2023,9
Washington,Puget Sound Energy Inc,98499,August,2023,1
Washington,Puget Sound Energy Inc,98501,August,2023,5
Washington,Puget Sound Energy Inc,98502,August,2023,4
Washington,Puget Sound Energy Inc,98503,August,2023,5
Washington,Puget Sound Energy Inc,98506,August,2023,3
Washington,Puget Sound Energy Inc,98512,August,2023,6
Washington,Puget Sound Energy Inc,98513,August,2023,6
Washington,Puget Sound Energy Inc,98516,August,2023,6
Washington,Cascade Natural Gas,98520,August,2023,14
Washington,Puget Sound Energy Inc,98530,August,2023,2
Washington,Cascade Natural Gas,98541,August,2023,5
Washington,Cascade Natural Gas,98550,August,2023,6
Washington,Cascade Natural Gas,98557,August,2023,1
Washington,Cascade Natural Gas,98563,August,2023,0
Washington,Puget Sound Energy Inc,98576,August,2023,0
Washington,Puget Sound Energy Inc,98579,August,2023,0
Washington,Puget Sound Energy Inc,98580,August,2023,1
Washington,Cascade Natural Gas,98584,August,2023,10
Washington,Puget Sound Energy Inc,98589,August,2023,0
Washington,Puget Sound Energy Inc,98597,August,2023,5
Washington,Northwest Natural Gas Company,98601,August,2023,0
Washington,Northwest Natural Gas Company,98604,August,2023,1
Washington,Northwest Natural Gas Company,98605,August,2023,0
Washington,Northwest Natural Gas Company,98606,August,2023,0
Washington,Northwest Natural Gas Company,98607,August,2023,14
Washington,Northwest Natural Gas Company,98610,August,2023,2
Washington,Cascade Natural Gas,98611,August,2023,1
Washington,Northwest Natural Gas Company,98612,August,2023,0
Washington,Northwest Natural Gas Company,98617,August,2023,0
Washington,Avista Utilities,98620,August,2023,1
Washington,Northwest Natural Gas Company,98620,August,2023,0
Washington,Cascade Natural Gas,98625,August,2023,0
Washington,Cascade Natural Gas,98626,August,2023,2
Washington,Northwest Natural Gas Company,98626,August,2023,0
Washington,Northwest Natural Gas Company,98628,August,2023,2
Washington,Northwest Natural Gas Company,98629,August,2023,0
Washington,Cascade Natural Gas,98632,August,2023,9
Washington,Northwest Natural Gas Company,98635,August,2023,0
Washington,Northwest Natural Gas Company,98639,August,2023,0
Washington,Northwest Natural Gas Company,98642,August,2023,6
Washington,Avista Utilities,98648,August,2023,0
Washington,Northwest Natural Gas Company,98648,August,2023,0
Washington,Northwest Natural Gas Company,98660,August,2023,13
Washington,Northwest Natural Gas Company,98661,August,2023,22
Washington,Northwest Natural Gas Company,98662,August,2023,23
Washington,Northwest Natural Gas Company,98663,August,2023,5
Washington,Northwest Natural Gas Company,98664,August,2023,15
Washington,Northwest Natural Gas Company,98665,August,2023,19
Washington,Northwest Natural Gas Company,98666,August,2023,0
Washington,Northwest Natural Gas Company,98668,August,2023,0
Washington,Northwest Natural Gas Company,98671,August,2023,3
Washington,Northwest Natural Gas Company,98672,August,2023,0
Washington,Northwest Natural Gas Company,98674,August,2023,0
Washington,Cascade Natural Gas,98674,August,2023,4
Washington,Northwest Natural Gas Company,98675,August,2023,0
Washington,Northwest Natural Gas Company,98682,August,2023,26
Washington,Northwest Natural Gas Company,98683,August,2023,12
Washington,Northwest Natural Gas Company,98684,August,2023,21
Washington,Northwest Natural Gas Company,98685,August,2023,2
Washington,Northwest Natural Gas Company,98686,August,2023,17
Washington,Northwest Natural Gas Company,98762,August,2023,0
Washington,Cascade Natural Gas,98801,August,2023,5
Washington,Cascade Natural Gas,98802,August,2023,1
Washington,Cascade Natural Gas,98837,August,2023,3
Washington,Cascade Natural Gas,98848,August,2023,0
Washington,Avista Utilities,98857,August,2023,0
Washington,PacifiCorp,98901,August,2023,20
Washington,Cascade Natural Gas,98901,August,2023,34
Washington,Cascade Natural Gas,98902,August,2023,78
Washington,PacifiCorp,98902,August,2023,3
Washington,PacifiCorp,98903,August,2023,1
Washington,Cascade Natural Gas,98903,August,2023,9
Washington,Cascade Natural Gas,98908,August,2023,43
Washington,PacifiCorp,98908,August,2023,0
Washington,Puget Sound Energy Inc,98922,August,2023,3
Washington,Puget Sound Energy Inc,98926,August,2023,1
Washington,Cascade Natural Gas,98930,August,2023,8
Washington,PacifiCorp,98932,August,2023,0
Washington,Cascade Natural Gas,98932,August,2023,3
Washington,PacifiCorp,98933,August,2023,0
Washington,Puget Sound Energy Inc,98934,August,2023,1
Washington,PacifiCorp,98936,August,2023,4
Washington,Cascade Natural Gas,98936,August,2023,11
Washington,PacifiCorp,98937,August,2023,0
Washington,PacifiCorp,98938,August,2023,0
Washington,Puget Sound Energy Inc,98940,August,2023,2
Washington,Puget Sound Energy Inc,98941,August,2023,0
Washington,Cascade Natural Gas,98942,August,2023,6
Washington,PacifiCorp,98942,August,2023,5
Washington,Puget Sound Energy Inc,98943,August,2023,0
Washington,Cascade Natural Gas,98944,August,2023,14
Washington,PacifiCorp,98944,August,2023,0
Washington,Puget Sound Energy Inc,98946,August,2023,1
Washington,PacifiCorp,98948,August,2023,1
Washington,Cascade Natural Gas,98948,August,2023,19
Washington,Cascade Natural Gas,98951,August,2023,12
Washington,PacifiCorp,98951,August,2023,14
Washington,PacifiCorp,98952,August,2023,0
Washington,PacifiCorp,98953,August,2023,1
Washington,Cascade Natural Gas,98953,August,2023,7
Washington,Avista Utilities,99001,August,2023,8
Washington,Avista Utilities,99003,August,2023,3
Washington,Avista Utilities,99004,August,2023,3
Washington,Avista Utilities,99005,August,2023,4
Washington,Avista Utilities,99006,August,2023,1
Washington,Avista Utilities,99008,August,2023,0
Washington,Avista Utilities,99009,August,2023,0
Washington,Avista Utilities,99011,August,2023,0
Washington,Avista Utilities,99012,August,2023,0
Washington,Avista Utilities,99013,August,2023,3
Washington,Avista Utilities,99014,August,2023,0
Washington,Avista Utilities,99016,August,2023,19
Washington,Avista Utilities,99018,August,2023,1
Washington,Avista Utilities,99019,August,2023,9
Washington,Avista Utilities,99020,August,2023,0
Washington,Avista Utilities,99021,August,2023,1
Washington,Avista Utilities,99022,August,2023,0
Washington,Avista Utilities,99023,August,2023,0
Washington,Avista Utilities,99025,August,2023,1
Washington,Avista Utilities,99026,August,2023,2
Washington,Avista Utilities,99027,August,2023,1
Washington,Avista Utilities,99029,August,2023,2
Washington,Avista Utilities,99030,August,2023,2
Washington,Avista Utilities,99031,August,2023,0
Washington,Avista Utilities,99032,August,2023,3
Washington,Avista Utilities,99033,August,2023,0
Washington,Avista Utilities,99034,August,2023,0
Washington,Avista Utilities,99036,August,2023,0
Washington,Avista Utilities,99037,August,2023,3
Washington,Avista Utilities,99039,August,2023,0
Washington,Avista Utilities,99040,August,2023,2
Washington,Avista Utilities,99101,August,2023,0
Washington,Avista Utilities,99102,August,2023,0
Washington,Avista Utilities,99103,August,2023,1
Washington,Avista Utilities,99104,August,2023,0
Washington,Avista Utilities,99107,August,2023,0
Washington,Avista Utilities,99109,August,2023,5
Washington,Avista Utilities,99110,August,2023,3
Washington,Avista Utilities,99111,August,2023,0
Washington,Avista Utilities,99113,August,2023,0
Washington,Avista Utilities,99114,August,2023,10
Washington,Avista Utilities,99117,August,2023,1
Washington,Avista Utilities,99122,August,2023,0
Washington,Avista Utilities,99125,August,2023,0
Washington,Avista Utilities,99126,August,2023,0
Washington,Avista Utilities,99128,August,2023,1
Washington,Avista Utilities,99129,August,2023,1
Washington,Avista Utilities,99130,August,2023,1
Washington,Avista Utilities,99131,August,2023,0
Washington,Avista Utilities,99134,August,2023,0
Washington,Avista Utilities,99137,August,2023,0
Washington,Avista Utilities,99138,August,2023,0
Washington,Avista Utilities,99141,August,2023,1
Washington,Avista Utilities,99143,August,2023,0
Washington,Avista Utilities,99144,August,2023,0
Washington,Avista Utilities,99146,August,2023,0
Washington,Avista Utilities,99148,August,2023,1
Washington,Avista Utilities,99149,August,2023,0
Washington,Avista Utilities,99151,August,2023,0
Washington,Avista Utilities,99156,August,2023,0
Washington,Avista Utilities,99157,August,2023,0
Washington,Avista Utilities,99158,August,2023,0
Washington,Avista Utilities,99159,August,2023,1
Washington,Avista Utilities,99160,August,2023,0
Washington,Avista Utilities,99161,August,2023,0
Washington,Avista Utilities,99163,August,2023,27
Washington,Avista Utilities,99164,August,2023,0
Washington,Avista Utilities,99167,August,2023,0
Washington,Avista Utilities,99169,August,2023,3
Washington,Avista Utilities,99170,August,2023,0
Washington,Avista Utilities,99171,August,2023,0
Washington,Avista Utilities,99173,August,2023,1
Washington,Avista Utilities,99174,August,2023,0
Washington,Avista Utilities,99176,August,2023,0
Washington,Avista Utilities,99179,August,2023,0
Washington,Avista Utilities,99181,August,2023,1
Washington,Avista Utilities,99185,August,2023,0
Washington,Avista Utilities,99201,August,2023,36
Washington,Avista Utilities,99202,August,2023,44
Washington,Avista Utilities,99203,August,2023,15
Washington,Avista Utilities,99204,August,2023,21
Washington,Avista Utilities,99205,August,2023,74
Washington,Avista Utilities,99206,August,2023,30
Washington,Avista Utilities,99207,August,2023,103
Washington,Avista Utilities,99208,August,2023,82
Washington,Avista Utilities,99212,August,2023,18
Washington,Avista Utilities,99216,August,2023,24
Washington,Avista Utilities,99217,August,2023,32
Washington,Avista Utilities,99218,August,2023,24
Washington,Avista Utilities,99219,August,2023,0
Washington,Avista Utilities,99220,August,2023,0
Washington,Avista Utilities,99223,August,2023,33
Washington,Avista Utilities,99224,August,2023,23
Washington,Avista Utilities,99228,August,2023,0
Washington,Avista Utilities,99260,August,2023,0
Washington,PacifiCorp,99301,August,2023,0
Washington,Cascade Natural Gas,99301,August,2023,50
Washington,PacifiCorp,99323,August,2023,1
Washington,Cascade Natural Gas,99324,August,2023,4
Washington,PacifiCorp,99324,August,2023,5
Washington,Avista Utilities,99326,August,2023,1
Washington,PacifiCorp,99328,August,2023,0
Washington,PacifiCorp,99329,August,2023,0
Washington,Avista Utilities,99335,August,2023,0
Washington,Cascade Natural Gas,99336,August,2023,13
Washington,Cascade Natural Gas,99337,August,2023,1
Washington,Cascade Natural Gas,99338,August,2023,0
Washington,Avista Utilities,99341,August,2023,1
Washington,Cascade Natural Gas,99344,August,2023,0
Washington,Avista Utilities,99344,August,2023,17
Washington,PacifiCorp,99347,August,2023,12
Washington,PacifiCorp,99348,August,2023,0
Washington,Cascade Natural Gas,99350,August,2023,3
Washington,Cascade Natural Gas,99352,August,2023,8
Washington,Cascade Natural Gas,99353,August,2023,7
Washington,Cascade Natural Gas,99354,August,2023,7
Washington,PacifiCorp,99360,August,2023,0
Washington,PacifiCorp,99361,August,2023,0
Washington,PacifiCorp,99362,August,2023,42
Washington,Cascade Natural Gas,99362,August,2023,29
Washington,PacifiCorp,99363,August,2023,0
Washington,Avista Utilities,99371,August,2023,0
Washington,Avista Utilities,99402,August,2023,3
Washington,Avista Utilities,99403,August,2023,37
Washington,Northwest Natural Gas Company,97031,December,2023,0
Washington,Northwest Natural Gas Company,97301,December,2023,0
Washington,Northwest Natural Gas Company,97388,December,2023,0
Washington,Puget Sound Energy Inc,98001,December,2023,5
Washington,Puget Sound Energy Inc,98002,December,2023,7
Washington,Puget Sound Energy Inc,98003,December,2023,13
Washington,Puget Sound Energy Inc,98004,December,2023,3
Washington,Puget Sound Energy Inc,98005,December,2023,1
Washington,Puget Sound Energy Inc,98006,December,2023,2
Washington,Puget Sound Energy Inc,98007,December,2023,2
Washington,Puget Sound Energy Inc,98008,December,2023,3
Washington,Puget Sound Energy Inc,98010,December,2023,1
Washington,Puget Sound Energy Inc,98011,December,2023,2
Washington,Puget Sound Energy Inc,98012,December,2023,0
Washington,Puget Sound Energy Inc,98014,December,2023,0
Washington,Puget Sound Energy Inc,98019,December,2023,1
Washington,Puget Sound Energy Inc,98022,December,2023,3
Washington,Puget Sound Energy Inc,98023,December,2023,10
Washington,Puget Sound Energy Inc,98024,December,2023,1
Washington,Northwest Natural Gas Company,98026,December,2023,0
Washington,Puget Sound Energy Inc,98027,December,2023,0
Washington,Puget Sound Energy Inc,98028,December,2023,2
Washington,Puget Sound Energy Inc,98029,December,2023,1
Washington,Puget Sound Energy Inc,98030,December,2023,8
Washington,Puget Sound Energy Inc,98031,December,2023,4
Washington,Puget Sound Energy Inc,98032,December,2023,8
Washington,Puget Sound Energy Inc,98033,December,2023,2
Washington,Puget Sound Energy Inc,98034,December,2023,6
Washington,Puget Sound Energy Inc,98038,December,2023,3
Washington,Puget Sound Energy Inc,98040,December,2023,1
Washington,Puget Sound Energy Inc,98042,December,2023,3
Washington,Puget Sound Energy Inc,98045,December,2023,1
Washington,Puget Sound Energy Inc,98047,December,2023,4
Washington,Puget Sound Energy Inc,98051,December,2023,0
Washington,Puget Sound Energy Inc,98052,December,2023,5
Washington,Puget Sound Energy Inc,98053,December,2023,0
Washington,Puget Sound Energy Inc,98055,December,2023,2
Washington,Puget Sound Energy Inc,98056,December,2023,3
Washington,Puget Sound Energy Inc,98057,December,2023,6
Washington,Puget Sound Energy Inc,98058,December,2023,4
Washington,Puget Sound Energy Inc,98059,December,2023,4
Washington,Puget Sound Energy Inc,98065,December,2023,1
Washington,Puget Sound Energy Inc,98070,December,2023,0
Washington,Puget Sound Energy Inc,98072,December,2023,1
Washington,Puget Sound Energy Inc,98074,December,2023,2
Washington,Puget Sound Energy Inc,98075,December,2023,0
Washington,Puget Sound Energy Inc,98077,December,2023,1
Washington,Puget Sound Energy Inc,98092,December,2023,12
Washington,Puget Sound Energy Inc,98103,December,2023,0
Washington,Puget Sound Energy Inc,98109,December,2023,1
Washington,Puget Sound Energy Inc,98110,December,2023,0
Washington,Northwest Natural Gas Company,98119,December,2023,0
Washington,Northwest Natural Gas Company,98125,December,2023,0
Washington,Northwest Natural Gas Company,98127,December,2023,0
Washington,Puget Sound Energy Inc,98133,December,2023,1
Washington,Puget Sound Energy Inc,98136,December,2023,0
Washington,Puget Sound Energy Inc,98148,December,2023,1
Washington,Puget Sound Energy Inc,98168,December,2023,0
Washington,Puget Sound Energy Inc,98188,December,2023,5
Washington,Puget Sound Energy Inc,98198,December,2023,4
Washington,Northwest Natural Gas Company,98208,December,2023,0
Washington,Cascade Natural Gas,98220,December,2023,0
Washington,Cascade Natural Gas,98221,December,2023,3
Washington,Puget Sound Energy Inc,98221,December,2023,1
Washington,Cascade Natural Gas,98223,December,2023,0
Washington,Cascade Natural Gas,98225,December,2023,2
Washington,Puget Sound Energy Inc,98225,December,2023,3
Washington,Puget Sound Energy Inc,98226,December,2023,3
Washington,Cascade Natural Gas,98226,December,2023,5
Washington,Cascade Natural Gas,98229,December,2023,1
Washington,Puget Sound Energy Inc,98229,December,2023,2
Washington,Cascade Natural Gas,98230,December,2023,1
Washington,Puget Sound Energy Inc,98230,December,2023,1
Washington,Cascade Natural Gas,98233,December,2023,0
Washington,Puget Sound Energy Inc,98233,December,2023,3
Washington,Puget Sound Energy Inc,98236,December,2023,0
Washington,Puget Sound Energy Inc,98237,December,2023,0
Washington,Puget Sound Energy Inc,98239,December,2023,1
Washington,Puget Sound Energy Inc,98240,December,2023,0
Washington,Cascade Natural Gas,98240,December,2023,0
Washington,Puget Sound Energy Inc,98247,December,2023,2
Washington,Cascade Natural Gas,98247,December,2023,1
Washington,Puget Sound Energy Inc,98248,December,2023,1
Washington,Cascade Natural Gas,98248,December,2023,2
Washington,Puget Sound Energy Inc,98249,December,2023,1
Washington,Puget Sound Energy Inc,98252,December,2023,0
Washington,Puget Sound Energy Inc,98255,December,2023,0
Washington,Cascade Natural Gas,98257,December,2023,1
Washington,Puget Sound Energy Inc,98257,December,2023,2
Washington,Puget Sound Energy Inc,98260,December,2023,0
Washington,Cascade Natural Gas,98264,December,2023,4
Washington,Puget Sound Energy Inc,98264,December,2023,1
Washington,Puget Sound Energy Inc,98266,December,2023,2
Washington,Cascade Natural Gas,98271,December,2023,1
Washington,Puget Sound Energy Inc,98273,December,2023,0
Washington,Cascade Natural Gas,98273,December,2023,1
Washington,Puget Sound Energy Inc,98274,December,2023,1
Washington,Cascade Natural Gas,98274,December,2023,1
Washington,Puget Sound Energy Inc,98276,December,2023,0
Washington,Cascade Natural Gas,98276,December,2023,1
Washington,Cascade Natural Gas,98277,December,2023,8
Washington,Puget Sound Energy Inc,98277,December,2023,5
Washington,Cascade Natural Gas,98282,December,2023,0
Washington,Puget Sound Energy Inc,98283,December,2023,0
Washington,Puget Sound Energy Inc,98284,December,2023,4
Washington,Cascade Natural Gas,98284,December,2023,0
Washington,Cascade Natural Gas,98292,December,2023,1
Washington,Cascade Natural Gas,98295,December,2023,0
Washington,Northwest Natural Gas Company,98307,December,2023,0
Washington,Puget Sound Energy Inc,98310,December,2023,5
Washington,Cascade Natural Gas,98310,December,2023,1
Washington,Cascade Natural Gas,98311,December,2023,2
Washington,Puget Sound Energy Inc,98311,December,2023,3
Washington,Cascade Natural Gas,98312,December,2023,3
Washington,Puget Sound Energy Inc,98312,December,2023,5
Washington,Puget Sound Energy Inc,98321,December,2023,0
Washington,Puget Sound Energy Inc,98323,December,2023,0
Washington,Puget Sound Energy Inc,98327,December,2023,0
Washington,Puget Sound Energy Inc,98337,December,2023,2
Washington,Cascade Natural Gas,98337,December,2023,0
Washington,Puget Sound Energy Inc,98338,December,2023,4
Washington,Cascade Natural Gas,98345,December,2023,0
Washington,Puget Sound Energy Inc,98346,December,2023,1
Washington,Puget Sound Energy Inc,98359,December,2023,0
Washington,Puget Sound Energy Inc,98360,December,2023,2
Washington,Cascade Natural Gas,98366,December,2023,9
Washington,Puget Sound Energy Inc,98366,December,2023,4
Washington,Cascade Natural Gas,98367,December,2023,0
Washington,Puget Sound Energy Inc,98367,December,2023,1
Washington,Puget Sound Energy Inc,98370,December,2023,3
Washington,Cascade Natural Gas,98370,December,2023,2
Washington,Puget Sound Energy Inc,98371,December,2023,2
Washington,Puget Sound Energy Inc,98372,December,2023,6
Washington,Puget Sound Energy Inc,98373,December,2023,5
Washington,Puget Sound Energy Inc,98374,December,2023,5
Washington,Puget Sound Energy Inc,98375,December,2023,4
Washington,Puget Sound Energy Inc,98380,December,2023,0
Washington,Puget Sound Energy Inc,98383,December,2023,3
Washington,Cascade Natural Gas,98383,December,2023,2
Washington,Puget Sound Energy Inc,98387,December,2023,0
Washington,Puget Sound Energy Inc,98388,December,2023,0
Washington,Puget Sound Energy Inc,98390,December,2023,0
Washington,Puget Sound Energy Inc,98391,December,2023,7
Washington,Puget Sound Energy Inc,98392,December,2023,0
Washington,Puget Sound Energy Inc,98439,December,2023,0
Washington,Puget Sound Energy Inc,98446,December,2023,1
Washington,Puget Sound Energy Inc,98498,December,2023,3
Washington,Puget Sound Energy Inc,98499,December,2023,0
Washington,Puget Sound Energy Inc,98501,December,2023,7
Washington,Puget Sound Energy Inc,98502,December,2023,2
Washington,Puget Sound Energy Inc,98503,December,2023,2
Washington,Puget Sound Energy Inc,98506,December,2023,0
Washington,Puget Sound Energy Inc,98512,December,2023,3
Washington,Puget Sound Energy Inc,98513,December,2023,4
Washington,Puget Sound Energy Inc,98516,December,2023,1
Washington,Cascade Natural Gas,98520,December,2023,1
Washington,Cascade Natural Gas,98541,December,2023,0
Washington,Cascade Natural Gas,98550,December,2023,1
Washington,Cascade Natural Gas,98557,December,2023,0
Washington,Puget Sound Energy Inc,98558,December,2023,0
Washington,Cascade Natural Gas,98563,December,2023,1
Washington,Puget Sound Energy Inc,98576,December,2023,1
Washington,Puget Sound Energy Inc,98579,December,2023,4
Washington,Puget Sound Energy Inc,98580,December,2023,1
Washington,Cascade Natural Gas,98584,December,2023,1
Washington,Puget Sound Energy Inc,98597,December,2023,2
Washington,Northwest Natural Gas Company,98601,December,2023,0
Washington,Northwest Natural Gas Company,98604,December,2023,1
Washington,Northwest Natural Gas Company,98605,December,2023,0
Washington,Northwest Natural Gas Company,98606,December,2023,0
Washington,Northwest Natural Gas Company,98607,December,2023,10
Washington,Northwest Natural Gas Company,98610,December,2023,0
Washington,Cascade Natural Gas,98611,December,2023,0
Washington,Northwest Natural Gas Company,98612,December,2023,0
Washington,Northwest Natural Gas Company,98617,December,2023,0
Washington,Northwest Natural Gas Company,98620,December,2023,0
Washington,Avista Utilities,98620,December,2023,0
Washington,Cascade Natural Gas,98625,December,2023,0
Washington,Northwest Natural Gas Company,98626,December,2023,0
Washington,Cascade Natural Gas,98626,December,2023,0
Washington,Northwest Natural Gas Company,98628,December,2023,0
Washington,Northwest Natural Gas Company,98629,December,2023,0
Washington,Cascade Natural Gas,98632,December,2023,3
Washington,Northwest Natural Gas Company,98635,December,2023,0
Washington,Northwest Natural Gas Company,98639,December,2023,0
Washington,Northwest Natural Gas Company,98642,December,2023,1
Washington,Avista Utilities,98648,December,2023,0
Washington,Northwest Natural Gas Company,98648,December,2023,0
Washington,Northwest Natural Gas Company,98660,December,2023,0
Washington,Northwest Natural Gas Company,98661,December,2023,7
Washington,Northwest Natural Gas Company,98662,December,2023,6
Washington,Northwest Natural Gas Company,98663,December,2023,0
Washington,Northwest Natural Gas Company,98664,December,2023,8
Washington,Northwest Natural Gas Company,98665,December,2023,3
Washington,Northwest Natural Gas Company,98666,December,2023,0
Washington,Northwest Natural Gas Company,98668,December,2023,0
Washington,Northwest Natural Gas Company,98671,December,2023,8
Washington,Northwest Natural Gas Company,98672,December,2023,0
Washington,Cascade Natural Gas,98674,December,2023,0
Washington,Northwest Natural Gas Company,98674,December,2023,0
Washington,Northwest Natural Gas Company,98675,December,2023,0
Washington,Northwest Natural Gas Company,98682,December,2023,9
Washington,Northwest Natural Gas Company,98683,December,2023,0
Washington,Northwest Natural Gas Company,98684,December,2023,8
Washington,Northwest Natural Gas Company,98685,December,2023,0
Washington,Northwest Natural Gas Company,98686,December,2023,2
Washington,Northwest Natural Gas Company,98762,December,2023,0
Washington,Cascade Natural Gas,98801,December,2023,0
Washington,Cascade Natural Gas,98802,December,2023,0
Washington,Cascade Natural Gas,98837,December,2023,0
Washington,Cascade Natural Gas,98848,December,2023,0
Washington,Avista Utilities,98857,December,2023,0
Washington,PacifiCorp,98901,December,2023,4
Washington,Cascade Natural Gas,98901,December,2023,1
Washington,PacifiCorp,98902,December,2023,1
Washington,Cascade Natural Gas,98902,December,2023,5
Washington,Cascade Natural Gas,98903,December,2023,0
Washington,Cascade Natural Gas,98908,December,2023,12
Washington,PacifiCorp,98908,December,2023,1
Washington,Puget Sound Energy Inc,98922,December,2023,0
Washington,Puget Sound Energy Inc,98925,December,2023,0
Washington,Puget Sound Energy Inc,98926,December,2023,0
Washington,Cascade Natural Gas,98930,December,2023,0
Washington,Cascade Natural Gas,98932,December,2023,1
Washington,Puget Sound Energy Inc,98934,December,2023,0
Washington,Cascade Natural Gas,98936,December,2023,0
Washington,Puget Sound Energy Inc,98941,December,2023,0
Washington,Cascade Natural Gas,98942,December,2023,0
Washington,Cascade Natural Gas,98944,December,2023,1
Washington,Puget Sound Energy Inc,98946,December,2023,0
Washington,Cascade Natural Gas,98948,December,2023,2
Washington,Cascade Natural Gas,98951,December,2023,0
Washington,Cascade Natural Gas,98953,December,2023,0
Washington,Avista Utilities,99001,December,2023,13
Washington,Avista Utilities,99003,December,2023,0
Washington,Avista Utilities,99004,December,2023,6
Washington,Avista Utilities,99005,December,2023,8
Washington,Avista Utilities,99006,December,2023,9
Washington,Avista Utilities,99008,December,2023,1
Washington,Avista Utilities,99009,December,2023,3
Washington,Avista Utilities,99011,December,2023,0
Washington,Avista Utilities,99012,December,2023,3
Washington,Avista Utilities,99013,December,2023,3
Washington,Avista Utilities,99014,December,2023,0
Washington,Avista Utilities,99016,December,2023,29
Washington,Avista Utilities,99018,December,2023,0
Washington,Avista Utilities,99019,December,2023,11
Washington,Avista Utilities,99020,December,2023,0
Washington,Avista Utilities,99021,December,2023,13
Washington,Avista Utilities,99022,December,2023,6
Washington,Avista Utilities,99023,December,2023,0
Washington,Avista Utilities,99025,December,2023,2
Washington,Avista Utilities,99026,December,2023,2
Washington,Avista Utilities,99027,December,2023,1
Washington,Avista Utilities,99029,December,2023,0
Washington,Avista Utilities,99030,December,2023,2
Washington,Avista Utilities,99031,December,2023,0
Washington,Avista Utilities,99032,December,2023,2
Washington,Avista Utilities,99033,December,2023,1
Washington,Avista Utilities,99034,December,2023,0
Washington,Avista Utilities,99036,December,2023,0
Washington,Avista Utilities,99037,December,2023,1
Washington,Avista Utilities,99039,December,2023,0
Washington,Avista Utilities,99040,December,2023,0
Washington,Avista Utilities,99101,December,2023,0
Washington,Avista Utilities,99102,December,2023,0
Washington,Avista Utilities,99103,December,2023,0
Washington,Avista Utilities,99104,December,2023,0
Washington,Avista Utilities,99107,December,2023,0
Washington,Avista Utilities,99109,December,2023,0
Washington,Avista Utilities,99110,December,2023,0
Washington,Avista Utilities,99111,December,2023,4
Washington,Avista Utilities,99113,December,2023,0
Washington,Avista Utilities,99114,December,2023,21
Washington,Avista Utilities,99117,December,2023,0
Washington,Avista Utilities,99122,December,2023,5
Washington,Avista Utilities,99125,December,2023,0
Washington,Avista Utilities,99126,December,2023,0
Washington,Avista Utilities,99128,December,2023,1
Washington,Avista Utilities,99129,December,2023,8
Washington,Avista Utilities,99130,December,2023,2
Washington,Avista Utilities,99131,December,2023,0
Washington,Avista Utilities,99134,December,2023,1
Washington,Avista Utilities,99137,December,2023,0
Washington,Avista Utilities,99138,December,2023,0
Washington,Avista Utilities,99141,December,2023,3
Washington,Avista Utilities,99143,December,2023,0
Washington,Avista Utilities,99144,December,2023,0
Washington,Avista Utilities,99146,December,2023,0
Washington,Avista Utilities,99148,December,2023,3
Washington,Avista Utilities,99149,December,2023,0
Washington,Avista Utilities,99151,December,2023,1
Washington,Avista Utilities,99156,December,2023,0
Washington,Avista Utilities,99157,December,2023,1
Washington,Avista Utilities,99158,December,2023,0
Washington,Avista Utilities,99159,December,2023,1
Washington,Avista Utilities,99160,December,2023,0
Washington,Avista Utilities,99161,December,2023,1
Washington,Avista Utilities,99163,December,2023,69
Washington,Avista Utilities,99164,December,2023,0
Washington,Avista Utilities,99167,December,2023,1
Washington,Avista Utilities,99169,December,2023,4
Washington,Avista Utilities,99170,December,2023,1
Washington,Avista Utilities,99171,December,2023,1
Washington,Avista Utilities,99173,December,2023,1
Washington,Avista Utilities,99174,December,2023,0
Washington,Avista Utilities,99176,December,2023,0
Washington,Avista Utilities,99179,December,2023,0
Washington,Avista Utilities,99181,December,2023,2
Washington,Avista Utilities,99185,December,2023,1
Washington,Avista Utilities,99201,December,2023,60
Washington,Avista Utilities,99202,December,2023,46
Washington,Avista Utilities,99203,December,2023,15
Washington,Avista Utilities,99204,December,2023,24
Washington,Avista Utilities,99205,December,2023,72
Washington,Avista Utilities,99206,December,2023,21
Washington,Avista Utilities,99207,December,2023,62
Washington,Avista Utilities,99208,December,2023,126
Washington,Avista Utilities,99212,December,2023,53
Washington,Avista Utilities,99216,December,2023,53
Washington,Avista Utilities,99217,December,2023,37
Washington,Avista Utilities,99218,December,2023,33
Washington,Avista Utilities,99219,December,2023,0
Washington,Avista Utilities,99220,December,2023,0
Washington,Avista Utilities,99223,December,2023,44
Washington,Avista Utilities,99224,December,2023,32
Washington,Avista Utilities,99228,December,2023,0
Washington,Avista Utilities,99260,December,2023,0
Washington,Cascade Natural Gas,99301,December,2023,3
Washington,Cascade Natural Gas,99324,December,2023,1
Washington,PacifiCorp,99324,December,2023,8
Washington,Avista Utilities,99326,December,2023,0
Washington,Avista Utilities,99335,December,2023,0
Washington,Cascade Natural Gas,99336,December,2023,3
Washington,Cascade Natural Gas,99337,December,2023,3
Washington,Cascade Natural Gas,99338,December,2023,0
Washington,Avista Utilities,99341,December,2023,2
Washington,Avista Utilities,99344,December,2023,20
Washington,Cascade Natural Gas,99344,December,2023,2
Washington,PacifiCorp,99347,December,2023,5
Washington,Cascade Natural Gas,99350,December,2023,0
Washington,Cascade Natural Gas,99352,December,2023,2
Washington,Cascade Natural Gas,99353,December,2023,0
Washington,Cascade Natural Gas,99354,December,2023,1
Washington,PacifiCorp,99361,December,2023,1
Washington,Cascade Natural Gas,99362,December,2023,7
Washington,PacifiCorp,99362,December,2023,28
Washington,Avista Utilities,99371,December,2023,0
Washington,Avista Utilities,99402,December,2023,3
Washington,Avista Utilities,99403,December,2023,24
Washington,Northwest Natural Gas Company,97031,February,2023,0
Washington,Northwest Natural Gas Company,97301,February,2023,0
Washington,Northwest Natural Gas Company,97388,February,2023,0
Washington,Puget Sound Energy Inc,98001,February,2023,3
Washington,Puget Sound Energy Inc,98002,February,2023,14
Washington,Puget Sound Energy Inc,98003,February,2023,9
Washington,Puget Sound Energy Inc,98004,February,2023,3
Washington,Puget Sound Energy Inc,98005,February,2023,4
Washington,Puget Sound Energy Inc,98006,February,2023,1
Washington,Puget Sound Energy Inc,98007,February,2023,4
Washington,Puget Sound Energy Inc,98008,February,2023,1
Washington,Puget Sound Energy Inc,98011,February,2023,1
Washington,Puget Sound Energy Inc,98022,February,2023,1
Washington,Puget Sound Energy Inc,98023,February,2023,16
Washington,Puget Sound Energy Inc,98026,February,2023,0
Washington,Northwest Natural Gas Company,98026,February,2023,0
Washington,Puget Sound Energy Inc,98027,February,2023,2
Washington,Puget Sound Energy Inc,98029,February,2023,0
Washington,Puget Sound Energy Inc,98030,February,2023,6
Washington,Puget Sound Energy Inc,98031,February,2023,5
Washington,Puget Sound Energy Inc,98032,February,2023,7
Washington,Puget Sound Energy Inc,98033,February,2023,4
Washington,Puget Sound Energy Inc,98034,February,2023,0
Washington,Puget Sound Energy Inc,98037,February,2023,0
Washington,Puget Sound Energy Inc,98038,February,2023,0
Washington,Puget Sound Energy Inc,98042,February,2023,3
Washington,Puget Sound Energy Inc,98043,February,2023,0
Washington,Puget Sound Energy Inc,98047,February,2023,1
Washington,Puget Sound Energy Inc,98052,February,2023,7
Washington,Puget Sound Energy Inc,98055,February,2023,1
Washington,Puget Sound Energy Inc,98056,February,2023,2
Washington,Puget Sound Energy Inc,98057,February,2023,1
Washington,Puget Sound Energy Inc,98058,February,2023,0
Washington,Puget Sound Energy Inc,98059,February,2023,2
Washington,Puget Sound Energy Inc,98065,February,2023,0
Washington,Puget Sound Energy Inc,98070,February,2023,0
Washington,Puget Sound Energy Inc,98072,February,2023,1
Washington,Puget Sound Energy Inc,98074,February,2023,0
Washington,Puget Sound Energy Inc,98075,February,2023,0
Washington,Puget Sound Energy Inc,98087,February,2023,1
Washington,Puget Sound Energy Inc,98092,February,2023,9
Washington,Puget Sound Energy Inc,98102,February,2023,1
Washington,Puget Sound Energy Inc,98103,February,2023,2
Washington,Puget Sound Energy Inc,98105,February,2023,2
Washington,Puget Sound Energy Inc,98106,February,2023,3
Washington,Puget Sound Energy Inc,98108,February,2023,0
Washington,Puget Sound Energy Inc,98109,February,2023,1
Washington,Puget Sound Energy Inc,98110,February,2023,2
Washington,Puget Sound Energy Inc,98112,February,2023,1
Washington,Puget Sound Energy Inc,98115,February,2023,1
Washington,Puget Sound Energy Inc,98116,February,2023,0
Washington,Puget Sound Energy Inc,98117,February,2023,2
Washington,Puget Sound Energy Inc,98118,February,2023,0
Washington,Northwest Natural Gas Company,98119,February,2023,0
Washington,Puget Sound Energy Inc,98122,February,2023,0
Washington,Northwest Natural Gas Company,98125,February,2023,0
Washington,Puget Sound Energy Inc,98126,February,2023,0
Washington,Northwest Natural Gas Company,98127,February,2023,0
Washington,Puget Sound Energy Inc,98133,February,2023,2
Washington,Puget Sound Energy Inc,98136,February,2023,0
Washington,Puget Sound Energy Inc,98144,February,2023,0
Washington,Puget Sound Energy Inc,98146,February,2023,0
Washington,Puget Sound Energy Inc,98148,February,2023,0
Washington,Puget Sound Energy Inc,98166,February,2023,0
Washington,Puget Sound Energy Inc,98168,February,2023,0
Washington,Puget Sound Energy Inc,98177,February,2023,2
Washington,Puget Sound Energy Inc,98178,February,2023,0
Washington,Puget Sound Energy Inc,98188,February,2023,7
Washington,Puget Sound Energy Inc,98198,February,2023,8
Washington,Puget Sound Energy Inc,98199,February,2023,1
Washington,Puget Sound Energy Inc,98201,February,2023,0
Washington,Puget Sound Energy Inc,98203,February,2023,2
Washington,Puget Sound Energy Inc,98208,February,2023,0
Washington,Northwest Natural Gas Company,98208,February,2023,0
Washington,Cascade Natural Gas,98220,February,2023,0
Washington,Puget Sound Energy Inc,98221,February,2023,0
Washington,Cascade Natural Gas,98221,February,2023,2
Washington,Cascade Natural Gas,98223,February,2023,2
Washington,Cascade Natural Gas,98225,February,2023,16
Washington,Puget Sound Energy Inc,98225,February,2023,5
Washington,Puget Sound Energy Inc,98226,February,2023,2
Washington,Cascade Natural Gas,98226,February,2023,13
Washington,Cascade Natural Gas,98229,February,2023,3
Washington,Puget Sound Energy Inc,98229,February,2023,5
Washington,Puget Sound Energy Inc,98230,February,2023,1
Washington,Cascade Natural Gas,98230,February,2023,2
Washington,Puget Sound Energy Inc,98232,February,2023,0
Washington,Cascade Natural Gas,98233,February,2023,3
Washington,Puget Sound Energy Inc,98233,February,2023,2
Washington,Puget Sound Energy Inc,98236,February,2023,2
Washington,Puget Sound Energy Inc,98237,February,2023,2
Washington,Puget Sound Energy Inc,98239,February,2023,1
Washington,Puget Sound Energy Inc,98240,February,2023,0
Washington,Cascade Natural Gas,98240,February,2023,1
Washington,Puget Sound Energy Inc,98244,February,2023,3
Washington,Puget Sound Energy Inc,98247,February,2023,1
Washington,Cascade Natural Gas,98247,February,2023,6
Washington,Cascade Natural Gas,98248,February,2023,19
Washington,Puget Sound Energy Inc,98248,February,2023,7
Washington,Puget Sound Energy Inc,98249,February,2023,0
Washington,Puget Sound Energy Inc,98253,February,2023,0
Washington,Cascade Natural Gas,98257,February,2023,0
Washington,Puget Sound Energy Inc,98257,February,2023,1
Washington,Puget Sound Energy Inc,98258,February,2023,0
Washington,Puget Sound Energy Inc,98260,February,2023,1
Washington,Puget Sound Energy Inc,98262,February,2023,1
Washington,Cascade Natural Gas,98264,February,2023,9
Washington,Puget Sound Energy Inc,98264,February,2023,3
Washington,Puget Sound Energy Inc,98266,February,2023,0
Washington,Puget Sound Energy Inc,98267,February,2023,0
Washington,Puget Sound Energy Inc,98270,February,2023,4
Washington,Cascade Natural Gas,98271,February,2023,0
Washington,Puget Sound Energy Inc,98271,February,2023,2
Washington,Cascade Natural Gas,98273,February,2023,19
Washington,Puget Sound Energy Inc,98273,February,2023,2
Washington,Puget Sound Energy Inc,98274,February,2023,2
Washington,Cascade Natural Gas,98274,February,2023,0
Washington,Cascade Natural Gas,98276,February,2023,0
Washington,Cascade Natural Gas,98277,February,2023,0
Washington,Puget Sound Energy Inc,98277,February,2023,11
Washington,Cascade Natural Gas,98282,February,2023,0
Washington,Cascade Natural Gas,98284,February,2023,10
Washington,Puget Sound Energy Inc,98284,February,2023,4
Washington,Cascade Natural Gas,98292,February,2023,2
Washington,Cascade Natural Gas,98295,February,2023,1
Washington,Northwest Natural Gas Company,98307,February,2023,0
Washington,Cascade Natural Gas,98310,February,2023,5
Washington,Puget Sound Energy Inc,98310,February,2023,2
Washington,Cascade Natural Gas,98311,February,2023,2
Washington,Puget Sound Energy Inc,98311,February,2023,0
Washington,Puget Sound Energy Inc,98312,February,2023,4
Washington,Cascade Natural Gas,98312,February,2023,6
Washington,Puget Sound Energy Inc,98321,February,2023,0
Washington,Puget Sound Energy Inc,98327,February,2023,4
Washington,Puget Sound Energy Inc,98328,February,2023,0
Washington,Puget Sound Energy Inc,98332,February,2023,0
Washington,Puget Sound Energy Inc,98335,February,2023,1
Washington,Puget Sound Energy Inc,98337,February,2023,3
Washington,Cascade Natural Gas,98337,February,2023,1
Washington,Puget Sound Energy Inc,98338,February,2023,2
Washington,Cascade Natural Gas,98345,February,2023,1
Washington,Puget Sound Energy Inc,98346,February,2023,5
Washington,Puget Sound Energy Inc,98354,February,2023,1
Washington,Puget Sound Energy Inc,98359,February,2023,1
Washington,Puget Sound Energy Inc,98360,February,2023,2
Washington,Puget Sound Energy Inc,98366,February,2023,3
Washington,Cascade Natural Gas,98366,February,2023,7
Washington,Cascade Natural Gas,98367,February,2023,4
Washington,Puget Sound Energy Inc,98367,February,2023,4
Washington,Puget Sound Energy Inc,98370,February,2023,6
Washington,Cascade Natural Gas,98370,February,2023,2
Washington,Puget Sound Energy Inc,98371,February,2023,2
Washington,Puget Sound Energy Inc,98372,February,2023,5
Washington,Puget Sound Energy Inc,98373,February,2023,8
Washington,Puget Sound Energy Inc,98374,February,2023,9
Washington,Puget Sound Energy Inc,98375,February,2023,6
Washington,Puget Sound Energy Inc,98380,February,2023,2
Washington,Puget Sound Energy Inc,98383,February,2023,1
Washington,Cascade Natural Gas,98383,February,2023,1
Washington,Puget Sound Energy Inc,98387,February,2023,3
Washington,Puget Sound Energy Inc,98388,February,2023,0
Washington,Puget Sound Energy Inc,98390,February,2023,2
Washington,Puget Sound Energy Inc,98391,February,2023,8
Washington,Puget Sound Energy Inc,98392,February,2023,1
Washington,Puget Sound Energy Inc,98403,February,2023,0
Washington,Puget Sound Energy Inc,98404,February,2023,3
Washington,Puget Sound Energy Inc,98405,February,2023,2
Washington,Puget Sound Energy Inc,98406,February,2023,0
Washington,Puget Sound Energy Inc,98407,February,2023,0
Washington,Puget Sound Energy Inc,98408,February,2023,2
Washington,Puget Sound Energy Inc,98409,February,2023,0
Washington,Puget Sound Energy Inc,98418,February,2023,3
Washington,Puget Sound Energy Inc,98422,February,2023,3
Washington,Puget Sound Energy Inc,98424,February,2023,1
Washington,Puget Sound Energy Inc,98439,February,2023,3
Washington,Puget Sound Energy Inc,98444,February,2023,3
Washington,Puget Sound Energy Inc,98445,February,2023,2
Washington,Puget Sound Energy Inc,98446,February,2023,2
Washington,Puget Sound Energy Inc,98465,February,2023,0
Washington,Puget Sound Energy Inc,98467,February,2023,0
Washington,Puget Sound Energy Inc,98498,February,2023,2
Washington,Puget Sound Energy Inc,98499,February,2023,2
Washington,Puget Sound Energy Inc,98501,February,2023,7
Washington,Puget Sound Energy Inc,98502,February,2023,3
Washington,Puget Sound Energy Inc,98503,February,2023,3
Washington,Puget Sound Energy Inc,98506,February,2023,0
Washington,Puget Sound Energy Inc,98512,February,2023,0
Washington,Puget Sound Energy Inc,98513,February,2023,5
Washington,Puget Sound Energy Inc,98516,February,2023,2
Washington,Cascade Natural Gas,98520,February,2023,0
Washington,Puget Sound Energy Inc,98530,February,2023,0
Washington,Puget Sound Energy Inc,98531,February,2023,0
Washington,Puget Sound Energy Inc,98532,February,2023,1
Washington,Cascade Natural Gas,98541,February,2023,1
Washington,Cascade Natural Gas,98550,February,2023,2
Washington,Cascade Natural Gas,98557,February,2023,1
Washington,Cascade Natural Gas,98563,February,2023,2
Washington,Puget Sound Energy Inc,98576,February,2023,4
Washington,Puget Sound Energy Inc,98579,February,2023,3
Washington,Puget Sound Energy Inc,98580,February,2023,2
Washington,Cascade Natural Gas,98584,February,2023,10
Washington,Puget Sound Energy Inc,98589,February,2023,2
Washington,Puget Sound Energy Inc,98597,February,2023,5
Washington,Northwest Natural Gas Company,98601,February,2023,0
Washington,Northwest Natural Gas Company,98604,February,2023,0
Washington,Northwest Natural Gas Company,98605,February,2023,0
Washington,Northwest Natural Gas Company,98606,February,2023,0
Washington,Northwest Natural Gas Company,98607,February,2023,1
Washington,Northwest Natural Gas Company,98610,February,2023,0
Washington,Cascade Natural Gas,98611,February,2023,0
Washington,Northwest Natural Gas Company,98612,February,2023,6
Washington,Northwest Natural Gas Company,98617,February,2023,0
Washington,Avista Utilities,98620,February,2023,0
Washington,Northwest Natural Gas Company,98620,February,2023,3
Washington,Cascade Natural Gas,98625,February,2023,0
Washington,Northwest Natural Gas Company,98626,February,2023,0
Washington,Cascade Natural Gas,98626,February,2023,4
Washington,Northwest Natural Gas Company,98628,February,2023,0
Washington,Northwest Natural Gas Company,98629,February,2023,0
Washington,Cascade Natural Gas,98632,February,2023,1
Washington,Northwest Natural Gas Company,98635,February,2023,1
Washington,Northwest Natural Gas Company,98639,February,2023,0
Washington,Northwest Natural Gas Company,98642,February,2023,0
Washington,Avista Utilities,98648,February,2023,0
Washington,Northwest Natural Gas Company,98648,February,2023,0
Washington,Northwest Natural Gas Company,98660,February,2023,3
Washington,Northwest Natural Gas Company,98661,February,2023,0
Washington,Northwest Natural Gas Company,98662,February,2023,1
Washington,Northwest Natural Gas Company,98663,February,2023,0
Washington,Northwest Natural Gas Company,98664,February,2023,1
Washington,Northwest Natural Gas Company,98665,February,2023,0
Washington,Cascade Natural Gas,98674,February,2023,1
Washington,Cascade Natural Gas,98801,February,2023,0
Washington,Cascade Natural Gas,98802,February,2023,0
Washington,Cascade Natural Gas,98837,February,2023,3
Washington,Cascade Natural Gas,98848,February,2023,1
Washington,Avista Utilities,98857,February,2023,1
Washington,Cascade Natural Gas,98901,February,2023,10
Washington,PacifiCorp,98902,February,2023,0
Washington,Cascade Natural Gas,98902,February,2023,32
Washington,Cascade Natural Gas,98903,February,2023,2
Washington,Cascade Natural Gas,98908,February,2023,16
Washington,Puget Sound Energy Inc,98922,February,2023,0
Washington,Puget Sound Energy Inc,98925,February,2023,0
Washington,Puget Sound Energy Inc,98926,February,2023,0
Washington,Cascade Natural Gas,98930,February,2023,0
Washington,Cascade Natural Gas,98932,February,2023,0
Washington,Cascade Natural Gas,98936,February,2023,3
Washington,Cascade Natural Gas,98942,February,2023,0
Washington,Cascade Natural Gas,98944,February,2023,7
Washington,Cascade Natural Gas,98948,February,2023,1
Washington,Cascade Natural Gas,98951,February,2023,0
Washington,Cascade Natural Gas,98953,February,2023,1
Washington,Avista Utilities,99001,February,2023,7
Washington,Avista Utilities,99003,February,2023,2
Washington,Avista Utilities,99004,February,2023,1
Washington,Avista Utilities,99005,February,2023,2
Washington,Avista Utilities,99006,February,2023,3
Washington,Avista Utilities,99008,February,2023,0
Washington,Avista Utilities,99009,February,2023,0
Washington,Avista Utilities,99011,February,2023,0
Washington,Avista Utilities,99012,February,2023,3
Washington,Avista Utilities,99013,February,2023,5
Washington,Avista Utilities,99014,February,2023,0
Washington,Avista Utilities,99016,February,2023,16
Washington,Avista Utilities,99018,February,2023,0
Washington,Avista Utilities,99019,February,2023,7
Washington,Avista Utilities,99020,February,2023,0
Washington,Avista Utilities,99021,February,2023,10
Washington,Avista Utilities,99022,February,2023,4
Washington,Avista Utilities,99023,February,2023,0
Washington,Avista Utilities,99025,February,2023,1
Washington,Avista Utilities,99026,February,2023,0
Washington,Avista Utilities,99027,February,2023,5
Washington,Avista Utilities,99029,February,2023,0
Washington,Avista Utilities,99030,February,2023,0
Washington,Avista Utilities,99031,February,2023,1
Washington,Avista Utilities,99032,February,2023,6
Washington,Avista Utilities,99033,February,2023,1
Washington,Avista Utilities,99034,February,2023,0
Washington,Avista Utilities,99036,February,2023,0
Washington,Avista Utilities,99037,February,2023,0
Washington,Avista Utilities,99039,February,2023,1
Washington,Avista Utilities,99040,February,2023,2
Washington,Avista Utilities,99101,February,2023,2
Washington,Avista Utilities,99102,February,2023,0
Washington,Avista Utilities,99103,February,2023,0
Washington,Avista Utilities,99104,February,2023,0
Washington,Avista Utilities,99107,February,2023,0
Washington,Avista Utilities,99109,February,2023,4
Washington,Avista Utilities,99110,February,2023,0
Washington,Avista Utilities,99111,February,2023,5
Washington,Avista Utilities,99113,February,2023,0
Washington,Avista Utilities,99114,February,2023,18
Washington,Avista Utilities,99117,February,2023,2
Washington,Avista Utilities,99122,February,2023,1
Washington,Avista Utilities,99125,February,2023,3
Washington,Avista Utilities,99126,February,2023,1
Washington,Avista Utilities,99128,February,2023,2
Washington,Avista Utilities,99129,February,2023,3
Washington,Avista Utilities,99130,February,2023,3
Washington,Avista Utilities,99131,February,2023,0
Washington,Avista Utilities,99134,February,2023,2
Washington,Avista Utilities,99137,February,2023,0
Washington,Avista Utilities,99138,February,2023,1
Washington,Avista Utilities,99141,February,2023,13
Washington,Avista Utilities,99143,February,2023,0
Washington,Avista Utilities,99144,February,2023,0
Washington,Avista Utilities,99146,February,2023,0
Washington,Avista Utilities,99148,February,2023,0
Washington,Avista Utilities,99149,February,2023,0
Washington,Avista Utilities,99151,February,2023,0
Washington,Avista Utilities,99156,February,2023,0
Washington,Avista Utilities,99157,February,2023,0
Washington,Avista Utilities,99158,February,2023,2
Washington,Avista Utilities,99159,February,2023,1
Washington,Avista Utilities,99160,February,2023,0
Washington,Avista Utilities,99161,February,2023,4
Washington,Avista Utilities,99163,February,2023,51
Washington,Avista Utilities,99164,February,2023,0
Washington,Avista Utilities,99167,February,2023,0
Washington,Avista Utilities,99169,February,2023,3
Washington,Avista Utilities,99170,February,2023,2
Washington,Avista Utilities,99171,February,2023,0
Washington,Avista Utilities,99173,February,2023,3
Washington,Avista Utilities,99174,February,2023,0
Washington,Avista Utilities,99176,February,2023,0
Washington,Avista Utilities,99179,February,2023,0
Washington,Avista Utilities,99181,February,2023,6
Washington,Avista Utilities,99185,February,2023,4
Washington,Avista Utilities,99201,February,2023,43
Washington,Avista Utilities,99202,February,2023,30
Washington,Avista Utilities,99203,February,2023,22
Washington,Avista Utilities,99204,February,2023,18
Washington,Avista Utilities,99205,February,2023,62
Washington,Avista Utilities,99206,February,2023,24
Washington,Avista Utilities,99207,February,2023,77
Washington,Avista Utilities,99208,February,2023,85
Washington,Avista Utilities,99212,February,2023,34
Washington,Avista Utilities,99216,February,2023,21
Washington,Avista Utilities,99217,February,2023,31
Washington,Avista Utilities,99218,February,2023,31
Washington,Avista Utilities,99219,February,2023,0
Washington,Avista Utilities,99220,February,2023,0
Washington,Avista Utilities,99223,February,2023,38
Washington,Avista Utilities,99224,February,2023,26
Washington,Avista Utilities,99228,February,2023,0
Washington,Avista Utilities,99260,February,2023,0
Washington,Cascade Natural Gas,99301,February,2023,19
Washington,Cascade Natural Gas,99324,February,2023,1
Washington,Avista Utilities,99326,February,2023,0
Washington,Avista Utilities,99335,February,2023,0
Washington,Cascade Natural Gas,99336,February,2023,9
Washington,Cascade Natural Gas,99337,February,2023,4
Washington,Cascade Natural Gas,99338,February,2023,1
Washington,Avista Utilities,99341,February,2023,3
Washington,Avista Utilities,99344,February,2023,14
Washington,Cascade Natural Gas,99344,February,2023,1
Washington,Cascade Natural Gas,99350,February,2023,0
Washington,Cascade Natural Gas,99352,February,2023,3
Washington,Cascade Natural Gas,99353,February,2023,0
Washington,Cascade Natural Gas,99354,February,2023,0
Washington,Cascade Natural Gas,99362,February,2023,23
Washington,Avista Utilities,99371,February,2023,0
Washington,Avista Utilities,99402,February,2023,3
Washington,Avista Utilities,99403,February,2023,30
Washington,Northwest Natural Gas Company,97031,January,2023,0
Washington,Northwest Natural Gas Company,97301,January,2023,6
Washington,Northwest Natural Gas Company,97388,January,2023,0
Washington,Puget Sound Energy Inc,98001,January,2023,6
Washington,Puget Sound Energy Inc,98002,January,2023,9
Washington,Puget Sound Energy Inc,98003,January,2023,12
Washington,Puget Sound Energy Inc,98004,January,2023,3
Washington,Puget Sound Energy Inc,98005,January,2023,0
Washington,Puget Sound Energy Inc,98006,January,2023,0
Washington,Puget Sound Energy Inc,98007,January,2023,7
Washington,Puget Sound Energy Inc,98008,January,2023,2
Washington,Puget Sound Energy Inc,98011,January,2023,0
Washington,Puget Sound Energy Inc,98022,January,2023,0
Washington,Puget Sound Energy Inc,98023,January,2023,11
Washington,Northwest Natural Gas Company,98026,January,2023,0
Washington,Puget Sound Energy Inc,98026,January,2023,0
Washington,Puget Sound Energy Inc,98027,January,2023,3
Washington,Puget Sound Energy Inc,98029,January,2023,0
Washington,Puget Sound Energy Inc,98030,January,2023,10
Washington,Puget Sound Energy Inc,98031,January,2023,10
Washington,Puget Sound Energy Inc,98032,January,2023,8
Washington,Puget Sound Energy Inc,98033,January,2023,3
Washington,Puget Sound Energy Inc,98034,January,2023,4
Washington,Puget Sound Energy Inc,98037,January,2023,0
Washington,Puget Sound Energy Inc,98038,January,2023,0
Washington,Puget Sound Energy Inc,98042,January,2023,2
Washington,Puget Sound Energy Inc,98043,January,2023,0
Washington,Puget Sound Energy Inc,98047,January,2023,0
Washington,Puget Sound Energy Inc,98052,January,2023,2
Washington,Puget Sound Energy Inc,98055,January,2023,2
Washington,Puget Sound Energy Inc,98056,January,2023,5
Washington,Puget Sound Energy Inc,98057,January,2023,5
Washington,Puget Sound Energy Inc,98058,January,2023,3
Washington,Puget Sound Energy Inc,98059,January,2023,1
Washington,Puget Sound Energy Inc,98065,January,2023,0
Washington,Puget Sound Energy Inc,98070,January,2023,2
Washington,Puget Sound Energy Inc,98072,January,2023,0
Washington,Puget Sound Energy Inc,98074,January,2023,2
Washington,Puget Sound Energy Inc,98075,January,2023,0
Washington,Puget Sound Energy Inc,98087,January,2023,1
Washington,Puget Sound Energy Inc,98092,January,2023,2
Washington,Puget Sound Energy Inc,98102,January,2023,0
Washington,Puget Sound Energy Inc,98103,January,2023,0
Washington,Puget Sound Energy Inc,98105,January,2023,0
Washington,Puget Sound Energy Inc,98106,January,2023,0
Washington,Puget Sound Energy Inc,98108,January,2023,2
Washington,Puget Sound Energy Inc,98109,January,2023,0
Washington,Puget Sound Energy Inc,98110,January,2023,0
Washington,Puget Sound Energy Inc,98112,January,2023,0
Washington,Puget Sound Energy Inc,98115,January,2023,0
Washington,Puget Sound Energy Inc,98116,January,2023,0
Washington,Puget Sound Energy Inc,98117,January,2023,2
Washington,Puget Sound Energy Inc,98118,January,2023,1
Washington,Northwest Natural Gas Company,98119,January,2023,0
Washington,Puget Sound Energy Inc,98122,January,2023,0
Washington,Northwest Natural Gas Company,98125,January,2023,0
Washington,Puget Sound Energy Inc,98126,January,2023,3
Washington,Northwest Natural Gas Company,98127,January,2023,0
Washington,Puget Sound Energy Inc,98133,January,2023,0
Washington,Puget Sound Energy Inc,98136,January,2023,0
Washington,Puget Sound Energy Inc,98144,January,2023,0
Washington,Puget Sound Energy Inc,98146,January,2023,2
Washington,Puget Sound Energy Inc,98148,January,2023,0
Washington,Puget Sound Energy Inc,98166,January,2023,1
Washington,Puget Sound Energy Inc,98168,January,2023,1
Washington,Puget Sound Energy Inc,98177,January,2023,1
Washington,Puget Sound Energy Inc,98178,January,2023,0
Washington,Puget Sound Energy Inc,98188,January,2023,6
Washington,Puget Sound Energy Inc,98198,January,2023,5
Washington,Puget Sound Energy Inc,98199,January,2023,0
Washington,Puget Sound Energy Inc,98201,January,2023,0
Washington,Puget Sound Energy Inc,98203,January,2023,0
Washington,Puget Sound Energy Inc,98208,January,2023,0
Washington,Northwest Natural Gas Company,98208,January,2023,0
Washington,Cascade Natural Gas,98220,January,2023,0
Washington,Puget Sound Energy Inc,98221,January,2023,1
Washington,Cascade Natural Gas,98221,January,2023,11
Washington,Cascade Natural Gas,98223,January,2023,2
Washington,Cascade Natural Gas,98225,January,2023,9
Washington,Puget Sound Energy Inc,98225,January,2023,3
Washington,Cascade Natural Gas,98226,January,2023,5
Washington,Puget Sound Energy Inc,98226,January,2023,7
Washington,Puget Sound Energy Inc,98229,January,2023,2
Washington,Cascade Natural Gas,98229,January,2023,3
Washington,Cascade Natural Gas,98230,January,2023,11
Washington,Puget Sound Energy Inc,98230,January,2023,1
Washington,Puget Sound Energy Inc,98232,January,2023,1
Washington,Cascade Natural Gas,98233,January,2023,7
Washington,Puget Sound Energy Inc,98233,January,2023,0
Washington,Puget Sound Energy Inc,98236,January,2023,2
Washington,Puget Sound Energy Inc,98237,January,2023,1
Washington,Puget Sound Energy Inc,98239,January,2023,2
Washington,Puget Sound Energy Inc,98240,January,2023,0
Washington,Cascade Natural Gas,98240,January,2023,0
Washington,Puget Sound Energy Inc,98244,January,2023,0
Washington,Cascade Natural Gas,98247,January,2023,0
Washington,Puget Sound Energy Inc,98247,January,2023,2
Washington,Puget Sound Energy Inc,98248,January,2023,2
Washington,Cascade Natural Gas,98248,January,2023,9
Washington,Puget Sound Energy Inc,98249,January,2023,2
Washington,Puget Sound Energy Inc,98253,January,2023,0
Washington,Cascade Natural Gas,98257,January,2023,0
Washington,Puget Sound Energy Inc,98257,January,2023,1
Washington,Puget Sound Energy Inc,98258,January,2023,0
Washington,Puget Sound Energy Inc,98260,January,2023,0
Washington,Puget Sound Energy Inc,98262,January,2023,0
Washington,Cascade Natural Gas,98264,January,2023,2
Washington,Puget Sound Energy Inc,98264,January,2023,4
Washington,Puget Sound Energy Inc,98266,January,2023,0
Washington,Puget Sound Energy Inc,98267,January,2023,0
Washington,Puget Sound Energy Inc,98270,January,2023,0
Washington,Puget Sound Energy Inc,98271,January,2023,0
Washington,Cascade Natural Gas,98271,January,2023,2
Washington,Cascade Natural Gas,98273,January,2023,0
Washington,Puget Sound Energy Inc,98273,January,2023,2
Washington,Puget Sound Energy Inc,98274,January,2023,2
Washington,Cascade Natural Gas,98274,January,2023,3
Washington,Cascade Natural Gas,98276,January,2023,0
Washington,Cascade Natural Gas,98277,January,2023,2
Washington,Puget Sound Energy Inc,98277,January,2023,3
Washington,Cascade Natural Gas,98282,January,2023,0
Washington,Cascade Natural Gas,98284,January,2023,0
Washington,Puget Sound Energy Inc,98284,January,2023,7
Washington,Cascade Natural Gas,98292,January,2023,1
Washington,Cascade Natural Gas,98295,January,2023,0
Washington,Northwest Natural Gas Company,98307,January,2023,0
Washington,Cascade Natural Gas,98310,January,2023,6
Washington,Puget Sound Energy Inc,98310,January,2023,9
Washington,Cascade Natural Gas,98311,January,2023,7
Washington,Puget Sound Energy Inc,98311,January,2023,5
Washington,Puget Sound Energy Inc,98312,January,2023,6
Washington,Cascade Natural Gas,98312,January,2023,8
Washington,Puget Sound Energy Inc,98321,January,2023,2
Washington,Puget Sound Energy Inc,98327,January,2023,0
Washington,Puget Sound Energy Inc,98328,January,2023,1
Washington,Puget Sound Energy Inc,98332,January,2023,0
Washington,Puget Sound Energy Inc,98335,January,2023,0
Washington,Puget Sound Energy Inc,98337,January,2023,2
Washington,Cascade Natural Gas,98337,January,2023,6
Washington,Puget Sound Energy Inc,98338,January,2023,3
Washington,Cascade Natural Gas,98345,January,2023,0
Washington,Puget Sound Energy Inc,98346,January,2023,4
Washington,Puget Sound Energy Inc,98354,January,2023,0
Washington,Puget Sound Energy Inc,98359,January,2023,1
Washington,Puget Sound Energy Inc,98360,January,2023,1
Washington,Cascade Natural Gas,98366,January,2023,5
Washington,Puget Sound Energy Inc,98366,January,2023,0
Washington,Puget Sound Energy Inc,98367,January,2023,10
Washington,Cascade Natural Gas,98367,January,2023,2
Washington,Puget Sound Energy Inc,98370,January,2023,6
Washington,Cascade Natural Gas,98370,January,2023,0
Washington,Puget Sound Energy Inc,98371,January,2023,4
Washington,Puget Sound Energy Inc,98372,January,2023,4
Washington,Puget Sound Energy Inc,98373,January,2023,6
Washington,Puget Sound Energy Inc,98374,January,2023,5
Washington,Puget Sound Energy Inc,98375,January,2023,3
Washington,Puget Sound Energy Inc,98380,January,2023,0
Washington,Puget Sound Energy Inc,98383,January,2023,2
Washington,Cascade Natural Gas,98383,January,2023,2
Washington,Puget Sound Energy Inc,98387,January,2023,5
Washington,Puget Sound Energy Inc,98388,January,2023,1
Washington,Puget Sound Energy Inc,98390,January,2023,2
Washington,Puget Sound Energy Inc,98391,January,2023,2
Washington,Puget Sound Energy Inc,98392,January,2023,0
Washington,Puget Sound Energy Inc,98403,January,2023,0
Washington,Puget Sound Energy Inc,98404,January,2023,0
Washington,Puget Sound Energy Inc,98405,January,2023,3
Washington,Puget Sound Energy Inc,98406,January,2023,1
Washington,Puget Sound Energy Inc,98407,January,2023,0
Washington,Puget Sound Energy Inc,98408,January,2023,2
Washington,Puget Sound Energy Inc,98409,January,2023,0
Washington,Puget Sound Energy Inc,98418,January,2023,1
Washington,Puget Sound Energy Inc,98422,January,2023,0
Washington,Puget Sound Energy Inc,98424,January,2023,0
Washington,Puget Sound Energy Inc,98439,January,2023,3
Washington,Puget Sound Energy Inc,98444,January,2023,0
Washington,Puget Sound Energy Inc,98445,January,2023,1
Washington,Puget Sound Energy Inc,98446,January,2023,1
Washington,Puget Sound Energy Inc,98465,January,2023,1
Washington,Puget Sound Energy Inc,98467,January,2023,1
Washington,Puget Sound Energy Inc,98498,January,2023,2
Washington,Puget Sound Energy Inc,98499,January,2023,1
Washington,Puget Sound Energy Inc,98501,January,2023,5
Washington,Puget Sound Energy Inc,98502,January,2023,5
Washington,Puget Sound Energy Inc,98503,January,2023,3
Washington,Puget Sound Energy Inc,98506,January,2023,2
Washington,Puget Sound Energy Inc,98512,January,2023,3
Washington,Puget Sound Energy Inc,98513,January,2023,3
Washington,Puget Sound Energy Inc,98516,January,2023,5
Washington,Cascade Natural Gas,98520,January,2023,0
Washington,Puget Sound Energy Inc,98530,January,2023,0
Washington,Puget Sound Energy Inc,98531,January,2023,0
Washington,Puget Sound Energy Inc,98532,January,2023,0
Washington,Cascade Natural Gas,98541,January,2023,0
Washington,Cascade Natural Gas,98550,January,2023,0
Washington,Cascade Natural Gas,98557,January,2023,0
Washington,Cascade Natural Gas,98563,January,2023,0
Washington,Puget Sound Energy Inc,98576,January,2023,0
Washington,Puget Sound Energy Inc,98579,January,2023,1
Washington,Puget Sound Energy Inc,98580,January,2023,0
Washington,Cascade Natural Gas,98584,January,2023,0
Washington,Puget Sound Energy Inc,98589,January,2023,0
Washington,Puget Sound Energy Inc,98597,January,2023,0
Washington,Northwest Natural Gas Company,98601,January,2023,0
Washington,Northwest Natural Gas Company,98604,January,2023,0
Washington,Northwest Natural Gas Company,98605,January,2023,1
Washington,Northwest Natural Gas Company,98606,January,2023,0
Washington,Northwest Natural Gas Company,98607,January,2023,0
Washington,Northwest Natural Gas Company,98610,January,2023,1
Washington,Cascade Natural Gas,98611,January,2023,0
Washington,Northwest Natural Gas Company,98612,January,2023,3
Washington,Northwest Natural Gas Company,98617,January,2023,0
Washington,Northwest Natural Gas Company,98620,January,2023,7
Washington,Avista Utilities,98620,January,2023,0
Washington,Cascade Natural Gas,98625,January,2023,1
Washington,Cascade Natural Gas,98626,January,2023,0
Washington,Northwest Natural Gas Company,98626,January,2023,4
Washington,Northwest Natural Gas Company,98628,January,2023,0
Washington,Northwest Natural Gas Company,98629,January,2023,0
Washington,Cascade Natural Gas,98632,January,2023,2
Washington,Northwest Natural Gas Company,98635,January,2023,1
Washington,Northwest Natural Gas Company,98639,January,2023,0
Washington,Northwest Natural Gas Company,98642,January,2023,0
Washington,Northwest Natural Gas Company,98648,January,2023,0
Washington,Avista Utilities,98648,January,2023,0
Washington,Northwest Natural Gas Company,98660,January,2023,16
Washington,Northwest Natural Gas Company,98661,January,2023,3
Washington,Northwest Natural Gas Company,98662,January,2023,6
Washington,Northwest Natural Gas Company,98663,January,2023,0
Washington,Northwest Natural Gas Company,98664,January,2023,0
Washington,Northwest Natural Gas Company,98665,January,2023,0
Washington,Cascade Natural Gas,98674,January,2023,0
Washington,Cascade Natural Gas,98801,January,2023,1
Washington,Cascade Natural Gas,98802,January,2023,1
Washington,Cascade Natural Gas,98837,January,2023,0
Washington,Cascade Natural Gas,98848,January,2023,0
Washington,Avista Utilities,98857,January,2023,0
Washington,Cascade Natural Gas,98901,January,2023,6
Washington,PacifiCorp,98902,January,2023,0
Washington,Cascade Natural Gas,98902,January,2023,29
Washington,Cascade Natural Gas,98903,January,2023,2
Washington,Cascade Natural Gas,98908,January,2023,4
Washington,Puget Sound Energy Inc,98922,January,2023,0
Washington,Puget Sound Energy Inc,98925,January,2023,0
Washington,Puget Sound Energy Inc,98926,January,2023,0
Washington,Cascade Natural Gas,98930,January,2023,1
Washington,Cascade Natural Gas,98932,January,2023,0
Washington,Cascade Natural Gas,98936,January,2023,0
Washington,Cascade Natural Gas,98942,January,2023,1
Washington,Cascade Natural Gas,98944,January,2023,2
Washington,Cascade Natural Gas,98948,January,2023,2
Washington,Cascade Natural Gas,98951,January,2023,2
Washington,Cascade Natural Gas,98953,January,2023,2
Washington,Avista Utilities,99001,January,2023,11
Washington,Avista Utilities,99003,January,2023,0
Washington,Avista Utilities,99004,January,2023,4
Washington,Avista Utilities,99005,January,2023,3
Washington,Avista Utilities,99006,January,2023,7
Washington,Avista Utilities,99008,January,2023,0
Washington,Avista Utilities,99009,January,2023,1
Washington,Avista Utilities,99011,January,2023,0
Washington,Avista Utilities,99012,January,2023,0
Washington,Avista Utilities,99013,January,2023,6
Washington,Avista Utilities,99014,January,2023,0
Washington,Avista Utilities,99016,January,2023,17
Washington,Avista Utilities,99018,January,2023,0
Washington,Avista Utilities,99019,January,2023,7
Washington,Avista Utilities,99020,January,2023,0
Washington,Avista Utilities,99021,January,2023,2
Washington,Avista Utilities,99022,January,2023,1
Washington,Avista Utilities,99023,January,2023,0
Washington,Avista Utilities,99025,January,2023,0
Washington,Avista Utilities,99026,January,2023,0
Washington,Avista Utilities,99027,January,2023,5
Washington,Avista Utilities,99029,January,2023,0
Washington,Avista Utilities,99030,January,2023,2
Washington,Avista Utilities,99031,January,2023,0
Washington,Avista Utilities,99032,January,2023,0
Washington,Avista Utilities,99033,January,2023,2
Washington,Avista Utilities,99034,January,2023,0
Washington,Avista Utilities,99036,January,2023,0
Washington,Avista Utilities,99037,January,2023,1
Washington,Avista Utilities,99039,January,2023,0
Washington,Avista Utilities,99040,January,2023,1
Washington,Avista Utilities,99101,January,2023,2
Washington,Avista Utilities,99102,January,2023,0
Washington,Avista Utilities,99103,January,2023,0
Washington,Avista Utilities,99104,January,2023,0
Washington,Avista Utilities,99107,January,2023,0
Washington,Avista Utilities,99109,January,2023,1
Washington,Avista Utilities,99110,January,2023,0
Washington,Avista Utilities,99111,January,2023,3
Washington,Avista Utilities,99113,January,2023,0
Washington,Avista Utilities,99114,January,2023,10
Washington,Avista Utilities,99117,January,2023,1
Washington,Avista Utilities,99122,January,2023,0
Washington,Avista Utilities,99125,January,2023,0
Washington,Avista Utilities,99126,January,2023,0
Washington,Avista Utilities,99128,January,2023,0
Washington,Avista Utilities,99129,January,2023,2
Washington,Avista Utilities,99130,January,2023,1
Washington,Avista Utilities,99131,January,2023,0
Washington,Avista Utilities,99134,January,2023,1
Washington,Avista Utilities,99137,January,2023,0
Washington,Avista Utilities,99138,January,2023,1
Washington,Avista Utilities,99141,January,2023,7
Washington,Avista Utilities,99143,January,2023,0
Washington,Avista Utilities,99144,January,2023,0
Washington,Avista Utilities,99146,January,2023,1
Washington,Avista Utilities,99148,January,2023,1
Washington,Avista Utilities,99149,January,2023,0
Washington,Avista Utilities,99151,January,2023,1
Washington,Avista Utilities,99156,January,2023,0
Washington,Avista Utilities,99157,January,2023,1
Washington,Avista Utilities,99158,January,2023,0
Washington,Avista Utilities,99159,January,2023,0
Washington,Avista Utilities,99160,January,2023,2
Washington,Avista Utilities,99161,January,2023,0
Washington,Avista Utilities,99163,January,2023,22
Washington,Avista Utilities,99164,January,2023,0
Washington,Avista Utilities,99167,January,2023,1
Washington,Avista Utilities,99169,January,2023,3
Washington,Avista Utilities,99170,January,2023,0
Washington,Avista Utilities,99171,January,2023,0
Washington,Avista Utilities,99173,January,2023,1
Washington,Avista Utilities,99174,January,2023,0
Washington,Avista Utilities,99176,January,2023,0
Washington,Avista Utilities,99179,January,2023,0
Washington,Avista Utilities,99181,January,2023,0
Washington,Avista Utilities,99185,January,2023,1
Washington,Avista Utilities,99201,January,2023,29
Washington,Avista Utilities,99202,January,2023,36
Washington,Avista Utilities,99203,January,2023,12
Washington,Avista Utilities,99204,January,2023,13
Washington,Avista Utilities,99205,January,2023,56
Washington,Avista Utilities,99206,January,2023,9
Washington,Avista Utilities,99207,January,2023,55
Washington,Avista Utilities,99208,January,2023,52
Washington,Avista Utilities,99212,January,2023,21
Washington,Avista Utilities,99216,January,2023,18
Washington,Avista Utilities,99217,January,2023,30
Washington,Avista Utilities,99218,January,2023,8
Washington,Avista Utilities,99219,January,2023,0
Washington,Avista Utilities,99220,January,2023,0
Washington,Avista Utilities,99223,January,2023,30
Washington,Avista Utilities,99224,January,2023,22
Washington,Avista Utilities,99228,January,2023,0
Washington,Avista Utilities,99260,January,2023,0
Washington,Cascade Natural Gas,99301,January,2023,15
Washington,Cascade Natural Gas,99324,January,2023,2
Washington,Avista Utilities,99326,January,2023,0
Washington,Avista Utilities,99335,January,2023,0
Washington,Cascade Natural Gas,99336,January,2023,3
Washington,Cascade Natural Gas,99337,January,2023,0
Washington,Cascade Natural Gas,99338,January,2023,0
Washington,Avista Utilities,99341,January,2023,1
Washington,Avista Utilities,99344,January,2023,17
Washington,Cascade Natural Gas,99344,January,2023,1
Washington,Cascade Natural Gas,99350,January,2023,0
Washington,Cascade Natural Gas,99352,January,2023,4
Washington,Cascade Natural Gas,99353,January,2023,0
Washington,Cascade Natural Gas,99354,January,2023,3
Washington,Cascade Natural Gas,99362,January,2023,6
Washington,Avista Utilities,99371,January,2023,0
Washington,Avista Utilities,99402,January,2023,2
Washington,Avista Utilities,99403,January,2023,39
Washington,Northwest Natural Gas Company,97031,July,2023,0
Washington,Northwest Natural Gas Company,97301,July,2023,0
Washington,Northwest Natural Gas Company,97388,July,2023,0
Washington,Puget Sound Energy Inc,98001,July,2023,14
Washington,Puget Sound Energy Inc,98002,July,2023,20
Washington,Puget Sound Energy Inc,98003,July,2023,22
Washington,Puget Sound Energy Inc,98004,July,2023,5
Washington,Puget Sound Energy Inc,98005,July,2023,5
Washington,Puget Sound Energy Inc,98006,July,2023,2
Washington,Puget Sound Energy Inc,98007,July,2023,4
Washington,Puget Sound Energy Inc,98008,July,2023,3
Washington,Puget Sound Energy Inc,98010,July,2023,2
Washington,Puget Sound Energy Inc,98011,July,2023,0
Washington,Puget Sound Energy Inc,98014,July,2023,0
Washington,Puget Sound Energy Inc,98019,July,2023,0
Washington,Puget Sound Energy Inc,98020,July,2023,1
Washington,Puget Sound Energy Inc,98022,July,2023,4
Washington,Puget Sound Energy Inc,98023,July,2023,15
Washington,Puget Sound Energy Inc,98024,July,2023,0
Washington,Northwest Natural Gas Company,98026,July,2023,0
Washington,Puget Sound Energy Inc,98027,July,2023,2
Washington,Puget Sound Energy Inc,98028,July,2023,0
Washington,Puget Sound Energy Inc,98029,July,2023,1
Washington,Puget Sound Energy Inc,98030,July,2023,12
Washington,Puget Sound Energy Inc,98031,July,2023,11
Washington,Puget Sound Energy Inc,98032,July,2023,19
Washington,Puget Sound Energy Inc,98033,July,2023,5
Washington,Puget Sound Energy Inc,98034,July,2023,6
Washington,Puget Sound Energy Inc,98036,July,2023,1
Washington,Puget Sound Energy Inc,98038,July,2023,2
Washington,Puget Sound Energy Inc,98039,July,2023,0
Washington,Puget Sound Energy Inc,98040,July,2023,2
Washington,Puget Sound Energy Inc,98042,July,2023,10
Washington,Puget Sound Energy Inc,98045,July,2023,0
Washington,Puget Sound Energy Inc,98047,July,2023,6
Washington,Puget Sound Energy Inc,98051,July,2023,0
Washington,Puget Sound Energy Inc,98052,July,2023,8
Washington,Puget Sound Energy Inc,98053,July,2023,0
Washington,Puget Sound Energy Inc,98055,July,2023,9
Washington,Puget Sound Energy Inc,98056,July,2023,7
Washington,Puget Sound Energy Inc,98057,July,2023,8
Washington,Puget Sound Energy Inc,98058,July,2023,10
Washington,Puget Sound Energy Inc,98059,July,2023,8
Washington,Puget Sound Energy Inc,98065,July,2023,0
Washington,Puget Sound Energy Inc,98070,July,2023,3
Washington,Puget Sound Energy Inc,98074,July,2023,1
Washington,Puget Sound Energy Inc,98075,July,2023,0
Washington,Puget Sound Energy Inc,98077,July,2023,0
Washington,Puget Sound Energy Inc,98092,July,2023,14
Washington,Puget Sound Energy Inc,98104,July,2023,0
Washington,Puget Sound Energy Inc,98118,July,2023,0
Washington,Northwest Natural Gas Company,98119,July,2023,0
Washington,Northwest Natural Gas Company,98125,July,2023,0
Washington,Puget Sound Energy Inc,98125,July,2023,0
Washington,Puget Sound Energy Inc,98126,July,2023,0
Washington,Northwest Natural Gas Company,98127,July,2023,0
Washington,Puget Sound Energy Inc,98133,July,2023,2
Washington,Puget Sound Energy Inc,98148,July,2023,3
Washington,Puget Sound Energy Inc,98166,July,2023,4
Washington,Puget Sound Energy Inc,98188,July,2023,9
Washington,Puget Sound Energy Inc,98198,July,2023,23
Washington,Puget Sound Energy Inc,98204,July,2023,0
Washington,Puget Sound Energy Inc,98208,July,2023,0
Washington,Northwest Natural Gas Company,98208,July,2023,0
Washington,Cascade Natural Gas,98220,July,2023,0
Washington,Puget Sound Energy Inc,98221,July,2023,0
Washington,Cascade Natural Gas,98221,July,2023,4
Washington,Cascade Natural Gas,98223,July,2023,6
Washington,Puget Sound Energy Inc,98224,July,2023,0
Washington,Puget Sound Energy Inc,98225,July,2023,7
Washington,Cascade Natural Gas,98225,July,2023,9
Washington,Puget Sound Energy Inc,98226,July,2023,3
Washington,Cascade Natural Gas,98226,July,2023,13
Washington,Puget Sound Energy Inc,98229,July,2023,2
Washington,Cascade Natural Gas,98229,July,2023,4
Washington,Cascade Natural Gas,98230,July,2023,12
Washington,Puget Sound Energy Inc,98230,July,2023,0
Washington,Cascade Natural Gas,98233,July,2023,10
Washington,Puget Sound Energy Inc,98233,July,2023,0
Washington,Puget Sound Energy Inc,98235,July,2023,0
Washington,Puget Sound Energy Inc,98236,July,2023,0
Washington,Puget Sound Energy Inc,98237,July,2023,0
Washington,Puget Sound Energy Inc,98239,July,2023,0
Washington,Cascade Natural Gas,98240,July,2023,2
Washington,Puget Sound Energy Inc,98240,July,2023,0
Washington,Puget Sound Energy Inc,98247,July,2023,0
Washington,Cascade Natural Gas,98247,July,2023,6
Washington,Puget Sound Energy Inc,98248,July,2023,0
Washington,Cascade Natural Gas,98248,July,2023,9
Washington,Puget Sound Energy Inc,98249,July,2023,0
Washington,Puget Sound Energy Inc,98255,July,2023,0
Washington,Cascade Natural Gas,98257,July,2023,0
Washington,Puget Sound Energy Inc,98257,July,2023,0
Washington,Puget Sound Energy Inc,98260,July,2023,0
Washington,Cascade Natural Gas,98264,July,2023,19
Washington,Puget Sound Energy Inc,98264,July,2023,0
Washington,Puget Sound Energy Inc,98266,July,2023,0
Washington,Puget Sound Energy Inc,98270,July,2023,0
Washington,Cascade Natural Gas,98271,July,2023,0
Washington,Cascade Natural Gas,98273,July,2023,12
Washington,Puget Sound Energy Inc,98273,July,2023,3
Washington,Cascade Natural Gas,98274,July,2023,11
Washington,Puget Sound Energy Inc,98274,July,2023,0
Washington,Cascade Natural Gas,98276,July,2023,2
Washington,Cascade Natural Gas,98277,July,2023,5
Washington,Puget Sound Energy Inc,98277,July,2023,3
Washington,Puget Sound Energy Inc,98281,July,2023,2
Washington,Cascade Natural Gas,98282,July,2023,1
Washington,Cascade Natural Gas,98284,July,2023,1
Washington,Puget Sound Energy Inc,98284,July,2023,1
Washington,Cascade Natural Gas,98292,July,2023,1
Washington,Cascade Natural Gas,98295,July,2023,0
Washington,Northwest Natural Gas Company,98307,July,2023,0
Washington,Cascade Natural Gas,98310,July,2023,23
Washington,Puget Sound Energy Inc,98310,July,2023,6
Washington,Cascade Natural Gas,98311,July,2023,10
Washington,Puget Sound Energy Inc,98311,July,2023,2
Washington,Cascade Natural Gas,98312,July,2023,4
Washington,Puget Sound Energy Inc,98312,July,2023,9
Washington,Puget Sound Energy Inc,98321,July,2023,5
Washington,Puget Sound Energy Inc,98323,July,2023,0
Washington,Puget Sound Energy Inc,98327,July,2023,0
Washington,Cascade Natural Gas,98337,July,2023,4
Washington,Puget Sound Energy Inc,98337,July,2023,3
Washington,Puget Sound Energy Inc,98338,July,2023,2
Washington,Puget Sound Energy Inc,98340,July,2023,0
Washington,Puget Sound Energy Inc,98342,July,2023,1
Washington,Cascade Natural Gas,98345,July,2023,0
Washington,Puget Sound Energy Inc,98346,July,2023,5
Washington,Puget Sound Energy Inc,98359,July,2023,2
Washington,Puget Sound Energy Inc,98360,July,2023,3
Washington,Puget Sound Energy Inc,98366,July,2023,10
Washington,Cascade Natural Gas,98366,July,2023,6
Washington,Cascade Natural Gas,98367,July,2023,0
Washington,Puget Sound Energy Inc,98367,July,2023,12
Washington,Puget Sound Energy Inc,98370,July,2023,9
Washington,Cascade Natural Gas,98370,July,2023,0
Washington,Puget Sound Energy Inc,98371,July,2023,6
Washington,Puget Sound Energy Inc,98372,July,2023,9
Washington,Puget Sound Energy Inc,98373,July,2023,8
Washington,Puget Sound Energy Inc,98374,July,2023,12
Washington,Puget Sound Energy Inc,98375,July,2023,7
Washington,Puget Sound Energy Inc,98380,July,2023,0
Washington,Cascade Natural Gas,98383,July,2023,8
Washington,Puget Sound Energy Inc,98383,July,2023,4
Washington,Puget Sound Energy Inc,98387,July,2023,0
Washington,Puget Sound Energy Inc,98390,July,2023,2
Washington,Puget Sound Energy Inc,98391,July,2023,10
Washington,Puget Sound Energy Inc,98392,July,2023,2
Washington,Puget Sound Energy Inc,98424,July,2023,0
Washington,Puget Sound Energy Inc,98439,July,2023,1
Washington,Puget Sound Energy Inc,98446,July,2023,3
Washington,Puget Sound Energy Inc,98498,July,2023,10
Washington,Puget Sound Energy Inc,98499,July,2023,0
Washington,Puget Sound Energy Inc,98501,July,2023,11
Washington,Puget Sound Energy Inc,98502,July,2023,11
Washington,Puget Sound Energy Inc,98503,July,2023,15
Washington,Puget Sound Energy Inc,98506,July,2023,9
Washington,Puget Sound Energy Inc,98512,July,2023,6
Washington,Puget Sound Energy Inc,98513,July,2023,4
Washington,Puget Sound Energy Inc,98516,July,2023,8
Washington,Cascade Natural Gas,98520,July,2023,7
Washington,Puget Sound Energy Inc,98530,July,2023,0
Washington,Cascade Natural Gas,98541,July,2023,0
Washington,Cascade Natural Gas,98550,July,2023,6
Washington,Cascade Natural Gas,98557,July,2023,1
Washington,Cascade Natural Gas,98563,July,2023,0
Washington,Puget Sound Energy Inc,98576,July,2023,1
Washington,Puget Sound Energy Inc,98579,July,2023,5
Washington,Puget Sound Energy Inc,98580,July,2023,1
Washington,Cascade Natural Gas,98584,July,2023,0
Washington,Puget Sound Energy Inc,98589,July,2023,3
Washington,Puget Sound Energy Inc,98597,July,2023,6
Washington,Northwest Natural Gas Company,98601,July,2023,0
Washington,Northwest Natural Gas Company,98604,July,2023,2
Washington,Northwest Natural Gas Company,98605,July,2023,1
Washington,Northwest Natural Gas Company,98606,July,2023,0
Washington,Northwest Natural Gas Company,98607,July,2023,8
Washington,Northwest Natural Gas Company,98610,July,2023,2
Washington,Cascade Natural Gas,98611,July,2023,0
Washington,Northwest Natural Gas Company,98612,July,2023,0
Washington,Northwest Natural Gas Company,98617,July,2023,0
Washington,Northwest Natural Gas Company,98620,July,2023,0
Washington,Avista Utilities,98620,July,2023,4
Washington,Cascade Natural Gas,98625,July,2023,0
Washington,Northwest Natural Gas Company,98626,July,2023,0
Washington,Cascade Natural Gas,98626,July,2023,0
Washington,Northwest Natural Gas Company,98628,July,2023,1
Washington,Northwest Natural Gas Company,98629,July,2023,1
Washington,Cascade Natural Gas,98632,July,2023,4
Washington,Northwest Natural Gas Company,98635,July,2023,0
Washington,Northwest Natural Gas Company,98639,July,2023,0
Washington,Northwest Natural Gas Company,98642,July,2023,10
Washington,Northwest Natural Gas Company,98648,July,2023,0
Washington,Avista Utilities,98648,July,2023,1
Washington,Northwest Natural Gas Company,98660,July,2023,0
Washington,Northwest Natural Gas Company,98661,July,2023,1
Washington,Northwest Natural Gas Company,98662,July,2023,0
Washington,Northwest Natural Gas Company,98663,July,2023,2
Washington,Northwest Natural Gas Company,98664,July,2023,3
Washington,Northwest Natural Gas Company,98665,July,2023,16
Washington,Northwest Natural Gas Company,98666,July,2023,0
Washington,Northwest Natural Gas Company,98668,July,2023,0
Washington,Northwest Natural Gas Company,98671,July,2023,9
Washington,Northwest Natural Gas Company,98672,July,2023,3
Washington,Northwest Natural Gas Company,98674,July,2023,0
Washington,Cascade Natural Gas,98674,July,2023,1
Washington,Northwest Natural Gas Company,98675,July,2023,0
Washington,Northwest Natural Gas Company,98682,July,2023,15
Washington,Northwest Natural Gas Company,98683,July,2023,5
Washington,Northwest Natural Gas Company,98684,July,2023,9
Washington,Northwest Natural Gas Company,98685,July,2023,16
Washington,Northwest Natural Gas Company,98686,July,2023,2
Washington,Northwest Natural Gas Company,98762,July,2023,0
Washington,Cascade Natural Gas,98801,July,2023,2
Washington,Cascade Natural Gas,98802,July,2023,0
Washington,Cascade Natural Gas,98837,July,2023,2
Washington,Cascade Natural Gas,98848,July,2023,0
Washington,Avista Utilities,98857,July,2023,0
Washington,PacifiCorp,98901,July,2023,0
Washington,Cascade Natural Gas,98901,July,2023,8
Washington,Cascade Natural Gas,98902,July,2023,39
Washington,PacifiCorp,98902,July,2023,2
Washington,Cascade Natural Gas,98903,July,2023,2
Washington,PacifiCorp,98903,July,2023,1
Washington,PacifiCorp,98908,July,2023,1
Washington,Cascade Natural Gas,98908,July,2023,19
Washington,Puget Sound Energy Inc,98922,July,2023,5
Washington,Puget Sound Energy Inc,98926,July,2023,1
Washington,Cascade Natural Gas,98930,July,2023,2
Washington,Cascade Natural Gas,98932,July,2023,1
Washington,PacifiCorp,98932,July,2023,0
Washington,PacifiCorp,98933,July,2023,0
Washington,Puget Sound Energy Inc,98934,July,2023,0
Washington,Cascade Natural Gas,98936,July,2023,0
Washington,PacifiCorp,98936,July,2023,0
Washington,PacifiCorp,98937,July,2023,0
Washington,PacifiCorp,98938,July,2023,0
Washington,Puget Sound Energy Inc,98940,July,2023,0
Washington,Puget Sound Energy Inc,98941,July,2023,0
Washington,PacifiCorp,98942,July,2023,0
Washington,Cascade Natural Gas,98942,July,2023,7
Washington,Puget Sound Energy Inc,98943,July,2023,0
Washington,Cascade Natural Gas,98944,July,2023,9
Washington,PacifiCorp,98944,July,2023,0
Washington,Puget Sound Energy Inc,98946,July,2023,0
Washington,PacifiCorp,98948,July,2023,0
Washington,Cascade Natural Gas,98948,July,2023,14
Washington,PacifiCorp,98951,July,2023,0
Washington,Cascade Natural Gas,98951,July,2023,5
Washington,PacifiCorp,98952,July,2023,0
Washington,Cascade Natural Gas,98953,July,2023,0
Washington,PacifiCorp,98953,July,2023,0
Washington,Avista Utilities,99001,July,2023,9
Washington,Avista Utilities,99003,July,2023,1
Washington,Avista Utilities,99004,July,2023,4
Washington,Avista Utilities,99005,July,2023,3
Washington,Avista Utilities,99006,July,2023,0
Washington,Avista Utilities,99008,July,2023,1
Washington,Avista Utilities,99009,July,2023,0
Washington,Avista Utilities,99011,July,2023,0
Washington,Avista Utilities,99012,July,2023,0
Washington,Avista Utilities,99013,July,2023,0
Washington,Avista Utilities,99014,July,2023,0
Washington,Avista Utilities,99016,July,2023,15
Washington,Avista Utilities,99018,July,2023,0
Washington,Avista Utilities,99019,July,2023,8
Washington,Avista Utilities,99020,July,2023,0
Washington,Avista Utilities,99021,July,2023,13
Washington,Avista Utilities,99022,July,2023,4
Washington,Avista Utilities,99023,July,2023,0
Washington,Avista Utilities,99025,July,2023,3
Washington,Avista Utilities,99026,July,2023,1
Washington,Avista Utilities,99027,July,2023,6
Washington,Avista Utilities,99029,July,2023,2
Washington,Avista Utilities,99030,July,2023,3
Washington,Avista Utilities,99031,July,2023,0
Washington,Avista Utilities,99032,July,2023,0
Washington,Avista Utilities,99033,July,2023,2
Washington,Avista Utilities,99034,July,2023,0
Washington,Avista Utilities,99036,July,2023,0
Washington,Avista Utilities,99037,July,2023,5
Washington,Avista Utilities,99039,July,2023,1
Washington,Avista Utilities,99040,July,2023,0
Washington,Avista Utilities,99101,July,2023,2
Washington,Avista Utilities,99102,July,2023,3
Washington,Avista Utilities,99103,July,2023,1
Washington,Avista Utilities,99104,July,2023,0
Washington,Avista Utilities,99107,July,2023,0
Washington,Avista Utilities,99109,July,2023,6
Washington,Avista Utilities,99110,July,2023,0
Washington,Avista Utilities,99111,July,2023,1
Washington,Avista Utilities,99113,July,2023,0
Washington,Avista Utilities,99114,July,2023,4
Washington,Avista Utilities,99117,July,2023,0
Washington,Avista Utilities,99122,July,2023,1
Washington,Avista Utilities,99125,July,2023,0
Washington,Avista Utilities,99126,July,2023,0
Washington,Avista Utilities,99128,July,2023,1
Washington,Avista Utilities,99129,July,2023,1
Washington,Avista Utilities,99130,July,2023,2
Washington,Avista Utilities,99131,July,2023,0
Washington,Avista Utilities,99134,July,2023,0
Washington,Avista Utilities,99137,July,2023,0
Washington,Avista Utilities,99138,July,2023,1
Washington,Avista Utilities,99141,July,2023,7
Washington,Avista Utilities,99143,July,2023,1
Washington,Avista Utilities,99144,July,2023,0
Washington,Avista Utilities,99146,July,2023,0
Washington,Avista Utilities,99148,July,2023,2
Washington,Avista Utilities,99149,July,2023,0
Washington,Avista Utilities,99151,July,2023,1
Washington,Avista Utilities,99156,July,2023,0
Washington,Avista Utilities,99157,July,2023,2
Washington,Avista Utilities,99158,July,2023,1
Washington,Avista Utilities,99159,July,2023,0
Washington,Avista Utilities,99160,July,2023,1
Washington,Avista Utilities,99161,July,2023,1
Washington,Avista Utilities,99163,July,2023,37
Washington,Avista Utilities,99164,July,2023,0
Washington,Avista Utilities,99167,July,2023,0
Washington,Avista Utilities,99169,July,2023,3
Washington,Avista Utilities,99170,July,2023,1
Washington,Avista Utilities,99171,July,2023,0
Washington,Avista Utilities,99173,July,2023,2
Washington,Avista Utilities,99174,July,2023,0
Washington,Avista Utilities,99176,July,2023,0
Washington,Avista Utilities,99179,July,2023,0
Washington,Avista Utilities,99181,July,2023,1
Washington,Avista Utilities,99185,July,2023,0
Washington,Avista Utilities,99201,July,2023,48
Washington,Avista Utilities,99202,July,2023,45
Washington,Avista Utilities,99203,July,2023,10
Washington,Avista Utilities,99204,July,2023,15
Washington,Avista Utilities,99205,July,2023,69
Washington,Avista Utilities,99206,July,2023,43
Washington,Avista Utilities,99207,July,2023,92
Washington,Avista Utilities,99208,July,2023,89
Washington,Avista Utilities,99212,July,2023,37
Washington,Avista Utilities,99216,July,2023,34
Washington,Avista Utilities,99217,July,2023,33
Washington,Avista Utilities,99218,July,2023,20
Washington,Avista Utilities,99219,July,2023,0
Washington,Avista Utilities,99220,July,2023,0
Washington,Avista Utilities,99223,July,2023,29
Washington,Avista Utilities,99224,July,2023,29
Washington,Avista Utilities,99228,July,2023,0
Washington,Avista Utilities,99260,July,2023,0
Washington,PacifiCorp,99301,July,2023,0
Washington,Cascade Natural Gas,99301,July,2023,3
Washington,PacifiCorp,99323,July,2023,2
Washington,Cascade Natural Gas,99324,July,2023,5
Washington,PacifiCorp,99324,July,2023,15
Washington,Avista Utilities,99326,July,2023,3
Washington,PacifiCorp,99328,July,2023,5
Washington,PacifiCorp,99329,July,2023,1
Washington,Avista Utilities,99335,July,2023,0
Washington,Cascade Natural Gas,99336,July,2023,12
Washington,Cascade Natural Gas,99337,July,2023,5
Washington,Cascade Natural Gas,99338,July,2023,1
Washington,Avista Utilities,99341,July,2023,0
Washington,Cascade Natural Gas,99344,July,2023,5
Washington,Avista Utilities,99344,July,2023,17
Washington,PacifiCorp,99347,July,2023,0
Washington,PacifiCorp,99348,July,2023,2
Washington,Cascade Natural Gas,99350,July,2023,0
Washington,Cascade Natural Gas,99352,July,2023,4
Washington,Cascade Natural Gas,99353,July,2023,0
Washington,Cascade Natural Gas,99354,July,2023,7
Washington,PacifiCorp,99360,July,2023,2
Washington,PacifiCorp,99361,July,2023,6
Washington,PacifiCorp,99362,July,2023,60
Washington,Cascade Natural Gas,99362,July,2023,23
Washington,PacifiCorp,99363,July,2023,0
Washington,Avista Utilities,99371,July,2023,1
Washington,Avista Utilities,99402,July,2023,5
Washington,Avista Utilities,99403,July,2023,23
Washington,Northwest Natural Gas Company,97031,June,2023,0
Washington,Northwest Natural Gas Company,97301,June,2023,0
Washington,Northwest Natural Gas Company,97388,June,2023,0
Washington,Puget Sound Energy Inc,98001,June,2023,4
Washington,Puget Sound Energy Inc,98002,June,2023,15
Washington,Puget Sound Energy Inc,98003,June,2023,26
Washington,Puget Sound Energy Inc,98004,June,2023,7
Washington,Puget Sound Energy Inc,98005,June,2023,5
Washington,Puget Sound Energy Inc,98006,June,2023,9
Washington,Puget Sound Energy Inc,98007,June,2023,8
Washington,Puget Sound Energy Inc,98008,June,2023,0
Washington,Puget Sound Energy Inc,98010,June,2023,6
Washington,Puget Sound Energy Inc,98011,June,2023,0
Washington,Puget Sound Energy Inc,98012,June,2023,0
Washington,Puget Sound Energy Inc,98019,June,2023,3
Washington,Puget Sound Energy Inc,98020,June,2023,0
Washington,Puget Sound Energy Inc,98021,June,2023,0
Washington,Puget Sound Energy Inc,98022,June,2023,8
Washington,Puget Sound Energy Inc,98023,June,2023,28
Washington,Puget Sound Energy Inc,98024,June,2023,0
Washington,Puget Sound Energy Inc,98026,June,2023,0
Washington,Northwest Natural Gas Company,98026,June,2023,0
Washington,Puget Sound Energy Inc,98027,June,2023,3
Washington,Puget Sound Energy Inc,98028,June,2023,2
Washington,Puget Sound Energy Inc,98029,June,2023,4
Washington,Puget Sound Energy Inc,98030,June,2023,19
Washington,Puget Sound Energy Inc,98031,June,2023,13
Washington,Puget Sound Energy Inc,98032,June,2023,35
Washington,Puget Sound Energy Inc,98033,June,2023,6
Washington,Puget Sound Energy Inc,98034,June,2023,5
Washington,Puget Sound Energy Inc,98036,June,2023,0
Washington,Puget Sound Energy Inc,98037,June,2023,0
Washington,Puget Sound Energy Inc,98038,June,2023,7
Washington,Puget Sound Energy Inc,98039,June,2023,0
Washington,Puget Sound Energy Inc,98040,June,2023,3
Washington,Puget Sound Energy Inc,98042,June,2023,11
Washington,Puget Sound Energy Inc,98043,June,2023,0
Washington,Puget Sound Energy Inc,98045,June,2023,1
Washington,Puget Sound Energy Inc,98047,June,2023,4
Washington,Puget Sound Energy Inc,98050,June,2023,1
Washington,Puget Sound Energy Inc,98051,June,2023,1
Washington,Puget Sound Energy Inc,98052,June,2023,5
Washington,Puget Sound Energy Inc,98053,June,2023,1
Washington,Puget Sound Energy Inc,98055,June,2023,13
Washington,Puget Sound Energy Inc,98056,June,2023,11
Washington,Puget Sound Energy Inc,98057,June,2023,4
Washington,Puget Sound Energy Inc,98058,June,2023,10
Washington,Puget Sound Energy Inc,98059,June,2023,3
Washington,Puget Sound Energy Inc,98065,June,2023,1
Washington,Puget Sound Energy Inc,98068,June,2023,0
Washington,Puget Sound Energy Inc,98070,June,2023,1
Washington,Puget Sound Energy Inc,98072,June,2023,2
Washington,Puget Sound Energy Inc,98074,June,2023,0
Washington,Puget Sound Energy Inc,98075,June,2023,0
Washington,Puget Sound Energy Inc,98077,June,2023,0
Washington,Puget Sound Energy Inc,98087,June,2023,0
Washington,Puget Sound Energy Inc,98092,June,2023,13
Washington,Puget Sound Energy Inc,98102,June,2023,0
Washington,Puget Sound Energy Inc,98103,June,2023,0
Washington,Puget Sound Energy Inc,98104,June,2023,0
Washington,Puget Sound Energy Inc,98105,June,2023,0
Washington,Puget Sound Energy Inc,98106,June,2023,0
Washington,Puget Sound Energy Inc,98108,June,2023,0
Washington,Puget Sound Energy Inc,98109,June,2023,0
Washington,Puget Sound Energy Inc,98110,June,2023,1
Washington,Puget Sound Energy Inc,98112,June,2023,0
Washington,Puget Sound Energy Inc,98115,June,2023,0
Washington,Puget Sound Energy Inc,98116,June,2023,0
Washington,Puget Sound Energy Inc,98117,June,2023,0
Washington,Puget Sound Energy Inc,98118,June,2023,0
Washington,Puget Sound Energy Inc,98119,June,2023,0
Washington,Northwest Natural Gas Company,98119,June,2023,0
Washington,Puget Sound Energy Inc,98122,June,2023,0
Washington,Puget Sound Energy Inc,98125,June,2023,1
Washington,Northwest Natural Gas Company,98125,June,2023,0
Washington,Puget Sound Energy Inc,98126,June,2023,0
Washington,Northwest Natural Gas Company,98127,June,2023,0
Washington,Puget Sound Energy Inc,98133,June,2023,0
Washington,Puget Sound Energy Inc,98144,June,2023,0
Washington,Puget Sound Energy Inc,98146,June,2023,0
Washington,Puget Sound Energy Inc,98148,June,2023,3
Washington,Puget Sound Energy Inc,98155,June,2023,1
Washington,Puget Sound Energy Inc,98166,June,2023,0
Washington,Puget Sound Energy Inc,98168,June,2023,1
Washington,Puget Sound Energy Inc,98177,June,2023,0
Washington,Puget Sound Energy Inc,98178,June,2023,0
Washington,Puget Sound Energy Inc,98188,June,2023,13
Washington,Puget Sound Energy Inc,98198,June,2023,23
Washington,Puget Sound Energy Inc,98199,June,2023,0
Washington,Puget Sound Energy Inc,98201,June,2023,0
Washington,Puget Sound Energy Inc,98203,June,2023,0
Washington,Puget Sound Energy Inc,98204,June,2023,0
Washington,Northwest Natural Gas Company,98208,June,2023,0
Washington,Puget Sound Energy Inc,98208,June,2023,0
Washington,Cascade Natural Gas,98220,June,2023,0
Washington,Cascade Natural Gas,98221,June,2023,2
Washington,Puget Sound Energy Inc,98221,June,2023,1
Washington,Cascade Natural Gas,98223,June,2023,2
Washington,Puget Sound Energy Inc,98224,June,2023,0
Washington,Puget Sound Energy Inc,98225,June,2023,0
Washington,Cascade Natural Gas,98225,June,2023,2
Washington,Cascade Natural Gas,98226,June,2023,2
Washington,Puget Sound Energy Inc,98226,June,2023,2
Washington,Puget Sound Energy Inc,98229,June,2023,1
Washington,Cascade Natural Gas,98229,June,2023,1
Washington,Puget Sound Energy Inc,98230,June,2023,0
Washington,Cascade Natural Gas,98230,June,2023,0
Washington,Puget Sound Energy Inc,98232,June,2023,0
Washington,Cascade Natural Gas,98233,June,2023,1
Washington,Puget Sound Energy Inc,98233,June,2023,1
Washington,Puget Sound Energy Inc,98236,June,2023,0
Washington,Puget Sound Energy Inc,98237,June,2023,0
Washington,Puget Sound Energy Inc,98239,June,2023,0
Washington,Cascade Natural Gas,98240,June,2023,0
Washington,Puget Sound Energy Inc,98240,June,2023,0
Washington,Cascade Natural Gas,98247,June,2023,0
Washington,Puget Sound Energy Inc,98247,June,2023,0
Washington,Puget Sound Energy Inc,98248,June,2023,0
Washington,Cascade Natural Gas,98248,June,2023,2
Washington,Puget Sound Energy Inc,98249,June,2023,0
Washington,Puget Sound Energy Inc,98252,June,2023,0
Washington,Puget Sound Energy Inc,98253,June,2023,0
Washington,Puget Sound Energy Inc,98257,June,2023,0
Washington,Cascade Natural Gas,98257,June,2023,0
Washington,Puget Sound Energy Inc,98258,June,2023,0
Washington,Puget Sound Energy Inc,98260,June,2023,0
Washington,Puget Sound Energy Inc,98262,June,2023,0
Washington,Puget Sound Energy Inc,98264,June,2023,0
Washington,Cascade Natural Gas,98264,June,2023,0
Washington,Puget Sound Energy Inc,98270,June,2023,1
Washington,Cascade Natural Gas,98271,June,2023,0
Washington,Puget Sound Energy Inc,98272,June,2023,0
Washington,Cascade Natural Gas,98273,June,2023,1
Washington,Puget Sound Energy Inc,98273,June,2023,3
Washington,Puget Sound Energy Inc,98274,June,2023,0
Washington,Cascade Natural Gas,98274,June,2023,1
Washington,Cascade Natural Gas,98276,June,2023,0
Washington,Puget Sound Energy Inc,98277,June,2023,8
Washington,Cascade Natural Gas,98277,June,2023,2
Washington,Cascade Natural Gas,98282,June,2023,0
Washington,Cascade Natural Gas,98284,June,2023,2
Washington,Puget Sound Energy Inc,98284,June,2023,1
Washington,Puget Sound Energy Inc,98290,June,2023,0
Washington,Cascade Natural Gas,98292,June,2023,0
Washington,Cascade Natural Gas,98295,June,2023,0
Washington,Puget Sound Energy Inc,98296,June,2023,0
Washington,Northwest Natural Gas Company,98307,June,2023,0
Washington,Puget Sound Energy Inc,98310,June,2023,5
Washington,Cascade Natural Gas,98310,June,2023,2
Washington,Puget Sound Energy Inc,98311,June,2023,4
Washington,Cascade Natural Gas,98311,June,2023,0
Washington,Cascade Natural Gas,98312,June,2023,0
Washington,Puget Sound Energy Inc,98312,June,2023,8
Washington,Puget Sound Energy Inc,98321,June,2023,2
Washington,Puget Sound Energy Inc,98327,June,2023,0
Washington,Puget Sound Energy Inc,98332,June,2023,0
Washington,Cascade Natural Gas,98337,June,2023,0
Washington,Puget Sound Energy Inc,98337,June,2023,5
Washington,Puget Sound Energy Inc,98338,June,2023,5
Washington,Puget Sound Energy Inc,98340,June,2023,0
Washington,Puget Sound Energy Inc,98342,June,2023,0
Washington,Cascade Natural Gas,98345,June,2023,0
Washington,Puget Sound Energy Inc,98345,June,2023,0
Washington,Puget Sound Energy Inc,98346,June,2023,1
Washington,Puget Sound Energy Inc,98354,June,2023,0
Washington,Puget Sound Energy Inc,98359,June,2023,1
Washington,Puget Sound Energy Inc,98360,June,2023,3
Washington,Cascade Natural Gas,98366,June,2023,0
Washington,Puget Sound Energy Inc,98366,June,2023,12
Washington,Puget Sound Energy Inc,98367,June,2023,11
Washington,Cascade Natural Gas,98367,June,2023,0
Washington,Cascade Natural Gas,98370,June,2023,0
Washington,Puget Sound Energy Inc,98370,June,2023,3
Washington,Puget Sound Energy Inc,98371,June,2023,8
Washington,Puget Sound Energy Inc,98372,June,2023,8
Washington,Puget Sound Energy Inc,98373,June,2023,5
Washington,Puget Sound Energy Inc,98374,June,2023,8
Washington,Puget Sound Energy Inc,98375,June,2023,5
Washington,Puget Sound Energy Inc,98380,June,2023,1
Washington,Cascade Natural Gas,98383,June,2023,0
Washington,Puget Sound Energy Inc,98383,June,2023,3
Washington,Puget Sound Energy Inc,98385,June,2023,1
Washington,Puget Sound Energy Inc,98387,June,2023,0
Washington,Puget Sound Energy Inc,98390,June,2023,2
Washington,Puget Sound Energy Inc,98391,June,2023,12
Washington,Puget Sound Energy Inc,98392,June,2023,2
Washington,Puget Sound Energy Inc,98403,June,2023,0
Washington,Puget Sound Energy Inc,98404,June,2023,0
Washington,Puget Sound Energy Inc,98405,June,2023,1
Washington,Puget Sound Energy Inc,98407,June,2023,0
Washington,Puget Sound Energy Inc,98408,June,2023,0
Washington,Puget Sound Energy Inc,98409,June,2023,0
Washington,Puget Sound Energy Inc,98418,June,2023,0
Washington,Puget Sound Energy Inc,98422,June,2023,0
Washington,Puget Sound Energy Inc,98424,June,2023,0
Washington,Puget Sound Energy Inc,98439,June,2023,3
Washington,Puget Sound Energy Inc,98444,June,2023,0
Washington,Puget Sound Energy Inc,98445,June,2023,0
Washington,Puget Sound Energy Inc,98446,June,2023,4
Washington,Puget Sound Energy Inc,98465,June,2023,0
Washington,Puget Sound Energy Inc,98466,June,2023,0
Washington,Puget Sound Energy Inc,98467,June,2023,0
Washington,Puget Sound Energy Inc,98498,June,2023,11
Washington,Puget Sound Energy Inc,98499,June,2023,1
Washington,Puget Sound Energy Inc,98501,June,2023,9
Washington,Puget Sound Energy Inc,98502,June,2023,10
Washington,Puget Sound Energy Inc,98503,June,2023,15
Washington,Puget Sound Energy Inc,98506,June,2023,4
Washington,Puget Sound Energy Inc,98512,June,2023,11
Washington,Puget Sound Energy Inc,98513,June,2023,11
Washington,Puget Sound Energy Inc,98516,June,2023,3
Washington,Cascade Natural Gas,98520,June,2023,0
Washington,Puget Sound Energy Inc,98531,June,2023,2
Washington,Puget Sound Energy Inc,98532,June,2023,0
Washington,Cascade Natural Gas,98541,June,2023,0
Washington,Cascade Natural Gas,98550,June,2023,1
Washington,Cascade Natural Gas,98557,June,2023,1
Washington,Puget Sound Energy Inc,98558,June,2023,0
Washington,Cascade Natural Gas,98563,June,2023,0
Washington,Puget Sound Energy Inc,98576,June,2023,0
Washington,Puget Sound Energy Inc,98579,June,2023,2
Washington,Puget Sound Energy Inc,98580,June,2023,4
Washington,Cascade Natural Gas,98584,June,2023,1
Washington,Puget Sound Energy Inc,98589,June,2023,1
Washington,Puget Sound Energy Inc,98597,June,2023,7
Washington,Northwest Natural Gas Company,98601,June,2023,0
Washington,Northwest Natural Gas Company,98604,June,2023,3
Washington,Northwest Natural Gas Company,98605,June,2023,1
Washington,Northwest Natural Gas Company,98606,June,2023,0
Washington,Northwest Natural Gas Company,98607,June,2023,11
Washington,Northwest Natural Gas Company,98610,June,2023,0
Washington,Cascade Natural Gas,98611,June,2023,1
Washington,Northwest Natural Gas Company,98612,June,2023,0
Washington,Northwest Natural Gas Company,98617,June,2023,0
Washington,Avista Utilities,98620,June,2023,5
Washington,Northwest Natural Gas Company,98620,June,2023,0
Washington,Cascade Natural Gas,98625,June,2023,0
Washington,Northwest Natural Gas Company,98626,June,2023,0
Washington,Cascade Natural Gas,98626,June,2023,1
Washington,Northwest Natural Gas Company,98628,June,2023,2
Washington,Northwest Natural Gas Company,98629,June,2023,4
Washington,Cascade Natural Gas,98632,June,2023,0
Washington,Northwest Natural Gas Company,98635,June,2023,0
Washington,Northwest Natural Gas Company,98639,June,2023,1
Washington,Northwest Natural Gas Company,98642,June,2023,8
Washington,Avista Utilities,98648,June,2023,0
Washington,Northwest Natural Gas Company,98648,June,2023,0
Washington,Northwest Natural Gas Company,98660,June,2023,7
Washington,Northwest Natural Gas Company,98661,June,2023,17
Washington,Northwest Natural Gas Company,98662,June,2023,19
Washington,Northwest Natural Gas Company,98663,June,2023,8
Washington,Northwest Natural Gas Company,98664,June,2023,5
Washington,Northwest Natural Gas Company,98665,June,2023,13
Washington,Northwest Natural Gas Company,98666,June,2023,0
Washington,Northwest Natural Gas Company,98668,June,2023,0
Washington,Northwest Natural Gas Company,98671,June,2023,11
Washington,Northwest Natural Gas Company,98672,June,2023,1
Washington,Cascade Natural Gas,98674,June,2023,0
Washington,Northwest Natural Gas Company,98674,June,2023,0
Washington,Northwest Natural Gas Company,98675,June,2023,0
Washington,Northwest Natural Gas Company,98682,June,2023,23
Washington,Northwest Natural Gas Company,98683,June,2023,7
Washington,Northwest Natural Gas Company,98684,June,2023,16
Washington,Northwest Natural Gas Company,98685,June,2023,5
Washington,Northwest Natural Gas Company,98686,June,2023,11
Washington,Northwest Natural Gas Company,98762,June,2023,0
Washington,Cascade Natural Gas,98801,June,2023,0
Washington,Cascade Natural Gas,98802,June,2023,0
Washington,Cascade Natural Gas,98837,June,2023,0
Washington,Cascade Natural Gas,98848,June,2023,0
Washington,Avista Utilities,98857,June,2023,0
Washington,Cascade Natural Gas,98901,June,2023,0
Washington,Cascade Natural Gas,98902,June,2023,1
Washington,Cascade Natural Gas,98903,June,2023,0
Washington,Cascade Natural Gas,98908,June,2023,2
Washington,PacifiCorp,98908,June,2023,0
Washington,Puget Sound Energy Inc,98922,June,2023,3
Washington,Puget Sound Energy Inc,98925,June,2023,1
Washington,Puget Sound Energy Inc,98926,June,2023,0
Washington,Cascade Natural Gas,98930,June,2023,0
Washington,Cascade Natural Gas,98932,June,2023,0
Washington,PacifiCorp,98932,June,2023,0
Washington,Cascade Natural Gas,98936,June,2023,1
Washington,Puget Sound Energy Inc,98941,June,2023,1
Washington,Cascade Natural Gas,98942,June,2023,2
Washington,Puget Sound Energy Inc,98943,June,2023,0
Washington,Cascade Natural Gas,98944,June,2023,1
Washington,Cascade Natural Gas,98948,June,2023,2
Washington,Cascade Natural Gas,98951,June,2023,0
Washington,Cascade Natural Gas,98953,June,2023,0
Washington,Avista Utilities,99001,June,2023,10
Washington,Avista Utilities,99003,June,2023,1
Washington,Avista Utilities,99004,June,2023,8
Washington,Avista Utilities,99005,June,2023,4
Washington,Avista Utilities,99006,June,2023,5
Washington,Avista Utilities,99008,June,2023,0
Washington,Avista Utilities,99009,June,2023,3
Washington,Avista Utilities,99011,June,2023,0
Washington,Avista Utilities,99012,June,2023,1
Washington,Avista Utilities,99013,June,2023,4
Washington,Avista Utilities,99014,June,2023,0
Washington,Avista Utilities,99016,June,2023,17
Washington,Avista Utilities,99018,June,2023,0
Washington,Avista Utilities,99019,June,2023,6
Washington,Avista Utilities,99020,June,2023,0
Washington,Avista Utilities,99021,June,2023,9
Washington,Avista Utilities,99022,June,2023,6
Washington,Avista Utilities,99023,June,2023,0
Washington,Avista Utilities,99025,June,2023,1
Washington,Avista Utilities,99026,June,2023,0
Washington,Avista Utilities,99027,June,2023,4
Washington,Avista Utilities,99029,June,2023,1
Washington,Avista Utilities,99030,June,2023,1
Washington,Avista Utilities,99031,June,2023,0
Washington,Avista Utilities,99032,June,2023,2
Washington,Avista Utilities,99033,June,2023,0
Washington,Avista Utilities,99034,June,2023,0
Washington,Avista Utilities,99036,June,2023,0
Washington,Avista Utilities,99037,June,2023,0
Washington,Avista Utilities,99039,June,2023,1
Washington,Avista Utilities,99040,June,2023,0
Washington,Avista Utilities,99101,June,2023,2
Washington,Avista Utilities,99102,June,2023,2
Washington,Avista Utilities,99103,June,2023,0
Washington,Avista Utilities,99104,June,2023,0
Washington,Avista Utilities,99107,June,2023,0
Washington,Avista Utilities,99109,June,2023,4
Washington,Avista Utilities,99110,June,2023,0
Washington,Avista Utilities,99111,June,2023,5
Washington,Avista Utilities,99113,June,2023,1
Washington,Avista Utilities,99114,June,2023,18
Washington,Avista Utilities,99117,June,2023,0
Washington,Avista Utilities,99122,June,2023,1
Washington,Avista Utilities,99125,June,2023,0
Washington,Avista Utilities,99126,June,2023,1
Washington,Avista Utilities,99128,June,2023,0
Washington,Avista Utilities,99129,June,2023,1
Washington,Avista Utilities,99130,June,2023,2
Washington,Avista Utilities,99131,June,2023,1
Washington,Avista Utilities,99134,June,2023,1
Washington,Avista Utilities,99137,June,2023,0
Washington,Avista Utilities,99138,June,2023,1
Washington,Avista Utilities,99141,June,2023,11
Washington,Avista Utilities,99143,June,2023,0
Washington,Avista Utilities,99144,June,2023,0
Washington,Avista Utilities,99146,June,2023,0
Washington,Avista Utilities,99148,June,2023,1
Washington,Avista Utilities,99149,June,2023,0
Washington,Avista Utilities,99151,June,2023,0
Washington,Avista Utilities,99156,June,2023,0
Washington,Avista Utilities,99157,June,2023,0
Washington,Avista Utilities,99158,June,2023,0
Washington,Avista Utilities,99159,June,2023,3
Washington,Avista Utilities,99160,June,2023,1
Washington,Avista Utilities,99161,June,2023,3
Washington,Avista Utilities,99163,June,2023,75
Washington,Avista Utilities,99164,June,2023,0
Washington,Avista Utilities,99167,June,2023,0
Washington,Avista Utilities,99169,June,2023,1
Washington,Avista Utilities,99170,June,2023,1
Washington,Avista Utilities,99171,June,2023,0
Washington,Avista Utilities,99173,June,2023,1
Washington,Avista Utilities,99174,June,2023,0
Washington,Avista Utilities,99176,June,2023,0
Washington,Avista Utilities,99179,June,2023,0
Washington,Avista Utilities,99181,June,2023,2
Washington,Avista Utilities,99185,June,2023,1
Washington,Avista Utilities,99201,June,2023,49
Washington,Avista Utilities,99202,June,2023,49
Washington,Avista Utilities,99203,June,2023,21
Washington,Avista Utilities,99204,June,2023,24
Washington,Avista Utilities,99205,June,2023,87
Washington,Avista Utilities,99206,June,2023,21
Washington,Avista Utilities,99207,June,2023,95
Washington,Avista Utilities,99208,June,2023,87
Washington,Avista Utilities,99212,June,2023,22
Washington,Avista Utilities,99216,June,2023,21
Washington,Avista Utilities,99217,June,2023,18
Washington,Avista Utilities,99218,June,2023,6
Washington,Avista Utilities,99219,June,2023,0
Washington,Avista Utilities,99220,June,2023,0
Washington,Avista Utilities,99223,June,2023,35
Washington,Avista Utilities,99224,June,2023,20
Washington,Avista Utilities,99228,June,2023,0
Washington,Avista Utilities,99260,June,2023,0
Washington,Cascade Natural Gas,99301,June,2023,2
Washington,PacifiCorp,99323,June,2023,4
Washington,PacifiCorp,99324,June,2023,10
Washington,Cascade Natural Gas,99324,June,2023,1
Washington,Avista Utilities,99326,June,2023,0
Washington,PacifiCorp,99328,June,2023,9
Washington,Avista Utilities,99335,June,2023,0
Washington,Cascade Natural Gas,99336,June,2023,0
Washington,Cascade Natural Gas,99337,June,2023,0
Washington,Cascade Natural Gas,99338,June,2023,0
Washington,Avista Utilities,99341,June,2023,1
Washington,Avista Utilities,99344,June,2023,9
Washington,Cascade Natural Gas,99344,June,2023,0
Washington,Cascade Natural Gas,99350,June,2023,0
Washington,Cascade Natural Gas,99352,June,2023,1
Washington,Cascade Natural Gas,99353,June,2023,0
Washington,Cascade Natural Gas,99354,June,2023,1
Washington,PacifiCorp,99360,June,2023,2
Washington,PacifiCorp,99362,June,2023,10
Washington,Cascade Natural Gas,99362,June,2023,2
Washington,Avista Utilities,99371,June,2023,1
Washington,Avista Utilities,99402,June,2023,2
Washington,Avista Utilities,99403,June,2023,32
Washington,Northwest Natural Gas Company,97031,March,2023,1
Washington,Northwest Natural Gas Company,97301,March,2023,10
Washington,Northwest Natural Gas Company,97388,March,2023,1
Washington,Puget Sound Energy Inc,98001,March,2023,8
Washington,Puget Sound Energy Inc,98002,March,2023,11
Washington,Puget Sound Energy Inc,98003,March,2023,29
Washington,Puget Sound Energy Inc,98004,March,2023,8
Washington,Puget Sound Energy Inc,98005,March,2023,1
Washington,Puget Sound Energy Inc,98006,March,2023,7
Washington,Puget Sound Energy Inc,98007,March,2023,7
Washington,Puget Sound Energy Inc,98008,March,2023,1
Washington,Puget Sound Energy Inc,98011,March,2023,0
Washington,Puget Sound Energy Inc,98022,March,2023,0
Washington,Puget Sound Energy Inc,98023,March,2023,20
Washington,Northwest Natural Gas Company,98026,March,2023,0
Washington,Puget Sound Energy Inc,98026,March,2023,1
Washington,Puget Sound Energy Inc,98027,March,2023,2
Washington,Puget Sound Energy Inc,98029,March,2023,5
Washington,Puget Sound Energy Inc,98030,March,2023,20
Washington,Puget Sound Energy Inc,98031,March,2023,10
Washington,Puget Sound Energy Inc,98032,March,2023,25
Washington,Puget Sound Energy Inc,98033,March,2023,3
Washington,Puget Sound Energy Inc,98034,March,2023,5
Washington,Puget Sound Energy Inc,98037,March,2023,2
Washington,Puget Sound Energy Inc,98038,March,2023,2
Washington,Puget Sound Energy Inc,98042,March,2023,15
Washington,Puget Sound Energy Inc,98043,March,2023,1
Washington,Puget Sound Energy Inc,98047,March,2023,0
Washington,Puget Sound Energy Inc,98052,March,2023,7
Washington,Puget Sound Energy Inc,98055,March,2023,8
Washington,Puget Sound Energy Inc,98056,March,2023,14
Washington,Puget Sound Energy Inc,98057,March,2023,5
Washington,Puget Sound Energy Inc,98058,March,2023,4
Washington,Puget Sound Energy Inc,98059,March,2023,3
Washington,Puget Sound Energy Inc,98065,March,2023,2
Washington,Puget Sound Energy Inc,98070,March,2023,0
Washington,Puget Sound Energy Inc,98072,March,2023,0
Washington,Puget Sound Energy Inc,98074,March,2023,0
Washington,Puget Sound Energy Inc,98075,March,2023,2
Washington,Puget Sound Energy Inc,98087,March,2023,0
Washington,Puget Sound Energy Inc,98092,March,2023,20
Washington,Puget Sound Energy Inc,98102,March,2023,0
Washington,Puget Sound Energy Inc,98103,March,2023,2
Washington,Puget Sound Energy Inc,98105,March,2023,0
Washington,Puget Sound Energy Inc,98106,March,2023,1
Washington,Puget Sound Energy Inc,98108,March,2023,5
Washington,Puget Sound Energy Inc,98109,March,2023,0
Washington,Puget Sound Energy Inc,98110,March,2023,1
Washington,Puget Sound Energy Inc,98112,March,2023,0
Washington,Puget Sound Energy Inc,98115,March,2023,0
Washington,Puget Sound Energy Inc,98116,March,2023,2
Washington,Puget Sound Energy Inc,98117,March,2023,0
Washington,Puget Sound Energy Inc,98118,March,2023,2
Washington,Northwest Natural Gas Company,98119,March,2023,0
Washington,Puget Sound Energy Inc,98122,March,2023,2
Washington,Northwest Natural Gas Company,98125,March,2023,0
Washington,Puget Sound Energy Inc,98126,March,2023,3
Washington,Northwest Natural Gas Company,98127,March,2023,0
Washington,Puget Sound Energy Inc,98133,March,2023,0
Washington,Puget Sound Energy Inc,98136,March,2023,1
Washington,Puget Sound Energy Inc,98144,March,2023,5
Washington,Puget Sound Energy Inc,98146,March,2023,3
Washington,Puget Sound Energy Inc,98148,March,2023,7
Washington,Puget Sound Energy Inc,98166,March,2023,6
Washington,Puget Sound Energy Inc,98168,March,2023,3
Washington,Puget Sound Energy Inc,98177,March,2023,0
Washington,Puget Sound Energy Inc,98178,March,2023,4
Washington,Puget Sound Energy Inc,98188,March,2023,7
Washington,Puget Sound Energy Inc,98198,March,2023,19
Washington,Puget Sound Energy Inc,98199,March,2023,0
Washington,Puget Sound Energy Inc,98201,March,2023,3
Washington,Puget Sound Energy Inc,98203,March,2023,7
Washington,Puget Sound Energy Inc,98208,March,2023,1
Washington,Northwest Natural Gas Company,98208,March,2023,1
Washington,Cascade Natural Gas,98220,March,2023,0
Washington,Cascade Natural Gas,98221,March,2023,0
Washington,Puget Sound Energy Inc,98221,March,2023,2
Washington,Cascade Natural Gas,98223,March,2023,5
Washington,Cascade Natural Gas,98225,March,2023,6
Washington,Puget Sound Energy Inc,98225,March,2023,1
Washington,Puget Sound Energy Inc,98226,March,2023,10
Washington,Cascade Natural Gas,98226,March,2023,3
Washington,Puget Sound Energy Inc,98229,March,2023,5
Washington,Cascade Natural Gas,98229,March,2023,9
Washington,Puget Sound Energy Inc,98230,March,2023,1
Washington,Cascade Natural Gas,98230,March,2023,14
Washington,Puget Sound Energy Inc,98232,March,2023,1
Washington,Puget Sound Energy Inc,98233,March,2023,2
Washington,Cascade Natural Gas,98233,March,2023,1
Washington,Puget Sound Energy Inc,98236,March,2023,2
Washington,Puget Sound Energy Inc,98237,March,2023,0
Washington,Puget Sound Energy Inc,98239,March,2023,1
Washington,Puget Sound Energy Inc,98240,March,2023,1
Washington,Cascade Natural Gas,98240,March,2023,0
Washington,Puget Sound Energy Inc,98244,March,2023,1
Washington,Puget Sound Energy Inc,98247,March,2023,1
Washington,Cascade Natural Gas,98247,March,2023,0
Washington,Puget Sound Energy Inc,98248,March,2023,5
Washington,Cascade Natural Gas,98248,March,2023,16
Washington,Puget Sound Energy Inc,98249,March,2023,3
Washington,Puget Sound Energy Inc,98253,March,2023,1
Washington,Puget Sound Energy Inc,98257,March,2023,1
Washington,Cascade Natural Gas,98257,March,2023,0
Washington,Puget Sound Energy Inc,98258,March,2023,1
Washington,Puget Sound Energy Inc,98260,March,2023,1
Washington,Puget Sound Energy Inc,98262,March,2023,0
Washington,Puget Sound Energy Inc,98264,March,2023,2
Washington,Cascade Natural Gas,98264,March,2023,3
Washington,Puget Sound Energy Inc,98266,March,2023,2
Washington,Puget Sound Energy Inc,98267,March,2023,1
Washington,Puget Sound Energy Inc,98270,March,2023,3
Washington,Puget Sound Energy Inc,98271,March,2023,0
Washington,Cascade Natural Gas,98271,March,2023,0
Washington,Cascade Natural Gas,98273,March,2023,13
Washington,Puget Sound Energy Inc,98273,March,2023,1
Washington,Puget Sound Energy Inc,98274,March,2023,1
Washington,Cascade Natural Gas,98274,March,2023,4
Washington,Cascade Natural Gas,98276,March,2023,0
Washington,Puget Sound Energy Inc,98277,March,2023,14
Washington,Cascade Natural Gas,98277,March,2023,0
Washington,Cascade Natural Gas,98282,March,2023,0
Washington,Cascade Natural Gas,98284,March,2023,9
Washington,Puget Sound Energy Inc,98284,March,2023,9
Washington,Cascade Natural Gas,98292,March,2023,0
Washington,Cascade Natural Gas,98295,March,2023,0
Washington,Northwest Natural Gas Company,98307,March,2023,1
Washington,Puget Sound Energy Inc,98310,March,2023,7
Washington,Cascade Natural Gas,98310,March,2023,3
Washington,Cascade Natural Gas,98311,March,2023,1
Washington,Puget Sound Energy Inc,98311,March,2023,11
Washington,Cascade Natural Gas,98312,March,2023,9
Washington,Puget Sound Energy Inc,98312,March,2023,9
Washington,Puget Sound Energy Inc,98321,March,2023,3
Washington,Puget Sound Energy Inc,98327,March,2023,0
Washington,Puget Sound Energy Inc,98328,March,2023,0
Washington,Puget Sound Energy Inc,98332,March,2023,2
Washington,Puget Sound Energy Inc,98335,March,2023,0
Washington,Cascade Natural Gas,98337,March,2023,9
Washington,Puget Sound Energy Inc,98337,March,2023,0
Washington,Puget Sound Energy Inc,98338,March,2023,1
Washington,Cascade Natural Gas,98345,March,2023,0
Washington,Puget Sound Energy Inc,98346,March,2023,2
Washington,Puget Sound Energy Inc,98354,March,2023,1
Washington,Puget Sound Energy Inc,98359,March,2023,1
Washington,Puget Sound Energy Inc,98360,March,2023,2
Washington,Cascade Natural Gas,98366,March,2023,10
Washington,Puget Sound Energy Inc,98366,March,2023,11
Washington,Cascade Natural Gas,98367,March,2023,0
Washington,Puget Sound Energy Inc,98367,March,2023,2
Washington,Cascade Natural Gas,98370,March,2023,0
Washington,Puget Sound Energy Inc,98370,March,2023,4
Washington,Puget Sound Energy Inc,98371,March,2023,4
Washington,Puget Sound Energy Inc,98372,March,2023,9
Washington,Puget Sound Energy Inc,98373,March,2023,7
Washington,Puget Sound Energy Inc,98374,March,2023,9
Washington,Puget Sound Energy Inc,98375,March,2023,6
Washington,Puget Sound Energy Inc,98380,March,2023,1
Washington,Cascade Natural Gas,98383,March,2023,1
Washington,Puget Sound Energy Inc,98383,March,2023,2
Washington,Puget Sound Energy Inc,98387,March,2023,2
Washington,Puget Sound Energy Inc,98388,March,2023,0
Washington,Puget Sound Energy Inc,98390,March,2023,2
Washington,Puget Sound Energy Inc,98391,March,2023,13
Washington,Puget Sound Energy Inc,98392,March,2023,0
Washington,Puget Sound Energy Inc,98403,March,2023,1
Washington,Puget Sound Energy Inc,98404,March,2023,2
Washington,Puget Sound Energy Inc,98405,March,2023,3
Washington,Puget Sound Energy Inc,98406,March,2023,2
Washington,Puget Sound Energy Inc,98407,March,2023,1
Washington,Puget Sound Energy Inc,98408,March,2023,3
Washington,Puget Sound Energy Inc,98409,March,2023,1
Washington,Puget Sound Energy Inc,98418,March,2023,1
Washington,Puget Sound Energy Inc,98422,March,2023,1
Washington,Puget Sound Energy Inc,98424,March,2023,0
Washington,Puget Sound Energy Inc,98439,March,2023,3
Washington,Puget Sound Energy Inc,98444,March,2023,0
Washington,Puget Sound Energy Inc,98445,March,2023,1
Washington,Puget Sound Energy Inc,98446,March,2023,0
Washington,Puget Sound Energy Inc,98465,March,2023,0
Washington,Puget Sound Energy Inc,98467,March,2023,0
Washington,Puget Sound Energy Inc,98498,March,2023,9
Washington,Puget Sound Energy Inc,98499,March,2023,1
Washington,Puget Sound Energy Inc,98501,March,2023,10
Washington,Puget Sound Energy Inc,98502,March,2023,9
Washington,Puget Sound Energy Inc,98503,March,2023,10
Washington,Puget Sound Energy Inc,98506,March,2023,0
Washington,Puget Sound Energy Inc,98512,March,2023,4
Washington,Puget Sound Energy Inc,98513,March,2023,4
Washington,Puget Sound Energy Inc,98516,March,2023,4
Washington,Cascade Natural Gas,98520,March,2023,0
Washington,Puget Sound Energy Inc,98530,March,2023,1
Washington,Puget Sound Energy Inc,98531,March,2023,1
Washington,Puget Sound Energy Inc,98532,March,2023,0
Washington,Cascade Natural Gas,98541,March,2023,1
Washington,Cascade Natural Gas,98550,March,2023,1
Washington,Cascade Natural Gas,98557,March,2023,0
Washington,Cascade Natural Gas,98563,March,2023,0
Washington,Puget Sound Energy Inc,98576,March,2023,1
Washington,Puget Sound Energy Inc,98579,March,2023,2
Washington,Puget Sound Energy Inc,98580,March,2023,0
Washington,Cascade Natural Gas,98584,March,2023,4
Washington,Puget Sound Energy Inc,98589,March,2023,0
Washington,Puget Sound Energy Inc,98597,March,2023,8
Washington,Northwest Natural Gas Company,98601,March,2023,0
Washington,Northwest Natural Gas Company,98604,March,2023,0
Washington,Northwest Natural Gas Company,98605,March,2023,11
Washington,Northwest Natural Gas Company,98606,March,2023,0
Washington,Northwest Natural Gas Company,98607,March,2023,3
Washington,Northwest Natural Gas Company,98610,March,2023,9
Washington,Cascade Natural Gas,98611,March,2023,0
Washington,Northwest Natural Gas Company,98612,March,2023,12
Washington,Northwest Natural Gas Company,98617,March,2023,5
Washington,Northwest Natural Gas Company,98620,March,2023,11
Washington,Avista Utilities,98620,March,2023,1
Washington,Cascade Natural Gas,98625,March,2023,0
Washington,Cascade Natural Gas,98626,March,2023,0
Washington,Northwest Natural Gas Company,98626,March,2023,11
Washington,Northwest Natural Gas Company,98628,March,2023,0
Washington,Northwest Natural Gas Company,98629,March,2023,0
Washington,Cascade Natural Gas,98632,March,2023,0
Washington,Northwest Natural Gas Company,98635,March,2023,4
Washington,Northwest Natural Gas Company,98639,March,2023,0
Washington,Northwest Natural Gas Company,98642,March,2023,0
Washington,Avista Utilities,98648,March,2023,0
Washington,Northwest Natural Gas Company,98648,March,2023,0
Washington,Northwest Natural Gas Company,98660,March,2023,16
Washington,Northwest Natural Gas Company,98661,March,2023,2
Washington,Northwest Natural Gas Company,98662,March,2023,15
Washington,Northwest Natural Gas Company,98663,March,2023,11
Washington,Northwest Natural Gas Company,98664,March,2023,4
Washington,Northwest Natural Gas Company,98665,March,2023,0
Washington,Cascade Natural Gas,98674,March,2023,0
Washington,Cascade Natural Gas,98801,March,2023,0
Washington,Cascade Natural Gas,98802,March,2023,0
Washington,Cascade Natural Gas,98837,March,2023,1
Washington,Cascade Natural Gas,98848,March,2023,0
Washington,Avista Utilities,98857,March,2023,0
Washington,Cascade Natural Gas,98901,March,2023,18
Washington,PacifiCorp,98902,March,2023,7
Washington,Cascade Natural Gas,98902,March,2023,37
Washington,Cascade Natural Gas,98903,March,2023,3
Washington,Cascade Natural Gas,98908,March,2023,0
Washington,Puget Sound Energy Inc,98922,March,2023,5
Washington,Puget Sound Energy Inc,98925,March,2023,1
Washington,Puget Sound Energy Inc,98926,March,2023,3
Washington,Cascade Natural Gas,98930,March,2023,2
Washington,Cascade Natural Gas,98932,March,2023,2
Washington,Cascade Natural Gas,98936,March,2023,5
Washington,Cascade Natural Gas,98942,March,2023,0
Washington,Cascade Natural Gas,98944,March,2023,10
Washington,Cascade Natural Gas,98948,March,2023,2
Washington,Cascade Natural Gas,98951,March,2023,1
Washington,Cascade Natural Gas,98953,March,2023,2
Washington,Avista Utilities,99001,March,2023,16
Washington,Avista Utilities,99003,March,2023,4
Washington,Avista Utilities,99004,March,2023,9
Washington,Avista Utilities,99005,March,2023,4
Washington,Avista Utilities,99006,March,2023,9
Washington,Avista Utilities,99008,March,2023,0
Washington,Avista Utilities,99009,March,2023,3
Washington,Avista Utilities,99011,March,2023,0
Washington,Avista Utilities,99012,March,2023,1
Washington,Avista Utilities,99013,March,2023,7
Washington,Avista Utilities,99014,March,2023,0
Washington,Avista Utilities,99016,March,2023,18
Washington,Avista Utilities,99018,March,2023,1
Washington,Avista Utilities,99019,March,2023,22
Washington,Avista Utilities,99020,March,2023,0
Washington,Avista Utilities,99021,March,2023,6
Washington,Avista Utilities,99022,March,2023,8
Washington,Avista Utilities,99023,March,2023,0
Washington,Avista Utilities,99025,March,2023,5
Washington,Avista Utilities,99026,March,2023,0
Washington,Avista Utilities,99027,March,2023,4
Washington,Avista Utilities,99029,March,2023,1
Washington,Avista Utilities,99030,March,2023,1
Washington,Avista Utilities,99031,March,2023,0
Washington,Avista Utilities,99032,March,2023,2
Washington,Avista Utilities,99033,March,2023,2
Washington,Avista Utilities,99034,March,2023,1
Washington,Avista Utilities,99036,March,2023,0
Washington,Avista Utilities,99037,March,2023,2
Washington,Avista Utilities,99039,March,2023,0
Washington,Avista Utilities,99040,March,2023,4
Washington,Avista Utilities,99101,March,2023,4
Washington,Avista Utilities,99102,March,2023,1
Washington,Avista Utilities,99103,March,2023,0
Washington,Avista Utilities,99104,March,2023,0
Washington,Avista Utilities,99107,March,2023,0
Washington,Avista Utilities,99109,March,2023,3
Washington,Avista Utilities,99110,March,2023,0
Washington,Avista Utilities,99111,March,2023,4
Washington,Avista Utilities,99113,March,2023,1
Washington,Avista Utilities,99114,March,2023,21
Washington,Avista Utilities,99117,March,2023,0
Washington,Avista Utilities,99122,March,2023,7
Washington,Avista Utilities,99125,March,2023,1
Washington,Avista Utilities,99126,March,2023,2
Washington,Avista Utilities,99128,March,2023,0
Washington,Avista Utilities,99129,March,2023,0
Washington,Avista Utilities,99130,March,2023,1
Washington,Avista Utilities,99131,March,2023,0
Washington,Avista Utilities,99134,March,2023,0
Washington,Avista Utilities,99137,March,2023,0
Washington,Avista Utilities,99138,March,2023,2
Washington,Avista Utilities,99141,March,2023,16
Washington,Avista Utilities,99143,March,2023,3
Washington,Avista Utilities,99144,March,2023,0
Washington,Avista Utilities,99146,March,2023,0
Washington,Avista Utilities,99148,March,2023,3
Washington,Avista Utilities,99149,March,2023,0
Washington,Avista Utilities,99151,March,2023,0
Washington,Avista Utilities,99156,March,2023,0
Washington,Avista Utilities,99157,March,2023,0
Washington,Avista Utilities,99158,March,2023,0
Washington,Avista Utilities,99159,March,2023,3
Washington,Avista Utilities,99160,March,2023,0
Washington,Avista Utilities,99161,March,2023,2
Washington,Avista Utilities,99163,March,2023,77
Washington,Avista Utilities,99164,March,2023,0
Washington,Avista Utilities,99167,March,2023,0
Washington,Avista Utilities,99169,March,2023,4
Washington,Avista Utilities,99170,March,2023,0
Washington,Avista Utilities,99171,March,2023,0
Washington,Avista Utilities,99173,March,2023,0
Washington,Avista Utilities,99174,March,2023,0
Washington,Avista Utilities,99176,March,2023,0
Washington,Avista Utilities,99179,March,2023,0
Washington,Avista Utilities,99181,March,2023,2
Washington,Avista Utilities,99185,March,2023,0
Washington,Avista Utilities,99201,March,2023,41
Washington,Avista Utilities,99202,March,2023,55
Washington,Avista Utilities,99203,March,2023,35
Washington,Avista Utilities,99204,March,2023,20
Washington,Avista Utilities,99205,March,2023,101
Washington,Avista Utilities,99206,March,2023,15
Washington,Avista Utilities,99207,March,2023,129
Washington,Avista Utilities,99208,March,2023,132
Washington,Avista Utilities,99212,March,2023,30
Washington,Avista Utilities,99216,March,2023,25
Washington,Avista Utilities,99217,March,2023,28
Washington,Avista Utilities,99218,March,2023,26
Washington,Avista Utilities,99219,March,2023,0
Washington,Avista Utilities,99220,March,2023,0
Washington,Avista Utilities,99223,March,2023,41
Washington,Avista Utilities,99224,March,2023,28
Washington,Avista Utilities,99228,March,2023,0
Washington,Avista Utilities,99260,March,2023,0
Washington,Cascade Natural Gas,99301,March,2023,15
Washington,Cascade Natural Gas,99324,March,2023,2
Washington,Avista Utilities,99326,March,2023,0
Washington,Avista Utilities,99335,March,2023,0
Washington,Cascade Natural Gas,99336,March,2023,6
Washington,Cascade Natural Gas,99337,March,2023,1
Washington,Cascade Natural Gas,99338,March,2023,1
Washington,Avista Utilities,99341,March,2023,0
Washington,Cascade Natural Gas,99344,March,2023,4
Washington,Avista Utilities,99344,March,2023,26
Washington,Cascade Natural Gas,99350,March,2023,2
Washington,Cascade Natural Gas,99352,March,2023,1
Washington,Cascade Natural Gas,99353,March,2023,1
Washington,Cascade Natural Gas,99354,March,2023,0
Washington,Cascade Natural Gas,99362,March,2023,7
Washington,Avista Utilities,99371,March,2023,1
Washington,Avista Utilities,99402,March,2023,7
Washington,Avista Utilities,99403,March,2023,51
Washington,Northwest Natural Gas Company,97031,May,2023,0
Washington,Northwest Natural Gas Company,97301,May,2023,0
Washington,Northwest Natural Gas Company,97388,May,2023,0
Washington,Puget Sound Energy Inc,98001,May,2023,12
Washington,Puget Sound Energy Inc,98002,May,2023,21
Washington,Puget Sound Energy Inc,98003,May,2023,29
Washington,Puget Sound Energy Inc,98004,May,2023,6
Washington,Puget Sound Energy Inc,98005,May,2023,7
Washington,Puget Sound Energy Inc,98006,May,2023,8
Washington,Puget Sound Energy Inc,98007,May,2023,7
Washington,Puget Sound Energy Inc,98008,May,2023,5
Washington,Puget Sound Energy Inc,98010,May,2023,4
Washington,Puget Sound Energy Inc,98011,May,2023,7
Washington,Puget Sound Energy Inc,98012,May,2023,2
Washington,Puget Sound Energy Inc,98019,May,2023,0
Washington,Puget Sound Energy Inc,98020,May,2023,0
Washington,Puget Sound Energy Inc,98021,May,2023,5
Washington,Puget Sound Energy Inc,98022,May,2023,4
Washington,Puget Sound Energy Inc,98023,May,2023,24
Washington,Puget Sound Energy Inc,98024,May,2023,0
Washington,Puget Sound Energy Inc,98026,May,2023,3
Washington,Northwest Natural Gas Company,98026,May,2023,0
Washington,Puget Sound Energy Inc,98027,May,2023,5
Washington,Puget Sound Energy Inc,98028,May,2023,10
Washington,Puget Sound Energy Inc,98029,May,2023,7
Washington,Puget Sound Energy Inc,98030,May,2023,22
Washington,Puget Sound Energy Inc,98031,May,2023,15
Washington,Puget Sound Energy Inc,98032,May,2023,26
Washington,Puget Sound Energy Inc,98033,May,2023,3
Washington,Puget Sound Energy Inc,98034,May,2023,12
Washington,Puget Sound Energy Inc,98036,May,2023,3
Washington,Puget Sound Energy Inc,98037,May,2023,2
Washington,Puget Sound Energy Inc,98038,May,2023,11
Washington,Puget Sound Energy Inc,98039,May,2023,1
Washington,Puget Sound Energy Inc,98040,May,2023,1
Washington,Puget Sound Energy Inc,98042,May,2023,20
Washington,Puget Sound Energy Inc,98043,May,2023,2
Washington,Puget Sound Energy Inc,98045,May,2023,1
Washington,Puget Sound Energy Inc,98047,May,2023,2
Washington,Puget Sound Energy Inc,98050,May,2023,0
Washington,Puget Sound Energy Inc,98051,May,2023,0
Washington,Puget Sound Energy Inc,98052,May,2023,15
Washington,Puget Sound Energy Inc,98053,May,2023,1
Washington,Puget Sound Energy Inc,98055,May,2023,17
Washington,Puget Sound Energy Inc,98056,May,2023,10
Washington,Puget Sound Energy Inc,98057,May,2023,7
Washington,Puget Sound Energy Inc,98058,May,2023,17
Washington,Puget Sound Energy Inc,98059,May,2023,14
Washington,Puget Sound Energy Inc,98065,May,2023,1
Washington,Puget Sound Energy Inc,98068,May,2023,0
Washington,Puget Sound Energy Inc,98070,May,2023,1
Washington,Puget Sound Energy Inc,98072,May,2023,5
Washington,Puget Sound Energy Inc,98074,May,2023,5
Washington,Puget Sound Energy Inc,98075,May,2023,3
Washington,Puget Sound Energy Inc,98077,May,2023,1
Washington,Puget Sound Energy Inc,98087,May,2023,1
Washington,Puget Sound Energy Inc,98092,May,2023,22
Washington,Puget Sound Energy Inc,98102,May,2023,0
Washington,Puget Sound Energy Inc,98103,May,2023,0
Washington,Puget Sound Energy Inc,98104,May,2023,0
Washington,Puget Sound Energy Inc,98105,May,2023,3
Washington,Puget Sound Energy Inc,98106,May,2023,3
Washington,Puget Sound Energy Inc,98108,May,2023,2
Washington,Puget Sound Energy Inc,98109,May,2023,2
Washington,Puget Sound Energy Inc,98110,May,2023,1
Washington,Puget Sound Energy Inc,98112,May,2023,1
Washington,Puget Sound Energy Inc,98115,May,2023,4
Washington,Puget Sound Energy Inc,98116,May,2023,0
Washington,Puget Sound Energy Inc,98117,May,2023,4
Washington,Puget Sound Energy Inc,98118,May,2023,4
Washington,Northwest Natural Gas Company,98119,May,2023,0
Washington,Puget Sound Energy Inc,98119,May,2023,1
Washington,Puget Sound Energy Inc,98122,May,2023,3
Washington,Puget Sound Energy Inc,98125,May,2023,0
Washington,Northwest Natural Gas Company,98125,May,2023,0
Washington,Puget Sound Energy Inc,98126,May,2023,1
Washington,Northwest Natural Gas Company,98127,May,2023,0
Washington,Puget Sound Energy Inc,98133,May,2023,2
Washington,Puget Sound Energy Inc,98144,May,2023,1
Washington,Puget Sound Energy Inc,98146,May,2023,2
Washington,Puget Sound Energy Inc,98148,May,2023,4
Washington,Puget Sound Energy Inc,98155,May,2023,2
Washington,Puget Sound Energy Inc,98166,May,2023,6
Washington,Puget Sound Energy Inc,98168,May,2023,8
Washington,Puget Sound Energy Inc,98177,May,2023,2
Washington,Puget Sound Energy Inc,98178,May,2023,3
Washington,Puget Sound Energy Inc,98188,May,2023,7
Washington,Puget Sound Energy Inc,98198,May,2023,15
Washington,Puget Sound Energy Inc,98199,May,2023,4
Washington,Puget Sound Energy Inc,98201,May,2023,3
Washington,Puget Sound Energy Inc,98203,May,2023,3
Washington,Puget Sound Energy Inc,98204,May,2023,2
Washington,Puget Sound Energy Inc,98208,May,2023,2
Washington,Northwest Natural Gas Company,98208,May,2023,0
Washington,Cascade Natural Gas,98220,May,2023,0
Washington,Cascade Natural Gas,98221,May,2023,2
Washington,Puget Sound Energy Inc,98221,May,2023,1
Washington,Cascade Natural Gas,98223,May,2023,0
Washington,Puget Sound Energy Inc,98224,May,2023,1
Washington,Cascade Natural Gas,98225,May,2023,6
Washington,Puget Sound Energy Inc,98225,May,2023,7
Washington,Puget Sound Energy Inc,98226,May,2023,2
Washington,Cascade Natural Gas,98226,May,2023,7
Washington,Cascade Natural Gas,98229,May,2023,5
Washington,Puget Sound Energy Inc,98229,May,2023,2
Washington,Puget Sound Energy Inc,98230,May,2023,1
Washington,Cascade Natural Gas,98230,May,2023,2
Washington,Puget Sound Energy Inc,98232,May,2023,0
Washington,Cascade Natural Gas,98233,May,2023,7
Washington,Puget Sound Energy Inc,98233,May,2023,0
Washington,Puget Sound Energy Inc,98236,May,2023,1
Washington,Puget Sound Energy Inc,98237,May,2023,2
Washington,Puget Sound Energy Inc,98239,May,2023,2
Washington,Puget Sound Energy Inc,98240,May,2023,1
Washington,Cascade Natural Gas,98240,May,2023,0
Washington,Cascade Natural Gas,98247,May,2023,5
Washington,Puget Sound Energy Inc,98247,May,2023,2
Washington,Puget Sound Energy Inc,98248,May,2023,1
Washington,Cascade Natural Gas,98248,May,2023,3
Washington,Puget Sound Energy Inc,98249,May,2023,0
Washington,Puget Sound Energy Inc,98252,May,2023,2
Washington,Puget Sound Energy Inc,98253,May,2023,1
Washington,Cascade Natural Gas,98257,May,2023,3
Washington,Puget Sound Energy Inc,98257,May,2023,3
Washington,Puget Sound Energy Inc,98258,May,2023,6
Washington,Puget Sound Energy Inc,98260,May,2023,1
Washington,Puget Sound Energy Inc,98262,May,2023,0
Washington,Cascade Natural Gas,98264,May,2023,5
Washington,Puget Sound Energy Inc,98264,May,2023,2
Washington,Puget Sound Energy Inc,98270,May,2023,6
Washington,Cascade Natural Gas,98271,May,2023,0
Washington,Puget Sound Energy Inc,98272,May,2023,2
Washington,Cascade Natural Gas,98273,May,2023,7
Washington,Puget Sound Energy Inc,98273,May,2023,7
Washington,Cascade Natural Gas,98274,May,2023,1
Washington,Puget Sound Energy Inc,98274,May,2023,0
Washington,Cascade Natural Gas,98276,May,2023,1
Washington,Puget Sound Energy Inc,98277,May,2023,5
Washington,Cascade Natural Gas,98277,May,2023,0
Washington,Cascade Natural Gas,98282,May,2023,0
Washington,Cascade Natural Gas,98284,May,2023,11
Washington,Puget Sound Energy Inc,98284,May,2023,4
Washington,Puget Sound Energy Inc,98290,May,2023,0
Washington,Cascade Natural Gas,98292,May,2023,0
Washington,Cascade Natural Gas,98295,May,2023,3
Washington,Puget Sound Energy Inc,98296,May,2023,1
Washington,Northwest Natural Gas Company,98307,May,2023,0
Washington,Puget Sound Energy Inc,98310,May,2023,7
Washington,Cascade Natural Gas,98310,May,2023,7
Washington,Cascade Natural Gas,98311,May,2023,4
Washington,Puget Sound Energy Inc,98311,May,2023,4
Washington,Cascade Natural Gas,98312,May,2023,3
Washington,Puget Sound Energy Inc,98312,May,2023,11
Washington,Puget Sound Energy Inc,98321,May,2023,4
Washington,Puget Sound Energy Inc,98327,May,2023,0
Washington,Puget Sound Energy Inc,98332,May,2023,1
Washington,Puget Sound Energy Inc,98337,May,2023,5
Washington,Cascade Natural Gas,98337,May,2023,1
Washington,Puget Sound Energy Inc,98338,May,2023,5
Washington,Puget Sound Energy Inc,98340,May,2023,1
Washington,Puget Sound Energy Inc,98342,May,2023,1
Washington,Cascade Natural Gas,98345,May,2023,0
Washington,Puget Sound Energy Inc,98345,May,2023,1
Washington,Puget Sound Energy Inc,98346,May,2023,1
Washington,Puget Sound Energy Inc,98354,May,2023,0
Washington,Puget Sound Energy Inc,98359,May,2023,0
Washington,Puget Sound Energy Inc,98360,May,2023,2
Washington,Puget Sound Energy Inc,98366,May,2023,12
Washington,Cascade Natural Gas,98366,May,2023,0
Washington,Cascade Natural Gas,98367,May,2023,1
Washington,Puget Sound Energy Inc,98367,May,2023,9
Washington,Puget Sound Energy Inc,98370,May,2023,6
Washington,Cascade Natural Gas,98370,May,2023,6
Washington,Puget Sound Energy Inc,98371,May,2023,17
Washington,Puget Sound Energy Inc,98372,May,2023,17
Washington,Puget Sound Energy Inc,98373,May,2023,6
Washington,Puget Sound Energy Inc,98374,May,2023,13
Washington,Puget Sound Energy Inc,98375,May,2023,15
Washington,Puget Sound Energy Inc,98380,May,2023,1
Washington,Cascade Natural Gas,98383,May,2023,0
Washington,Puget Sound Energy Inc,98383,May,2023,5
Washington,Puget Sound Energy Inc,98385,May,2023,0
Washington,Puget Sound Energy Inc,98387,May,2023,7
Washington,Puget Sound Energy Inc,98390,May,2023,5
Washington,Puget Sound Energy Inc,98391,May,2023,17
Washington,Puget Sound Energy Inc,98392,May,2023,0
Washington,Puget Sound Energy Inc,98403,May,2023,1
Washington,Puget Sound Energy Inc,98404,May,2023,1
Washington,Puget Sound Energy Inc,98405,May,2023,2
Washington,Puget Sound Energy Inc,98407,May,2023,1
Washington,Puget Sound Energy Inc,98408,May,2023,4
Washington,Puget Sound Energy Inc,98409,May,2023,5
Washington,Puget Sound Energy Inc,98418,May,2023,3
Washington,Puget Sound Energy Inc,98422,May,2023,3
Washington,Puget Sound Energy Inc,98424,May,2023,1
Washington,Puget Sound Energy Inc,98439,May,2023,0
Washington,Puget Sound Energy Inc,98444,May,2023,4
Washington,Puget Sound Energy Inc,98445,May,2023,0
Washington,Puget Sound Energy Inc,98446,May,2023,4
Washington,Puget Sound Energy Inc,98465,May,2023,1
Washington,Puget Sound Energy Inc,98466,May,2023,0
Washington,Puget Sound Energy Inc,98467,May,2023,2
Washington,Puget Sound Energy Inc,98498,May,2023,7
Washington,Puget Sound Energy Inc,98499,May,2023,1
Washington,Puget Sound Energy Inc,98501,May,2023,10
Washington,Puget Sound Energy Inc,98502,May,2023,7
Washington,Puget Sound Energy Inc,98503,May,2023,7
Washington,Puget Sound Energy Inc,98506,May,2023,4
Washington,Puget Sound Energy Inc,98512,May,2023,6
Washington,Puget Sound Energy Inc,98513,May,2023,8
Washington,Puget Sound Energy Inc,98516,May,2023,6
Washington,Cascade Natural Gas,98520,May,2023,9
Washington,Puget Sound Energy Inc,98531,May,2023,3
Washington,Puget Sound Energy Inc,98532,May,2023,0
Washington,Cascade Natural Gas,98541,May,2023,0
Washington,Cascade Natural Gas,98550,May,2023,7
Washington,Cascade Natural Gas,98557,May,2023,0
Washington,Puget Sound Energy Inc,98558,May,2023,1
Washington,Cascade Natural Gas,98563,May,2023,0
Washington,Puget Sound Energy Inc,98576,May,2023,0
Washington,Puget Sound Energy Inc,98579,May,2023,3
Washington,Puget Sound Energy Inc,98580,May,2023,2
Washington,Cascade Natural Gas,98584,May,2023,10
Washington,Puget Sound Energy Inc,98589,May,2023,1
Washington,Puget Sound Energy Inc,98597,May,2023,6
Washington,Northwest Natural Gas Company,98601,May,2023,0
Washington,Northwest Natural Gas Company,98604,May,2023,12
Washington,Northwest Natural Gas Company,98605,May,2023,2
Washington,Northwest Natural Gas Company,98606,May,2023,1
Washington,Northwest Natural Gas Company,98607,May,2023,14
Washington,Northwest Natural Gas Company,98610,May,2023,1
Washington,Cascade Natural Gas,98611,May,2023,1
Washington,Northwest Natural Gas Company,98612,May,2023,0
Washington,Northwest Natural Gas Company,98617,May,2023,0
Washington,Northwest Natural Gas Company,98620,May,2023,0
Washington,Avista Utilities,98620,May,2023,2
Washington,Cascade Natural Gas,98625,May,2023,0
Washington,Cascade Natural Gas,98626,May,2023,1
Washington,Northwest Natural Gas Company,98626,May,2023,0
Washington,Northwest Natural Gas Company,98628,May,2023,1
Washington,Northwest Natural Gas Company,98629,May,2023,1
Washington,Cascade Natural Gas,98632,May,2023,2
Washington,Northwest Natural Gas Company,98635,May,2023,0
Washington,Northwest Natural Gas Company,98639,May,2023,0
Washington,Northwest Natural Gas Company,98642,May,2023,8
Washington,Avista Utilities,98648,May,2023,1
Washington,Northwest Natural Gas Company,98648,May,2023,0
Washington,Northwest Natural Gas Company,98660,May,2023,9
Washington,Northwest Natural Gas Company,98661,May,2023,23
Washington,Northwest Natural Gas Company,98662,May,2023,8
Washington,Northwest Natural Gas Company,98663,May,2023,8
Washington,Northwest Natural Gas Company,98664,May,2023,4
Washington,Northwest Natural Gas Company,98665,May,2023,20
Washington,Northwest Natural Gas Company,98666,May,2023,0
Washington,Northwest Natural Gas Company,98668,May,2023,0
Washington,Northwest Natural Gas Company,98671,May,2023,2
Washington,Northwest Natural Gas Company,98672,May,2023,1
Washington,Northwest Natural Gas Company,98674,May,2023,0
Washington,Cascade Natural Gas,98674,May,2023,0
Washington,Northwest Natural Gas Company,98675,May,2023,0
Washington,Northwest Natural Gas Company,98682,May,2023,17
Washington,Northwest Natural Gas Company,98683,May,2023,3
Washington,Northwest Natural Gas Company,98684,May,2023,6
Washington,Northwest Natural Gas Company,98685,May,2023,17
Washington,Northwest Natural Gas Company,98686,May,2023,6
Washington,Northwest Natural Gas Company,98762,May,2023,0
Washington,Cascade Natural Gas,98801,May,2023,0
Washington,Cascade Natural Gas,98802,May,2023,0
Washington,Cascade Natural Gas,98837,May,2023,1
Washington,Cascade Natural Gas,98848,May,2023,0
Washington,Avista Utilities,98857,May,2023,0
Washington,Cascade Natural Gas,98901,May,2023,12
Washington,Cascade Natural Gas,98902,May,2023,44
Washington,Cascade Natural Gas,98903,May,2023,6
Washington,Cascade Natural Gas,98908,May,2023,6
Washington,PacifiCorp,98908,May,2023,2
Washington,Puget Sound Energy Inc,98922,May,2023,7
Washington,Puget Sound Energy Inc,98925,May,2023,0
Washington,Puget Sound Energy Inc,98926,May,2023,0
Washington,Cascade Natural Gas,98930,May,2023,8
Washington,Cascade Natural Gas,98932,May,2023,0
Washington,PacifiCorp,98932,May,2023,2
Washington,Cascade Natural Gas,98936,May,2023,6
Washington,Puget Sound Energy Inc,98941,May,2023,0
Washington,Cascade Natural Gas,98942,May,2023,4
Washington,Puget Sound Energy Inc,98943,May,2023,0
Washington,Cascade Natural Gas,98944,May,2023,18
Washington,Cascade Natural Gas,98948,May,2023,0
Washington,Cascade Natural Gas,98951,May,2023,0
Washington,Cascade Natural Gas,98953,May,2023,2
Washington,Avista Utilities,99001,May,2023,8
Washington,Avista Utilities,99003,May,2023,3
Washington,Avista Utilities,99004,May,2023,9
Washington,Avista Utilities,99005,May,2023,5
Washington,Avista Utilities,99006,May,2023,5
Washington,Avista Utilities,99008,May,2023,0
Washington,Avista Utilities,99009,May,2023,0
Washington,Avista Utilities,99011,May,2023,0
Washington,Avista Utilities,99012,May,2023,1
Washington,Avista Utilities,99013,May,2023,5
Washington,Avista Utilities,99014,May,2023,0
Washington,Avista Utilities,99016,May,2023,18
Washington,Avista Utilities,99018,May,2023,0
Washington,Avista Utilities,99019,May,2023,10
Washington,Avista Utilities,99020,May,2023,0
Washington,Avista Utilities,99021,May,2023,6
Washington,Avista Utilities,99022,May,2023,5
Washington,Avista Utilities,99023,May,2023,0
Washington,Avista Utilities,99025,May,2023,3
Washington,Avista Utilities,99026,May,2023,0
Washington,Avista Utilities,99027,May,2023,6
Washington,Avista Utilities,99029,May,2023,2
Washington,Avista Utilities,99030,May,2023,1
Washington,Avista Utilities,99031,May,2023,0
Washington,Avista Utilities,99032,May,2023,1
Washington,Avista Utilities,99033,May,2023,0
Washington,Avista Utilities,99034,May,2023,0
Washington,Avista Utilities,99036,May,2023,0
Washington,Avista Utilities,99037,May,2023,6
Washington,Avista Utilities,99039,May,2023,1
Washington,Avista Utilities,99040,May,2023,0
Washington,Avista Utilities,99101,May,2023,3
Washington,Avista Utilities,99102,May,2023,2
Washington,Avista Utilities,99103,May,2023,0
Washington,Avista Utilities,99104,May,2023,0
Washington,Avista Utilities,99107,May,2023,1
Washington,Avista Utilities,99109,May,2023,3
Washington,Avista Utilities,99110,May,2023,0
Washington,Avista Utilities,99111,May,2023,5
Washington,Avista Utilities,99113,May,2023,0
Washington,Avista Utilities,99114,May,2023,23
Washington,Avista Utilities,99117,May,2023,2
Washington,Avista Utilities,99122,May,2023,5
Washington,Avista Utilities,99125,May,2023,0
Washington,Avista Utilities,99126,May,2023,0
Washington,Avista Utilities,99128,May,2023,1
Washington,Avista Utilities,99129,May,2023,3
Washington,Avista Utilities,99130,May,2023,1
Washington,Avista Utilities,99131,May,2023,0
Washington,Avista Utilities,99134,May,2023,0
Washington,Avista Utilities,99137,May,2023,0
Washington,Avista Utilities,99138,May,2023,2
Washington,Avista Utilities,99141,May,2023,16
Washington,Avista Utilities,99143,May,2023,2
Washington,Avista Utilities,99144,May,2023,0
Washington,Avista Utilities,99146,May,2023,0
Washington,Avista Utilities,99148,May,2023,3
Washington,Avista Utilities,99149,May,2023,0
Washington,Avista Utilities,99151,May,2023,0
Washington,Avista Utilities,99156,May,2023,0
Washington,Avista Utilities,99157,May,2023,1
Washington,Avista Utilities,99158,May,2023,0
Washington,Avista Utilities,99159,May,2023,1
Washington,Avista Utilities,99160,May,2023,0
Washington,Avista Utilities,99161,May,2023,1
Washington,Avista Utilities,99163,May,2023,58
Washington,Avista Utilities,99164,May,2023,0
Washington,Avista Utilities,99167,May,2023,1
Washington,Avista Utilities,99169,May,2023,5
Washington,Avista Utilities,99170,May,2023,0
Washington,Avista Utilities,99171,May,2023,1
Washington,Avista Utilities,99173,May,2023,0
Washington,Avista Utilities,99174,May,2023,0
Washington,Avista Utilities,99176,May,2023,0
Washington,Avista Utilities,99179,May,2023,1
Washington,Avista Utilities,99181,May,2023,5
Washington,Avista Utilities,99185,May,2023,1
Washington,Avista Utilities,99201,May,2023,46
Washington,Avista Utilities,99202,May,2023,39
Washington,Avista Utilities,99203,May,2023,26
Washington,Avista Utilities,99204,May,2023,20
Washington,Avista Utilities,99205,May,2023,108
Washington,Avista Utilities,99206,May,2023,29
Washington,Avista Utilities,99207,May,2023,79
Washington,Avista Utilities,99208,May,2023,91
Washington,Avista Utilities,99212,May,2023,36
Washington,Avista Utilities,99216,May,2023,20
Washington,Avista Utilities,99217,May,2023,36
Washington,Avista Utilities,99218,May,2023,22
Washington,Avista Utilities,99219,May,2023,0
Washington,Avista Utilities,99220,May,2023,0
Washington,Avista Utilities,99223,May,2023,39
Washington,Avista Utilities,99224,May,2023,26
Washington,Avista Utilities,99228,May,2023,0
Washington,Avista Utilities,99260,May,2023,0
Washington,Cascade Natural Gas,99301,May,2023,17
Washington,PacifiCorp,99323,May,2023,0
Washington,Cascade Natural Gas,99324,May,2023,3
Washington,PacifiCorp,99324,May,2023,0
Washington,Avista Utilities,99326,May,2023,0
Washington,PacifiCorp,99328,May,2023,21
Washington,Avista Utilities,99335,May,2023,0
Washington,Cascade Natural Gas,99336,May,2023,14
Washington,Cascade Natural Gas,99337,May,2023,9
Washington,Cascade Natural Gas,99338,May,2023,0
Washington,Avista Utilities,99341,May,2023,0
Washington,Cascade Natural Gas,99344,May,2023,1
Washington,Avista Utilities,99344,May,2023,24
Washington,Cascade Natural Gas,99350,May,2023,3
Washington,Cascade Natural Gas,99352,May,2023,0
Washington,Cascade Natural Gas,99353,May,2023,0
Washington,Cascade Natural Gas,99354,May,2023,0
Washington,PacifiCorp,99360,May,2023,0
Washington,PacifiCorp,99362,May,2023,0
Washington,Cascade Natural Gas,99362,May,2023,12
Washington,Avista Utilities,99371,May,2023,1
Washington,Avista Utilities,99402,May,2023,0
Washington,Avista Utilities,99403,May,2023,23
Washington,Northwest Natural Gas Company,97031,November,2023,0
Washington,Northwest Natural Gas Company,97301,November,2023,0
Washington,Northwest Natural Gas Company,97388,November,2023,0
Washington,Puget Sound Energy Inc,98001,November,2023,6
Washington,Puget Sound Energy Inc,98002,November,2023,10
Washington,Puget Sound Energy Inc,98003,November,2023,24
Washington,Puget Sound Energy Inc,98004,November,2023,3
Washington,Puget Sound Energy Inc,98005,November,2023,1
Washington,Puget Sound Energy Inc,98006,November,2023,0
Washington,Puget Sound Energy Inc,98007,November,2023,5
Washington,Puget Sound Energy Inc,98008,November,2023,1
Washington,Puget Sound Energy Inc,98010,November,2023,1
Washington,Puget Sound Energy Inc,98011,November,2023,4
Washington,Puget Sound Energy Inc,98012,November,2023,0
Washington,Puget Sound Energy Inc,98014,November,2023,1
Washington,Puget Sound Energy Inc,98019,November,2023,2
Washington,Puget Sound Energy Inc,98022,November,2023,2
Washington,Puget Sound Energy Inc,98023,November,2023,12
Washington,Puget Sound Energy Inc,98024,November,2023,1
Washington,Northwest Natural Gas Company,98026,November,2023,0
Washington,Puget Sound Energy Inc,98027,November,2023,1
Washington,Puget Sound Energy Inc,98028,November,2023,1
Washington,Puget Sound Energy Inc,98029,November,2023,0
Washington,Puget Sound Energy Inc,98030,November,2023,8
Washington,Puget Sound Energy Inc,98031,November,2023,9
Washington,Puget Sound Energy Inc,98032,November,2023,19
Washington,Puget Sound Energy Inc,98033,November,2023,0
Washington,Puget Sound Energy Inc,98034,November,2023,4
Washington,Puget Sound Energy Inc,98038,November,2023,3
Washington,Puget Sound Energy Inc,98040,November,2023,2
Washington,Puget Sound Energy Inc,98042,November,2023,12
Washington,Puget Sound Energy Inc,98045,November,2023,0
Washington,Puget Sound Energy Inc,98047,November,2023,3
Washington,Puget Sound Energy Inc,98051,November,2023,1
Washington,Puget Sound Energy Inc,98052,November,2023,5
Washington,Puget Sound Energy Inc,98053,November,2023,2
Washington,Puget Sound Energy Inc,98055,November,2023,6
Washington,Puget Sound Energy Inc,98056,November,2023,7
Washington,Puget Sound Energy Inc,98057,November,2023,6
Washington,Puget Sound Energy Inc,98058,November,2023,6
Washington,Puget Sound Energy Inc,98059,November,2023,0
Washington,Puget Sound Energy Inc,98065,November,2023,1
Washington,Puget Sound Energy Inc,98070,November,2023,0
Washington,Puget Sound Energy Inc,98072,November,2023,1
Washington,Puget Sound Energy Inc,98074,November,2023,1
Washington,Puget Sound Energy Inc,98075,November,2023,0
Washington,Puget Sound Energy Inc,98077,November,2023,1
Washington,Puget Sound Energy Inc,98092,November,2023,9
Washington,Puget Sound Energy Inc,98103,November,2023,0
Washington,Puget Sound Energy Inc,98109,November,2023,0
Washington,Puget Sound Energy Inc,98110,November,2023,1
Washington,Northwest Natural Gas Company,98119,November,2023,0
Washington,Northwest Natural Gas Company,98125,November,2023,0
Washington,Northwest Natural Gas Company,98127,November,2023,0
Washington,Puget Sound Energy Inc,98133,November,2023,0
Washington,Puget Sound Energy Inc,98136,November,2023,0
Washington,Puget Sound Energy Inc,98148,November,2023,1
Washington,Puget Sound Energy Inc,98168,November,2023,0
Washington,Puget Sound Energy Inc,98188,November,2023,3
Washington,Puget Sound Energy Inc,98198,November,2023,13
Washington,Northwest Natural Gas Company,98208,November,2023,0
Washington,Cascade Natural Gas,98220,November,2023,0
Washington,Puget Sound Energy Inc,98221,November,2023,0
Washington,Cascade Natural Gas,98221,November,2023,4
Washington,Cascade Natural Gas,98223,November,2023,5
Washington,Puget Sound Energy Inc,98225,November,2023,4
Washington,Cascade Natural Gas,98225,November,2023,3
Washington,Puget Sound Energy Inc,98226,November,2023,7
Washington,Cascade Natural Gas,98226,November,2023,6
Washington,Cascade Natural Gas,98229,November,2023,1
Washington,Puget Sound Energy Inc,98229,November,2023,1
Washington,Cascade Natural Gas,98230,November,2023,7
Washington,Puget Sound Energy Inc,98230,November,2023,1
Washington,Puget Sound Energy Inc,98233,November,2023,2
Washington,Cascade Natural Gas,98233,November,2023,1
Washington,Puget Sound Energy Inc,98236,November,2023,0
Washington,Puget Sound Energy Inc,98237,November,2023,0
Washington,Puget Sound Energy Inc,98239,November,2023,0
Washington,Puget Sound Energy Inc,98240,November,2023,0
Washington,Cascade Natural Gas,98240,November,2023,0
Washington,Puget Sound Energy Inc,98247,November,2023,1
Washington,Cascade Natural Gas,98247,November,2023,4
Washington,Puget Sound Energy Inc,98248,November,2023,0
Washington,Cascade Natural Gas,98248,November,2023,12
Washington,Puget Sound Energy Inc,98249,November,2023,0
Washington,Puget Sound Energy Inc,98252,November,2023,0
Washington,Puget Sound Energy Inc,98255,November,2023,0
Washington,Puget Sound Energy Inc,98257,November,2023,1
Washington,Cascade Natural Gas,98257,November,2023,0
Washington,Puget Sound Energy Inc,98260,November,2023,0
Washington,Cascade Natural Gas,98264,November,2023,2
Washington,Puget Sound Energy Inc,98264,November,2023,0
Washington,Puget Sound Energy Inc,98266,November,2023,0
Washington,Cascade Natural Gas,98271,November,2023,0
Washington,Puget Sound Energy Inc,98273,November,2023,6
Washington,Cascade Natural Gas,98273,November,2023,6
Washington,Puget Sound Energy Inc,98274,November,2023,3
Washington,Cascade Natural Gas,98274,November,2023,4
Washington,Puget Sound Energy Inc,98276,November,2023,0
Washington,Cascade Natural Gas,98276,November,2023,1
Washington,Cascade Natural Gas,98277,November,2023,6
Washington,Puget Sound Energy Inc,98277,November,2023,6
Washington,Cascade Natural Gas,98282,November,2023,0
Washington,Puget Sound Energy Inc,98283,November,2023,1
Washington,Puget Sound Energy Inc,98284,November,2023,7
Washington,Cascade Natural Gas,98284,November,2023,3
Washington,Cascade Natural Gas,98292,November,2023,0
Washington,Cascade Natural Gas,98295,November,2023,1
Washington,Northwest Natural Gas Company,98307,November,2023,0
Washington,Cascade Natural Gas,98310,November,2023,10
Washington,Puget Sound Energy Inc,98310,November,2023,5
Washington,Cascade Natural Gas,98311,November,2023,6
Washington,Puget Sound Energy Inc,98311,November,2023,4
Washington,Puget Sound Energy Inc,98312,November,2023,5
Washington,Cascade Natural Gas,98312,November,2023,8
Washington,Puget Sound Energy Inc,98321,November,2023,0
Washington,Puget Sound Energy Inc,98323,November,2023,1
Washington,Puget Sound Energy Inc,98327,November,2023,2
Washington,Cascade Natural Gas,98337,November,2023,2
Washington,Puget Sound Energy Inc,98337,November,2023,2
Washington,Puget Sound Energy Inc,98338,November,2023,1
Washington,Cascade Natural Gas,98345,November,2023,0
Washington,Puget Sound Energy Inc,98346,November,2023,0
Washington,Puget Sound Energy Inc,98359,November,2023,1
Washington,Puget Sound Energy Inc,98360,November,2023,2
Washington,Puget Sound Energy Inc,98366,November,2023,12
Washington,Cascade Natural Gas,98366,November,2023,0
Washington,Puget Sound Energy Inc,98367,November,2023,4
Washington,Cascade Natural Gas,98367,November,2023,0
Washington,Cascade Natural Gas,98370,November,2023,1
Washington,Puget Sound Energy Inc,98370,November,2023,0
Washington,Puget Sound Energy Inc,98371,November,2023,4
Washington,Puget Sound Energy Inc,98372,November,2023,5
Washington,Puget Sound Energy Inc,98373,November,2023,5
Washington,Puget Sound Energy Inc,98374,November,2023,8
Washington,Puget Sound Energy Inc,98375,November,2023,3
Washington,Puget Sound Energy Inc,98380,November,2023,0
Washington,Cascade Natural Gas,98383,November,2023,1
Washington,Puget Sound Energy Inc,98383,November,2023,1
Washington,Puget Sound Energy Inc,98387,November,2023,3
Washington,Puget Sound Energy Inc,98388,November,2023,0
Washington,Puget Sound Energy Inc,98390,November,2023,2
Washington,Puget Sound Energy Inc,98391,November,2023,4
Washington,Puget Sound Energy Inc,98392,November,2023,0
Washington,Puget Sound Energy Inc,98439,November,2023,2
Washington,Puget Sound Energy Inc,98446,November,2023,2
Washington,Puget Sound Energy Inc,98498,November,2023,5
Washington,Puget Sound Energy Inc,98499,November,2023,0
Washington,Puget Sound Energy Inc,98501,November,2023,5
Washington,Puget Sound Energy Inc,98502,November,2023,5
Washington,Puget Sound Energy Inc,98503,November,2023,6
Washington,Puget Sound Energy Inc,98506,November,2023,2
Washington,Puget Sound Energy Inc,98512,November,2023,9
Washington,Puget Sound Energy Inc,98513,November,2023,4
Washington,Puget Sound Energy Inc,98516,November,2023,4
Washington,Cascade Natural Gas,98520,November,2023,0
Washington,Cascade Natural Gas,98541,November,2023,0
Washington,Cascade Natural Gas,98550,November,2023,1
Washington,Cascade Natural Gas,98557,November,2023,1
Washington,Puget Sound Energy Inc,98558,November,2023,1
Washington,Cascade Natural Gas,98563,November,2023,1
Washington,Puget Sound Energy Inc,98576,November,2023,1
Washington,Puget Sound Energy Inc,98579,November,2023,0
Washington,Puget Sound Energy Inc,98580,November,2023,2
Washington,Cascade Natural Gas,98584,November,2023,2
Washington,Puget Sound Energy Inc,98597,November,2023,2
Washington,Northwest Natural Gas Company,98601,November,2023,0
Washington,Northwest Natural Gas Company,98604,November,2023,12
Washington,Northwest Natural Gas Company,98605,November,2023,0
Washington,Northwest Natural Gas Company,98606,November,2023,0
Washington,Northwest Natural Gas Company,98607,November,2023,1
Washington,Northwest Natural Gas Company,98610,November,2023,0
Washington,Cascade Natural Gas,98611,November,2023,0
Washington,Northwest Natural Gas Company,98612,November,2023,0
Washington,Northwest Natural Gas Company,98617,November,2023,0
Washington,Avista Utilities,98620,November,2023,0
Washington,Northwest Natural Gas Company,98620,November,2023,0
Washington,Cascade Natural Gas,98625,November,2023,0
Washington,Cascade Natural Gas,98626,November,2023,0
Washington,Northwest Natural Gas Company,98626,November,2023,0
Washington,Northwest Natural Gas Company,98628,November,2023,0
Washington,Northwest Natural Gas Company,98629,November,2023,0
Washington,Cascade Natural Gas,98632,November,2023,0
Washington,Northwest Natural Gas Company,98635,November,2023,0
Washington,Northwest Natural Gas Company,98639,November,2023,0
Washington,Northwest Natural Gas Company,98642,November,2023,4
Washington,Northwest Natural Gas Company,98648,November,2023,0
Washington,Avista Utilities,98648,November,2023,0
Washington,Northwest Natural Gas Company,98660,November,2023,0
Washington,Northwest Natural Gas Company,98661,November,2023,8
Washington,Northwest Natural Gas Company,98662,November,2023,0
Washington,Northwest Natural Gas Company,98663,November,2023,0
Washington,Northwest Natural Gas Company,98664,November,2023,8
Washington,Northwest Natural Gas Company,98665,November,2023,8
Washington,Northwest Natural Gas Company,98666,November,2023,0
Washington,Northwest Natural Gas Company,98668,November,2023,0
Washington,Northwest Natural Gas Company,98671,November,2023,0
Washington,Northwest Natural Gas Company,98672,November,2023,0
Washington,Northwest Natural Gas Company,98674,November,2023,0
Washington,Cascade Natural Gas,98674,November,2023,0
Washington,Northwest Natural Gas Company,98675,November,2023,0
Washington,Northwest Natural Gas Company,98682,November,2023,8
Washington,Northwest Natural Gas Company,98683,November,2023,6
Washington,Northwest Natural Gas Company,98684,November,2023,3
Washington,Northwest Natural Gas Company,98685,November,2023,4
Washington,Northwest Natural Gas Company,98686,November,2023,9
Washington,Northwest Natural Gas Company,98762,November,2023,0
Washington,Cascade Natural Gas,98801,November,2023,1
Washington,Cascade Natural Gas,98802,November,2023,0
Washington,Cascade Natural Gas,98837,November,2023,0
Washington,Cascade Natural Gas,98848,November,2023,0
Washington,Avista Utilities,98857,November,2023,0
Washington,PacifiCorp,98901,November,2023,4
Washington,Cascade Natural Gas,98901,November,2023,1
Washington,Cascade Natural Gas,98902,November,2023,7
Washington,PacifiCorp,98902,November,2023,2
Washington,Cascade Natural Gas,98903,November,2023,1
Washington,Cascade Natural Gas,98908,November,2023,4
Washington,Puget Sound Energy Inc,98922,November,2023,2
Washington,Puget Sound Energy Inc,98925,November,2023,1
Washington,Puget Sound Energy Inc,98926,November,2023,0
Washington,Cascade Natural Gas,98930,November,2023,0
Washington,Cascade Natural Gas,98932,November,2023,0
Washington,PacifiCorp,98933,November,2023,1
Washington,PacifiCorp,98933,November,2023,1
Washington,Puget Sound Energy Inc,98934,November,2023,0
Washington,Cascade Natural Gas,98936,November,2023,5
Washington,Puget Sound Energy Inc,98941,November,2023,0
Washington,PacifiCorp,98942,November,2023,8
Washington,PacifiCorp,98942,November,2023,1
Washington,Cascade Natural Gas,98942,November,2023,2
Washington,Cascade Natural Gas,98944,November,2023,6
Washington,Puget Sound Energy Inc,98946,November,2023,0
Washington,PacifiCorp,98948,November,2023,4
Washington,Cascade Natural Gas,98948,November,2023,3
Washington,PacifiCorp,98951,November,2023,1
Washington,Cascade Natural Gas,98951,November,2023,0
Washington,Cascade Natural Gas,98953,November,2023,1
Washington,Avista Utilities,99001,November,2023,0
Washington,Avista Utilities,99003,November,2023,0
Washington,Avista Utilities,99004,November,2023,0
Washington,Avista Utilities,99005,November,2023,1
Washington,Avista Utilities,99006,November,2023,0
Washington,Avista Utilities,99008,November,2023,0
Washington,Avista Utilities,99009,November,2023,0
Washington,Avista Utilities,99011,November,2023,0
Washington,Avista Utilities,99012,November,2023,1
Washington,Avista Utilities,99013,November,2023,0
Washington,Avista Utilities,99014,November,2023,0
Washington,Avista Utilities,99016,November,2023,4
Washington,Avista Utilities,99018,November,2023,0
Washington,Avista Utilities,99019,November,2023,2
Washington,Avista Utilities,99020,November,2023,0
Washington,Avista Utilities,99021,November,2023,2
Washington,Avista Utilities,99022,November,2023,0
Washington,Avista Utilities,99023,November,2023,0
Washington,Avista Utilities,99025,November,2023,0
Washington,Avista Utilities,99026,November,2023,0
Washington,Avista Utilities,99027,November,2023,1
Washington,Avista Utilities,99029,November,2023,0
Washington,Avista Utilities,99030,November,2023,0
Washington,Avista Utilities,99031,November,2023,0
Washington,Avista Utilities,99032,November,2023,3
Washington,Avista Utilities,99033,November,2023,0
Washington,Avista Utilities,99034,November,2023,0
Washington,Avista Utilities,99036,November,2023,0
Washington,Avista Utilities,99037,November,2023,0
Washington,Avista Utilities,99039,November,2023,0
Washington,Avista Utilities,99040,November,2023,0
Washington,Avista Utilities,99101,November,2023,1
Washington,Avista Utilities,99102,November,2023,0
Washington,Avista Utilities,99103,November,2023,0
Washington,Avista Utilities,99104,November,2023,0
Washington,Avista Utilities,99107,November,2023,0
Washington,Avista Utilities,99109,November,2023,1
Washington,Avista Utilities,99110,November,2023,1
Washington,Avista Utilities,99111,November,2023,0
Washington,Avista Utilities,99113,November,2023,0
Washington,Avista Utilities,99114,November,2023,7
Washington,Avista Utilities,99117,November,2023,0
Washington,Avista Utilities,99122,November,2023,0
Washington,Avista Utilities,99125,November,2023,0
Washington,Avista Utilities,99126,November,2023,1
Washington,Avista Utilities,99128,November,2023,1
Washington,Avista Utilities,99129,November,2023,0
Washington,Avista Utilities,99130,November,2023,0
Washington,Avista Utilities,99131,November,2023,0
Washington,Avista Utilities,99134,November,2023,0
Washington,Avista Utilities,99137,November,2023,0
Washington,Avista Utilities,99138,November,2023,0
Washington,Avista Utilities,99141,November,2023,2
Washington,Avista Utilities,99143,November,2023,0
Washington,Avista Utilities,99144,November,2023,0
Washington,Avista Utilities,99146,November,2023,0
Washington,Avista Utilities,99148,November,2023,1
Washington,Avista Utilities,99149,November,2023,0
Washington,Avista Utilities,99151,November,2023,0
Washington,Avista Utilities,99156,November,2023,0
Washington,Avista Utilities,99157,November,2023,0
Washington,Avista Utilities,99158,November,2023,0
Washington,Avista Utilities,99159,November,2023,0
Washington,Avista Utilities,99160,November,2023,0
Washington,Avista Utilities,99161,November,2023,2
Washington,Avista Utilities,99163,November,2023,3
Washington,Avista Utilities,99164,November,2023,0
Washington,Avista Utilities,99167,November,2023,0
Washington,Avista Utilities,99169,November,2023,0
Washington,Avista Utilities,99170,November,2023,0
Washington,Avista Utilities,99171,November,2023,0
Washington,Avista Utilities,99173,November,2023,2
Washington,Avista Utilities,99174,November,2023,0
Washington,Avista Utilities,99176,November,2023,0
Washington,Avista Utilities,99179,November,2023,0
Washington,Avista Utilities,99181,November,2023,2
Washington,Avista Utilities,99185,November,2023,1
Washington,Avista Utilities,99201,November,2023,2
Washington,Avista Utilities,99202,November,2023,0
Washington,Avista Utilities,99203,November,2023,4
Washington,Avista Utilities,99204,November,2023,1
Washington,Avista Utilities,99205,November,2023,22
Washington,Avista Utilities,99206,November,2023,10
Washington,Avista Utilities,99207,November,2023,48
Washington,Avista Utilities,99208,November,2023,25
Washington,Avista Utilities,99212,November,2023,6
Washington,Avista Utilities,99216,November,2023,2
Washington,Avista Utilities,99217,November,2023,9
Washington,Avista Utilities,99218,November,2023,4
Washington,Avista Utilities,99219,November,2023,0
Washington,Avista Utilities,99220,November,2023,0
Washington,Avista Utilities,99223,November,2023,14
Washington,Avista Utilities,99224,November,2023,1
Washington,Avista Utilities,99228,November,2023,0
Washington,Avista Utilities,99260,November,2023,0
Washington,Cascade Natural Gas,99301,November,2023,5
Washington,Cascade Natural Gas,99324,November,2023,1
Washington,PacifiCorp,99324,November,2023,1
Washington,Avista Utilities,99326,November,2023,0
Washington,Avista Utilities,99335,November,2023,0
Washington,Cascade Natural Gas,99336,November,2023,2
Washington,Cascade Natural Gas,99337,November,2023,2
Washington,Cascade Natural Gas,99338,November,2023,0
Washington,Avista Utilities,99341,November,2023,0
Washington,Avista Utilities,99344,November,2023,1
Washington,Cascade Natural Gas,99344,November,2023,0
Washington,PacifiCorp,99348,November,2023,2
Washington,Cascade Natural Gas,99350,November,2023,1
Washington,Cascade Natural Gas,99352,November,2023,2
Washington,Cascade Natural Gas,99353,November,2023,0
Washington,Cascade Natural Gas,99354,November,2023,1
Washington,PacifiCorp,99361,November,2023,2
Washington,Cascade Natural Gas,99362,November,2023,6
Washington,PacifiCorp,99362,November,2023,17
Washington,Avista Utilities,99371,November,2023,0
Washington,Avista Utilities,99402,November,2023,0
Washington,Avista Utilities,99403,November,2023,1
Washington,Northwest Natural Gas Company,97031,October,2023,0
Washington,Northwest Natural Gas Company,97301,October,2023,0
Washington,Northwest Natural Gas Company,97388,October,2023,0
Washington,Puget Sound Energy Inc,98001,October,2023,12
Washington,Puget Sound Energy Inc,98002,October,2023,20
Washington,Puget Sound Energy Inc,98003,October,2023,25
Washington,Puget Sound Energy Inc,98004,October,2023,10
Washington,Puget Sound Energy Inc,98005,October,2023,4
Washington,Puget Sound Energy Inc,98006,October,2023,3
Washington,Puget Sound Energy Inc,98007,October,2023,7
Washington,Puget Sound Energy Inc,98008,October,2023,3
Washington,Puget Sound Energy Inc,98010,October,2023,3
Washington,Puget Sound Energy Inc,98011,October,2023,2
Washington,Puget Sound Energy Inc,98012,October,2023,1
Washington,Puget Sound Energy Inc,98014,October,2023,2
Washington,Puget Sound Energy Inc,98019,October,2023,2
Washington,Puget Sound Energy Inc,98022,October,2023,4
Washington,Puget Sound Energy Inc,98023,October,2023,25
Washington,Puget Sound Energy Inc,98024,October,2023,0
Washington,Northwest Natural Gas Company,98026,October,2023,0
Washington,Puget Sound Energy Inc,98027,October,2023,2
Washington,Puget Sound Energy Inc,98028,October,2023,2
Washington,Puget Sound Energy Inc,98029,October,2023,8
Washington,Puget Sound Energy Inc,98030,October,2023,22
Washington,Puget Sound Energy Inc,98031,October,2023,18
Washington,Puget Sound Energy Inc,98032,October,2023,11
Washington,Puget Sound Energy Inc,98033,October,2023,3
Washington,Puget Sound Energy Inc,98034,October,2023,6
Washington,Puget Sound Energy Inc,98038,October,2023,5
Washington,Puget Sound Energy Inc,98040,October,2023,1
Washington,Puget Sound Energy Inc,98042,October,2023,15
Washington,Puget Sound Energy Inc,98045,October,2023,0
Washington,Puget Sound Energy Inc,98047,October,2023,2
Washington,Puget Sound Energy Inc,98051,October,2023,3
Washington,Puget Sound Energy Inc,98052,October,2023,6
Washington,Puget Sound Energy Inc,98053,October,2023,3
Washington,Puget Sound Energy Inc,98055,October,2023,11
Washington,Puget Sound Energy Inc,98056,October,2023,22
Washington,Puget Sound Energy Inc,98057,October,2023,7
Washington,Puget Sound Energy Inc,98058,October,2023,9
Washington,Puget Sound Energy Inc,98059,October,2023,14
Washington,Puget Sound Energy Inc,98065,October,2023,2
Washington,Puget Sound Energy Inc,98070,October,2023,3
Washington,Puget Sound Energy Inc,98072,October,2023,0
Washington,Puget Sound Energy Inc,98074,October,2023,3
Washington,Puget Sound Energy Inc,98075,October,2023,3
Washington,Puget Sound Energy Inc,98077,October,2023,0
Washington,Puget Sound Energy Inc,98092,October,2023,12
Washington,Puget Sound Energy Inc,98103,October,2023,1
Washington,Puget Sound Energy Inc,98109,October,2023,0
Washington,Puget Sound Energy Inc,98110,October,2023,1
Washington,Northwest Natural Gas Company,98119,October,2023,0
Washington,Northwest Natural Gas Company,98125,October,2023,0
Washington,Northwest Natural Gas Company,98127,October,2023,0
Washington,Puget Sound Energy Inc,98133,October,2023,0
Washington,Puget Sound Energy Inc,98136,October,2023,1
Washington,Puget Sound Energy Inc,98148,October,2023,1
Washington,Puget Sound Energy Inc,98168,October,2023,2
Washington,Puget Sound Energy Inc,98188,October,2023,7
Washington,Puget Sound Energy Inc,98198,October,2023,14
Washington,Northwest Natural Gas Company,98208,October,2023,0
Washington,Cascade Natural Gas,98220,October,2023,0
Washington,Puget Sound Energy Inc,98221,October,2023,4
Washington,Cascade Natural Gas,98221,October,2023,7
Washington,Cascade Natural Gas,98223,October,2023,2
Washington,Cascade Natural Gas,98225,October,2023,6
Washington,Puget Sound Energy Inc,98225,October,2023,6
Washington,Cascade Natural Gas,98226,October,2023,7
Washington,Puget Sound Energy Inc,98226,October,2023,7
Washington,Puget Sound Energy Inc,98229,October,2023,4
Washington,Cascade Natural Gas,98229,October,2023,5
Washington,Puget Sound Energy Inc,98230,October,2023,1
Washington,Cascade Natural Gas,98230,October,2023,3
Washington,Cascade Natural Gas,98233,October,2023,1
Washington,Puget Sound Energy Inc,98233,October,2023,3
Washington,Puget Sound Energy Inc,98236,October,2023,1
Washington,Puget Sound Energy Inc,98237,October,2023,2
Washington,Puget Sound Energy Inc,98239,October,2023,0
Washington,Cascade Natural Gas,98240,October,2023,0
Washington,Puget Sound Energy Inc,98240,October,2023,1
Washington,Cascade Natural Gas,98247,October,2023,0
Washington,Puget Sound Energy Inc,98247,October,2023,2
Washington,Puget Sound Energy Inc,98248,October,2023,5
Washington,Cascade Natural Gas,98248,October,2023,8
Washington,Puget Sound Energy Inc,98249,October,2023,1
Washington,Puget Sound Energy Inc,98252,October,2023,1
Washington,Puget Sound Energy Inc,98255,October,2023,1
Washington,Puget Sound Energy Inc,98257,October,2023,2
Washington,Cascade Natural Gas,98257,October,2023,1
Washington,Puget Sound Energy Inc,98260,October,2023,1
Washington,Puget Sound Energy Inc,98264,October,2023,3
Washington,Cascade Natural Gas,98264,October,2023,8
Washington,Puget Sound Energy Inc,98266,October,2023,3
Washington,Cascade Natural Gas,98271,October,2023,1
Washington,Puget Sound Energy Inc,98273,October,2023,3
Washington,Cascade Natural Gas,98273,October,2023,8
Washington,Cascade Natural Gas,98274,October,2023,6
Washington,Puget Sound Energy Inc,98274,October,2023,1
Washington,Cascade Natural Gas,98276,October,2023,0
Washington,Puget Sound Energy Inc,98276,October,2023,1
Washington,Puget Sound Energy Inc,98277,October,2023,6
Washington,Cascade Natural Gas,98277,October,2023,4
Washington,Cascade Natural Gas,98282,October,2023,0
Washington,Puget Sound Energy Inc,98283,October,2023,0
Washington,Puget Sound Energy Inc,98284,October,2023,8
Washington,Cascade Natural Gas,98284,October,2023,1
Washington,Cascade Natural Gas,98292,October,2023,0
Washington,Cascade Natural Gas,98295,October,2023,0
Washington,Northwest Natural Gas Company,98307,October,2023,0
Washington,Cascade Natural Gas,98310,October,2023,12
Washington,Puget Sound Energy Inc,98310,October,2023,9
Washington,Puget Sound Energy Inc,98311,October,2023,3
Washington,Cascade Natural Gas,98311,October,2023,6
Washington,Puget Sound Energy Inc,98312,October,2023,12
Washington,Cascade Natural Gas,98312,October,2023,5
Washington,Puget Sound Energy Inc,98321,October,2023,1
Washington,Puget Sound Energy Inc,98323,October,2023,0
Washington,Puget Sound Energy Inc,98327,October,2023,2
Washington,Cascade Natural Gas,98337,October,2023,1
Washington,Puget Sound Energy Inc,98337,October,2023,1
Washington,Puget Sound Energy Inc,98338,October,2023,3
Washington,Cascade Natural Gas,98345,October,2023,0
Washington,Puget Sound Energy Inc,98346,October,2023,1
Washington,Puget Sound Energy Inc,98359,October,2023,0
Washington,Puget Sound Energy Inc,98360,October,2023,6
Washington,Cascade Natural Gas,98366,October,2023,3
Washington,Puget Sound Energy Inc,98366,October,2023,11
Washington,Puget Sound Energy Inc,98367,October,2023,6
Washington,Cascade Natural Gas,98367,October,2023,2
Washington,Cascade Natural Gas,98370,October,2023,2
Washington,Puget Sound Energy Inc,98370,October,2023,0
Washington,Puget Sound Energy Inc,98371,October,2023,7
Washington,Puget Sound Energy Inc,98372,October,2023,9
Washington,Puget Sound Energy Inc,98373,October,2023,6
Washington,Puget Sound Energy Inc,98374,October,2023,13
Washington,Puget Sound Energy Inc,98375,October,2023,6
Washington,Puget Sound Energy Inc,98380,October,2023,4
Washington,Puget Sound Energy Inc,98383,October,2023,2
Washington,Cascade Natural Gas,98383,October,2023,2
Washington,Puget Sound Energy Inc,98387,October,2023,3
Washington,Puget Sound Energy Inc,98388,October,2023,1
Washington,Puget Sound Energy Inc,98390,October,2023,4
Washington,Puget Sound Energy Inc,98391,October,2023,10
Washington,Puget Sound Energy Inc,98392,October,2023,1
Washington,Puget Sound Energy Inc,98439,October,2023,1
Washington,Puget Sound Energy Inc,98446,October,2023,2
Washington,Puget Sound Energy Inc,98498,October,2023,8
Washington,Puget Sound Energy Inc,98499,October,2023,1
Washington,Puget Sound Energy Inc,98501,October,2023,8
Washington,Puget Sound Energy Inc,98502,October,2023,7
Washington,Puget Sound Energy Inc,98503,October,2023,10
Washington,Puget Sound Energy Inc,98506,October,2023,3
Washington,Puget Sound Energy Inc,98512,October,2023,4
Washington,Puget Sound Energy Inc,98513,October,2023,5
Washington,Puget Sound Energy Inc,98516,October,2023,5
Washington,Cascade Natural Gas,98520,October,2023,2
Washington,Cascade Natural Gas,98541,October,2023,2
Washington,Cascade Natural Gas,98550,October,2023,3
Washington,Cascade Natural Gas,98557,October,2023,0
Washington,Puget Sound Energy Inc,98558,October,2023,0
Washington,Cascade Natural Gas,98563,October,2023,1
Washington,Puget Sound Energy Inc,98576,October,2023,2
Washington,Puget Sound Energy Inc,98579,October,2023,3
Washington,Puget Sound Energy Inc,98580,October,2023,2
Washington,Cascade Natural Gas,98584,October,2023,3
Washington,Puget Sound Energy Inc,98597,October,2023,4
Washington,Northwest Natural Gas Company,98601,October,2023,0
Washington,Northwest Natural Gas Company,98604,October,2023,0
Washington,Northwest Natural Gas Company,98605,October,2023,0
Washington,Northwest Natural Gas Company,98606,October,2023,0
Washington,Northwest Natural Gas Company,98607,October,2023,3
Washington,Northwest Natural Gas Company,98610,October,2023,1
Washington,Cascade Natural Gas,98611,October,2023,0
Washington,Northwest Natural Gas Company,98612,October,2023,0
Washington,Northwest Natural Gas Company,98617,October,2023,0
Washington,Avista Utilities,98620,October,2023,0
Washington,Northwest Natural Gas Company,98620,October,2023,0
Washington,Cascade Natural Gas,98625,October,2023,1
Washington,Northwest Natural Gas Company,98626,October,2023,0
Washington,Cascade Natural Gas,98626,October,2023,1
Washington,Northwest Natural Gas Company,98628,October,2023,0
Washington,Northwest Natural Gas Company,98629,October,2023,2
Washington,Cascade Natural Gas,98632,October,2023,1
Washington,Northwest Natural Gas Company,98635,October,2023,0
Washington,Northwest Natural Gas Company,98639,October,2023,0
Washington,Northwest Natural Gas Company,98642,October,2023,4
Washington,Northwest Natural Gas Company,98648,October,2023,0
Washington,Avista Utilities,98648,October,2023,0
Washington,Northwest Natural Gas Company,98660,October,2023,3
Washington,Northwest Natural Gas Company,98661,October,2023,18
Washington,Northwest Natural Gas Company,98662,October,2023,10
Washington,Northwest Natural Gas Company,98663,October,2023,1
Washington,Northwest Natural Gas Company,98664,October,2023,6
Washington,Northwest Natural Gas Company,98665,October,2023,16
Washington,Northwest Natural Gas Company,98666,October,2023,0
Washington,Northwest Natural Gas Company,98668,October,2023,0
Washington,Northwest Natural Gas Company,98671,October,2023,9
Washington,Northwest Natural Gas Company,98672,October,2023,0
Washington,Northwest Natural Gas Company,98674,October,2023,0
Washington,Cascade Natural Gas,98674,October,2023,1
Washington,Northwest Natural Gas Company,98675,October,2023,0
Washington,Northwest Natural Gas Company,98682,October,2023,5
Washington,Northwest Natural Gas Company,98683,October,2023,3
Washington,Northwest Natural Gas Company,98684,October,2023,8
Washington,Northwest Natural Gas Company,98685,October,2023,2
Washington,Northwest Natural Gas Company,98686,October,2023,4
Washington,Northwest Natural Gas Company,98762,October,2023,0
Washington,Cascade Natural Gas,98801,October,2023,3
Washington,Cascade Natural Gas,98802,October,2023,1
Washington,Cascade Natural Gas,98837,October,2023,1
Washington,Cascade Natural Gas,98848,October,2023,0
Washington,Avista Utilities,98857,October,2023,0
Washington,Cascade Natural Gas,98901,October,2023,7
Washington,PacifiCorp,98901,October,2023,9
Washington,Cascade Natural Gas,98902,October,2023,21
Washington,PacifiCorp,98902,October,2023,13
Washington,Cascade Natural Gas,98903,October,2023,5
Washington,PacifiCorp,98903,October,2023,4
Washington,PacifiCorp,98908,October,2023,3
Washington,Cascade Natural Gas,98908,October,2023,10
Washington,Puget Sound Energy Inc,98922,October,2023,0
Washington,Puget Sound Energy Inc,98925,October,2023,1
Washington,Puget Sound Energy Inc,98926,October,2023,1
Washington,Cascade Natural Gas,98930,October,2023,0
Washington,Cascade Natural Gas,98932,October,2023,0
Washington,Puget Sound Energy Inc,98934,October,2023,1
Washington,PacifiCorp,98936,October,2023,3
Washington,Cascade Natural Gas,98936,October,2023,1
Washington,PacifiCorp,98938,October,2023,2
Washington,Puget Sound Energy Inc,98941,October,2023,1
Washington,Cascade Natural Gas,98942,October,2023,8
Washington,Cascade Natural Gas,98944,October,2023,5
Washington,Puget Sound Energy Inc,98946,October,2023,1
Washington,Cascade Natural Gas,98948,October,2023,4
Washington,PacifiCorp,98951,October,2023,3
Washington,Cascade Natural Gas,98951,October,2023,0
Washington,Cascade Natural Gas,98953,October,2023,2
Washington,Avista Utilities,99001,October,2023,4
Washington,Avista Utilities,99003,October,2023,11
Washington,Avista Utilities,99004,October,2023,10
Washington,Avista Utilities,99005,October,2023,4
Washington,Avista Utilities,99006,October,2023,14
Washington,Avista Utilities,99008,October,2023,0
Washington,Avista Utilities,99009,October,2023,1
Washington,Avista Utilities,99011,October,2023,0
Washington,Avista Utilities,99012,October,2023,0
Washington,Avista Utilities,99013,October,2023,1
Washington,Avista Utilities,99014,October,2023,0
Washington,Avista Utilities,99016,October,2023,26
Washington,Avista Utilities,99018,October,2023,0
Washington,Avista Utilities,99019,October,2023,10
Washington,Avista Utilities,99020,October,2023,0
Washington,Avista Utilities,99021,October,2023,4
Washington,Avista Utilities,99022,October,2023,14
Washington,Avista Utilities,99023,October,2023,0
Washington,Avista Utilities,99025,October,2023,2
Washington,Avista Utilities,99026,October,2023,1
Washington,Avista Utilities,99027,October,2023,9
Washington,Avista Utilities,99029,October,2023,0
Washington,Avista Utilities,99030,October,2023,0
Washington,Avista Utilities,99031,October,2023,0
Washington,Avista Utilities,99032,October,2023,0
Washington,Avista Utilities,99033,October,2023,4
Washington,Avista Utilities,99034,October,2023,0
Washington,Avista Utilities,99036,October,2023,0
Washington,Avista Utilities,99037,October,2023,0
Washington,Avista Utilities,99039,October,2023,0
Washington,Avista Utilities,99040,October,2023,0
Washington,Avista Utilities,99101,October,2023,0
Washington,Avista Utilities,99102,October,2023,0
Washington,Avista Utilities,99103,October,2023,1
Washington,Avista Utilities,99104,October,2023,0
Washington,Avista Utilities,99107,October,2023,0
Washington,Avista Utilities,99109,October,2023,3
Washington,Avista Utilities,99110,October,2023,3
Washington,Avista Utilities,99111,October,2023,0
Washington,Avista Utilities,99113,October,2023,0
Washington,Avista Utilities,99114,October,2023,7
Washington,Avista Utilities,99117,October,2023,0
Washington,Avista Utilities,99122,October,2023,2
Washington,Avista Utilities,99125,October,2023,1
Washington,Avista Utilities,99126,October,2023,1
Washington,Avista Utilities,99128,October,2023,0
Washington,Avista Utilities,99129,October,2023,0
Washington,Avista Utilities,99130,October,2023,1
Washington,Avista Utilities,99131,October,2023,1
Washington,Avista Utilities,99134,October,2023,0
Washington,Avista Utilities,99137,October,2023,0
Washington,Avista Utilities,99138,October,2023,1
Washington,Avista Utilities,99141,October,2023,5
Washington,Avista Utilities,99143,October,2023,1
Washington,Avista Utilities,99144,October,2023,0
Washington,Avista Utilities,99146,October,2023,0
Washington,Avista Utilities,99148,October,2023,1
Washington,Avista Utilities,99149,October,2023,0
Washington,Avista Utilities,99151,October,2023,0
Washington,Avista Utilities,99156,October,2023,0
Washington,Avista Utilities,99157,October,2023,0
Washington,Avista Utilities,99158,October,2023,1
Washington,Avista Utilities,99159,October,2023,1
Washington,Avista Utilities,99160,October,2023,1
Washington,Avista Utilities,99161,October,2023,1
Washington,Avista Utilities,99163,October,2023,26
Washington,Avista Utilities,99164,October,2023,0
Washington,Avista Utilities,99167,October,2023,1
Washington,Avista Utilities,99169,October,2023,6
Washington,Avista Utilities,99170,October,2023,1
Washington,Avista Utilities,99171,October,2023,0
Washington,Avista Utilities,99173,October,2023,3
Washington,Avista Utilities,99174,October,2023,0
Washington,Avista Utilities,99176,October,2023,0
Washington,Avista Utilities,99179,October,2023,1
Washington,Avista Utilities,99181,October,2023,1
Washington,Avista Utilities,99185,October,2023,0
Washington,Avista Utilities,99201,October,2023,36
Washington,Avista Utilities,99202,October,2023,34
Washington,Avista Utilities,99203,October,2023,12
Washington,Avista Utilities,99204,October,2023,11
Washington,Avista Utilities,99205,October,2023,62
Washington,Avista Utilities,99206,October,2023,23
Washington,Avista Utilities,99207,October,2023,75
Washington,Avista Utilities,99208,October,2023,85
Washington,Avista Utilities,99212,October,2023,33
Washington,Avista Utilities,99216,October,2023,21
Washington,Avista Utilities,99217,October,2023,27
Washington,Avista Utilities,99218,October,2023,16
Washington,Avista Utilities,99219,October,2023,0
Washington,Avista Utilities,99220,October,2023,0
Washington,Avista Utilities,99223,October,2023,35
Washington,Avista Utilities,99224,October,2023,24
Washington,Avista Utilities,99228,October,2023,0
Washington,Avista Utilities,99260,October,2023,0
Washington,Cascade Natural Gas,99301,October,2023,13
Washington,Cascade Natural Gas,99324,October,2023,0
Washington,PacifiCorp,99324,October,2023,11
Washington,Avista Utilities,99326,October,2023,0
Washington,PacifiCorp,99328,October,2023,6
Washington,Avista Utilities,99335,October,2023,0
Washington,Cascade Natural Gas,99336,October,2023,7
Washington,Cascade Natural Gas,99337,October,2023,1
Washington,Cascade Natural Gas,99338,October,2023,1
Washington,Avista Utilities,99341,October,2023,0
Washington,Avista Utilities,99344,October,2023,17
Washington,Cascade Natural Gas,99344,October,2023,2
Washington,PacifiCorp,99347,October,2023,1
Washington,Cascade Natural Gas,99350,October,2023,1
Washington,Cascade Natural Gas,99352,October,2023,2
Washington,Cascade Natural Gas,99353,October,2023,1
Washington,Cascade Natural Gas,99354,October,2023,0
Washington,PacifiCorp,99361,October,2023,2
Washington,Cascade Natural Gas,99362,October,2023,12
Washington,PacifiCorp,99362,October,2023,39
Washington,Avista Utilities,99371,October,2023,0
Washington,Avista Utilities,99402,October,2023,1
Washington,Avista Utilities,99403,October,2023,30
Washington,Northwest Natural Gas Company,97031,September,2023,0
Washington,Northwest Natural Gas Company,97301,September,2023,0
Washington,Northwest Natural Gas Company,97388,September,2023,0
Washington,Puget Sound Energy Inc,98001,September,2023,11
Washington,Puget Sound Energy Inc,98002,September,2023,15
Washington,Puget Sound Energy Inc,98003,September,2023,22
Washington,Puget Sound Energy Inc,98004,September,2023,6
Washington,Puget Sound Energy Inc,98005,September,2023,2
Washington,Puget Sound Energy Inc,98006,September,2023,3
Washington,Puget Sound Energy Inc,98007,September,2023,4
Washington,Puget Sound Energy Inc,98008,September,2023,2
Washington,Puget Sound Energy Inc,98010,September,2023,2
Washington,Puget Sound Energy Inc,98011,September,2023,3
Washington,Puget Sound Energy Inc,98014,September,2023,1
Washington,Puget Sound Energy Inc,98019,September,2023,1
Washington,Puget Sound Energy Inc,98020,September,2023,0
Washington,Puget Sound Energy Inc,98022,September,2023,1
Washington,Puget Sound Energy Inc,98023,September,2023,19
Washington,Puget Sound Energy Inc,98024,September,2023,3
Washington,Northwest Natural Gas Company,98026,September,2023,0
Washington,Puget Sound Energy Inc,98027,September,2023,3
Washington,Puget Sound Energy Inc,98028,September,2023,3
Washington,Puget Sound Energy Inc,98029,September,2023,3
Washington,Puget Sound Energy Inc,98030,September,2023,14
Washington,Puget Sound Energy Inc,98031,September,2023,15
Washington,Puget Sound Energy Inc,98032,September,2023,16
Washington,Puget Sound Energy Inc,98033,September,2023,6
Washington,Puget Sound Energy Inc,98034,September,2023,10
Washington,Puget Sound Energy Inc,98036,September,2023,0
Washington,Puget Sound Energy Inc,98038,September,2023,5
Washington,Puget Sound Energy Inc,98039,September,2023,1
Washington,Puget Sound Energy Inc,98040,September,2023,0
Washington,Puget Sound Energy Inc,98042,September,2023,8
Washington,Puget Sound Energy Inc,98045,September,2023,5
Washington,Puget Sound Energy Inc,98047,September,2023,2
Washington,Puget Sound Energy Inc,98051,September,2023,1
Washington,Puget Sound Energy Inc,98052,September,2023,8
Washington,Puget Sound Energy Inc,98053,September,2023,0
Washington,Puget Sound Energy Inc,98055,September,2023,8
Washington,Puget Sound Energy Inc,98056,September,2023,7
Washington,Puget Sound Energy Inc,98057,September,2023,5
Washington,Puget Sound Energy Inc,98058,September,2023,4
Washington,Puget Sound Energy Inc,98059,September,2023,1
Washington,Puget Sound Energy Inc,98065,September,2023,2
Washington,Puget Sound Energy Inc,98070,September,2023,0
Washington,Puget Sound Energy Inc,98074,September,2023,0
Washington,Puget Sound Energy Inc,98075,September,2023,0
Washington,Puget Sound Energy Inc,98077,September,2023,0
Washington,Puget Sound Energy Inc,98092,September,2023,18
Washington,Puget Sound Energy Inc,98104,September,2023,1
Washington,Puget Sound Energy Inc,98118,September,2023,0
Washington,Northwest Natural Gas Company,98119,September,2023,0
Washington,Puget Sound Energy Inc,98125,September,2023,0
Washington,Northwest Natural Gas Company,98125,September,2023,0
Washington,Puget Sound Energy Inc,98126,September,2023,0
Washington,Northwest Natural Gas Company,98127,September,2023,0
Washington,Puget Sound Energy Inc,98133,September,2023,0
Washington,Puget Sound Energy Inc,98148,September,2023,2
Washington,Puget Sound Energy Inc,98166,September,2023,0
Washington,Puget Sound Energy Inc,98188,September,2023,6
Washington,Puget Sound Energy Inc,98198,September,2023,10
Washington,Puget Sound Energy Inc,98204,September,2023,0
Washington,Puget Sound Energy Inc,98208,September,2023,0
Washington,Northwest Natural Gas Company,98208,September,2023,0
Washington,Cascade Natural Gas,98220,September,2023,0
Washington,Cascade Natural Gas,98221,September,2023,16
Washington,Puget Sound Energy Inc,98221,September,2023,2
Washington,Cascade Natural Gas,98223,September,2023,3
Washington,Puget Sound Energy Inc,98224,September,2023,0
Washington,Puget Sound Energy Inc,98225,September,2023,3
Washington,Cascade Natural Gas,98225,September,2023,15
Washington,Cascade Natural Gas,98226,September,2023,10
Washington,Puget Sound Energy Inc,98226,September,2023,6
Washington,Puget Sound Energy Inc,98229,September,2023,5
Washington,Cascade Natural Gas,98229,September,2023,5
Washington,Cascade Natural Gas,98230,September,2023,7
Washington,Puget Sound Energy Inc,98230,September,2023,2
Washington,Puget Sound Energy Inc,98233,September,2023,1
Washington,Cascade Natural Gas,98233,September,2023,4
Washington,Puget Sound Energy Inc,98235,September,2023,1
Washington,Puget Sound Energy Inc,98236,September,2023,1
Washington,Puget Sound Energy Inc,98237,September,2023,0
Washington,Puget Sound Energy Inc,98239,September,2023,0
Washington,Puget Sound Energy Inc,98240,September,2023,1
Washington,Cascade Natural Gas,98240,September,2023,0
Washington,Puget Sound Energy Inc,98247,September,2023,1
Washington,Cascade Natural Gas,98247,September,2023,5
Washington,Puget Sound Energy Inc,98248,September,2023,5
Washington,Cascade Natural Gas,98248,September,2023,8
Washington,Puget Sound Energy Inc,98249,September,2023,2
Washington,Puget Sound Energy Inc,98255,September,2023,0
Washington,Cascade Natural Gas,98257,September,2023,1
Washington,Puget Sound Energy Inc,98257,September,2023,2
Washington,Puget Sound Energy Inc,98260,September,2023,2
Washington,Puget Sound Energy Inc,98264,September,2023,1
Washington,Cascade Natural Gas,98264,September,2023,8
Washington,Puget Sound Energy Inc,98266,September,2023,3
Washington,Puget Sound Energy Inc,98270,September,2023,1
Washington,Cascade Natural Gas,98271,September,2023,0
Washington,Cascade Natural Gas,98273,September,2023,14
Washington,Puget Sound Energy Inc,98273,September,2023,1
Washington,Cascade Natural Gas,98274,September,2023,12
Washington,Puget Sound Energy Inc,98274,September,2023,1
Washington,Cascade Natural Gas,98276,September,2023,1
Washington,Cascade Natural Gas,98277,September,2023,3
Washington,Puget Sound Energy Inc,98277,September,2023,2
Washington,Puget Sound Energy Inc,98281,September,2023,0
Washington,Cascade Natural Gas,98282,September,2023,0
Washington,Puget Sound Energy Inc,98284,September,2023,3
Washington,Cascade Natural Gas,98284,September,2023,15
Washington,Cascade Natural Gas,98292,September,2023,1
Washington,Cascade Natural Gas,98295,September,2023,3
Washington,Northwest Natural Gas Company,98307,September,2023,0
Washington,Puget Sound Energy Inc,98310,September,2023,2
Washington,Cascade Natural Gas,98310,September,2023,29
Washington,Puget Sound Energy Inc,98311,September,2023,4
Washington,Cascade Natural Gas,98311,September,2023,6
Washington,Puget Sound Energy Inc,98312,September,2023,12
Washington,Cascade Natural Gas,98312,September,2023,4
Washington,Puget Sound Energy Inc,98321,September,2023,3
Washington,Puget Sound Energy Inc,98323,September,2023,1
Washington,Puget Sound Energy Inc,98327,September,2023,2
Washington,Cascade Natural Gas,98337,September,2023,1
Washington,Puget Sound Energy Inc,98337,September,2023,2
Washington,Puget Sound Energy Inc,98338,September,2023,1
Washington,Puget Sound Energy Inc,98340,September,2023,0
Washington,Puget Sound Energy Inc,98342,September,2023,0
Washington,Cascade Natural Gas,98345,September,2023,1
Washington,Puget Sound Energy Inc,98346,September,2023,1
Washington,Puget Sound Energy Inc,98359,September,2023,0
Washington,Puget Sound Energy Inc,98360,September,2023,0
Washington,Cascade Natural Gas,98366,September,2023,9
Washington,Puget Sound Energy Inc,98366,September,2023,6
Washington,Cascade Natural Gas,98367,September,2023,1
Washington,Puget Sound Energy Inc,98367,September,2023,3
Washington,Puget Sound Energy Inc,98370,September,2023,4
Washington,Cascade Natural Gas,98370,September,2023,6
Washington,Puget Sound Energy Inc,98371,September,2023,1
Washington,Puget Sound Energy Inc,98372,September,2023,4
Washington,Puget Sound Energy Inc,98373,September,2023,1
Washington,Puget Sound Energy Inc,98374,September,2023,5
Washington,Puget Sound Energy Inc,98375,September,2023,0
Washington,Puget Sound Energy Inc,98380,September,2023,1
Washington,Cascade Natural Gas,98383,September,2023,1
Washington,Puget Sound Energy Inc,98383,September,2023,3
Washington,Puget Sound Energy Inc,98387,September,2023,1
Washington,Puget Sound Energy Inc,98390,September,2023,1
Washington,Puget Sound Energy Inc,98391,September,2023,11
Washington,Puget Sound Energy Inc,98392,September,2023,1
Washington,Puget Sound Energy Inc,98424,September,2023,0
Washington,Puget Sound Energy Inc,98439,September,2023,2
Washington,Puget Sound Energy Inc,98446,September,2023,1
Washington,Puget Sound Energy Inc,98498,September,2023,5
Washington,Puget Sound Energy Inc,98499,September,2023,1
Washington,Puget Sound Energy Inc,98501,September,2023,4
Washington,Puget Sound Energy Inc,98502,September,2023,5
Washington,Puget Sound Energy Inc,98503,September,2023,10
Washington,Puget Sound Energy Inc,98506,September,2023,1
Washington,Puget Sound Energy Inc,98512,September,2023,6
Washington,Puget Sound Energy Inc,98513,September,2023,3
Washington,Puget Sound Energy Inc,98516,September,2023,6
Washington,Cascade Natural Gas,98520,September,2023,3
Washington,Puget Sound Energy Inc,98530,September,2023,0
Washington,Cascade Natural Gas,98541,September,2023,1
Washington,Cascade Natural Gas,98550,September,2023,7
Washington,Cascade Natural Gas,98557,September,2023,0
Washington,Cascade Natural Gas,98563,September,2023,1
Washington,Puget Sound Energy Inc,98576,September,2023,0
Washington,Puget Sound Energy Inc,98579,September,2023,5
Washington,Puget Sound Energy Inc,98580,September,2023,4
Washington,Cascade Natural Gas,98584,September,2023,6
Washington,Puget Sound Energy Inc,98589,September,2023,0
Washington,Puget Sound Energy Inc,98597,September,2023,4
Washington,Northwest Natural Gas Company,98601,September,2023,0
Washington,Northwest Natural Gas Company,98604,September,2023,4
Washington,Northwest Natural Gas Company,98605,September,2023,0
Washington,Northwest Natural Gas Company,98606,September,2023,0
Washington,Northwest Natural Gas Company,98607,September,2023,1
Washington,Northwest Natural Gas Company,98610,September,2023,0
Washington,Cascade Natural Gas,98611,September,2023,0
Washington,Northwest Natural Gas Company,98612,September,2023,0
Washington,Northwest Natural Gas Company,98617,September,2023,0
Washington,Avista Utilities,98620,September,2023,0
Washington,Northwest Natural Gas Company,98620,September,2023,0
Washington,Cascade Natural Gas,98625,September,2023,0
Washington,Northwest Natural Gas Company,98626,September,2023,0
Washington,Cascade Natural Gas,98626,September,2023,1
Washington,Northwest Natural Gas Company,98628,September,2023,1
Washington,Northwest Natural Gas Company,98629,September,2023,2
Washington,Cascade Natural Gas,98632,September,2023,1
Washington,Northwest Natural Gas Company,98635,September,2023,0
Washington,Northwest Natural Gas Company,98639,September,2023,2
Washington,Northwest Natural Gas Company,98642,September,2023,3
Washington,Avista Utilities,98648,September,2023,0
Washington,Northwest Natural Gas Company,98648,September,2023,0
Washington,Northwest Natural Gas Company,98660,September,2023,2
Washington,Northwest Natural Gas Company,98661,September,2023,4
Washington,Northwest Natural Gas Company,98662,September,2023,8
Washington,Northwest Natural Gas Company,98663,September,2023,5
Washington,Northwest Natural Gas Company,98664,September,2023,6
Washington,Northwest Natural Gas Company,98665,September,2023,6
Washington,Northwest Natural Gas Company,98666,September,2023,0
Washington,Northwest Natural Gas Company,98668,September,2023,0
Washington,Northwest Natural Gas Company,98671,September,2023,5
Washington,Northwest Natural Gas Company,98672,September,2023,2
Washington,Cascade Natural Gas,98674,September,2023,1
Washington,Northwest Natural Gas Company,98674,September,2023,0
Washington,Northwest Natural Gas Company,98675,September,2023,0
Washington,Northwest Natural Gas Company,98682,September,2023,11
Washington,Northwest Natural Gas Company,98683,September,2023,11
Washington,Northwest Natural Gas Company,98684,September,2023,0
Washington,Northwest Natural Gas Company,98685,September,2023,2
Washington,Northwest Natural Gas Company,98686,September,2023,0
Washington,Northwest Natural Gas Company,98762,September,2023,0
Washington,Cascade Natural Gas,98801,September,2023,0
Washington,Cascade Natural Gas,98802,September,2023,0
Washington,Cascade Natural Gas,98837,September,2023,0
Washington,Cascade Natural Gas,98848,September,2023,0
Washington,Avista Utilities,98857,September,2023,0
Washington,Cascade Natural Gas,98901,September,2023,7
Washington,PacifiCorp,98901,September,2023,26
Washington,Cascade Natural Gas,98902,September,2023,36
Washington,PacifiCorp,98902,September,2023,6
Washington,PacifiCorp,98903,September,2023,1
Washington,Cascade Natural Gas,98903,September,2023,3
Washington,PacifiCorp,98908,September,2023,13
Washington,Cascade Natural Gas,98908,September,2023,13
Washington,Puget Sound Energy Inc,98922,September,2023,2
Washington,Puget Sound Energy Inc,98926,September,2023,0
Washington,Cascade Natural Gas,98930,September,2023,3
Washington,PacifiCorp,98932,September,2023,1
Washington,Cascade Natural Gas,98932,September,2023,2
Washington,PacifiCorp,98933,September,2023,1
Washington,Puget Sound Energy Inc,98934,September,2023,1
Washington,Cascade Natural Gas,98936,September,2023,2
Washington,PacifiCorp,98936,September,2023,0
Washington,PacifiCorp,98937,September,2023,5
Washington,PacifiCorp,98938,September,2023,2
Washington,Puget Sound Energy Inc,98940,September,2023,1
Washington,Puget Sound Energy Inc,98941,September,2023,1
Washington,Cascade Natural Gas,98942,September,2023,6
Washington,PacifiCorp,98942,September,2023,1
Washington,Puget Sound Energy Inc,98943,September,2023,1
Washington,PacifiCorp,98944,September,2023,10
Washington,Cascade Natural Gas,98944,September,2023,7
Washington,Puget Sound Energy Inc,98946,September,2023,0
Washington,PacifiCorp,98948,September,2023,0
Washington,Cascade Natural Gas,98948,September,2023,16
Washington,PacifiCorp,98951,September,2023,1
Washington,Cascade Natural Gas,98951,September,2023,3
Washington,PacifiCorp,98952,September,2023,1
Washington,Cascade Natural Gas,98953,September,2023,1
Washington,PacifiCorp,98953,September,2023,1
Washington,Avista Utilities,99001,September,2023,11
Washington,Avista Utilities,99003,September,2023,0
Washington,Avista Utilities,99004,September,2023,0
Washington,Avista Utilities,99005,September,2023,7
Washington,Avista Utilities,99006,September,2023,0
Washington,Avista Utilities,99008,September,2023,1
Washington,Avista Utilities,99009,September,2023,0
Washington,Avista Utilities,99011,September,2023,0
Washington,Avista Utilities,99012,September,2023,1
Washington,Avista Utilities,99013,September,2023,4
Washington,Avista Utilities,99014,September,2023,0
Washington,Avista Utilities,99016,September,2023,23
Washington,Avista Utilities,99018,September,2023,0
Washington,Avista Utilities,99019,September,2023,12
Washington,Avista Utilities,99020,September,2023,1
Washington,Avista Utilities,99021,September,2023,5
Washington,Avista Utilities,99022,September,2023,0
Washington,Avista Utilities,99023,September,2023,0
Washington,Avista Utilities,99025,September,2023,2
Washington,Avista Utilities,99026,September,2023,1
Washington,Avista Utilities,99027,September,2023,9
Washington,Avista Utilities,99029,September,2023,3
Washington,Avista Utilities,99030,September,2023,0
Washington,Avista Utilities,99031,September,2023,0
Washington,Avista Utilities,99032,September,2023,1
Washington,Avista Utilities,99033,September,2023,1
Washington,Avista Utilities,99034,September,2023,0
Washington,Avista Utilities,99036,September,2023,0
Washington,Avista Utilities,99037,September,2023,4
Washington,Avista Utilities,99039,September,2023,0
Washington,Avista Utilities,99040,September,2023,4
Washington,Avista Utilities,99101,September,2023,0
Washington,Avista Utilities,99102,September,2023,2
Washington,Avista Utilities,99103,September,2023,0
Washington,Avista Utilities,99104,September,2023,0
Washington,Avista Utilities,99107,September,2023,0
Washington,Avista Utilities,99109,September,2023,2
Washington,Avista Utilities,99110,September,2023,2
Washington,Avista Utilities,99111,September,2023,2
Washington,Avista Utilities,99113,September,2023,0
Washington,Avista Utilities,99114,September,2023,12
Washington,Avista Utilities,99117,September,2023,0
Washington,Avista Utilities,99122,September,2023,0
Washington,Avista Utilities,99125,September,2023,0
Washington,Avista Utilities,99126,September,2023,1
Washington,Avista Utilities,99128,September,2023,0
Washington,Avista Utilities,99129,September,2023,0
Washington,Avista Utilities,99130,September,2023,2
Washington,Avista Utilities,99131,September,2023,0
Washington,Avista Utilities,99134,September,2023,0
Washington,Avista Utilities,99137,September,2023,0
Washington,Avista Utilities,99138,September,2023,1
Washington,Avista Utilities,99141,September,2023,5
Washington,Avista Utilities,99143,September,2023,0
Washington,Avista Utilities,99144,September,2023,0
Washington,Avista Utilities,99146,September,2023,0
Washington,Avista Utilities,99148,September,2023,1
Washington,Avista Utilities,99149,September,2023,0
Washington,Avista Utilities,99151,September,2023,0
Washington,Avista Utilities,99156,September,2023,0
Washington,Avista Utilities,99157,September,2023,1
Washington,Avista Utilities,99158,September,2023,1
Washington,Avista Utilities,99159,September,2023,0
Washington,Avista Utilities,99160,September,2023,0
Washington,Avista Utilities,99161,September,2023,0
Washington,Avista Utilities,99163,September,2023,37
Washington,Avista Utilities,99164,September,2023,0
Washington,Avista Utilities,99167,September,2023,0
Washington,Avista Utilities,99169,September,2023,5
Washington,Avista Utilities,99170,September,2023,1
Washington,Avista Utilities,99171,September,2023,0
Washington,Avista Utilities,99173,September,2023,4
Washington,Avista Utilities,99174,September,2023,0
Washington,Avista Utilities,99176,September,2023,0
Washington,Avista Utilities,99179,September,2023,1
Washington,Avista Utilities,99181,September,2023,3
Washington,Avista Utilities,99185,September,2023,2
Washington,Avista Utilities,99201,September,2023,47
Washington,Avista Utilities,99202,September,2023,41
Washington,Avista Utilities,99203,September,2023,21
Washington,Avista Utilities,99204,September,2023,10
Washington,Avista Utilities,99205,September,2023,72
Washington,Avista Utilities,99206,September,2023,23
Washington,Avista Utilities,99207,September,2023,90
Washington,Avista Utilities,99208,September,2023,113
Washington,Avista Utilities,99212,September,2023,27
Washington,Avista Utilities,99216,September,2023,38
Washington,Avista Utilities,99217,September,2023,51
Washington,Avista Utilities,99218,September,2023,14
Washington,Avista Utilities,99219,September,2023,0
Washington,Avista Utilities,99220,September,2023,0
Washington,Avista Utilities,99223,September,2023,48
Washington,Avista Utilities,99224,September,2023,23
Washington,Avista Utilities,99228,September,2023,0
Washington,Avista Utilities,99260,September,2023,0
Washington,PacifiCorp,99301,September,2023,1
Washington,Cascade Natural Gas,99301,September,2023,17
Washington,PacifiCorp,99323,September,2023,2
Washington,PacifiCorp,99324,September,2023,3
Washington,Cascade Natural Gas,99324,September,2023,4
Washington,Avista Utilities,99326,September,2023,0
Washington,PacifiCorp,99328,September,2023,2
Washington,PacifiCorp,99329,September,2023,0
Washington,Avista Utilities,99335,September,2023,0
Washington,Cascade Natural Gas,99336,September,2023,5
Washington,Cascade Natural Gas,99337,September,2023,4
Washington,Cascade Natural Gas,99338,September,2023,2
Washington,Avista Utilities,99341,September,2023,1
Washington,Avista Utilities,99344,September,2023,28
Washington,Cascade Natural Gas,99344,September,2023,7
Washington,PacifiCorp,99347,September,2023,0
Washington,PacifiCorp,99348,September,2023,0
Washington,Cascade Natural Gas,99350,September,2023,0
Washington,Cascade Natural Gas,99352,September,2023,4
Washington,Cascade Natural Gas,99353,September,2023,0
Washington,Cascade Natural Gas,99354,September,2023,7
Washington,PacifiCorp,99360,September,2023,1
Washington,PacifiCorp,99361,September,2023,2
Washington,PacifiCorp,99362,September,2023,34
Washington,Cascade Natural Gas,99362,September,2023,8
Washington,PacifiCorp,99363,September,2023,1
Washington,Avista Utilities,99371,September,2023,0
Washington,Avista Utilities,99402,September,2023,5
Washington,Avista Utilities,99403,September,2023,47
Washington,Puget Sound Energy Inc,98001,February,2024,9
Washington,Puget Sound Energy Inc,98002,February,2024,21
Washington,Puget Sound Energy Inc,98003,February,2024,30
Washington,Puget Sound Energy Inc,98004,February,2024,3
Washington,Puget Sound Energy Inc,98005,February,2024,1
Washington,Puget Sound Energy Inc,98006,February,2024,3
Washington,Puget Sound Energy Inc,98007,February,2024,2
Washington,Puget Sound Energy Inc,98008,February,2024,0
Washington,Puget Sound Energy Inc,98010,February,2024,1
Washington,Puget Sound Energy Inc,98011,February,2024,1
Washington,Puget Sound Energy Inc,98014,February,2024,1
Washington,Puget Sound Energy Inc,98019,February,2024,1
Washington,Puget Sound Energy Inc,98022,February,2024,3
Washington,Puget Sound Energy Inc,98023,February,2024,26
Washington,Puget Sound Energy Inc,98024,February,2024,0
Washington,Puget Sound Energy Inc,98027,February,2024,2
Washington,Puget Sound Energy Inc,98028,February,2024,4
Washington,Puget Sound Energy Inc,98029,February,2024,3
Washington,Puget Sound Energy Inc,98030,February,2024,22
Washington,Puget Sound Energy Inc,98031,February,2024,12
Washington,Puget Sound Energy Inc,98032,February,2024,10
Washington,Puget Sound Energy Inc,98033,February,2024,4
Washington,Puget Sound Energy Inc,98034,February,2024,15
Washington,Puget Sound Energy Inc,98038,February,2024,8
Washington,Puget Sound Energy Inc,98039,February,2024,2
Washington,Puget Sound Energy Inc,98040,February,2024,0
Washington,Puget Sound Energy Inc,98042,February,2024,7
Washington,Puget Sound Energy Inc,98045,February,2024,3
Washington,Puget Sound Energy Inc,98047,February,2024,5
Washington,Puget Sound Energy Inc,98051,February,2024,0
Washington,Puget Sound Energy Inc,98052,February,2024,2
Washington,Puget Sound Energy Inc,98053,February,2024,0
Washington,Puget Sound Energy Inc,98055,February,2024,12
Washington,Puget Sound Energy Inc,98056,February,2024,17
Washington,Puget Sound Energy Inc,98057,February,2024,10
Washington,Puget Sound Energy Inc,98058,February,2024,11
Washington,Puget Sound Energy Inc,98059,February,2024,8
Washington,Puget Sound Energy Inc,98065,February,2024,3
Washington,Puget Sound Energy Inc,98068,February,2024,0
Washington,Puget Sound Energy Inc,98070,February,2024,0
Washington,Puget Sound Energy Inc,98072,February,2024,5
Washington,Puget Sound Energy Inc,98074,February,2024,2
Washington,Puget Sound Energy Inc,98075,February,2024,1
Washington,Puget Sound Energy Inc,98077,February,2024,4
Washington,Puget Sound Energy Inc,98087,February,2024,0
Washington,Puget Sound Energy Inc,98092,February,2024,19
Washington,Puget Sound Energy Inc,98109,February,2024,0
Washington,Puget Sound Energy Inc,98110,February,2024,1
Washington,Puget Sound Energy Inc,98148,February,2024,1
Washington,Puget Sound Energy Inc,98166,February,2024,0
Washington,Puget Sound Energy Inc,98168,February,2024,1
Washington,Puget Sound Energy Inc,98188,February,2024,2
Washington,Puget Sound Energy Inc,98198,February,2024,11
Washington,Puget Sound Energy Inc,98221,February,2024,1
Washington,Puget Sound Energy Inc,98224,February,2024,1
Washington,Puget Sound Energy Inc,98225,February,2024,4
Washington,Puget Sound Energy Inc,98226,February,2024,8
Washington,Puget Sound Energy Inc,98229,February,2024,4
Washington,Puget Sound Energy Inc,98230,February,2024,5
Washington,Puget Sound Energy Inc,98232,February,2024,2
Washington,Puget Sound Energy Inc,98233,February,2024,1
Washington,Puget Sound Energy Inc,98236,February,2024,2
Washington,Puget Sound Energy Inc,98239,February,2024,1
Washington,Puget Sound Energy Inc,98244,February,2024,1
Washington,Puget Sound Energy Inc,98247,February,2024,2
Washington,Puget Sound Energy Inc,98248,February,2024,6
Washington,Puget Sound Energy Inc,98249,February,2024,2
Washington,Puget Sound Energy Inc,98257,February,2024,0
Washington,Puget Sound Energy Inc,98260,February,2024,0
Washington,Puget Sound Energy Inc,98263,February,2024,1
Washington,Puget Sound Energy Inc,98264,February,2024,1
Washington,Puget Sound Energy Inc,98266,February,2024,0
Washington,Puget Sound Energy Inc,98267,February,2024,0
Washington,Puget Sound Energy Inc,98273,February,2024,2
Washington,Puget Sound Energy Inc,98274,February,2024,0
Washington,Puget Sound Energy Inc,98277,February,2024,11
Washington,Puget Sound Energy Inc,98281,February,2024,1
Washington,Puget Sound Energy Inc,98283,February,2024,0
Washington,Puget Sound Energy Inc,98284,February,2024,7
Washington,Puget Sound Energy Inc,98295,February,2024,1
Washington,Puget Sound Energy Inc,98310,February,2024,11
Washington,Puget Sound Energy Inc,98311,February,2024,2
Washington,Puget Sound Energy Inc,98312,February,2024,8
Washington,Puget Sound Energy Inc,98321,February,2024,0
Washington,Puget Sound Energy Inc,98327,February,2024,2
Washington,Puget Sound Energy Inc,98337,February,2024,3
Washington,Puget Sound Energy Inc,98338,February,2024,1
Washington,Puget Sound Energy Inc,98346,February,2024,2
Washington,Puget Sound Energy Inc,98359,February,2024,0
Washington,Puget Sound Energy Inc,98360,February,2024,2
Washington,Puget Sound Energy Inc,98366,February,2024,8
Washington,Puget Sound Energy Inc,98367,February,2024,7
Washington,Puget Sound Energy Inc,98370,February,2024,9
Washington,Puget Sound Energy Inc,98371,February,2024,6
Washington,Puget Sound Energy Inc,98372,February,2024,6
Washington,Puget Sound Energy Inc,98373,February,2024,4
Washington,Puget Sound Energy Inc,98374,February,2024,14
Washington,Puget Sound Energy Inc,98375,February,2024,7
Washington,Puget Sound Energy Inc,98380,February,2024,2
Washington,Puget Sound Energy Inc,98383,February,2024,2
Washington,Puget Sound Energy Inc,98387,February,2024,1
Washington,Puget Sound Energy Inc,98390,February,2024,2
Washington,Puget Sound Energy Inc,98391,February,2024,12
Washington,Puget Sound Energy Inc,98392,February,2024,0
Washington,Puget Sound Energy Inc,98424,February,2024,0
Washington,Puget Sound Energy Inc,98439,February,2024,2
Washington,Puget Sound Energy Inc,98445,February,2024,0
Washington,Puget Sound Energy Inc,98446,February,2024,2
Washington,Puget Sound Energy Inc,98498,February,2024,4
Washington,Puget Sound Energy Inc,98499,February,2024,0
Washington,Puget Sound Energy Inc,98501,February,2024,8
Washington,Puget Sound Energy Inc,98502,February,2024,7
Washington,Puget Sound Energy Inc,98503,February,2024,6
Washington,Puget Sound Energy Inc,98506,February,2024,7
Washington,Puget Sound Energy Inc,98512,February,2024,7
Washington,Puget Sound Energy Inc,98513,February,2024,6
Washington,Puget Sound Energy Inc,98516,February,2024,3
Washington,Puget Sound Energy Inc,98530,February,2024,2
Washington,Puget Sound Energy Inc,98558,February,2024,1
Washington,Puget Sound Energy Inc,98576,February,2024,2
Washington,Puget Sound Energy Inc,98579,February,2024,2
Washington,Puget Sound Energy Inc,98580,February,2024,1
Washington,Puget Sound Energy Inc,98589,February,2024,0
Washington,Puget Sound Energy Inc,98597,February,2024,4
Washington,Avista Utilities,98620,February,2024,2
Washington,Avista Utilities,98648,February,2024,0
Washington,Avista Utilities,98857,February,2024,0
Washington,PacifiCorp,98901,February,2024,1
Washington,PacifiCorp,98908,February,2024,2
Washington,Puget Sound Energy Inc,98922,February,2024,3
Washington,Puget Sound Energy Inc,98926,February,2024,0
Washington,PacifiCorp,98932,February,2024,2
Washington,Puget Sound Energy Inc,98941,February,2024,1
Washington,PacifiCorp,98951,February,2024,4
Washington,Avista Utilities,99001,February,2024,41
Washington,Avista Utilities,99003,February,2024,5
Washington,Avista Utilities,99004,February,2024,27
Washington,Avista Utilities,99005,February,2024,17
Washington,Avista Utilities,99006,February,2024,32
Washington,Avista Utilities,99008,February,2024,1
Washington,Avista Utilities,99009,February,2024,8
Washington,Avista Utilities,99011,February,2024,0
Washington,Avista Utilities,99012,February,2024,8
Washington,Avista Utilities,99013,February,2024,13
Washington,Avista Utilities,99014,February,2024,0
Washington,Avista Utilities,99016,February,2024,63
Washington,Avista Utilities,99018,February,2024,0
Washington,Avista Utilities,99019,February,2024,30
Washington,Avista Utilities,99020,February,2024,0
Washington,Avista Utilities,99021,February,2024,27
Washington,Avista Utilities,99022,February,2024,21
Washington,Avista Utilities,99023,February,2024,0
Washington,Avista Utilities,99025,February,2024,8
Washington,Avista Utilities,99026,February,2024,3
Washington,Avista Utilities,99027,February,2024,7
Washington,Avista Utilities,99029,February,2024,5
Washington,Avista Utilities,99030,February,2024,3
Washington,Avista Utilities,99031,February,2024,0
Washington,Avista Utilities,99032,February,2024,4
Washington,Avista Utilities,99033,February,2024,4
Washington,Avista Utilities,99034,February,2024,0
Washington,Avista Utilities,99036,February,2024,0
Washington,Avista Utilities,99037,February,2024,8
Washington,Avista Utilities,99039,February,2024,0
Washington,Avista Utilities,99040,February,2024,0
Washington,Avista Utilities,99101,February,2024,1
Washington,Avista Utilities,99102,February,2024,0
Washington,Avista Utilities,99103,February,2024,0
Washington,Avista Utilities,99104,February,2024,0
Washington,Avista Utilities,99107,February,2024,0
Washington,Avista Utilities,99109,February,2024,12
Washington,Avista Utilities,99110,February,2024,6
Washington,Avista Utilities,99111,February,2024,14
Washington,Avista Utilities,99113,February,2024,0
Washington,Avista Utilities,99114,February,2024,64
Washington,Avista Utilities,99117,February,2024,0
Washington,Avista Utilities,99122,February,2024,10
Washington,Avista Utilities,99125,February,2024,3
Washington,Avista Utilities,99126,February,2024,2
Washington,Avista Utilities,99128,February,2024,2
Washington,Avista Utilities,99129,February,2024,12
Washington,Avista Utilities,99130,February,2024,4
Washington,Avista Utilities,99131,February,2024,0
Washington,Avista Utilities,99134,February,2024,3
Washington,Avista Utilities,99137,February,2024,0
Washington,Avista Utilities,99138,February,2024,5
Washington,Avista Utilities,99141,February,2024,23
Washington,Avista Utilities,99143,February,2024,1
Washington,Avista Utilities,99144,February,2024,0
Washington,Avista Utilities,99146,February,2024,0
Washington,Avista Utilities,99148,February,2024,6
Washington,Avista Utilities,99149,February,2024,0
Washington,Avista Utilities,99151,February,2024,2
Washington,Avista Utilities,99156,February,2024,0
Washington,Avista Utilities,99157,February,2024,3
Washington,Avista Utilities,99158,February,2024,1
Washington,Avista Utilities,99159,February,2024,4
Washington,Avista Utilities,99160,February,2024,1
Washington,Avista Utilities,99161,February,2024,3
Washington,Avista Utilities,99163,February,2024,176
Washington,Avista Utilities,99164,February,2024,0
Washington,Avista Utilities,99167,February,2024,5
Washington,Avista Utilities,99169,February,2024,17
Washington,Avista Utilities,99170,February,2024,1
Washington,Avista Utilities,99171,February,2024,3
Washington,Avista Utilities,99173,February,2024,4
Washington,Avista Utilities,99174,February,2024,0
Washington,Avista Utilities,99176,February,2024,0
Washington,Avista Utilities,99179,February,2024,0
Washington,Avista Utilities,99181,February,2024,9
Washington,Avista Utilities,99185,February,2024,4
Washington,Avista Utilities,99201,February,2024,145
Washington,Avista Utilities,99202,February,2024,121
Washington,Avista Utilities,99203,February,2024,55
Washington,Avista Utilities,99204,February,2024,74
Washington,Avista Utilities,99205,February,2024,236
Washington,Avista Utilities,99206,February,2024,63
Washington,Avista Utilities,99207,February,2024,234
Washington,Avista Utilities,99208,February,2024,301
Washington,Avista Utilities,99212,February,2024,112
Washington,Avista Utilities,99216,February,2024,107
Washington,Avista Utilities,99217,February,2024,113
Washington,Avista Utilities,99218,February,2024,73
Washington,Avista Utilities,99219,February,2024,0
Washington,Avista Utilities,99220,February,2024,0
Washington,Avista Utilities,99223,February,2024,106
Washington,Avista Utilities,99224,February,2024,94
Washington,Avista Utilities,99228,February,2024,0
Washington,Avista Utilities,99260,February,2024,0
Washington,PacifiCorp,99323,February,2024,3
Washington,PacifiCorp,99324,February,2024,2
Washington,Avista Utilities,99326,February,2024,0
Washington,PacifiCorp,99328,February,2024,4
Washington,Avista Utilities,99335,February,2024,0
Washington,Avista Utilities,99341,February,2024,4
Washington,Avista Utilities,99344,February,2024,71
Washington,PacifiCorp,99360,February,2024,2
Washington,PacifiCorp,99362,February,2024,5
Washington,PacifiCorp,99363,February,2024,1
Washington,Avista Utilities,99371,February,2024,3
Washington,Avista Utilities,99402,February,2024,11
Washington,Avista Utilities,99403,February,2024,108
Washington,Cascade Natural Gas,98220,Feburary,2024,0
Washington,Cascade Natural Gas,98221,Feburary,2024,5
Washington,Cascade Natural Gas,98223,Feburary,2024,3
Washington,Cascade Natural Gas,98225,Feburary,2024,11
Washington,Cascade Natural Gas,98226,Feburary,2024,12
Washington,Cascade Natural Gas,98229,Feburary,2024,3
Washington,Cascade Natural Gas,98230,Feburary,2024,7
Washington,Cascade Natural Gas,98233,Feburary,2024,9
Washington,Cascade Natural Gas,98244,Feburary,2024,1
Washington,Cascade Natural Gas,98247,Feburary,2024,1
Washington,Cascade Natural Gas,98248,Feburary,2024,8
Washington,Cascade Natural Gas,98257,Feburary,2024,0
Washington,Cascade Natural Gas,98264,Feburary,2024,6
Washington,Cascade Natural Gas,98271,Feburary,2024,0
Washington,Cascade Natural Gas,98273,Feburary,2024,9
Washington,Cascade Natural Gas,98274,Feburary,2024,3
Washington,Cascade Natural Gas,98276,Feburary,2024,3
Washington,Cascade Natural Gas,98277,Feburary,2024,3
Washington,Cascade Natural Gas,98284,Feburary,2024,1
Washington,Cascade Natural Gas,98310,Feburary,2024,15
Washington,Cascade Natural Gas,98311,Feburary,2024,1
Washington,Cascade Natural Gas,98312,Feburary,2024,3
Washington,Cascade Natural Gas,98337,Feburary,2024,0
Washington,Cascade Natural Gas,98366,Feburary,2024,2
Washington,Cascade Natural Gas,98367,Feburary,2024,0
Washington,Cascade Natural Gas,98370,Feburary,2024,1
Washington,Cascade Natural Gas,98383,Feburary,2024,4
Washington,Cascade Natural Gas,98520,Feburary,2024,1
Washington,Cascade Natural Gas,98541,Feburary,2024,0
Washington,Cascade Natural Gas,98550,Feburary,2024,5
Washington,Cascade Natural Gas,98557,Feburary,2024,0
Washington,Cascade Natural Gas,98584,Feburary,2024,3
Washington,Cascade Natural Gas,98611,Feburary,2024,1
Washington,Cascade Natural Gas,98625,Feburary,2024,0
Washington,Cascade Natural Gas,98626,Feburary,2024,0
Washington,Cascade Natural Gas,98632,Feburary,2024,0
Washington,Cascade Natural Gas,98802,Feburary,2024,0
Washington,Cascade Natural Gas,98901,Feburary,2024,6
Washington,Cascade Natural Gas,98902,Feburary,2024,21
Washington,Cascade Natural Gas,98903,Feburary,2024,3
Washington,Cascade Natural Gas,98908,Feburary,2024,21
Washington,Cascade Natural Gas,98930,Feburary,2024,2
Washington,Cascade Natural Gas,98932,Feburary,2024,1
Washington,Cascade Natural Gas,98936,Feburary,2024,0
Washington,Cascade Natural Gas,98942,Feburary,2024,2
Washington,Cascade Natural Gas,98944,Feburary,2024,9
Washington,Cascade Natural Gas,98948,Feburary,2024,4
Washington,Cascade Natural Gas,98951,Feburary,2024,0
Washington,Cascade Natural Gas,98953,Feburary,2024,0
Washington,Cascade Natural Gas,99301,Feburary,2024,5
Washington,Cascade Natural Gas,99324,Feburary,2024,2
Washington,Cascade Natural Gas,99336,Feburary,2024,6
Washington,Cascade Natural Gas,99337,Feburary,2024,3
Washington,Cascade Natural Gas,99338,Feburary,2024,0
Washington,Cascade Natural Gas,99344,Feburary,2024,1
Washington,Cascade Natural Gas,99350,Feburary,2024,1
Washington,Cascade Natural Gas,99352,Feburary,2024,3
Washington,Cascade Natural Gas,99353,Feburary,2024,0
Washington,Cascade Natural Gas,99354,Feburary,2024,3
Washington,Cascade Natural Gas,99362,Feburary,2024,8
Washington,Puget Sound Energy Inc,98001,January,2024,13
Washington,Puget Sound Energy Inc,98002,January,2024,9
Washington,Puget Sound Energy Inc,98003,January,2024,21
Washington,Puget Sound Energy Inc,98004,January,2024,5
Washington,Puget Sound Energy Inc,98005,January,2024,2
Washington,Puget Sound Energy Inc,98006,January,2024,4
Washington,Puget Sound Energy Inc,98007,January,2024,8
Washington,Puget Sound Energy Inc,98008,January,2024,2
Washington,Puget Sound Energy Inc,98010,January,2024,1
Washington,Puget Sound Energy Inc,98011,January,2024,3
Washington,Puget Sound Energy Inc,98014,January,2024,0
Washington,Puget Sound Energy Inc,98019,January,2024,0
Washington,Puget Sound Energy Inc,98022,January,2024,0
Washington,Puget Sound Energy Inc,98023,January,2024,13
Washington,Puget Sound Energy Inc,98024,January,2024,0
Washington,Puget Sound Energy Inc,98027,January,2024,4
Washington,Puget Sound Energy Inc,98028,January,2024,1
Washington,Puget Sound Energy Inc,98029,January,2024,2
Washington,Puget Sound Energy Inc,98030,January,2024,10
Washington,Puget Sound Energy Inc,98031,January,2024,18
Washington,Puget Sound Energy Inc,98032,January,2024,14
Washington,Puget Sound Energy Inc,98033,January,2024,3
Washington,Puget Sound Energy Inc,98034,January,2024,10
Washington,Puget Sound Energy Inc,98038,January,2024,0
Washington,Puget Sound Energy Inc,98039,January,2024,0
Washington,Puget Sound Energy Inc,98040,January,2024,0
Washington,Puget Sound Energy Inc,98042,January,2024,7
Washington,Puget Sound Energy Inc,98045,January,2024,0
Washington,Puget Sound Energy Inc,98047,January,2024,0
Washington,Puget Sound Energy Inc,98051,January,2024,0
Washington,Puget Sound Energy Inc,98052,January,2024,7
Washington,Puget Sound Energy Inc,98053,January,2024,1
Washington,Puget Sound Energy Inc,98055,January,2024,11
Washington,Puget Sound Energy Inc,98056,January,2024,12
Washington,Puget Sound Energy Inc,98057,January,2024,3
Washington,Puget Sound Energy Inc,98058,January,2024,17
Washington,Puget Sound Energy Inc,98059,January,2024,7
Washington,Puget Sound Energy Inc,98065,January,2024,1
Washington,Puget Sound Energy Inc,98068,January,2024,0
Washington,Puget Sound Energy Inc,98070,January,2024,3
Washington,Puget Sound Energy Inc,98072,January,2024,0
Washington,Puget Sound Energy Inc,98074,January,2024,2
Washington,Puget Sound Energy Inc,98075,January,2024,1
Washington,Puget Sound Energy Inc,98077,January,2024,0
Washington,Puget Sound Energy Inc,98087,January,2024,0
Washington,Puget Sound Energy Inc,98092,January,2024,3
Washington,Puget Sound Energy Inc,98109,January,2024,1
Washington,Puget Sound Energy Inc,98110,January,2024,0
Washington,Puget Sound Energy Inc,98148,January,2024,2
Washington,Puget Sound Energy Inc,98166,January,2024,1
Washington,Puget Sound Energy Inc,98168,January,2024,1
Washington,Puget Sound Energy Inc,98188,January,2024,7
Washington,Puget Sound Energy Inc,98198,January,2024,10
Washington,Cascade Natural Gas,98220,January,2024,0
Washington,Cascade Natural Gas,98221,January,2024,7
Washington,Puget Sound Energy Inc,98221,January,2024,0
Washington,Cascade Natural Gas,98223,January,2024,3
Washington,Puget Sound Energy Inc,98224,January,2024,0
Washington,Cascade Natural Gas,98225,January,2024,14
Washington,Puget Sound Energy Inc,98225,January,2024,4
Washington,Cascade Natural Gas,98226,January,2024,7
Washington,Puget Sound Energy Inc,98226,January,2024,9
Washington,Cascade Natural Gas,98229,January,2024,13
Washington,Puget Sound Energy Inc,98229,January,2024,3
Washington,Cascade Natural Gas,98230,January,2024,12
Washington,Puget Sound Energy Inc,98230,January,2024,4
Washington,Puget Sound Energy Inc,98232,January,2024,0
Washington,Cascade Natural Gas,98233,January,2024,2
Washington,Puget Sound Energy Inc,98233,January,2024,5
Washington,Puget Sound Energy Inc,98236,January,2024,3
Washington,Puget Sound Energy Inc,98239,January,2024,1
Washington,Cascade Natural Gas,98244,January,2024,0
Washington,Puget Sound Energy Inc,98244,January,2024,1
Washington,Puget Sound Energy Inc,98247,January,2024,0
Washington,Cascade Natural Gas,98247,January,2024,4
Washington,Cascade Natural Gas,98248,January,2024,10
Washington,Puget Sound Energy Inc,98248,January,2024,1
Washington,Puget Sound Energy Inc,98249,January,2024,0
Washington,Cascade Natural Gas,98257,January,2024,1
Washington,Puget Sound Energy Inc,98257,January,2024,0
Washington,Puget Sound Energy Inc,98260,January,2024,0
Washington,Puget Sound Energy Inc,98263,January,2024,0
Washington,Puget Sound Energy Inc,98264,January,2024,1
Washington,Cascade Natural Gas,98264,January,2024,7
Washington,Puget Sound Energy Inc,98266,January,2024,1
Washington,Puget Sound Energy Inc,98267,January,2024,1
Washington,Cascade Natural Gas,98271,January,2024,1
Washington,Puget Sound Energy Inc,98273,January,2024,5
Washington,Cascade Natural Gas,98273,January,2024,14
Washington,Cascade Natural Gas,98274,January,2024,5
Washington,Puget Sound Energy Inc,98274,January,2024,5
Washington,Cascade Natural Gas,98276,January,2024,1
Washington,Puget Sound Energy Inc,98277,January,2024,2
Washington,Cascade Natural Gas,98277,January,2024,11
Washington,Puget Sound Energy Inc,98281,January,2024,0
Washington,Puget Sound Energy Inc,98283,January,2024,0
Washington,Puget Sound Energy Inc,98284,January,2024,0
Washington,Cascade Natural Gas,98284,January,2024,5
Washington,Puget Sound Energy Inc,98295,January,2024,1
Washington,Puget Sound Energy Inc,98310,January,2024,10
Washington,Cascade Natural Gas,98310,January,2024,10
Washington,Puget Sound Energy Inc,98311,January,2024,9
Washington,Cascade Natural Gas,98311,January,2024,8
Washington,Cascade Natural Gas,98312,January,2024,1
Washington,Puget Sound Energy Inc,98312,January,2024,7
Washington,Puget Sound Energy Inc,98321,January,2024,3
Washington,Puget Sound Energy Inc,98327,January,2024,0
Washington,Cascade Natural Gas,98337,January,2024,2
Washington,Puget Sound Energy Inc,98337,January,2024,4
Washington,Puget Sound Energy Inc,98338,January,2024,2
Washington,Puget Sound Energy Inc,98346,January,2024,1
Washington,Puget Sound Energy Inc,98359,January,2024,3
Washington,Puget Sound Energy Inc,98360,January,2024,3
Washington,Cascade Natural Gas,98366,January,2024,8
Washington,Puget Sound Energy Inc,98366,January,2024,9
Washington,Puget Sound Energy Inc,98367,January,2024,6
Washington,Cascade Natural Gas,98367,January,2024,1
Washington,Puget Sound Energy Inc,98370,January,2024,3
Washington,Cascade Natural Gas,98370,January,2024,2
Washington,Puget Sound Energy Inc,98371,January,2024,4
Washington,Puget Sound Energy Inc,98372,January,2024,2
Washington,Puget Sound Energy Inc,98373,January,2024,3
Washington,Puget Sound Energy Inc,98374,January,2024,9
Washington,Puget Sound Energy Inc,98375,January,2024,2
Washington,Puget Sound Energy Inc,98380,January,2024,1
Washington,Puget Sound Energy Inc,98383,January,2024,2
Washington,Cascade Natural Gas,98383,January,2024,2
Washington,Puget Sound Energy Inc,98387,January,2024,1
Washington,Puget Sound Energy Inc,98390,January,2024,2
Washington,Puget Sound Energy Inc,98391,January,2024,9
Washington,Puget Sound Energy Inc,98392,January,2024,1
Washington,Puget Sound Energy Inc,98424,January,2024,1
Washington,Puget Sound Energy Inc,98439,January,2024,2
Washington,Puget Sound Energy Inc,98445,January,2024,1
Washington,Puget Sound Energy Inc,98446,January,2024,0
Washington,Puget Sound Energy Inc,98498,January,2024,7
Washington,Puget Sound Energy Inc,98499,January,2024,0
Washington,Puget Sound Energy Inc,98501,January,2024,4
Washington,Puget Sound Energy Inc,98502,January,2024,11
Washington,Puget Sound Energy Inc,98503,January,2024,4
Washington,Puget Sound Energy Inc,98506,January,2024,3
Washington,Puget Sound Energy Inc,98512,January,2024,7
Washington,Puget Sound Energy Inc,98513,January,2024,4
Washington,Puget Sound Energy Inc,98516,January,2024,5
Washington,Cascade Natural Gas,98520,January,2024,3
Washington,Puget Sound Energy Inc,98530,January,2024,0
Washington,Cascade Natural Gas,98541,January,2024,0
Washington,Cascade Natural Gas,98550,January,2024,0
Washington,Cascade Natural Gas,98557,January,2024,1
Washington,Puget Sound Energy Inc,98558,January,2024,0
Washington,Puget Sound Energy Inc,98576,January,2024,0
Washington,Puget Sound Energy Inc,98579,January,2024,3
Washington,Puget Sound Energy Inc,98580,January,2024,0
Washington,Cascade Natural Gas,98584,January,2024,2
Washington,Puget Sound Energy Inc,98589,January,2024,2
Washington,Puget Sound Energy Inc,98597,January,2024,3
Washington,Cascade Natural Gas,98611,January,2024,1
Washington,Avista Utilities,98620,January,2024,2
Washington,Cascade Natural Gas,98625,January,2024,0
Washington,Cascade Natural Gas,98626,January,2024,2
Washington,Cascade Natural Gas,98632,January,2024,2
Washington,Avista Utilities,98648,January,2024,0
Washington,Cascade Natural Gas,98802,January,2024,1
Washington,Avista Utilities,98857,January,2024,0
Washington,Cascade Natural Gas,98901,January,2024,10
Washington,PacifiCorp,98901,January,2024,3
Washington,Cascade Natural Gas,98902,January,2024,12
Washington,PacifiCorp,98902,January,2024,3
Washington,PacifiCorp,98903,January,2024,10
Washington,Cascade Natural Gas,98903,January,2024,2
Washington,Cascade Natural Gas,98908,January,2024,20
Washington,Puget Sound Energy Inc,98922,January,2024,0
Washington,Puget Sound Energy Inc,98926,January,2024,0
Washington,Cascade Natural Gas,98930,January,2024,0
Washington,Cascade Natural Gas,98932,January,2024,0
Washington,Cascade Natural Gas,98936,January,2024,4
Washington,Puget Sound Energy Inc,98941,January,2024,0
Washington,Cascade Natural Gas,98942,January,2024,5
Washington,Cascade Natural Gas,98944,January,2024,1
Washington,Cascade Natural Gas,98948,January,2024,3
Washington,PacifiCorp,98948,January,2024,2
Washington,Cascade Natural Gas,98951,January,2024,0
Washington,Cascade Natural Gas,98953,January,2024,1
Washington,Avista Utilities,99001,January,2024,28
Washington,Avista Utilities,99003,January,2024,0
Washington,Avista Utilities,99004,January,2024,16
Washington,Avista Utilities,99005,January,2024,13
Washington,Avista Utilities,99006,January,2024,18
Washington,Avista Utilities,99008,January,2024,1
Washington,Avista Utilities,99009,January,2024,4
Washington,Avista Utilities,99011,January,2024,0
Washington,Avista Utilities,99012,January,2024,4
Washington,Avista Utilities,99013,January,2024,5
Washington,Avista Utilities,99014,January,2024,0
Washington,Avista Utilities,99016,January,2024,44
Washington,Avista Utilities,99018,January,2024,0
Washington,Avista Utilities,99019,January,2024,22
Washington,Avista Utilities,99020,January,2024,0
Washington,Avista Utilities,99021,January,2024,16
Washington,Avista Utilities,99022,January,2024,12
Washington,Avista Utilities,99023,January,2024,0
Washington,Avista Utilities,99025,January,2024,5
Washington,Avista Utilities,99026,January,2024,3
Washington,Avista Utilities,99027,January,2024,6
Washington,Avista Utilities,99029,January,2024,0
Washington,Avista Utilities,99030,January,2024,2
Washington,Avista Utilities,99031,January,2024,0
Washington,Avista Utilities,99032,January,2024,5
Washington,Avista Utilities,99033,January,2024,2
Washington,Avista Utilities,99034,January,2024,0
Washington,Avista Utilities,99036,January,2024,0
Washington,Avista Utilities,99037,January,2024,3
Washington,Avista Utilities,99039,January,2024,0
Washington,Avista Utilities,99040,January,2024,0
Washington,Avista Utilities,99101,January,2024,1
Washington,Avista Utilities,99102,January,2024,0
Washington,Avista Utilities,99103,January,2024,0
Washington,Avista Utilities,99104,January,2024,0
Washington,Avista Utilities,99107,January,2024,0
Washington,Avista Utilities,99109,January,2024,6
Washington,Avista Utilities,99110,January,2024,7
Washington,Avista Utilities,99111,January,2024,7
Washington,Avista Utilities,99113,January,2024,0
Washington,Avista Utilities,99114,January,2024,45
Washington,Avista Utilities,99117,January,2024,0
Washington,Avista Utilities,99122,January,2024,5
Washington,Avista Utilities,99125,January,2024,0
Washington,Avista Utilities,99126,January,2024,2
Washington,Avista Utilities,99128,January,2024,2
Washington,Avista Utilities,99129,January,2024,8
Washington,Avista Utilities,99130,January,2024,2
Washington,Avista Utilities,99131,January,2024,0
Washington,Avista Utilities,99134,January,2024,1
Washington,Avista Utilities,99137,January,2024,0
Washington,Avista Utilities,99138,January,2024,3
Washington,Avista Utilities,99141,January,2024,8
Washington,Avista Utilities,99143,January,2024,1
Washington,Avista Utilities,99144,January,2024,0
Washington,Avista Utilities,99146,January,2024,0
Washington,Avista Utilities,99148,January,2024,4
Washington,Avista Utilities,99149,January,2024,0
Washington,Avista Utilities,99151,January,2024,1
Washington,Avista Utilities,99156,January,2024,0
Washington,Avista Utilities,99157,January,2024,2
Washington,Avista Utilities,99158,January,2024,1
Washington,Avista Utilities,99159,January,2024,3
Washington,Avista Utilities,99160,January,2024,0
Washington,Avista Utilities,99161,January,2024,3
Washington,Avista Utilities,99163,January,2024,122
Washington,Avista Utilities,99164,January,2024,0
Washington,Avista Utilities,99167,January,2024,1
Washington,Avista Utilities,99169,January,2024,9
Washington,Avista Utilities,99170,January,2024,1
Washington,Avista Utilities,99171,January,2024,1
Washington,Avista Utilities,99173,January,2024,4
Washington,Avista Utilities,99174,January,2024,0
Washington,Avista Utilities,99176,January,2024,0
Washington,Avista Utilities,99179,January,2024,0
Washington,Avista Utilities,99181,January,2024,8
Washington,Avista Utilities,99185,January,2024,2
Washington,Avista Utilities,99201,January,2024,94
Washington,Avista Utilities,99202,January,2024,84
Washington,Avista Utilities,99203,January,2024,42
Washington,Avista Utilities,99204,January,2024,50
Washington,Avista Utilities,99205,January,2024,176
Washington,Avista Utilities,99206,January,2024,43
Washington,Avista Utilities,99207,January,2024,205
Washington,Avista Utilities,99208,January,2024,217
Washington,Avista Utilities,99212,January,2024,79
Washington,Avista Utilities,99216,January,2024,72
Washington,Avista Utilities,99217,January,2024,75
Washington,Avista Utilities,99218,January,2024,54
Washington,Avista Utilities,99219,January,2024,0
Washington,Avista Utilities,99220,January,2024,0
Washington,Avista Utilities,99223,January,2024,75
Washington,Avista Utilities,99224,January,2024,62
Washington,Avista Utilities,99228,January,2024,0
Washington,Avista Utilities,99260,January,2024,0
Washington,Cascade Natural Gas,99301,January,2024,14
Washington,Cascade Natural Gas,99324,January,2024,5
Washington,Avista Utilities,99326,January,2024,0
Washington,PacifiCorp,99328,January,2024,2
Washington,Avista Utilities,99335,January,2024,0
Washington,Cascade Natural Gas,99336,January,2024,3
Washington,Cascade Natural Gas,99337,January,2024,2
Washington,Cascade Natural Gas,99338,January,2024,1
Washington,Avista Utilities,99341,January,2024,2
Washington,Avista Utilities,99344,January,2024,47
Washington,Cascade Natural Gas,99344,January,2024,1
Washington,Cascade Natural Gas,99350,January,2024,0
Washington,Cascade Natural Gas,99352,January,2024,4
Washington,Cascade Natural Gas,99353,January,2024,1
Washington,Cascade Natural Gas,99354,January,2024,5
Washington,Cascade Natural Gas,99362,January,2024,6
Washington,PacifiCorp,99362,January,2024,17
Washington,Avista Utilities,99371,January,2024,1
Washington,Avista Utilities,99402,January,2024,4
Washington,Avista Utilities,99403,January,2024,50
Washington,Puget Sound Energy Inc,98001,March,2024,8
Washington,Puget Sound Energy Inc,98002,March,2024,19
Washington,Puget Sound Energy Inc,98003,March,2024,22
Washington,Puget Sound Energy Inc,98004,March,2024,6
Washington,Puget Sound Energy Inc,98005,March,2024,2
Washington,Puget Sound Energy Inc,98006,March,2024,9
Washington,Puget Sound Energy Inc,98007,March,2024,4
Washington,Puget Sound Energy Inc,98008,March,2024,1
Washington,Puget Sound Energy Inc,98010,March,2024,2
Washington,Puget Sound Energy Inc,98011,March,2024,2
Washington,Puget Sound Energy Inc,98014,March,2024,1
Washington,Puget Sound Energy Inc,98019,March,2024,1
Washington,Puget Sound Energy Inc,98022,March,2024,9
Washington,Puget Sound Energy Inc,98023,March,2024,15
Washington,Puget Sound Energy Inc,98024,March,2024,2
Washington,Puget Sound Energy Inc,98027,March,2024,2
Washington,Puget Sound Energy Inc,98028,March,2024,5
Washington,Puget Sound Energy Inc,98029,March,2024,0
Washington,Puget Sound Energy Inc,98030,March,2024,19
Washington,Puget Sound Energy Inc,98031,March,2024,17
Washington,Puget Sound Energy Inc,98032,March,2024,19
Washington,Puget Sound Energy Inc,98033,March,2024,2
Washington,Puget Sound Energy Inc,98034,March,2024,11
Washington,Puget Sound Energy Inc,98038,March,2024,5
Washington,Puget Sound Energy Inc,98039,March,2024,0
Washington,Puget Sound Energy Inc,98040,March,2024,1
Washington,Puget Sound Energy Inc,98042,March,2024,17
Washington,Puget Sound Energy Inc,98045,March,2024,1
Washington,Puget Sound Energy Inc,98047,March,2024,1
Washington,Puget Sound Energy Inc,98051,March,2024,2
Washington,Puget Sound Energy Inc,98052,March,2024,3
Washington,Puget Sound Energy Inc,98053,March,2024,0
Washington,Puget Sound Energy Inc,98055,March,2024,13
Washington,Puget Sound Energy Inc,98056,March,2024,13
Washington,Puget Sound Energy Inc,98057,March,2024,2
Washington,Puget Sound Energy Inc,98058,March,2024,4
Washington,Puget Sound Energy Inc,98059,March,2024,3
Washington,Puget Sound Energy Inc,98065,March,2024,2
Washington,Puget Sound Energy Inc,98068,March,2024,1
Washington,Puget Sound Energy Inc,98070,March,2024,4
Washington,Puget Sound Energy Inc,98072,March,2024,3
Washington,Puget Sound Energy Inc,98074,March,2024,0
Washington,Puget Sound Energy Inc,98075,March,2024,0
Washington,Puget Sound Energy Inc,98077,March,2024,1
Washington,Puget Sound Energy Inc,98087,March,2024,1
Washington,Puget Sound Energy Inc,98092,March,2024,21
Washington,Puget Sound Energy Inc,98109,March,2024,0
Washington,Puget Sound Energy Inc,98110,March,2024,2
Washington,Puget Sound Energy Inc,98148,March,2024,4
Washington,Puget Sound Energy Inc,98166,March,2024,2
Washington,Puget Sound Energy Inc,98168,March,2024,1
Washington,Puget Sound Energy Inc,98188,March,2024,9
Washington,Puget Sound Energy Inc,98198,March,2024,17
Washington,Cascade Natural Gas,98220,March,2024,1
Washington,Puget Sound Energy Inc,98221,March,2024,1
Washington,Cascade Natural Gas,98221,March,2024,5
Washington,Cascade Natural Gas,98223,March,2024,1
Washington,Puget Sound Energy Inc,98224,March,2024,0
Washington,Puget Sound Energy Inc,98225,March,2024,6
Washington,Cascade Natural Gas,98225,March,2024,6
Washington,Puget Sound Energy Inc,98226,March,2024,5
Washington,Cascade Natural Gas,98226,March,2024,7
Washington,Cascade Natural Gas,98229,March,2024,5
Washington,Puget Sound Energy Inc,98229,March,2024,5
Washington,Puget Sound Energy Inc,98230,March,2024,0
Washington,Cascade Natural Gas,98230,March,2024,3
Washington,Puget Sound Energy Inc,98232,March,2024,0
Washington,Cascade Natural Gas,98233,March,2024,4
Washington,Puget Sound Energy Inc,98233,March,2024,3
Washington,Puget Sound Energy Inc,98236,March,2024,0
Washington,Puget Sound Energy Inc,98239,March,2024,0
Washington,Cascade Natural Gas,98244,March,2024,0
Washington,Puget Sound Energy Inc,98244,March,2024,0
Washington,Puget Sound Energy Inc,98247,March,2024,0
Washington,Cascade Natural Gas,98247,March,2024,0
Washington,Puget Sound Energy Inc,98248,March,2024,1
Washington,Cascade Natural Gas,98248,March,2024,3
Washington,Puget Sound Energy Inc,98249,March,2024,0
Washington,Puget Sound Energy Inc,98257,March,2024,1
Washington,Cascade Natural Gas,98257,March,2024,1
Washington,Puget Sound Energy Inc,98260,March,2024,3
Washington,Puget Sound Energy Inc,98263,March,2024,0
Washington,Puget Sound Energy Inc,98264,March,2024,0
Washington,Cascade Natural Gas,98264,March,2024,8
Washington,Puget Sound Energy Inc,98266,March,2024,0
Washington,Puget Sound Energy Inc,98267,March,2024,0
Washington,Cascade Natural Gas,98271,March,2024,0
Washington,Cascade Natural Gas,98273,March,2024,7
Washington,Puget Sound Energy Inc,98273,March,2024,5
Washington,Puget Sound Energy Inc,98274,March,2024,0
Washington,Cascade Natural Gas,98274,March,2024,6
Washington,Cascade Natural Gas,98276,March,2024,0
Washington,Puget Sound Energy Inc,98277,March,2024,1
Washington,Cascade Natural Gas,98277,March,2024,9
Washington,Puget Sound Energy Inc,98281,March,2024,0
Washington,Puget Sound Energy Inc,98283,March,2024,1
Washington,Puget Sound Energy Inc,98284,March,2024,5
Washington,Cascade Natural Gas,98284,March,2024,6
Washington,Puget Sound Energy Inc,98295,March,2024,0
Washington,Cascade Natural Gas,98310,March,2024,12
Washington,Puget Sound Energy Inc,98310,March,2024,9
Washington,Cascade Natural Gas,98311,March,2024,9
Washington,Puget Sound Energy Inc,98311,March,2024,2
Washington,Puget Sound Energy Inc,98312,March,2024,4
Washington,Cascade Natural Gas,98312,March,2024,0
Washington,Puget Sound Energy Inc,98321,March,2024,3
Washington,Puget Sound Energy Inc,98327,March,2024,1
Washington,Cascade Natural Gas,98337,March,2024,1
Washington,Puget Sound Energy Inc,98337,March,2024,1
Washington,Puget Sound Energy Inc,98338,March,2024,2
Washington,Puget Sound Energy Inc,98346,March,2024,3
Washington,Puget Sound Energy Inc,98359,March,2024,1
Washington,Puget Sound Energy Inc,98360,March,2024,5
Washington,Cascade Natural Gas,98366,March,2024,0
Washington,Puget Sound Energy Inc,98366,March,2024,9
Washington,Puget Sound Energy Inc,98367,March,2024,10
Washington,Cascade Natural Gas,98367,March,2024,0
Washington,Puget Sound Energy Inc,98370,March,2024,13
Washington,Cascade Natural Gas,98370,March,2024,1
Washington,Puget Sound Energy Inc,98371,March,2024,10
Washington,Puget Sound Energy Inc,98372,March,2024,6
Washington,Puget Sound Energy Inc,98373,March,2024,4
Washington,Puget Sound Energy Inc,98374,March,2024,13
Washington,Puget Sound Energy Inc,98375,March,2024,7
Washington,Puget Sound Energy Inc,98380,March,2024,0
Washington,Puget Sound Energy Inc,98383,March,2024,0
Washington,Cascade Natural Gas,98383,March,2024,0
Washington,Puget Sound Energy Inc,98387,March,2024,0
Washington,Puget Sound Energy Inc,98390,March,2024,3
Washington,Puget Sound Energy Inc,98391,March,2024,13
Washington,Puget Sound Energy Inc,98392,March,2024,0
Washington,Puget Sound Energy Inc,98424,March,2024,0
Washington,Puget Sound Energy Inc,98439,March,2024,1
Washington,Puget Sound Energy Inc,98445,March,2024,0
Washington,Puget Sound Energy Inc,98446,March,2024,2
Washington,Puget Sound Energy Inc,98498,March,2024,1
Washington,Puget Sound Energy Inc,98499,March,2024,1
Washington,Puget Sound Energy Inc,98501,March,2024,12
Washington,Puget Sound Energy Inc,98502,March,2024,11
Washington,Puget Sound Energy Inc,98503,March,2024,5
Washington,Puget Sound Energy Inc,98506,March,2024,2
Washington,Puget Sound Energy Inc,98512,March,2024,13
Washington,Puget Sound Energy Inc,98513,March,2024,7
Washington,Puget Sound Energy Inc,98516,March,2024,12
Washington,Cascade Natural Gas,98520,March,2024,3
Washington,Puget Sound Energy Inc,98530,March,2024,0
Washington,Cascade Natural Gas,98541,March,2024,1
Washington,Cascade Natural Gas,98550,March,2024,6
Washington,Cascade Natural Gas,98557,March,2024,0
Washington,Puget Sound Energy Inc,98558,March,2024,0
Washington,Puget Sound Energy Inc,98576,March,2024,1
Washington,Puget Sound Energy Inc,98579,March,2024,3
Washington,Puget Sound Energy Inc,98580,March,2024,3
Washington,Cascade Natural Gas,98584,March,2024,4
Washington,Puget Sound Energy Inc,98589,March,2024,0
Washington,Puget Sound Energy Inc,98597,March,2024,9
Washington,Cascade Natural Gas,98611,March,2024,0
Washington,Avista Utilities,98620,March,2024,3
Washington,Cascade Natural Gas,98625,March,2024,1
Washington,Cascade Natural Gas,98626,March,2024,2
Washington,Cascade Natural Gas,98632,March,2024,1
Washington,Avista Utilities,98648,March,2024,0
Washington,Cascade Natural Gas,98802,March,2024,1
Washington,Avista Utilities,98857,March,2024,0
Washington,Cascade Natural Gas,98901,March,2024,8
Washington,PacifiCorp,98901,March,2024,7
Washington,PacifiCorp,98902,March,2024,32
Washington,Cascade Natural Gas,98902,March,2024,19
Washington,Cascade Natural Gas,98903,March,2024,0
Washington,PacifiCorp,98903,March,2024,14
Washington,Cascade Natural Gas,98908,March,2024,15
Washington,PacifiCorp,98908,March,2024,4
Washington,PacifiCorp,98921,March,2024,2
Washington,Puget Sound Energy Inc,98922,March,2024,5
Washington,Puget Sound Energy Inc,98926,March,2024,1
Washington,PacifiCorp,98930,March,2024,1
Washington,Cascade Natural Gas,98930,March,2024,3
Washington,Cascade Natural Gas,98932,March,2024,2
Washington,Cascade Natural Gas,98936,March,2024,0
Washington,Puget Sound Energy Inc,98941,March,2024,1
Washington,Cascade Natural Gas,98942,March,2024,1
Washington,PacifiCorp,98942,March,2024,1
Washington,PacifiCorp,98944,March,2024,3
Washington,Cascade Natural Gas,98944,March,2024,4
Washington,Cascade Natural Gas,98948,March,2024,7
Washington,PacifiCorp,98948,March,2024,3
Washington,PacifiCorp,98951,March,2024,1
Washington,Cascade Natural Gas,98951,March,2024,2
Washington,Cascade Natural Gas,98953,March,2024,2
Washington,Avista Utilities,99001,March,2024,30
Washington,Avista Utilities,99003,March,2024,11
Washington,Avista Utilities,99004,March,2024,31
Washington,Avista Utilities,99005,March,2024,18
Washington,Avista Utilities,99006,March,2024,37
Washington,Avista Utilities,99008,March,2024,1
Washington,Avista Utilities,99009,March,2024,12
Washington,Avista Utilities,99011,March,2024,0
Washington,Avista Utilities,99012,March,2024,6
Washington,Avista Utilities,99013,March,2024,11
Washington,Avista Utilities,99014,March,2024,0
Washington,Avista Utilities,99016,March,2024,72
Washington,Avista Utilities,99018,March,2024,0
Washington,Avista Utilities,99019,March,2024,36
Washington,Avista Utilities,99020,March,2024,0
Washington,Avista Utilities,99021,March,2024,20
Washington,Avista Utilities,99022,March,2024,24
Washington,Avista Utilities,99023,March,2024,1
Washington,Avista Utilities,99025,March,2024,9
Washington,Avista Utilities,99026,March,2024,4
Washington,Avista Utilities,99027,March,2024,12
Washington,Avista Utilities,99029,March,2024,5
Washington,Avista Utilities,99030,March,2024,2
Washington,Avista Utilities,99031,March,2024,0
Washington,Avista Utilities,99032,March,2024,4
Washington,Avista Utilities,99033,March,2024,4
Washington,Avista Utilities,99034,March,2024,0
Washington,Avista Utilities,99036,March,2024,0
Washington,Avista Utilities,99037,March,2024,9
Washington,Avista Utilities,99039,March,2024,0
Washington,Avista Utilities,99040,March,2024,1
Washington,Avista Utilities,99101,March,2024,3
Washington,Avista Utilities,99102,March,2024,0
Washington,Avista Utilities,99103,March,2024,0
Washington,Avista Utilities,99104,March,2024,0
Washington,Avista Utilities,99107,March,2024,0
Washington,Avista Utilities,99109,March,2024,20
Washington,Avista Utilities,99110,March,2024,9
Washington,Avista Utilities,99111,March,2024,16
Washington,Avista Utilities,99113,March,2024,0
Washington,Avista Utilities,99114,March,2024,70
Washington,Avista Utilities,99117,March,2024,0
Washington,Avista Utilities,99122,March,2024,12
Washington,Avista Utilities,99125,March,2024,3
Washington,Avista Utilities,99126,March,2024,3
Washington,Avista Utilities,99128,March,2024,1
Washington,Avista Utilities,99129,March,2024,7
Washington,Avista Utilities,99130,March,2024,8
Washington,Avista Utilities,99131,March,2024,0
Washington,Avista Utilities,99134,March,2024,4
Washington,Avista Utilities,99137,March,2024,0
Washington,Avista Utilities,99138,March,2024,11
Washington,Avista Utilities,99141,March,2024,37
Washington,Avista Utilities,99143,March,2024,1
Washington,Avista Utilities,99144,March,2024,0
Washington,Avista Utilities,99146,March,2024,0
Washington,Avista Utilities,99148,March,2024,9
Washington,Avista Utilities,99149,March,2024,0
Washington,Avista Utilities,99151,March,2024,1
Washington,Avista Utilities,99156,March,2024,0
Washington,Avista Utilities,99157,March,2024,3
Washington,Avista Utilities,99158,March,2024,1
Washington,Avista Utilities,99159,March,2024,6
Washington,Avista Utilities,99160,March,2024,1
Washington,Avista Utilities,99161,March,2024,5
Washington,Avista Utilities,99163,March,2024,185
Washington,Avista Utilities,99164,March,2024,0
Washington,Avista Utilities,99167,March,2024,6
Washington,Avista Utilities,99169,March,2024,17
Washington,Avista Utilities,99170,March,2024,3
Washington,Avista Utilities,99171,March,2024,2
Washington,Avista Utilities,99173,March,2024,7
Washington,Avista Utilities,99174,March,2024,0
Washington,Avista Utilities,99176,March,2024,0
Washington,Avista Utilities,99179,March,2024,0
Washington,Avista Utilities,99181,March,2024,13
Washington,Avista Utilities,99185,March,2024,7
Washington,Avista Utilities,99201,March,2024,137
Washington,Avista Utilities,99202,March,2024,116
Washington,Avista Utilities,99203,March,2024,79
Washington,Avista Utilities,99204,March,2024,68
Washington,Avista Utilities,99205,March,2024,266
Washington,Avista Utilities,99206,March,2024,86
Washington,Avista Utilities,99207,March,2024,257
Washington,Avista Utilities,99208,March,2024,289
Washington,Avista Utilities,99212,March,2024,114
Washington,Avista Utilities,99216,March,2024,87
Washington,Avista Utilities,99217,March,2024,125
Washington,Avista Utilities,99218,March,2024,68
Washington,Avista Utilities,99219,March,2024,0
Washington,Avista Utilities,99220,March,2024,0
Washington,Avista Utilities,99223,March,2024,95
Washington,Avista Utilities,99224,March,2024,95
Washington,Avista Utilities,99228,March,2024,0
Washington,Avista Utilities,99260,March,2024,0
Washington,Cascade Natural Gas,99301,March,2024,5
Washington,Cascade Natural Gas,99324,March,2024,0
Washington,PacifiCorp,99324,March,2024,5
Washington,Avista Utilities,99326,March,2024,0
Washington,PacifiCorp,99328,March,2024,3
Washington,Avista Utilities,99335,March,2024,0
Washington,Cascade Natural Gas,99336,March,2024,3
Washington,Cascade Natural Gas,99337,March,2024,1
Washington,Cascade Natural Gas,99338,March,2024,1
Washington,Avista Utilities,99341,March,2024,3
Washington,Cascade Natural Gas,99344,March,2024,0
Washington,Avista Utilities,99344,March,2024,75
Washington,Cascade Natural Gas,99350,March,2024,0
Washington,Cascade Natural Gas,99352,March,2024,5
Washington,Cascade Natural Gas,99353,March,2024,0
Washington,Cascade Natural Gas,99354,March,2024,2
Washington,Cascade Natural Gas,99362,March,2024,6
Washington,PacifiCorp,99362,March,2024,4
Washington,Avista Utilities,99371,March,2024,3
Washington,Avista Utilities,99402,March,2024,14
Washington,Avista Utilities,99403,March,2024,151
