state,utility_name,year,month,county,zip_code,number_of_disonnections
Maryland,Washington Gas Light Company,2020,November,Prince Georges,20743,1
Maryland,Washington Gas Light Company,2020,November,Prince Georges,20774,1
Maryland,Washington Gas Light Company,2020,November,Prince Georges,20772,1
Maryland,Washington Gas Light Company,2020,November,Montgomery,20866,1
Maryland,Washington Gas Light Company,2020,November,Prince Georges,20744,1
Maryland,Washington Gas Light Company,2020,November,Prince Georges,20745,1
Maryland,Washington Gas Light Company,2020,November,Prince Georges,20772,1
Maryland,Washington Gas Light Company,2020,November,Prince Georges,20784,2
Maryland,Washington Gas Light Company,2020,November,Prince Georges,20785,1
Maryland,Washington Gas Light Company,2020,December,Frederick,21703,1
Maryland,Washington Gas Light Company,2020,December,Montgomery,20910,6
Maryland,Washington Gas Light Company,2020,December,Prince Georges,20705,5
Maryland,Washington Gas Light Company,2020,December,Prince Georges,20706,8
Maryland,Washington Gas Light Company,2020,December,Prince Georges,20715,2
Maryland,Washington Gas Light Company,2020,December,Prince Georges,20743,1
Maryland,Washington Gas Light Company,2020,December,Prince Georges,20772,3
Maryland,Washington Gas Light Company,2020,December,Prince Georges,20774,4
Maryland,Washington Gas Light Company,2020,December,Prince Georges,20783,2
Maryland,Washington Gas Light Company,2020,December,Prince Georges,20715,1
Maryland,Washington Gas Light Company,2020,December,Prince Georges,20772,1
Maryland,Washington Gas Light Company,2020,December,Prince Georges,20783,1
Maryland,Washington Gas Light Company,2020,December,Montgomery,20866,1
Maryland,Washington Gas Light Company,2020,December,Prince Georges,20706,6
Maryland,Washington Gas Light Company,2020,December,Prince Georges,20715,2
Maryland,Washington Gas Light Company,2020,December,Prince Georges,20716,5
Maryland,Washington Gas Light Company,2020,December,Prince Georges,20720,1
Maryland,Washington Gas Light Company,2020,December,Prince Georges,20721,1
Maryland,Washington Gas Light Company,2020,December,Prince Georges,20744,2
Maryland,Washington Gas Light Company,2020,December,Prince Georges,20745,1
Maryland,Washington Gas Light Company,2020,December,Prince Georges,20772,1
Maryland,Washington Gas Light Company,2020,December,Prince Georges,20783,2
Maryland,Washington Gas Light Company,2020,December,Prince Georges,20784,1
Maryland,Washington Gas Light Company,2020,December,Prince Georges,20785,1
Maryland,Washington Gas Light Company,2021,January,Charles,20601,9
Maryland,Washington Gas Light Company,2021,January,Charles,20602,3
Maryland,Washington Gas Light Company,2021,January,Charles,20603,1
Maryland,Washington Gas Light Company,2021,January,Prince Georges,20607,1
Maryland,Washington Gas Light Company,2021,January,Charles,20616,1
Maryland,Washington Gas Light Company,2021,January,Prince Georges,20705,19
Maryland,Washington Gas Light Company,2021,January,Prince Georges,20708,1
Maryland,Washington Gas Light Company,2021,January,Prince Georges,20710,2
Maryland,Washington Gas Light Company,2021,January,Prince Georges,20712,1
Maryland,Washington Gas Light Company,2021,January,Prince Georges,20720,1
Maryland,Washington Gas Light Company,2021,January,Prince Georges,20721,1
Maryland,Washington Gas Light Company,2021,January,Prince Georges,20722,7
Maryland,Washington Gas Light Company,2021,January,Prince Georges,20735,7
Maryland,Washington Gas Light Company,2021,January,Prince Georges,20737,2
Maryland,Washington Gas Light Company,2021,January,Prince Georges,20740,4
Maryland,Washington Gas Light Company,2021,January,Prince Georges,20743,3
Maryland,Washington Gas Light Company,2021,January,Prince Georges,20744,9
Maryland,Washington Gas Light Company,2021,January,Prince Georges,20746,3
Maryland,Washington Gas Light Company,2021,January,Prince Georges,20747,5
Maryland,Washington Gas Light Company,2021,January,Prince Georges,20748,4
Maryland,Washington Gas Light Company,2021,January,Prince Georges,20774,1
Maryland,Washington Gas Light Company,2021,January,Prince Georges,20781,11
Maryland,Washington Gas Light Company,2021,January,Prince Georges,20782,2
Maryland,Washington Gas Light Company,2021,January,Prince Georges,20783,2
Maryland,Washington Gas Light Company,2021,January,Prince Georges,20784,3
Maryland,Washington Gas Light Company,2021,January,Prince Georges,20785,1
Maryland,Washington Gas Light Company,2021,January,Montgomery,20814,1
Maryland,Washington Gas Light Company,2021,January,Montgomery,20877,11
Maryland,Washington Gas Light Company,2021,January,Montgomery,20878,5
Maryland,Washington Gas Light Company,2021,January,Montgomery,20879,11
Maryland,Washington Gas Light Company,2021,January,Montgomery,20886,1
Maryland,Washington Gas Light Company,2021,January,Montgomery,20910,1
Maryland,Washington Gas Light Company,2021,January,Prince Georges,20912,1
Maryland,Washington Gas Light Company,2021,Feburary,Prince Georges,20705,4
Maryland,Washington Gas Light Company,2021,February,Prince Georges,20706,10
Maryland,Washington Gas Light Company,2021,February,Prince Georges,20715,3
Maryland,Washington Gas Light Company,2021,February,Prince Georges,20716,2
Maryland,Washington Gas Light Company,2021,February,Prince Georges,20735,2
Maryland,Washington Gas Light Company,2021,February,Prince Georges,20737,1
Maryland,Washington Gas Light Company,2021,February,Prince Georges,20743,6
Maryland,Washington Gas Light Company,2021,February,Prince Georges,20744,1
Maryland,Washington Gas Light Company,2021,February,Prince Georges,20745,1
Maryland,Washington Gas Light Company,2021,February,Prince Georges,20746,2
Maryland,Washington Gas Light Company,2021,February,Prince Georges,20747,10
Maryland,Washington Gas Light Company,2021,February,Prince Georges,20748,3
Maryland,Washington Gas Light Company,2021,February,Prince Georges,20769,1
Maryland,Washington Gas Light Company,2021,February,Prince Georges,20772,4
Maryland,Washington Gas Light Company,2021,February,Prince Georges,20774,3
Maryland,Washington Gas Light Company,2021,February,Prince Georges,20781,1
Maryland,Washington Gas Light Company,2021,February,Prince Georges,20784,1
Maryland,Washington Gas Light Company,2021,February,Prince Georges,20785,19
Maryland,Washington Gas Light Company,2021,February,Montgomery,20850,3
Maryland,Washington Gas Light Company,2021,February,Montgomery,20852,2
Maryland,Washington Gas Light Company,2021,February,Montgomery,20860,1
Maryland,Washington Gas Light Company,2021,February,Montgomery,20866,3
Maryland,Washington Gas Light Company,2021,February,Montgomery,20895,1
Maryland,Washington Gas Light Company,2021,February,Montgomery,20904,6
Maryland,Washington Gas Light Company,2021,February,Montgomery,20905,1
Maryland,Washington Gas Light Company,2021,February,Montgomery,20906,1
Maryland,Washington Gas Light Company,2021,February,Montgomery,20910,5
Maryland,Washington Gas Light Company,2021,Feburary,Montgomery,20912,4
Maryland,Washington Gas Light Company,2021,February,Prince Georges,20912,1
Maryland,Washington Gas Light Company,2021,March,,20601,5
Maryland,Washington Gas Light Company,2021,March,,20602,1
Maryland,Washington Gas Light Company,2021,March,,20603,2
Maryland,Washington Gas Light Company,2021,March,,20705,9
Maryland,Washington Gas Light Company,2021,March,,20706,2
Maryland,Washington Gas Light Company,2021,March,,20708,1
Maryland,Washington Gas Light Company,2021,March,,20710,1
Maryland,Washington Gas Light Company,2021,March,,20712,6
Maryland,Washington Gas Light Company,2021,March,,20715,1
Maryland,Washington Gas Light Company,2021,March,,20722,5
Maryland,Washington Gas Light Company,2021,March,,20735,2
Maryland,Washington Gas Light Company,2021,March,,20737,3
Maryland,Washington Gas Light Company,2021,March,,20740,4
Maryland,Washington Gas Light Company,2021,March,,20743,5
Maryland,Washington Gas Light Company,2021,March,,20744,4
Maryland,Washington Gas Light Company,2021,March,,20745,2
Maryland,Washington Gas Light Company,2021,March,,20746,3
Maryland,Washington Gas Light Company,2021,March,,20747,8
Maryland,Washington Gas Light Company,2021,March,,20748,5
Maryland,Washington Gas Light Company,2021,March,,20769,1
Maryland,Washington Gas Light Company,2021,March,,20770,3
Maryland,Washington Gas Light Company,2021,March,,20772,5
Maryland,Washington Gas Light Company,2021,March,,20781,3
Maryland,Washington Gas Light Company,2021,March,,20783,3
Maryland,Washington Gas Light Company,2021,March,,20784,1
Maryland,Washington Gas Light Company,2021,March,,20785,6
Maryland,Washington Gas Light Company,2021,March,,20814,2
Maryland,Washington Gas Light Company,2021,March,,20817,2
Maryland,Washington Gas Light Company,2021,March,,20850,11
Maryland,Washington Gas Light Company,2021,March,,20851,1
Maryland,Washington Gas Light Company,2021,March,,20852,2
Maryland,Washington Gas Light Company,2021,March,,20855,3
Maryland,Washington Gas Light Company,2021,March,,20866,3
Maryland,Washington Gas Light Company,2021,March,,20874,1
Maryland,Washington Gas Light Company,2021,March,,20877,1
Maryland,Washington Gas Light Company,2021,March,,20878,1
Maryland,Washington Gas Light Company,2021,March,,20886,1
Maryland,Washington Gas Light Company,2021,March,,20901,2
Maryland,Washington Gas Light Company,2021,March,,20902,8
Maryland,Washington Gas Light Company,2021,March,,20904,3
Maryland,Washington Gas Light Company,2021,March,,20910,6
Maryland,Washington Gas Light Company,2021,April,Charles,20602,1
Maryland,Washington Gas Light Company,2021,April,Charles,20603,2
Maryland,Washington Gas Light Company,2021,April,St. Mary's,20653,1
Maryland,Washington Gas Light Company,2021,April,Calvert,20657,1
Maryland,Washington Gas Light Company,2021,April,Prince Georges,20705,9
Maryland,Washington Gas Light Company,2021,April,Prince Georges,20706,4
Maryland,Washington Gas Light Company,2021,April,Prince Georges,20715,1
Maryland,Washington Gas Light Company,2021,April,Prince Georges,20735,3
Maryland,Washington Gas Light Company,2021,April,Prince Georges,20737,3
Maryland,Washington Gas Light Company,2021,April,Prince Georges,20740,2
Maryland,Washington Gas Light Company,2021,April,Prince Georges,20743,18
Maryland,Washington Gas Light Company,2021,April,Prince Georges,20745,4
Maryland,Washington Gas Light Company,2021,April,Prince Georges,20746,3
Maryland,Washington Gas Light Company,2021,April,Prince Georges,20747,6
Maryland,Washington Gas Light Company,2021,April,Prince Georges,20748,5
Maryland,Washington Gas Light Company,2021,April,Prince Georges,20769,1
Maryland,Washington Gas Light Company,2021,April,Prince Georges,20770,1
Maryland,Washington Gas Light Company,2021,April,Prince Georges,20772,1
Maryland,Washington Gas Light Company,2021,April,Prince Georges,20774,7
Maryland,Washington Gas Light Company,2021,April,Prince Georges,20781,9
Maryland,Washington Gas Light Company,2021,April,Prince Georges,20783,2
Maryland,Washington Gas Light Company,2021,April,Montgomery,20814,1
Maryland,Washington Gas Light Company,2021,April,Montgomery,20815,1
Maryland,Washington Gas Light Company,2021,April,Montgomery,20832,2
Maryland,Washington Gas Light Company,2021,April,Montgomery,20850,4
Maryland,Washington Gas Light Company,2021,April,Montgomery,20851,1
Maryland,Washington Gas Light Company,2021,April,Montgomery,20852,6
Maryland,Washington Gas Light Company,2021,April,Montgomery,20854,2
Maryland,Washington Gas Light Company,2021,April,Montgomery,20874,5
Maryland,Washington Gas Light Company,2021,April,Montgomery,20877,2
Maryland,Washington Gas Light Company,2021,April,Montgomery,20879,10
Maryland,Washington Gas Light Company,2021,April,Montgomery,20895,7
Maryland,Washington Gas Light Company,2021,April,Montgomery,20901,2
Maryland,Washington Gas Light Company,2021,April,Montgomery,20902,1
Maryland,Washington Gas Light Company,2021,April,Montgomery,20906,2
Maryland,Washington Gas Light Company,2021,April,Montgomery,20910,2
Maryland,Washington Gas Light Company,2021,April,Montgomery,20912,1
Maryland,Washington Gas Light Company,2021,April,Frederick,21702,1
Maryland,Washington Gas Light Company,2021,April,Frederick,21703,6
Maryland,Washington Gas Light Company,2021,April,Frederick,21704,2
Maryland,Washington Gas Light Company,2021,April,Frederick,21717,1
Maryland,Washington Gas Light Company,2021,April,Prince Georges,20705,16
Maryland,Washington Gas Light Company,2021,April,Prince Georges,20712,3
Maryland,Washington Gas Light Company,2021,April,Prince Georges,20721,41
Maryland,Washington Gas Light Company,2021,April,Prince Georges,20740,7
Maryland,Washington Gas Light Company,2021,April,Prince Georges,20774,26
Maryland,Washington Gas Light Company,2021,April,Prince Georges,20782,11
Maryland,Washington Gas Light Company,2021,April,Prince Georges,20783,13
Maryland,Washington Gas Light Company,2021,April,Montgomery,20832,3
Maryland,Washington Gas Light Company,2021,April,Montgomery,20853,1
Maryland,Washington Gas Light Company,2021,April,Montgomery,20854,1
Maryland,Washington Gas Light Company,2021,April,Montgomery,20855,1
Maryland,Washington Gas Light Company,2021,April,Montgomery,20903,9
Maryland,Washington Gas Light Company,2021,April,Prince Georges,20903,4
Maryland,Washington Gas Light Company,2021,April,Montgomery,20904,16
Maryland,Washington Gas Light Company,2021,April,Montgomery,20905,6
Maryland,Washington Gas Light Company,2021,April,Montgomery,20906,11
Maryland,Washington Gas Light Company,2021,April,Montgomery,20910,10
Maryland,Washington Gas Light Company,2021,April,Montgomery,20912,3
Maryland,Washington Gas Light Company,2021,April,Prince Georges,20912,1
Maryland,Washington Gas Light Company,2021,April,Frederick,21703,2
Maryland,Washington Gas Light Company,2021,April,Frederick,21704,1
Maryland,Washington Gas Light Company,2021,May,Charles,20601,9
Maryland,Washington Gas Light Company,2021,May,Charles,20602,18
Maryland,Washington Gas Light Company,2021,May,Charles,20603,15
Maryland,Washington Gas Light Company,2021,May,Prince Georges,20607,6
Maryland,Washington Gas Light Company,2021,May,Prince Georges,20613,9
Maryland,Washington Gas Light Company,2021,May,Charles,20616,2
Maryland,Washington Gas Light Company,2021,May,Prince Georges,20623,4
Maryland,Washington Gas Light Company,2021,May,Charles,20640,1
Maryland,Washington Gas Light Company,2021,May,St. Mary's,20653,5
Maryland,Washington Gas Light Company,2021,May,Calvert,20678,2
Maryland,Washington Gas Light Company,2021,May,St. Mary's,20678,1
Maryland,Washington Gas Light Company,2021,May,Charles,20695,3
Maryland,Washington Gas Light Company,2021,May,Prince Georges,20705,12
Maryland,Washington Gas Light Company,2021,May,Prince Georges,20706,45
Maryland,Washington Gas Light Company,2021,May,Prince Georges,20708,10
Maryland,Washington Gas Light Company,2021,May,Prince Georges,20710,3
Maryland,Washington Gas Light Company,2021,May,Prince Georges,20712,3
Maryland,Washington Gas Light Company,2021,May,Prince Georges,20715,21
Maryland,Washington Gas Light Company,2021,May,Prince Georges,20716,9
Maryland,Washington Gas Light Company,2021,May,Prince Georges,20720,60
Maryland,Washington Gas Light Company,2021,May,Prince Georges,20721,60
Maryland,Washington Gas Light Company,2021,May,Prince Georges,20722,5
Maryland,Washington Gas Light Company,2021,May,Prince Georges,20735,36
Maryland,Washington Gas Light Company,2021,May,Prince Georges,20737,2
Maryland,Washington Gas Light Company,2021,May,Prince Georges,20740,9
Maryland,Washington Gas Light Company,2021,May,Prince Georges,20743,48
Maryland,Washington Gas Light Company,2021,May,Prince Georges,20744,69
Maryland,Washington Gas Light Company,2021,May,Prince Georges,20745,16
Maryland,Washington Gas Light Company,2021,May,Prince Georges,20746,16
Maryland,Washington Gas Light Company,2021,May,Prince Georges,20747,42
Maryland,Washington Gas Light Company,2021,May,Prince Georges,20748,47
Maryland,Washington Gas Light Company,2021,May,Prince Georges,20769,23
Maryland,Washington Gas Light Company,2021,May,Prince Georges,20770,7
Maryland,Washington Gas Light Company,2021,May,Prince Georges,20772,89
Maryland,Washington Gas Light Company,2021,May,Prince Georges,20774,60
Maryland,Washington Gas Light Company,2021,May,Prince Georges,20781,4
Maryland,Washington Gas Light Company,2021,May,Prince Georges,20782,22
Maryland,Washington Gas Light Company,2021,May,Prince Georges,20783,20
Maryland,Washington Gas Light Company,2021,May,Prince Georges,20784,9
Maryland,Washington Gas Light Company,2021,May,Prince Georges,20785,74
Maryland,Washington Gas Light Company,2021,May,Montgomery,20814,5
Maryland,Washington Gas Light Company,2021,May,Montgomery,20815,4
Maryland,Washington Gas Light Company,2021,May,Montgomery,20817,8
Maryland,Washington Gas Light Company,2021,May,Montgomery,20832,5
Maryland,Washington Gas Light Company,2021,May,Montgomery,20833,1
Maryland,Washington Gas Light Company,2021,May,Montgomery,20841,2
Maryland,Washington Gas Light Company,2021,May,Montgomery,20850,7
Maryland,Washington Gas Light Company,2021,May,Montgomery,20851,8
Maryland,Washington Gas Light Company,2021,May,Montgomery,20852,2
Maryland,Washington Gas Light Company,2021,May,Montgomery,20853,6
Maryland,Washington Gas Light Company,2021,May,Montgomery,20854,12
Maryland,Washington Gas Light Company,2021,May,Montgomery,20855,1
Maryland,Washington Gas Light Company,2021,May,Montgomery,20866,6
Maryland,Washington Gas Light Company,2021,May,Montgomery,20871,10
Maryland,Washington Gas Light Company,2021,May,Montgomery,20872,3
Maryland,Washington Gas Light Company,2021,May,Montgomery,20874,24
Maryland,Washington Gas Light Company,2021,May,Montgomery,20876,11
Maryland,Washington Gas Light Company,2021,May,Montgomery,20877,16
Maryland,Washington Gas Light Company,2021,May,Montgomery,20878,30
Maryland,Washington Gas Light Company,2021,May,Montgomery,20879,3
Maryland,Washington Gas Light Company,2021,May,Montgomery,20882,3
Maryland,Washington Gas Light Company,2021,May,Montgomery,20886,16
Maryland,Washington Gas Light Company,2021,May,Montgomery,20895,7
Maryland,Washington Gas Light Company,2021,May,Montgomery,20896,1
Maryland,Washington Gas Light Company,2021,May,Montgomery,20901,12
Maryland,Washington Gas Light Company,2021,May,Montgomery,20902,14
Maryland,Washington Gas Light Company,2021,May,Montgomery,20903,23
Maryland,Washington Gas Light Company,2021,May,Prince Georges,20903,2
Maryland,Washington Gas Light Company,2021,May,Montgomery,20904,32
Maryland,Washington Gas Light Company,2021,May,Montgomery,20905,8
Maryland,Washington Gas Light Company,2021,May,Montgomery,20906,29
Maryland,Washington Gas Light Company,2021,May,Montgomery,20910,4
Maryland,Washington Gas Light Company,2021,May,Montgomery,20912,6
Maryland,Washington Gas Light Company,2021,May,Prince Georges,20912,1
Maryland,Washington Gas Light Company,2021,May,Frederick,21701,3
Maryland,Washington Gas Light Company,2021,May,Frederick,21702,5
Maryland,Washington Gas Light Company,2021,May,Frederick,21703,4
Maryland,Washington Gas Light Company,2021,May,Frederick,21716,1
Maryland,Washington Gas Light Company,2021,May,Frederick,21774,1
Maryland,Washington Gas Light Company,2021,May,Frederick,21777,1
Maryland,Washington Gas Light Company,2021,June,,21701,1
Maryland,Washington Gas Light Company,2021,June,,20678,1
Maryland,Washington Gas Light Company,2021,June,,20705,11
Maryland,Washington Gas Light Company,2021,June,,20706,3
Maryland,Washington Gas Light Company,2021,June,,20710,1
Maryland,Washington Gas Light Company,2021,June,,20721,1
Maryland,Washington Gas Light Company,2021,June,,20735,5
Maryland,Washington Gas Light Company,2021,June,,20737,1
Maryland,Washington Gas Light Company,2021,June,,20740,2
Maryland,Washington Gas Light Company,2021,June,,20743,4
Maryland,Washington Gas Light Company,2021,June,,20744,2
Maryland,Washington Gas Light Company,2021,June,,20745,4
Maryland,Washington Gas Light Company,2021,June,,20746,2
Maryland,Washington Gas Light Company,2021,June,,20747,1
Maryland,Washington Gas Light Company,2021,June,,20748,4
Maryland,Washington Gas Light Company,2021,June,,20769,1
Maryland,Washington Gas Light Company,2021,June,,20782,1
Maryland,Washington Gas Light Company,2021,June,,20785,3
Maryland,Washington Gas Light Company,2021,June,,20850,7
Maryland,Washington Gas Light Company,2021,June,,20852,1
Maryland,Washington Gas Light Company,2021,June,,20872,1
Maryland,Washington Gas Light Company,2021,June,,20877,2
Maryland,Washington Gas Light Company,2021,June,,20879,2
Maryland,Washington Gas Light Company,2021,June,,20904,1
Maryland,Washington Gas Light Company,2021,June,,21701,3
Maryland,Washington Gas Light Company,2021,June,,21703,1
Maryland,Washington Gas Light Company,2021,June,,21777,1
Maryland,Washington Gas Light Company,2021,June,,20772,1
Maryland,Washington Gas Light Company,2021,June,,20817,1
Maryland,Washington Gas Light Company,2021,June,,20854,1
Maryland,Washington Gas Light Company,2021,June,,20601,32
Maryland,Washington Gas Light Company,2021,June,,20602,18
Maryland,Washington Gas Light Company,2021,June,,20603,29
Maryland,Washington Gas Light Company,2021,June,,20607,16
Maryland,Washington Gas Light Company,2021,June,,20813,17
Maryland,Washington Gas Light Company,2021,June,,20616,9
Maryland,Washington Gas Light Company,2021,June,,20623,3
Maryland,Washington Gas Light Company,2021,June,,20653,2
Maryland,Washington Gas Light Company,2021,June,,20695,15
Maryland,Washington Gas Light Company,2021,June,,20705,21
Maryland,Washington Gas Light Company,2021,June,,20706,39
Maryland,Washington Gas Light Company,2021,June,,20708,12
Maryland,Washington Gas Light Company,2021,June,,20710,5
Maryland,Washington Gas Light Company,2021,June,,20712,4
Maryland,Washington Gas Light Company,2021,June,,20715,36
Maryland,Washington Gas Light Company,2021,June,,20716,38
Maryland,Washington Gas Light Company,2021,June,,20720,26
Maryland,Washington Gas Light Company,2021,June,,20721,50
Maryland,Washington Gas Light Company,2021,June,,20722,11
Maryland,Washington Gas Light Company,2021,June,,20735,34
Maryland,Washington Gas Light Company,2021,June,,20737,12
Maryland,Washington Gas Light Company,2021,June,,20740,9
Maryland,Washington Gas Light Company,2021,June,,20743,71
Maryland,Washington Gas Light Company,2021,June,,20744,42
Maryland,Washington Gas Light Company,2021,June,,20745,42
Maryland,Washington Gas Light Company,2021,June,,20746,10
Maryland,Washington Gas Light Company,2021,June,,20747,39
Maryland,Washington Gas Light Company,2021,June,,20748,57
Maryland,Washington Gas Light Company,2021,June,,20769,9
Maryland,Washington Gas Light Company,2021,June,,20772,40
Maryland,Washington Gas Light Company,2021,June,,20774,59
Maryland,Washington Gas Light Company,2021,June,,20781,3
Maryland,Washington Gas Light Company,2021,June,,20782,22
Maryland,Washington Gas Light Company,2021,June,,20783,13
Maryland,Washington Gas Light Company,2021,June,,20784,5
Maryland,Washington Gas Light Company,2021,June,,20785,78
Maryland,Washington Gas Light Company,2021,June,,20817,5
Maryland,Washington Gas Light Company,2021,June,,20832,10
Maryland,Washington Gas Light Company,2021,June,,20833,1
Maryland,Washington Gas Light Company,2021,June,,20850,7
Maryland,Washington Gas Light Company,2021,June,,20851,5
Maryland,Washington Gas Light Company,2021,June,,20852,1
Maryland,Washington Gas Light Company,2021,June,,20853,6
Maryland,Washington Gas Light Company,2021,June,,20854,5
Maryland,Washington Gas Light Company,2021,June,,20855,1
Maryland,Washington Gas Light Company,2021,June,,20871,8
Maryland,Washington Gas Light Company,2021,June,,20872,2
Maryland,Washington Gas Light Company,2021,June,,20874,18
Maryland,Washington Gas Light Company,2021,June,,20876,8
Maryland,Washington Gas Light Company,2021,June,,20877,17
Maryland,Washington Gas Light Company,2021,June,,20878,22
Maryland,Washington Gas Light Company,2021,June,,20879,9
Maryland,Washington Gas Light Company,2021,June,,20882,4
Maryland,Washington Gas Light Company,2021,June,,20886,27
Maryland,Washington Gas Light Company,2021,June,,20895,3
Maryland,Washington Gas Light Company,2021,June,,20901,8
Maryland,Washington Gas Light Company,2021,June,,20902,16
Maryland,Washington Gas Light Company,2021,June,,20903,37
Maryland,Washington Gas Light Company,2021,June,,20903,3
Maryland,Washington Gas Light Company,2021,June,,20904,64
Maryland,Washington Gas Light Company,2021,June,,20905,8
Maryland,Washington Gas Light Company,2021,June,,20906,38
Maryland,Washington Gas Light Company,2021,June,,20910,9
Maryland,Washington Gas Light Company,2021,June,,21701,13
Maryland,Washington Gas Light Company,2021,June,,21702,13
Maryland,Washington Gas Light Company,2021,June,,21703,7
Maryland,Washington Gas Light Company,2021,July,Charles,20601,2
Maryland,Washington Gas Light Company,2021,July,Charles,20602,4
Maryland,Washington Gas Light Company,2021,July,Charles,20603,20
Maryland,Washington Gas Light Company,2021,July,Prince Georges,20613,7
Maryland,Washington Gas Light Company,2021,July,Charles,20616,3
Maryland,Washington Gas Light Company,2021,July,St. Mary's,20653,4
Maryland,Washington Gas Light Company,2021,July,Charles,20695,10
Maryland,Washington Gas Light Company,2021,July,Prince Georges,20705,26
Maryland,Washington Gas Light Company,2021,July,Prince Georges,20706,23
Maryland,Washington Gas Light Company,2021,July,Prince Georges,20708,2
Maryland,Washington Gas Light Company,2021,July,Prince Georges,20712,1
Maryland,Washington Gas Light Company,2021,July,Prince Georges,20715,14
Maryland,Washington Gas Light Company,2021,July,Prince Georges,20716,17
Maryland,Washington Gas Light Company,2021,July,Prince Georges,20720,19
Maryland,Washington Gas Light Company,2021,July,Prince Georges,20735,31
Maryland,Washington Gas Light Company,2021,July,Prince Georges,20737,8
Maryland,Washington Gas Light Company,2021,July,Prince Georges,20740,4
Maryland,Washington Gas Light Company,2021,July,Prince Georges,20743,81
Maryland,Washington Gas Light Company,2021,July,Prince Georges,20744,61
Maryland,Washington Gas Light Company,2021,July,Prince Georges,20745,49
Maryland,Washington Gas Light Company,2021,July,Prince Georges,20746,8
Maryland,Washington Gas Light Company,2021,July,Prince Georges,20747,75
Maryland,Washington Gas Light Company,2021,July,Prince Georges,20748,52
Maryland,Washington Gas Light Company,2021,July,Prince Georges,20769,3
Maryland,Washington Gas Light Company,2021,July,Prince Georges,20770,4
Maryland,Washington Gas Light Company,2021,July,Prince Georges,20772,70
Maryland,Washington Gas Light Company,2021,July,Prince Georges,20772,70
Maryland,Washington Gas Light Company,2021,July,Prince Georges,20774,77
Maryland,Washington Gas Light Company,2021,July,Prince Georges,20781,7
Maryland,Washington Gas Light Company,2021,July,Prince Georges,20782,15
Maryland,Washington Gas Light Company,2021,July,Prince Georges,20783,18
Maryland,Washington Gas Light Company,2021,July,Prince Georges,20784,19
Maryland,Washington Gas Light Company,2021,July,Prince Georges,20785,115
Maryland,Washington Gas Light Company,2021,July,Montgomery,20814,2
Maryland,Washington Gas Light Company,2021,July,Montgomery,20815,1
Maryland,Washington Gas Light Company,2021,July,Montgomery,20817,4
Maryland,Washington Gas Light Company,2021,July,Montgomery,20832,3
Maryland,Washington Gas Light Company,2021,July,Montgomery,20850,7
Maryland,Washington Gas Light Company,2021,July,Montgomery,20851,5
Maryland,Washington Gas Light Company,2021,July,Montgomery,20852,1
Maryland,Washington Gas Light Company,2021,July,Montgomery,20853,6
Maryland,Washington Gas Light Company,2021,July,Montgomery,20854,9
Maryland,Washington Gas Light Company,2021,July,Montgomery,20855,1
Maryland,Washington Gas Light Company,2021,July,Montgomery,20860,2
Maryland,Washington Gas Light Company,2021,July,Montgomery,20866,3
Maryland,Washington Gas Light Company,2021,July,Montgomery,20874,14
Maryland,Washington Gas Light Company,2021,July,Montgomery,20876,9
Maryland,Washington Gas Light Company,2021,July,Montgomery,29877,17
Maryland,Washington Gas Light Company,2021,July,Montgomery,20878,23
Maryland,Washington Gas Light Company,2021,July,Montgomery,20879,14
Maryland,Washington Gas Light Company,2021,July,Montgomery,20886,34
Maryland,Washington Gas Light Company,2021,July,Montgomery,20895,10
Maryland,Washington Gas Light Company,2021,July,Montgomery,20901,13
Maryland,Washington Gas Light Company,2021,July,Montgomery,20902,17
Maryland,Washington Gas Light Company,2021,July,Montgomery,20903,20
Maryland,Washington Gas Light Company,2021,July,Prince Georges,20903,4
Maryland,Washington Gas Light Company,2021,July,Montgomery,20904,8
Maryland,Washington Gas Light Company,2021,July,Montgomery,20905,1
Maryland,Washington Gas Light Company,2021,July,Montgomery,20906,22
Maryland,Washington Gas Light Company,2021,July,Montgomery,20910,5
Maryland,Washington Gas Light Company,2021,July,Montgomery,20912,10
Maryland,Washington Gas Light Company,2021,July,Prince Georges,20912,1
Maryland,Washington Gas Light Company,2021,July,Frederick,21701,15
Maryland,Washington Gas Light Company,2021,July,Frederick,21702,24
Maryland,Washington Gas Light Company,2021,July,Frederick,21703,8
Maryland,Washington Gas Light Company,2021,July,Frederick,21704,3
Maryland,Washington Gas Light Company,2021,July,Frederick,21770,1
Maryland,Washington Gas Light Company,2021,July,Frederick,21774,1
Maryland,Washington Gas Light Company,2021,July,Frederick,21793,2
Maryland,Washington Gas Light Company,2021,August,Prince Georges,20774,1
Maryland,Washington Gas Light Company,2021,August,Charles,20601,27
Maryland,Washington Gas Light Company,2021,August,Charles,20602,22
Maryland,Washington Gas Light Company,2021,August,Charles,20603,7
Maryland,Washington Gas Light Company,2021,August,Charles,20616,8
Maryland,Washington Gas Light Company,2021,August,Charles,20695,11
Maryland,Washington Gas Light Company,2021,August,Frederick,21701,12
Maryland,Washington Gas Light Company,2021,August,Frederick,21702,16
Maryland,Washington Gas Light Company,2021,August,Frederick,21703,4
Maryland,Washington Gas Light Company,2021,August,Frederick,21710,1
Maryland,Washington Gas Light Company,2021,August,Frederick,21716,1
Maryland,Washington Gas Light Company,2021,August,Frederick,21754,1
Maryland,Washington Gas Light Company,2021,August,Montgomery,20814,2
Maryland,Washington Gas Light Company,2021,August,Montgomery,20815,3
Maryland,Washington Gas Light Company,2021,August,Montgomery,20816,4
Maryland,Washington Gas Light Company,2021,August,Montgomery,20817,1
Maryland,Washington Gas Light Company,2021,August,Montgomery,20832,3
Maryland,Washington Gas Light Company,2021,August,Montgomery,20833,2
Maryland,Washington Gas Light Company,2021,August,Montgomery,20850,6
Maryland,Washington Gas Light Company,2021,August,Montgomery,20851,5
Maryland,Washington Gas Light Company,2021,August,Montgomery,20852,3
Maryland,Washington Gas Light Company,2021,August,Montgomery,20854,1
Maryland,Washington Gas Light Company,2021,August,Montgomery,20871,10
Maryland,Washington Gas Light Company,2021,August,Montgomery,20872,4
Maryland,Washington Gas Light Company,2021,August,Montgomery,20874,8
Maryland,Washington Gas Light Company,2021,August,Montgomery,20876,10
Maryland,Washington Gas Light Company,2021,August,Montgomery,20877,24
Maryland,Washington Gas Light Company,2021,August,Montgomery,20878,21
Maryland,Washington Gas Light Company,2021,August,Montgomery,20879,12
Maryland,Washington Gas Light Company,2021,August,Montgomery,20886,20
Maryland,Washington Gas Light Company,2021,August,Montgomery,20895,3
Maryland,Washington Gas Light Company,2021,August,Montgomery,20901,8
Maryland,Washington Gas Light Company,2021,August,Montgomery,20902,13
Maryland,Washington Gas Light Company,2021,August,Montgomery,20903,5
Maryland,Washington Gas Light Company,2021,August,Montgomery,20904,51
Maryland,Washington Gas Light Company,2021,August,Montgomery,20905,14
Maryland,Washington Gas Light Company,2021,August,Montgomery,20906,44
Maryland,Washington Gas Light Company,2021,August,Prince Georges,20607,23
Maryland,Washington Gas Light Company,2021,August,Prince Georges,20613,28
Maryland,Washington Gas Light Company,2021,August,Prince Georges,20623,9
Maryland,Washington Gas Light Company,2021,August,Prince Georges,20705,21
Maryland,Washington Gas Light Company,2021,August,Prince Georges,20706,29
Maryland,Washington Gas Light Company,2021,August,Prince Georges,20708,8
Maryland,Washington Gas Light Company,2021,August,Prince Georges,20710,1
Maryland,Washington Gas Light Company,2021,August,Prince Georges,20712,2
Maryland,Washington Gas Light Company,2021,August,Prince Georges,20715,8
Maryland,Washington Gas Light Company,2021,August,Prince Georges,20716,9
Maryland,Washington Gas Light Company,2021,August,Prince Georges,20720,23
Maryland,Washington Gas Light Company,2021,August,Prince Georges,20721,33
Maryland,Washington Gas Light Company,2021,August,Prince Georges,20722,2
Maryland,Washington Gas Light Company,2021,August,Prince Georges,20735,37
Maryland,Washington Gas Light Company,2021,August,Prince Georges,20737,2
Maryland,Washington Gas Light Company,2021,August,Prince Georges,20740,8
Maryland,Washington Gas Light Company,2021,August,Prince Georges,20743,89
Maryland,Washington Gas Light Company,2021,August,Prince Georges,20744,20
Maryland,Washington Gas Light Company,2021,August,Prince Georges,20745,32
Maryland,Washington Gas Light Company,2021,August,Prince Georges,20746,61
Maryland,Washington Gas Light Company,2021,August,Prince Georges,20747,46
Maryland,Washington Gas Light Company,2021,August,Prince Georges,20748,58
Maryland,Washington Gas Light Company,2021,August,Prince Georges,20769,8
Maryland,Washington Gas Light Company,2021,August,Prince Georges,20770,4
Maryland,Washington Gas Light Company,2021,August,Prince Georges,20772,23
Maryland,Washington Gas Light Company,2021,August,Prince Georges,20774,42
Maryland,Washington Gas Light Company,2021,August,Prince Georges,20782,11
Maryland,Washington Gas Light Company,2021,August,Prince Georges,20783,23
Maryland,Washington Gas Light Company,2021,August,Prince Georges,20784,1
Maryland,Washington Gas Light Company,2021,August,Prince Georges,20785,133
Maryland,Washington Gas Light Company,2021,August,Prince Georges,20912,1
Maryland,Washington Gas Light Company,2021,September,Frederick,21701,2
Maryland,Washington Gas Light Company,2021,September,Frederick,21703,5
Maryland,Washington Gas Light Company,2021,September,Frederick,21704,1
Maryland,Washington Gas Light Company,2021,September,Frederick,21793,1
Maryland,Washington Gas Light Company,2021,September,Montgomery,20895,2
Maryland,Washington Gas Light Company,2021,September,Montgomery,20901,6
Maryland,Washington Gas Light Company,2021,September,Montgomery,20902,17
Maryland,Washington Gas Light Company,2021,September,Montgomery,20904,28
Maryland,Washington Gas Light Company,2021,September,Montgomery,20905,3
Maryland,Washington Gas Light Company,2021,September,Montgomery,20906,7
Maryland,Washington Gas Light Company,2021,September,Montgomery,20910,1
Maryland,Washington Gas Light Company,2021,September,Prince Georges,20705,3
Maryland,Washington Gas Light Company,2021,September,Prince Georges,20706,7
Maryland,Washington Gas Light Company,2021,September,Prince Georges,20721,2
Maryland,Washington Gas Light Company,2021,September,Prince Georges,20737,1
Maryland,Washington Gas Light Company,2021,September,Prince Georges,20743,18
Maryland,Washington Gas Light Company,2021,September,Prince Georges,20745,3
Maryland,Washington Gas Light Company,2021,September,Prince Georges,20746,9
Maryland,Washington Gas Light Company,2021,September,Prince Georges,20747,11
Maryland,Washington Gas Light Company,2021,September,Prince Georges,20781,8
Maryland,Washington Gas Light Company,2021,September,Prince Georges,20782,8
Maryland,Washington Gas Light Company,2021,September,Prince Georges,20783,2
Maryland,Washington Gas Light Company,2021,September,Prince Georges,20784,22
Maryland,Washington Gas Light Company,2021,September,Prince Georges,20785,72
Maryland,Washington Gas Light Company,2023,May,Frederick,21701,1
Maryland,Washington Gas Light Company,2023,May,Montgomery,20850,8
Maryland,Washington Gas Light Company,2023,May,Montgomery,20853,1
Maryland,Washington Gas Light Company,2023,May,Montgomery,20855,2
Maryland,Washington Gas Light Company,2023,June,Charles,20601,5
Maryland,Washington Gas Light Company,2023,June,Charles,20602,7
Maryland,Washington Gas Light Company,2023,June,Charles,20603,2
Maryland,Washington Gas Light Company,2023,June,Frederick,21701,1
Maryland,Washington Gas Light Company,2023,June,Frederick,21702,17
Maryland,Washington Gas Light Company,2023,June,Frederick,21703,29
Maryland,Washington Gas Light Company,2023,June,Frederick,21710,1
Maryland,Washington Gas Light Company,2023,June,Montgomery,20814,6
Maryland,Washington Gas Light Company,2023,June,Montgomery,20815,7
Maryland,Washington Gas Light Company,2023,June,Montgomery,20816,1
Maryland,Washington Gas Light Company,2023,June,Montgomery,20817,25
Maryland,Washington Gas Light Company,2023,June,Montgomery,20850,2
Maryland,Washington Gas Light Company,2023,June,Montgomery,20852,2
Maryland,Washington Gas Light Company,2023,June,Montgomery,20854,16
Maryland,Washington Gas Light Company,2023,June,Montgomery,20874,10
Maryland,Washington Gas Light Company,2023,June,Montgomery,20878,13
Maryland,Washington Gas Light Company,2023,June,Montgomery,20879,1
Maryland,Washington Gas Light Company,2023,June,Montgomery,20895,1
Maryland,Washington Gas Light Company,2023,June,Montgomery,20901,5
Maryland,Washington Gas Light Company,2023,June,Montgomery,20902,1
Maryland,Washington Gas Light Company,2023,June,Montgomery,20903,12
Maryland,Washington Gas Light Company,2023,June,Montgomery,20906,3
Maryland,Washington Gas Light Company,2023,June,Montgomery,20910,13
Maryland,Washington Gas Light Company,2023,June,Montgomery,20912,6
Maryland,Washington Gas Light Company,2023,June,Prince Georges,20613,19
Maryland,Washington Gas Light Company,2023,June,Prince Georges,20715,13
Maryland,Washington Gas Light Company,2023,June,Prince Georges,20716,16
Maryland,Washington Gas Light Company,2023,June,Prince Georges,20720,3
Maryland,Washington Gas Light Company,2023,June,Prince Georges,20721,38
Maryland,Washington Gas Light Company,2023,June,Prince Georges,20735,39
Maryland,Washington Gas Light Company,2023,June,Prince Georges,20740,1
Maryland,Washington Gas Light Company,2023,June,Prince Georges,20744,45
Maryland,Washington Gas Light Company,2023,June,Prince Georges,20745,1
Maryland,Washington Gas Light Company,2023,June,Prince Georges,20746,2
Maryland,Washington Gas Light Company,2023,June,Prince Georges,20748,1
Maryland,Washington Gas Light Company,2023,June,Prince Georges,20772,43
Maryland,Washington Gas Light Company,2023,June,Prince Georges,20774,120
Maryland,Washington Gas Light Company,2023,June,Prince Georges,20781,2
Maryland,Washington Gas Light Company,2023,June,Prince Georges,20782,7
Maryland,Washington Gas Light Company,2023,June,Prince Georges,20783,4
Maryland,Washington Gas Light Company,2023,June,Prince Georges,20903,2
Maryland,Washington Gas Light Company,2023,June,Frederick,21703,2
Maryland,Washington Gas Light Company,2023,June,Prince Georges,20735,2
Maryland,Washington Gas Light Company,2023,June,Prince Georges,20774,2
Maryland,Washington Gas Light Company,2023,July,Frederick,21701,1
Maryland,Washington Gas Light Company,2023,July,Montgomery,20910,1
Maryland,Washington Gas Light Company,2023,July,Prince Georges,20722,1
Maryland,Washington Gas Light Company,2023,July,Prince Georges,20735,1
Maryland,Washington Gas Light Company,2023,July,Prince Georges,20746,1
Maryland,Washington Gas Light Company,2023,July,Prince Georges,20748,1
Maryland,Washington Gas Light Company,2023,July,Prince Georges,20772,4
Maryland,Washington Gas Light Company,2023,July,Prince Georges,20785,2
Maryland,Washington Gas Light Company,2023,July,Charles,20601,11
Maryland,Washington Gas Light Company,2023,July,Charles,20602,6
Maryland,Washington Gas Light Company,2023,July,Charles,20603,8
Maryland,Washington Gas Light Company,2023,July,Charles,20695,2
Maryland,Washington Gas Light Company,2023,July,Frederick,21701,22
Maryland,Washington Gas Light Company,2023,July,Frederick,21702,32
Maryland,Washington Gas Light Company,2023,July,Frederick,21703,14
Maryland,Washington Gas Light Company,2023,July,Frederick,21704,8
Maryland,Washington Gas Light Company,2023,July,Frederick,21710,1
Maryland,Washington Gas Light Company,2023,July,Frederick,21716,2
Maryland,Washington Gas Light Company,2023,July,Frederick,21769,2
Maryland,Washington Gas Light Company,2023,July,Frederick,21770,5
Maryland,Washington Gas Light Company,2023,July,Frederick,21774,3
Maryland,Washington Gas Light Company,2023,July,Frederick,21777,1
Maryland,Washington Gas Light Company,2023,July,Frederick,21793,2
Maryland,Washington Gas Light Company,2023,July,Montgomery,20814,3
Maryland,Washington Gas Light Company,2023,July,Montgomery,20817,9
Maryland,Washington Gas Light Company,2023,July,Montgomery,20841,7
Maryland,Washington Gas Light Company,2023,July,Montgomery,20850,28
Maryland,Washington Gas Light Company,2023,July,Montgomery,20851,7
Maryland,Washington Gas Light Company,2023,July,Montgomery,20852,3
Maryland,Washington Gas Light Company,2023,July,Montgomery,20853,18
Maryland,Washington Gas Light Company,2023,July,Montgomery,20854,32
Maryland,Washington Gas Light Company,2023,July,Montgomery,20871,13
Maryland,Washington Gas Light Company,2023,July,Montgomery,20872,2
Maryland,Washington Gas Light Company,2023,July,Montgomery,20874,33
Maryland,Washington Gas Light Company,2023,July,Montgomery,20876,21
Maryland,Washington Gas Light Company,2023,July,Montgomery,20877,13
Maryland,Washington Gas Light Company,2023,July,Montgomery,20878,17
Maryland,Washington Gas Light Company,2023,July,Montgomery,20879,11
Maryland,Washington Gas Light Company,2023,July,Montgomery,20882,2
Maryland,Washington Gas Light Company,2023,July,Montgomery,20886,9
Maryland,Washington Gas Light Company,2023,July,Montgomery,20901,4
Maryland,Washington Gas Light Company,2023,July,Montgomery,20902,22
Maryland,Washington Gas Light Company,2023,July,Montgomery,20903,59
Maryland,Washington Gas Light Company,2023,July,Montgomery,20905,7
Maryland,Washington Gas Light Company,2023,July,Montgomery,20906,24
Maryland,Washington Gas Light Company,2023,July,Montgomery,20910,15
Maryland,Washington Gas Light Company,2023,July,Montgomery,20912,12
Maryland,Washington Gas Light Company,2023,July,Prince Georges,20613,5
Maryland,Washington Gas Light Company,2023,July,Prince Georges,20706,7
Maryland,Washington Gas Light Company,2023,July,Prince Georges,20710,9
Maryland,Washington Gas Light Company,2023,July,Prince Georges,20715,20
Maryland,Washington Gas Light Company,2023,July,Prince Georges,20716,21
Maryland,Washington Gas Light Company,2023,July,Prince Georges,20720,30
Maryland,Washington Gas Light Company,2023,July,Prince Georges,20721,60
Maryland,Washington Gas Light Company,2023,July,Prince Georges,20722,4
Maryland,Washington Gas Light Company,2023,July,Prince Georges,20735,49
Maryland,Washington Gas Light Company,2023,July,Prince Georges,20737,19
Maryland,Washington Gas Light Company,2023,July,Prince Georges,20740,8
Maryland,Washington Gas Light Company,2023,July,Prince Georges,20743,2
Maryland,Washington Gas Light Company,2023,July,Prince Georges,20744,11
Maryland,Washington Gas Light Company,2023,July,Prince Georges,20745,12
Maryland,Washington Gas Light Company,2023,July,Prince Georges,20746,21
Maryland,Washington Gas Light Company,2023,July,Prince Georges,20747,27
Maryland,Washington Gas Light Company,2023,July,Prince Georges,20748,32
Maryland,Washington Gas Light Company,2023,July,Prince Georges,20772,80
Maryland,Washington Gas Light Company,2023,July,Prince Georges,20774,64
Maryland,Washington Gas Light Company,2023,July,Prince Georges,20781,2
Maryland,Washington Gas Light Company,2023,July,Prince Georges,20782,9
Maryland,Washington Gas Light Company,2023,July,Prince Georges,20783,4
Maryland,Washington Gas Light Company,2023,July,Prince Georges,20784,12
Maryland,Washington Gas Light Company,2023,July,Prince Georges,20785,22
Maryland,Washington Gas Light Company,2023,July,Prince Georges,20903,1
Maryland,Washington Gas Light Company,2023,July,Prince Georges,20912,1
Maryland,Washington Gas Light Company,2023,August,Charles,20601,45
Maryland,Washington Gas Light Company,2023,August,Charles,20602,39
Maryland,Washington Gas Light Company,2023,August,Charles,20603,55
Maryland,Washington Gas Light Company,2023,August,Charles,20616,22
Maryland,Washington Gas Light Company,2023,August,Charles,20640,3
Maryland,Washington Gas Light Company,2023,August,Charles,20695,35
Maryland,Washington Gas Light Company,2023,August,Frederick,21701,23
Maryland,Washington Gas Light Company,2023,August,Frederick,21702,30
Maryland,Washington Gas Light Company,2023,August,Frederick,21703,10
Maryland,Washington Gas Light Company,2023,August,Frederick,21704,2
Maryland,Washington Gas Light Company,2023,August,Frederick,21774,1
Maryland,Washington Gas Light Company,2023,August,Frederick,21793,5
Maryland,Washington Gas Light Company,2023,August,Montgomery,20814,1
Maryland,Washington Gas Light Company,2023,August,Montgomery,20815,1
Maryland,Washington Gas Light Company,2023,August,Montgomery,20817,10
Maryland,Washington Gas Light Company,2023,August,Montgomery,20841,1
Maryland,Washington Gas Light Company,2023,August,Montgomery,20850,13
Maryland,Washington Gas Light Company,2023,August,Montgomery,20851,5
Maryland,Washington Gas Light Company,2023,August,Montgomery,20852,2
Maryland,Washington Gas Light Company,2023,August,Montgomery,20853,11
Maryland,Washington Gas Light Company,2023,August,Montgomery,20854,19
Maryland,Washington Gas Light Company,2023,August,Montgomery,20855,1
Maryland,Washington Gas Light Company,2023,August,Montgomery,20866,20
Maryland,Washington Gas Light Company,2023,August,Montgomery,20872,3
Maryland,Washington Gas Light Company,2023,August,Montgomery,20874,7
Maryland,Washington Gas Light Company,2023,August,Montgomery,20876,9
Maryland,Washington Gas Light Company,2023,August,Montgomery,20877,26
Maryland,Washington Gas Light Company,2023,August,Montgomery,20878,2
Maryland,Washington Gas Light Company,2023,August,Montgomery,20879,19
Maryland,Washington Gas Light Company,2023,August,Montgomery,20882,2
Maryland,Washington Gas Light Company,2023,August,Montgomery,20886,31
Maryland,Washington Gas Light Company,2023,August,Montgomery,20895,8
Maryland,Washington Gas Light Company,2023,August,Montgomery,20896,1
Maryland,Washington Gas Light Company,2023,August,Montgomery,20901,25
Maryland,Washington Gas Light Company,2023,August,Montgomery,20902,35
Maryland,Washington Gas Light Company,2023,August,Montgomery,20903,31
Maryland,Washington Gas Light Company,2023,August,Montgomery,20904,43
Maryland,Washington Gas Light Company,2023,August,Montgomery,20905,25
Maryland,Washington Gas Light Company,2023,August,Montgomery,20906,80
Maryland,Washington Gas Light Company,2023,August,Montgomery,20910,9
Maryland,Washington Gas Light Company,2023,August,Montgomery,20912,5
Maryland,Washington Gas Light Company,2023,August,Prince Georges,20607,20
Maryland,Washington Gas Light Company,2023,August,Prince Georges,20613,41
Maryland,Washington Gas Light Company,2023,August,Prince Georges,20623,17
Maryland,Washington Gas Light Company,2023,August,Prince Georges,20705,44
Maryland,Washington Gas Light Company,2023,August,Prince Georges,20706,126
Maryland,Washington Gas Light Company,2023,August,Prince Georges,20708,18
Maryland,Washington Gas Light Company,2023,August,Prince Georges,20710,2
Maryland,Washington Gas Light Company,2023,August,Prince Georges,20712,4
Maryland,Washington Gas Light Company,2023,August,Prince Georges,20715,62
Maryland,Washington Gas Light Company,2023,August,Prince Georges,20716,57
Maryland,Washington Gas Light Company,2023,August,Prince Georges,20720,33
Maryland,Washington Gas Light Company,2023,August,Prince Georges,20721,92
Maryland,Washington Gas Light Company,2023,August,Prince Georges,20735,105
Maryland,Washington Gas Light Company,2023,August,Prince Georges,20737,13
Maryland,Washington Gas Light Company,2023,August,Prince Georges,20740,17
Maryland,Washington Gas Light Company,2023,August,Prince Georges,20743,70
Maryland,Washington Gas Light Company,2023,August,Prince Georges,20744,141
Maryland,Washington Gas Light Company,2023,August,Prince Georges,20745,64
Maryland,Washington Gas Light Company,2023,August,Prince Georges,20746,40
Maryland,Washington Gas Light Company,2023,August,Prince Georges,20747,22
Maryland,Washington Gas Light Company,2023,August,Prince Georges,20748,124
Maryland,Washington Gas Light Company,2023,August,Prince Georges,20769,1
Maryland,Washington Gas Light Company,2023,August,Prince Georges,20770,6
Maryland,Washington Gas Light Company,2023,August,Prince Georges,20772,160
Maryland,Washington Gas Light Company,2023,August,Prince Georges,20774,164
Maryland,Washington Gas Light Company,2023,August,Prince Georges,20781,9
Maryland,Washington Gas Light Company,2023,August,Prince Georges,20782,36
Maryland,Washington Gas Light Company,2023,August,Prince Georges,20783,61
Maryland,Washington Gas Light Company,2023,August,Prince Georges,20784,37
Maryland,Washington Gas Light Company,2023,August,Prince Georges,20785,60
Maryland,Washington Gas Light Company,2023,August,Prince Georges,20895,1
Maryland,Washington Gas Light Company,2023,August,Prince Georges,20903,6
Maryland,Washington Gas Light Company,2023,August,Prince Georges,20912,4
Maryland,Washington Gas Light Company,2023,August,Charles,20601,1
Maryland,Washington Gas Light Company,2023,August,Charles,20602,2
Maryland,Washington Gas Light Company,2023,August,Charles,20695,1
Maryland,Washington Gas Light Company,2023,August,Frederick,21701,1
Maryland,Washington Gas Light Company,2023,August,Montgomery,20904,1
Maryland,Washington Gas Light Company,2023,August,Montgomery,20905,1
Maryland,Washington Gas Light Company,2023,August,Prince Georges,20607,1
Maryland,Washington Gas Light Company,2023,August,Prince Georges,20706,4
Maryland,Washington Gas Light Company,2023,August,Prince Georges,20715,3
Maryland,Washington Gas Light Company,2023,August,Prince Georges,20720,1
Maryland,Washington Gas Light Company,2023,August,Prince Georges,20721,3
Maryland,Washington Gas Light Company,2023,August,Prince Georges,20735,5
Maryland,Washington Gas Light Company,2023,August,Prince Georges,20740,1
Maryland,Washington Gas Light Company,2023,August,Prince Georges,20743,2
Maryland,Washington Gas Light Company,2023,August,Prince Georges,20744,5
Maryland,Washington Gas Light Company,2023,August,Prince Georges,20745,1
Maryland,Washington Gas Light Company,2023,August,Prince Georges,20746,2
Maryland,Washington Gas Light Company,2023,August,Prince Georges,20747,1
Maryland,Washington Gas Light Company,2023,August,Prince Georges,20748,4
Maryland,Washington Gas Light Company,2023,August,Prince Georges,20772,1
Maryland,Washington Gas Light Company,2023,August,Prince Georges,20774,1
Maryland,Washington Gas Light Company,2023,August,Prince Georges,20782,1
Maryland,Washington Gas Light Company,2023,August,Prince Georges,20783,1
Maryland,Washington Gas Light Company,2023,August,Prince Georges,20784,1
Maryland,Washington Gas Light Company,2023,August,Prince Georges,20785,1
Maryland,Washington Gas Light Company,2023,September,Charles,20601,29
Maryland,Washington Gas Light Company,2023,September,Charles,20602,35
Maryland,Washington Gas Light Company,2023,September,Charles,20603,34
Maryland,Washington Gas Light Company,2023,September,Charles,20616,11
Maryland,Washington Gas Light Company,2023,September,Charles,20640,3
Maryland,Washington Gas Light Company,2023,September,Charles,20695,20
Maryland,Washington Gas Light Company,2023,September,Frederick,21701,16
Maryland,Washington Gas Light Company,2023,September,Frederick,21702,24
Maryland,Washington Gas Light Company,2023,September,Frederick,21703,9
Maryland,Washington Gas Light Company,2023,September,Frederick,21774,1
Maryland,Washington Gas Light Company,2023,September,Montgomery,20816,1
Maryland,Washington Gas Light Company,2023,September,Montgomery,20817,3
Maryland,Washington Gas Light Company,2023,September,Montgomery,20832,12
Maryland,Washington Gas Light Company,2023,September,Montgomery,20833,11
Maryland,Washington Gas Light Company,2023,September,Montgomery,20850,20
Maryland,Washington Gas Light Company,2023,September,Montgomery,20851,11
Maryland,Washington Gas Light Company,2023,September,Montgomery,20852,4
Maryland,Washington Gas Light Company,2023,September,Montgomery,20853,7
Maryland,Washington Gas Light Company,2023,September,Montgomery,20855,7
Maryland,Washington Gas Light Company,2023,September,Montgomery,20860,2
Maryland,Washington Gas Light Company,2023,September,Montgomery,20861,1
Maryland,Washington Gas Light Company,2023,September,Montgomery,20866,4
Maryland,Washington Gas Light Company,2023,September,Montgomery,20871,33
Maryland,Washington Gas Light Company,2023,September,Montgomery,20874,23
Maryland,Washington Gas Light Company,2023,September,Montgomery,20876,6
Maryland,Washington Gas Light Company,2023,September,Montgomery,20877,34
Maryland,Washington Gas Light Company,2023,September,Montgomery,20878,76
Maryland,Washington Gas Light Company,2023,September,Montgomery,20879,9
Maryland,Washington Gas Light Company,2023,September,Montgomery,20882,1
Maryland,Washington Gas Light Company,2023,September,Montgomery,20886,72
Maryland,Washington Gas Light Company,2023,September,Montgomery,20895,4
Maryland,Washington Gas Light Company,2023,September,Montgomery,20896,1
Maryland,Washington Gas Light Company,2023,September,Montgomery,20901,12
Maryland,Washington Gas Light Company,2023,September,Montgomery,20902,14
Maryland,Washington Gas Light Company,2023,September,Montgomery,20903,25
Maryland,Washington Gas Light Company,2023,September,Montgomery,20904,24
Maryland,Washington Gas Light Company,2023,September,Montgomery,20905,21
Maryland,Washington Gas Light Company,2023,September,Montgomery,20906,11
Maryland,Washington Gas Light Company,2023,September,Montgomery,20910,2
Maryland,Washington Gas Light Company,2023,September,Montgomery,20912,7
Maryland,Washington Gas Light Company,2023,September,Prince Georges,20607,35
Maryland,Washington Gas Light Company,2023,September,Prince Georges,20613,26
Maryland,Washington Gas Light Company,2023,September,Prince Georges,20623,8
Maryland,Washington Gas Light Company,2023,September,Prince Georges,20705,68
Maryland,Washington Gas Light Company,2023,September,Prince Georges,20706,58
Maryland,Washington Gas Light Company,2023,September,Prince Georges,20708,7
Maryland,Washington Gas Light Company,2023,September,Prince Georges,20710,3
Maryland,Washington Gas Light Company,2023,September,Prince Georges,20712,9
Maryland,Washington Gas Light Company,2023,September,Prince Georges,20715,28
Maryland,Washington Gas Light Company,2023,September,Prince Georges,20716,37
Maryland,Washington Gas Light Company,2023,September,Prince Georges,20720,102
Maryland,Washington Gas Light Company,2023,September,Prince Georges,20721,125
Maryland,Washington Gas Light Company,2023,September,Prince Georges,20722,28
Maryland,Washington Gas Light Company,2023,September,Prince Georges,20735,63
Maryland,Washington Gas Light Company,2023,September,Prince Georges,20737,31
Maryland,Washington Gas Light Company,2023,September,Prince Georges,20740,19
Maryland,Washington Gas Light Company,2023,September,Prince Georges,20743,93
Maryland,Washington Gas Light Company,2023,September,Prince Georges,20744,98
Maryland,Washington Gas Light Company,2023,September,Prince Georges,20745,53
Maryland,Washington Gas Light Company,2023,September,Prince Georges,20746,12
Maryland,Washington Gas Light Company,2023,September,Prince Georges,20747,77
Maryland,Washington Gas Light Company,2023,September,Prince Georges,20748,55
Maryland,Washington Gas Light Company,2023,September,Prince Georges,20769,33
Maryland,Washington Gas Light Company,2023,September,Prince Georges,20770,6
Maryland,Washington Gas Light Company,2023,September,Prince Georges,20772,111
Maryland,Washington Gas Light Company,2023,September,Prince Georges,20774,100
Maryland,Washington Gas Light Company,2023,September,Prince Georges,20781,11
Maryland,Washington Gas Light Company,2023,September,Prince Georges,20782,23
Maryland,Washington Gas Light Company,2023,September,Prince Georges,20783,38
Maryland,Washington Gas Light Company,2023,September,Prince Georges,20784,82
Maryland,Washington Gas Light Company,2023,September,Prince Georges,20785,191
Maryland,Washington Gas Light Company,2023,September,Prince Georges,20904,3
Maryland,Washington Gas Light Company,2023,September,Montgomery,20850,2
Maryland,Washington Gas Light Company,2023,September,Montgomery,20886,2
Maryland,Washington Gas Light Company,2023,September,Montgomery,20904,1
Maryland,Washington Gas Light Company,2023,September,Prince Georges,20613,1
Maryland,Washington Gas Light Company,2023,September,Prince Georges,20720,1
Maryland,Washington Gas Light Company,2023,September,Prince Georges,20721,1
Maryland,Washington Gas Light Company,2023,September,Prince Georges,20743,3
Maryland,Washington Gas Light Company,2023,September,Prince Georges,20744,2
Maryland,Washington Gas Light Company,2023,September,Prince Georges,20772,3
Maryland,Washington Gas Light Company,2023,September,Prince Georges,20774,2
Maryland,Washington Gas Light Company,2023,October,Charles,20601,21
Maryland,Washington Gas Light Company,2023,October,Charles,20602,12
Maryland,Washington Gas Light Company,2023,October,Charles,20603,16
Maryland,Washington Gas Light Company,2023,October,Charles,20616,1
Maryland,Washington Gas Light Company,2023,October,Charles,20640,3
Maryland,Washington Gas Light Company,2023,October,Charles,20695,12
Maryland,Washington Gas Light Company,2023,October,Frederick,20871,1
Maryland,Washington Gas Light Company,2023,October,Frederick,21701,22
Maryland,Washington Gas Light Company,2023,October,Frederick,21702,16
Maryland,Washington Gas Light Company,2023,October,Frederick,21703,17
Maryland,Washington Gas Light Company,2023,October,Frederick,21704,20
Maryland,Washington Gas Light Company,2023,October,Frederick,21754,1
Maryland,Washington Gas Light Company,2023,October,Frederick,21755,2
Maryland,Washington Gas Light Company,2023,October,Frederick,21774,1
Maryland,Washington Gas Light Company,2023,October,Frederick,21777,2
Maryland,Washington Gas Light Company,2023,October,Montgomery,20812,1
Maryland,Washington Gas Light Company,2023,October,Montgomery,20814,1
Maryland,Washington Gas Light Company,2023,October,Montgomery,20815,4
Maryland,Washington Gas Light Company,2023,October,Montgomery,20817,1
Maryland,Washington Gas Light Company,2023,October,Montgomery,20832,15
Maryland,Washington Gas Light Company,2023,October,Montgomery,20833,1
Maryland,Washington Gas Light Company,2023,October,Montgomery,20841,6
Maryland,Washington Gas Light Company,2023,October,Montgomery,20850,31
Maryland,Washington Gas Light Company,2023,October,Montgomery,20851,4
Maryland,Washington Gas Light Company,2023,October,Montgomery,20852,9
Maryland,Washington Gas Light Company,2023,October,Montgomery,20853,8
Maryland,Washington Gas Light Company,2023,October,Montgomery,20854,2
Maryland,Washington Gas Light Company,2023,October,Montgomery,20855,3
Maryland,Washington Gas Light Company,2023,October,Montgomery,20861,2
Maryland,Washington Gas Light Company,2023,October,Montgomery,20866,8
Maryland,Washington Gas Light Company,2023,October,Montgomery,20871,18
Maryland,Washington Gas Light Company,2023,October,Montgomery,20872,9
Maryland,Washington Gas Light Company,2023,October,Montgomery,20874,25
Maryland,Washington Gas Light Company,2023,October,Montgomery,20876,19
Maryland,Washington Gas Light Company,2023,October,Montgomery,20877,24
Maryland,Washington Gas Light Company,2023,October,Montgomery,20878,11
Maryland,Washington Gas Light Company,2023,October,Montgomery,20879,8
Maryland,Washington Gas Light Company,2023,October,Montgomery,20886,7
Maryland,Washington Gas Light Company,2023,October,Montgomery,20895,8
Maryland,Washington Gas Light Company,2023,October,Montgomery,20901,11
Maryland,Washington Gas Light Company,2023,October,Montgomery,20902,32
Maryland,Washington Gas Light Company,2023,October,Montgomery,20903,25
Maryland,Washington Gas Light Company,2023,October,Montgomery,20906,28
Maryland,Washington Gas Light Company,2023,October,Montgomery,20910,3
Maryland,Washington Gas Light Company,2023,October,Montgomery,20912,8
Maryland,Washington Gas Light Company,2023,October,Prince Georges,20607,23
Maryland,Washington Gas Light Company,2023,October,Prince Georges,20613,15
Maryland,Washington Gas Light Company,2023,October,Prince Georges,20623,6
Maryland,Washington Gas Light Company,2023,October,Prince Georges,20705,30
Maryland,Washington Gas Light Company,2023,October,Prince Georges,20706,72
Maryland,Washington Gas Light Company,2023,October,Prince Georges,20708,10
Maryland,Washington Gas Light Company,2023,October,Prince Georges,20710,19
Maryland,Washington Gas Light Company,2023,October,Prince Georges,20712,10
Maryland,Washington Gas Light Company,2023,October,Prince Georges,20715,20
Maryland,Washington Gas Light Company,2023,October,Prince Georges,20716,19
Maryland,Washington Gas Light Company,2023,October,Prince Georges,20720,35
Maryland,Washington Gas Light Company,2023,October,Prince Georges,20721,69
Maryland,Washington Gas Light Company,2023,October,Prince Georges,20722,15
Maryland,Washington Gas Light Company,2023,October,Prince Georges,20735,56
Maryland,Washington Gas Light Company,2023,October,Prince Georges,20737,42
Maryland,Washington Gas Light Company,2023,October,Prince Georges,20740,20
Maryland,Washington Gas Light Company,2023,October,Prince Georges,20743,186
Maryland,Washington Gas Light Company,2023,October,Prince Georges,20744,53
Maryland,Washington Gas Light Company,2023,October,Prince Georges,20745,51
Maryland,Washington Gas Light Company,2023,October,Prince Georges,20746,34
Maryland,Washington Gas Light Company,2023,October,Prince Georges,20747,105
Maryland,Washington Gas Light Company,2023,October,Prince Georges,20748,71
Maryland,Washington Gas Light Company,2023,October,Prince Georges,20769,11
Maryland,Washington Gas Light Company,2023,October,Prince Georges,20770,3
Maryland,Washington Gas Light Company,2023,October,Prince Georges,20772,46
Maryland,Washington Gas Light Company,2023,October,Prince Georges,20774,39
Maryland,Washington Gas Light Company,2023,October,Prince Georges,20781,21
Maryland,Washington Gas Light Company,2023,October,Prince Georges,20782,51
Maryland,Washington Gas Light Company,2023,October,Prince Georges,20783,15
Maryland,Washington Gas Light Company,2023,October,Prince Georges,20784,36
Maryland,Washington Gas Light Company,2023,October,Prince Georges,20785,277
Maryland,Washington Gas Light Company,2023,October,Prince Georges,20903,2
Maryland,Washington Gas Light Company,2023,October,Prince Georges,20912,3
Maryland,Washington Gas Light Company,2023,October,Charles,20603,1
Maryland,Washington Gas Light Company,2023,October,Montgomery,20832,1
Maryland,Washington Gas Light Company,2023,October,Montgomery,20852,1
Maryland,Washington Gas Light Company,2023,October,Montgomery,20854,1
Maryland,Washington Gas Light Company,2023,October,Montgomery,20886,1
Maryland,Washington Gas Light Company,2023,October,Montgomery,20904,1
Maryland,Washington Gas Light Company,2023,October,Montgomery,20905,1
Maryland,Washington Gas Light Company,2023,October,Montgomery,20906,1
Maryland,Washington Gas Light Company,2023,October,Prince Georges,20721,1
Maryland,Washington Gas Light Company,2023,October,Prince Georges,20735,2
Maryland,Washington Gas Light Company,2023,October,Prince Georges,20737,1
Maryland,Washington Gas Light Company,2023,October,Prince Georges,20743,4
Maryland,Washington Gas Light Company,2023,October,Prince Georges,20746,1
Maryland,Washington Gas Light Company,2023,October,Prince Georges,20747,2
Maryland,Washington Gas Light Company,2023,October,Prince Georges,20748,4
Maryland,Washington Gas Light Company,2023,October,Prince Georges,20781,1
Maryland,Washington Gas Light Company,2023,October,Prince Georges,20784,1
Maryland,Washington Gas Light Company,2023,October,Prince Georges,20785,6
Maryland,Washington Gas Light Company,2023,November,Charles,20695,1
Maryland,Washington Gas Light Company,2023,November,Montgomery,20814,1
Maryland,Washington Gas Light Company,2023,November,Montgomery,20817,1
Maryland,Washington Gas Light Company,2023,November,Montgomery,20832,2
Maryland,Washington Gas Light Company,2023,November,Montgomery,20866,1
Maryland,Washington Gas Light Company,2023,November,Montgomery,20876,1
Maryland,Washington Gas Light Company,2023,November,Prince Georges,20745,1
Maryland,Washington Gas Light Company,2023,November,Prince Georges,20747,1
Maryland,Washington Gas Light Company,2023,November,Prince Georges,20785,1
Maryland,Washington Gas Light Company,2023,November,Prince Georges,20784,1
Maryland,Washington Gas Light Company,2023,December,Montgomery,20901,1
Maryland,Washington Gas Light Company,2023,December,Prince Georges,20785,1
Maryland,Washington Gas Light Company,2024,January,Montgomery,20817,1
Maryland,Washington Gas Light Company,2024,January,Montgomery,20904,1
Maryland,Washington Gas Light Company,2024,January,Prince Georges,20705,1
Maryland,Washington Gas Light Company,2024,January,Prince Georges,20722,1
Maryland,Washington Gas Light Company,2024,January,Prince Georges,20735,1
Maryland,Washington Gas Light Company,2024,February,Charles,20601,1
Maryland,Washington Gas Light Company,2024,February,Frederick,21704,1
Maryland,Washington Gas Light Company,2024,February,Montgomery,20852,1
Maryland,Washington Gas Light Company,2024,February,Montgomery,20903,1
Maryland,Washington Gas Light Company,2024,February,Prince Georges,20705,1
Maryland,Washington Gas Light Company,2024,February,Prince Georges,20720,1
Maryland,Washington Gas Light Company,2024,March,Frederick,21701,1
Maryland,Washington Gas Light Company,2024,March,Prince Georges,20735,2
Maryland,Washington Gas Light Company,2024,March,Prince Georges,20774,1
Maryland,Washington Gas Light Company,2024,March,Prince Georges,20785,1
Maryland,Washington Gas Light Company,2024,April,Calvert,20678,3
Maryland,Washington Gas Light Company,2024,April,Charles,20601,55
Maryland,Washington Gas Light Company,2024,April,Charles,20602,53
Maryland,Washington Gas Light Company,2024,April,Charles,20603,55
Maryland,Washington Gas Light Company,2024,April,Charles,20616,14
Maryland,Washington Gas Light Company,2024,April,Charles,20640,2
Maryland,Washington Gas Light Company,2024,April,Charles,20653,8
Maryland,Washington Gas Light Company,2024,April,Charles,20695,23
Maryland,Washington Gas Light Company,2024,April,Frederick,21701,17
Maryland,Washington Gas Light Company,2024,April,Frederick,21702,23
Maryland,Washington Gas Light Company,2024,April,Frederick,21703,16
Maryland,Washington Gas Light Company,2024,April,Frederick,21704,8
Maryland,Washington Gas Light Company,2024,April,Frederick,21710,2
Maryland,Washington Gas Light Company,2024,April,Frederick,21754,5
Maryland,Washington Gas Light Company,2024,April,Frederick,21770,2
Maryland,Washington Gas Light Company,2024,April,Frederick,21774,4
Maryland,Washington Gas Light Company,2024,April,Frederick,21777,1
Maryland,Washington Gas Light Company,2024,April,Frederick,21793,2
Maryland,Washington Gas Light Company,2024,April,Montgomery,20814,5
Maryland,Washington Gas Light Company,2024,April,Montgomery,20816,1
Maryland,Washington Gas Light Company,2024,April,Montgomery,20817,8
Maryland,Washington Gas Light Company,2024,April,Montgomery,20832,9
Maryland,Washington Gas Light Company,2024,April,Montgomery,20833,7
Maryland,Washington Gas Light Company,2024,April,Montgomery,20837,2
Maryland,Washington Gas Light Company,2024,April,Montgomery,20841,17
Maryland,Washington Gas Light Company,2024,April,Montgomery,20850,20
Maryland,Washington Gas Light Company,2024,April,Montgomery,20851,2
Maryland,Washington Gas Light Company,2024,May,Charles,20601,8
Maryland,Washington Gas Light Company,2024,May,Charles,20602,8
Maryland,Washington Gas Light Company,2024,May,Charles,20603,22
Maryland,Washington Gas Light Company,2024,May,Charles,20616,18
Maryland,Washington Gas Light Company,2024,May,Charles,20695,24
Maryland,Washington Gas Light Company,2024,May,Frederick,21701,20
Maryland,Washington Gas Light Company,2024,May,Frederick,21702,28
Maryland,Washington Gas Light Company,2024,May,Frederick,21703,4
Maryland,Washington Gas Light Company,2024,May,Frederick,21704,12
Maryland,Washington Gas Light Company,2024,May,Frederick,21710,1
Maryland,Washington Gas Light Company,2024,May,Frederick,21716,2
Maryland,Washington Gas Light Company,2024,May,Frederick,21769,3
Maryland,Washington Gas Light Company,2024,May,Frederick,21793,1
Maryland,Washington Gas Light Company,2024,May,Montgomery,20815,2
Maryland,Washington Gas Light Company,2024,May,Montgomery,20832,4
Maryland,Washington Gas Light Company,2024,May,Montgomery,20833,2
Maryland,Washington Gas Light Company,2024,May,Montgomery,20850,16
Maryland,Washington Gas Light Company,2024,May,Montgomery,20851,8
Maryland,Washington Gas Light Company,2024,May,Montgomery,20852,9
Maryland,Washington Gas Light Company,2024,May,Montgomery,20853,13
Maryland,Washington Gas Light Company,2024,May,Montgomery,20855,1
Maryland,Washington Gas Light Company,2024,May,Montgomery,20861,4
Maryland,Washington Gas Light Company,2024,May,Montgomery,20872,3
Maryland,Washington Gas Light Company,2024,May,Montgomery,20874,10
Maryland,Washington Gas Light Company,2024,May,Montgomery,20876,29
Maryland,Washington Gas Light Company,2024,May,Montgomery,20877,36
Maryland,Washington Gas Light Company,2024,May,Montgomery,20879,18
Maryland,Washington Gas Light Company,2024,May,Montgomery,20886,14
Maryland,Washington Gas Light Company,2024,May,Montgomery,20895,14
Maryland,Washington Gas Light Company,2024,May,Montgomery,20901,16
Maryland,Washington Gas Light Company,2024,May,Montgomery,20902,33
Maryland,Washington Gas Light Company,2024,May,Montgomery,20903,32
Maryland,Washington Gas Light Company,2024,May,Montgomery,20904,41
Maryland,Washington Gas Light Company,2024,May,Montgomery,20906,17
Maryland,Washington Gas Light Company,2024,May,Montgomery,20910,7
Maryland,Washington Gas Light Company,2024,May,Montgomery,20912,11
Maryland,Washington Gas Light Company,2024,May,Prince Georges,20607,8
Maryland,Washington Gas Light Company,2024,May,Prince Georges,20613,4
Maryland,Washington Gas Light Company,2024,May,Prince Georges,20623,4
Maryland,Washington Gas Light Company,2024,May,Prince Georges,20705,40
Maryland,Washington Gas Light Company,2024,May,Prince Georges,20706,20
Maryland,Washington Gas Light Company,2024,May,Prince Georges,20708,2
Maryland,Washington Gas Light Company,2024,May,Prince Georges,20710,6
Maryland,Washington Gas Light Company,2024,May,Prince Georges,20712,3
Maryland,Washington Gas Light Company,2024,May,Prince Georges,20715,47
Maryland,Washington Gas Light Company,2024,May,Prince Georges,20716,34
Maryland,Washington Gas Light Company,2024,May,Prince Georges,20720,99
Maryland,Washington Gas Light Company,2024,May,Prince Georges,20721,34
Maryland,Washington Gas Light Company,2024,May,Prince Georges,20722,1
Maryland,Washington Gas Light Company,2024,May,Prince Georges,20735,10
Maryland,Washington Gas Light Company,2024,May,Prince Georges,20737,7
Maryland,Washington Gas Light Company,2024,May,Prince Georges,20740,9
Maryland,Washington Gas Light Company,2024,May,Prince Georges,20743,167
Maryland,Washington Gas Light Company,2024,May,Prince Georges,20744,10
Maryland,Washington Gas Light Company,2024,May,Prince Georges,20745,64
Maryland,Washington Gas Light Company,2024,May,Prince Georges,20746,68
Maryland,Washington Gas Light Company,2024,May,Prince Georges,20747,123
Maryland,Washington Gas Light Company,2024,May,Prince Georges,20748,122
Maryland,Washington Gas Light Company,2024,May,Prince Georges,20769,3
Maryland,Washington Gas Light Company,2024,May,Prince Georges,20770,11
Maryland,Washington Gas Light Company,2024,May,Prince Georges,20772,39
Maryland,Washington Gas Light Company,2024,May,Prince Georges,20774,57
Maryland,Washington Gas Light Company,2024,May,Prince Georges,20781,5
Maryland,Washington Gas Light Company,2024,May,Prince Georges,20782,26
Maryland,Washington Gas Light Company,2024,May,Prince Georges,20783,11
Maryland,Washington Gas Light Company,2024,May,Prince Georges,20784,27
Maryland,Washington Gas Light Company,2024,May,Prince Georges,20785,132
Maryland,Washington Gas Light Company,2024,May,Prince Georges,20903,5
Maryland,Washington Gas Light Company,2024,May,Prince Georges,20912,1
Maryland,Washington Gas Light Company,2024,May,Charles,20603,1
Maryland,Washington Gas Light Company,2024,May,Frederick,21702,1
Maryland,Washington Gas Light Company,2024,May,Montgomery,20832,1
Maryland,Washington Gas Light Company,2024,May,Montgomery,20850,2
Maryland,Washington Gas Light Company,2024,May,Montgomery,20876,2
Maryland,Washington Gas Light Company,2024,May,Montgomery,20886,2
Maryland,Washington Gas Light Company,2024,May,Montgomery,20902,1
Maryland,Washington Gas Light Company,2024,May,Montgomery,20903,1
Maryland,Washington Gas Light Company,2024,May,Montgomery,20904,2
Maryland,Washington Gas Light Company,2024,May,Prince Georges,20705,2
Maryland,Washington Gas Light Company,2024,May,Prince Georges,20715,2
Maryland,Washington Gas Light Company,2024,May,Prince Georges,20716,1
Maryland,Washington Gas Light Company,2024,May,Prince Georges,20720,1
Maryland,Washington Gas Light Company,2024,May,Prince Georges,20743,5
Maryland,Washington Gas Light Company,2024,May,Prince Georges,20744,1
Maryland,Washington Gas Light Company,2024,May,Prince Georges,20745,2
Maryland,Washington Gas Light Company,2024,May,Prince Georges,20746,2
Maryland,Washington Gas Light Company,2024,May,Prince Georges,20747,5
Maryland,Washington Gas Light Company,2024,May,Prince Georges,20748,4
Maryland,Washington Gas Light Company,2024,May,Prince Georges,20772,1
Maryland,Washington Gas Light Company,2024,May,Prince Georges,20774,2
Maryland,Washington Gas Light Company,2024,May,Prince Georges,20782,1
Maryland,Washington Gas Light Company,2024,May,Prince Georges,20784,2
Maryland,Washington Gas Light Company,2024,May,Prince Georges,20785,6
Maryland,Washington Gas Light Company,2024,June,Calvert,20678,8
Maryland,Washington Gas Light Company,2024,June,Charles,20601,27
Maryland,Washington Gas Light Company,2024,June,Charles,20602,10
Maryland,Washington Gas Light Company,2024,June,Charles,20603,26
Maryland,Washington Gas Light Company,2024,June,Charles,20616,6
Maryland,Washington Gas Light Company,2024,June,Charles,20695,17
Maryland,Washington Gas Light Company,2024,June,Frederick,21701,8
Maryland,Washington Gas Light Company,2024,June,Frederick,21702,7
Maryland,Washington Gas Light Company,2024,June,Frederick,21703,20
Maryland,Washington Gas Light Company,2024,June,Frederick,21710,1
Maryland,Washington Gas Light Company,2024,June,Frederick,21717,1
Maryland,Washington Gas Light Company,2024,June,Frederick,21770,1
Maryland,Washington Gas Light Company,2024,June,Frederick,21777,1
Maryland,Washington Gas Light Company,2024,June,Frederick,21793,1
Maryland,Washington Gas Light Company,2024,June,Montgomery,20815,7
Maryland,Washington Gas Light Company,2024,June,Montgomery,20816,9
Maryland,Washington Gas Light Company,2024,June,Montgomery,20817,18
Maryland,Washington Gas Light Company,2024,June,Montgomery,20832,9
Maryland,Washington Gas Light Company,2024,June,Montgomery,20833,7
Maryland,Washington Gas Light Company,2024,June,Montgomery,20837,3
Maryland,Washington Gas Light Company,2024,June,Montgomery,20841,5
Maryland,Washington Gas Light Company,2024,June,Montgomery,20850,36
Maryland,Washington Gas Light Company,2024,June,Montgomery,20851,8
Maryland,Washington Gas Light Company,2024,June,Montgomery,20852,5
Maryland,Washington Gas Light Company,2024,June,Montgomery,20853,9
Maryland,Washington Gas Light Company,2024,June,Montgomery,20854,27
Maryland,Washington Gas Light Company,2024,June,Montgomery,20866,7
Maryland,Washington Gas Light Company,2024,June,Montgomery,20871,51
Maryland,Washington Gas Light Company,2024,June,Montgomery,20872,5
Maryland,Washington Gas Light Company,2024,June,Montgomery,20874,21
Maryland,Washington Gas Light Company,2024,June,Montgomery,20876,15
Maryland,Washington Gas Light Company,2024,June,Montgomery,20877,43
Maryland,Washington Gas Light Company,2024,June,Montgomery,20878,19
Maryland,Washington Gas Light Company,2024,June,Montgomery,20879,14
Maryland,Washington Gas Light Company,2024,June,Montgomery,20882,3
Maryland,Washington Gas Light Company,2024,June,Montgomery,20886,22
Maryland,Washington Gas Light Company,2024,June,Montgomery,20895,1
Maryland,Washington Gas Light Company,2024,June,Montgomery,20901,2
Maryland,Washington Gas Light Company,2024,June,Montgomery,20902,8
Maryland,Washington Gas Light Company,2024,July,Calvert,20678,1
Maryland,Washington Gas Light Company,2024,July,Charles,20601,28
Maryland,Washington Gas Light Company,2024,July,Charles,20602,43
Maryland,Washington Gas Light Company,2024,July,Charles,20603,20
Maryland,Washington Gas Light Company,2024,July,Charles,20616,9
Maryland,Washington Gas Light Company,2024,July,Charles,20695,13
Maryland,Washington Gas Light Company,2024,July,Frederick,20871,1
Maryland,Washington Gas Light Company,2024,July,Frederick,21701,13
Maryland,Washington Gas Light Company,2024,July,Frederick,21702,18
Maryland,Washington Gas Light Company,2024,July,Frederick,21703,17
Maryland,Washington Gas Light Company,2024,July,Frederick,21704,8
Maryland,Washington Gas Light Company,2024,July,Frederick,21716,2
Maryland,Washington Gas Light Company,2024,July,Frederick,21754,3
Maryland,Washington Gas Light Company,2024,July,Frederick,21770,4
Maryland,Washington Gas Light Company,2024,July,Frederick,21774,3
Maryland,Washington Gas Light Company,2024,July,Frederick,21777,1
Maryland,Washington Gas Light Company,2024,July,Montgomery,20814,2
Maryland,Washington Gas Light Company,2024,July,Montgomery,20815,2
Maryland,Washington Gas Light Company,2024,July,Montgomery,20816,3
Maryland,Washington Gas Light Company,2024,July,Montgomery,20817,10
Maryland,Washington Gas Light Company,2024,July,Montgomery,20832,12
Maryland,Washington Gas Light Company,2024,July,Montgomery,20833,2
Maryland,Washington Gas Light Company,2024,July,Montgomery,20841,10
Maryland,Washington Gas Light Company,2024,July,Montgomery,20850,30
Maryland,Washington Gas Light Company,2024,July,Montgomery,20851,5
Maryland,Washington Gas Light Company,2024,July,Montgomery,20853,6
Maryland,Washington Gas Light Company,2024,July,Montgomery,20854,17
Maryland,Washington Gas Light Company,2024,July,Montgomery,20855,2
Maryland,Washington Gas Light Company,2024,July,Montgomery,20860,1
Maryland,Washington Gas Light Company,2024,July,Montgomery,20861,2
Maryland,Washington Gas Light Company,2024,July,Montgomery,20866,12
Maryland,Washington Gas Light Company,2024,July,Montgomery,20871,20
Maryland,Washington Gas Light Company,2024,July,Montgomery,20872,4
Maryland,Washington Gas Light Company,2024,July,Montgomery,20874,32
Maryland,Washington Gas Light Company,2024,July,Montgomery,20876,17
Maryland,Washington Gas Light Company,2024,July,Montgomery,20877,40
Maryland,Washington Gas Light Company,2024,July,Montgomery,20878,35
Maryland,Washington Gas Light Company,2024,July,Montgomery,20879,19
Maryland,Washington Gas Light Company,2024,July,Montgomery,20886,18
Maryland,Washington Gas Light Company,2024,August,Calvert,20678,9
Maryland,Washington Gas Light Company,2024,August,Calvert,20688,1
Maryland,Washington Gas Light Company,2024,August,Charles,20601,29
Maryland,Washington Gas Light Company,2024,August,Charles,20602,16
Maryland,Washington Gas Light Company,2024,August,Charles,20603,8
Maryland,Washington Gas Light Company,2024,August,Charles,20616,10
Maryland,Washington Gas Light Company,2024,August,Charles,20640,4
Maryland,Washington Gas Light Company,2024,August,Charles,20695,12
Maryland,Washington Gas Light Company,2024,August,Frederick,21701,15
Maryland,Washington Gas Light Company,2024,August,Frederick,21702,32
Maryland,Washington Gas Light Company,2024,August,Frederick,21703,9
Maryland,Washington Gas Light Company,2024,August,Frederick,21704,1
Maryland,Washington Gas Light Company,2024,August,Frederick,21754,1
Maryland,Washington Gas Light Company,2024,August,Frederick,21793,1
Maryland,Washington Gas Light Company,2024,August,Montgomery,20814,6
Maryland,Washington Gas Light Company,2024,August,Montgomery,20817,6
Maryland,Washington Gas Light Company,2024,August,Montgomery,20832,6
Maryland,Washington Gas Light Company,2024,August,Montgomery,20841,3
Maryland,Washington Gas Light Company,2024,August,Montgomery,20850,13
Maryland,Washington Gas Light Company,2024,August,Montgomery,20851,6
Maryland,Washington Gas Light Company,2024,August,Montgomery,20852,7
Maryland,Washington Gas Light Company,2024,August,Montgomery,20853,10
Maryland,Washington Gas Light Company,2024,August,Montgomery,20854,9
Maryland,Washington Gas Light Company,2024,August,Montgomery,20855,10
Maryland,Washington Gas Light Company,2024,August,Montgomery,20868,1
Maryland,Washington Gas Light Company,2024,August,Montgomery,20871,24
Maryland,Washington Gas Light Company,2024,August,Montgomery,20872,2
Maryland,Washington Gas Light Company,2024,August,Montgomery,20874,22
Maryland,Washington Gas Light Company,2024,August,Montgomery,20876,14
Maryland,Washington Gas Light Company,2024,August,Montgomery,20877,45
Maryland,Washington Gas Light Company,2024,August,Montgomery,20878,39
Maryland,Washington Gas Light Company,2024,August,Montgomery,20879,12
Maryland,Washington Gas Light Company,2024,August,Montgomery,20882,2
Maryland,Washington Gas Light Company,2024,August,Montgomery,20886,16
Maryland,Washington Gas Light Company,2024,August,Montgomery,20895,5
Maryland,Washington Gas Light Company,2024,August,Montgomery,20901,12
Maryland,Washington Gas Light Company,2024,August,Montgomery,20902,18
Maryland,Washington Gas Light Company,2024,August,Montgomery,20903,44
Maryland,Washington Gas Light Company,2024,August,Montgomery,20904,33
Maryland,Washington Gas Light Company,2024,August,Montgomery,20905,8
Maryland,Washington Gas Light Company,2024,August,Montgomery,20906,46
Maryland,Washington Gas Light Company,2024,August,Montgomery,20910,12
Maryland,Washington Gas Light Company,2024,August,Montgomery,20912,8
Maryland,Washington Gas Light Company,2024,August,Prince Georges,20607,27
Maryland,Washington Gas Light Company,2024,August,Prince Georges,20613,49
Maryland,Washington Gas Light Company,2024,August,Prince Georges,20623,13
Maryland,Washington Gas Light Company,2024,August,Prince Georges,20705,20
Maryland,Washington Gas Light Company,2024,August,Prince Georges,20706,56
Maryland,Washington Gas Light Company,2024,August,Prince Georges,20707,1
Maryland,Washington Gas Light Company,2024,August,Prince Georges,20708,8
Maryland,Washington Gas Light Company,2024,August,Prince Georges,20710,4
Maryland,Washington Gas Light Company,2024,August,Prince Georges,20712,1
Maryland,Washington Gas Light Company,2024,August,Prince Georges,20715,43
Maryland,Washington Gas Light Company,2024,August,Prince Georges,20716,18
Maryland,Washington Gas Light Company,2024,August,Prince Georges,20720,37
Maryland,Washington Gas Light Company,2024,August,Prince Georges,20721,45
Maryland,Washington Gas Light Company,2024,August,Prince Georges,20735,78
Maryland,Washington Gas Light Company,2024,August,Prince Georges,20737,23
Maryland,Washington Gas Light Company,2024,August,Prince Georges,20740,4
Maryland,Washington Gas Light Company,2024,August,Prince Georges,20743,136
Maryland,Washington Gas Light Company,2024,August,Prince Georges,20744,111
Maryland,Washington Gas Light Company,2024,August,Prince Georges,20745,38
Maryland,Washington Gas Light Company,2024,August,Prince Georges,20746,148
Maryland,Washington Gas Light Company,2024,August,Prince Georges,20747,83
Maryland,Washington Gas Light Company,2024,August,Prince Georges,20748,79
Maryland,Washington Gas Light Company,2024,August,Prince Georges,20769,15
Maryland,Washington Gas Light Company,2024,August,Prince Georges,20770,18
Maryland,Washington Gas Light Company,2024,August,Prince Georges,20772,98
Maryland,Washington Gas Light Company,2024,August,Prince Georges,20774,106
Maryland,Washington Gas Light Company,2024,August,Prince Georges,20781,1
Maryland,Washington Gas Light Company,2024,August,Prince Georges,20782,51
Maryland,Washington Gas Light Company,2024,August,Prince Georges,20783,50
Maryland,Washington Gas Light Company,2024,August,Prince Georges,20785,63
Maryland,Washington Gas Light Company,2024,August,Prince Georges,20903,1
Maryland,Washington Gas Light Company,2024,August,Prince Georges,20904,1
Maryland,Washington Gas Light Company,2024,August,Prince Georges,20912,4
Maryland,Washington Gas Light Company,2024,August,St. Mary's,20619,4
Maryland,Washington Gas Light Company,2024,August,St. Mary's,20634,4
Maryland,Washington Gas Light Company,2024,August,St. Mary's,20653,20
Maryland,Southern Maryland Electric Cooperative,2020,December,Calvert,,29
Maryland,Southern Maryland Electric Cooperative,2020,December,Charles,,187
Maryland,Southern Maryland Electric Cooperative,2020,December,St. Mary's,,68
Maryland,Southern Maryland Electric Cooperative,2020,December,Prince George's,,29
Maryland,Southern Maryland Electric Cooperative,2021,January,Calvert,,30
Maryland,Southern Maryland Electric Cooperative,2021,January,Charles,,25
Maryland,Southern Maryland Electric Cooperative,2021,January,St. Mary's,,7
Maryland,Southern Maryland Electric Cooperative,2021,January,Prince George's,,9
Maryland,Southern Maryland Electric Cooperative,2021,February,Calvert,,5
Maryland,Southern Maryland Electric Cooperative,2021,February,Charles,,73
Maryland,Southern Maryland Electric Cooperative,2021,February,St. Mary's,,67
Maryland,Southern Maryland Electric Cooperative,2021,February,Prince George's,,22
Maryland,Southern Maryland Electric Cooperative,2021,May,Calvert,,30
Maryland,Southern Maryland Electric Cooperative,2021,May,Charles,,64
Maryland,Southern Maryland Electric Cooperative,2021,May,St. Mary's,,38
Maryland,Southern Maryland Electric Cooperative,2021,May,Prince George's,,16
Maryland,Southern Maryland Electric Cooperative,2021,June,Calvert,,13
Maryland,Southern Maryland Electric Cooperative,2021,June,Charles,,95
Maryland,Southern Maryland Electric Cooperative,2021,June,St. Mary's,,43
Maryland,Southern Maryland Electric Cooperative,2021,June,Prince George's,,15
Maryland,Southern Maryland Electric Cooperative,2021,July,Calvert,,14
Maryland,Southern Maryland Electric Cooperative,2021,July,Charles,,64
Maryland,Southern Maryland Electric Cooperative,2021,July,St. Mary's,,25
Maryland,Southern Maryland Electric Cooperative,2021,July,Prince George's,,10
Maryland,Southern Maryland Electric Cooperative,2021,August,Calvert,,26
Maryland,Southern Maryland Electric Cooperative,2021,August,Charles,,61
Maryland,Southern Maryland Electric Cooperative,2021,August,St. Mary's,,46
Maryland,Southern Maryland Electric Cooperative,2021,August,Prince George's,,12
Maryland,Southern Maryland Electric Cooperative,2021,November,Calvert,,9
Maryland,Southern Maryland Electric Cooperative,2021,November,Charles,,44
Maryland,Southern Maryland Electric Cooperative,2021,November,St. Mary's,,19
Maryland,Southern Maryland Electric Cooperative,2021,November,Prince George's,,16
Maryland,Southern Maryland Electric Cooperative,2021,December,Calvert,,9
Maryland,Southern Maryland Electric Cooperative,2021,December,Charles,,44
Maryland,Southern Maryland Electric Cooperative,2021,December,St. Mary's,,19
Maryland,Southern Maryland Electric Cooperative,2021,December,Prince George's,,16
Maryland,Southern Maryland Electric Cooperative,2022,January,Calvert,,30
Maryland,Southern Maryland Electric Cooperative,2022,January,Charles,,5
Maryland,Southern Maryland Electric Cooperative,2022,January,St. Mary's,,30
Maryland,Southern Maryland Electric Cooperative,2022,January,Prince George's,,0
Maryland,Southern Maryland Electric Cooperative,2022,February,Calvert,,4
Maryland,Southern Maryland Electric Cooperative,2022,February,Charles,,66
Maryland,Southern Maryland Electric Cooperative,2022,February,St. Mary's,,33
Maryland,Southern Maryland Electric Cooperative,2022,February,Prince George's,,15
Maryland,Southern Maryland Electric Cooperative,2022,March,Calvert,,43
Maryland,Southern Maryland Electric Cooperative,2022,March,Charles,,112
Maryland,Southern Maryland Electric Cooperative,2022,March,St. Mary's,,67
Maryland,Southern Maryland Electric Cooperative,2022,March,Prince George's,,12
Maryland,Southern Maryland Electric Cooperative,2022,April,Calvert,,36
Maryland,Southern Maryland Electric Cooperative,2022,April,Charles,,80
Maryland,Southern Maryland Electric Cooperative,2022,April,St. Mary's,,48
Maryland,Southern Maryland Electric Cooperative,2022,April,Prince George's,,8
Maryland,Southern Maryland Electric Cooperative,2022,May,Calvert,,20
Maryland,Southern Maryland Electric Cooperative,2022,May,Charles,,88
Maryland,Southern Maryland Electric Cooperative,2022,May,St. Mary's,,40
Maryland,Southern Maryland Electric Cooperative,2022,May,Prince George's,,15
Maryland,Southern Maryland Electric Cooperative,2022,June,Calvert,,45
Maryland,Southern Maryland Electric Cooperative,2022,June,Charles,,104
Maryland,Southern Maryland Electric Cooperative,2022,June,St. Mary's,,79
Maryland,Southern Maryland Electric Cooperative,2022,June,Prince George's,,14
Maryland,Southern Maryland Electric Cooperative,2022,July,Calvert,,17
Maryland,Southern Maryland Electric Cooperative,2022,July,Charles,,84
Maryland,Southern Maryland Electric Cooperative,2022,July,St. Mary's,,44
Maryland,Southern Maryland Electric Cooperative,2022,July,Prince George's,,16
Maryland,Southern Maryland Electric Cooperative,2022,August,Calvert,,31
Maryland,Southern Maryland Electric Cooperative,2022,August,Charles,,91
Maryland,Southern Maryland Electric Cooperative,2022,August,St. Mary's,,77
Maryland,Southern Maryland Electric Cooperative,2022,August,Prince George's,,22
Maryland,Southern Maryland Electric Cooperative,2022,September,Calvert,,20
Maryland,Southern Maryland Electric Cooperative,2022,September,Charles,,89
Maryland,Southern Maryland Electric Cooperative,2022,September,St. Mary's,,31
Maryland,Southern Maryland Electric Cooperative,2022,September,Prince George's,,19
Maryland,Southern Maryland Electric Cooperative,2022,October,Calvert,,29
Maryland,Southern Maryland Electric Cooperative,2022,October,Charles,,111
Maryland,Southern Maryland Electric Cooperative,2022,October,St. Mary's,,43
Maryland,Southern Maryland Electric Cooperative,2022,October,Prince George's,,11
Maryland,Southern Maryland Electric Cooperative,2022,November,Calvert,,14
Maryland,Southern Maryland Electric Cooperative,2022,November,Charles,,56
Maryland,Southern Maryland Electric Cooperative,2022,November,St. Mary's,,67
Maryland,Southern Maryland Electric Cooperative,2022,November,Prince George's,,25
Maryland,Southern Maryland Electric Cooperative,2022,December,Calvert,,9
Maryland,Southern Maryland Electric Cooperative,2022,December,Charles,,15
Maryland,Southern Maryland Electric Cooperative,2022,December,St. Mary's,,32
Maryland,Southern Maryland Electric Cooperative,2022,December,Prince George's,,0
Maryland,Southern Maryland Electric Cooperative,2023,January,Calvert,,1
Maryland,Southern Maryland Electric Cooperative,2023,January,Charles,,7
Maryland,Southern Maryland Electric Cooperative,2023,January,St. Mary's,,8
Maryland,Southern Maryland Electric Cooperative,2023,January,Prince George's,,1
Maryland,Southern Maryland Electric Cooperative,2023,February,Calvert,,15
Maryland,Southern Maryland Electric Cooperative,2023,February,Charles,,61
Maryland,Southern Maryland Electric Cooperative,2023,February,St. Mary's,,21
Maryland,Southern Maryland Electric Cooperative,2023,February,Prince George's,,8
Maryland,Southern Maryland Electric Cooperative,2023,March,Calvert,,0
Maryland,Southern Maryland Electric Cooperative,2023,March,Charles,,28
Maryland,Southern Maryland Electric Cooperative,2023,March,St. Mary's,,3
Maryland,Southern Maryland Electric Cooperative,2023,March,Prince George's,,9
Maryland,Southern Maryland Electric Cooperative,2023,April,Calvert,,35
Maryland,Southern Maryland Electric Cooperative,2023,April,Charles,,227
Maryland,Southern Maryland Electric Cooperative,2023,April,St. Mary's,,34
Maryland,Southern Maryland Electric Cooperative,2023,April,Prince George's,,37
Maryland,Southern Maryland Electric Cooperative,2023,May,Calvert,,127
Maryland,Southern Maryland Electric Cooperative,2023,May,Charles,,394
Maryland,Southern Maryland Electric Cooperative,2023,May,St. Mary's,,286
Maryland,Southern Maryland Electric Cooperative,2023,May,Prince George's,,79
Maryland,Southern Maryland Electric Cooperative,2023,June,Calvert,,88
Maryland,Southern Maryland Electric Cooperative,2023,June,Charles,,335
Maryland,Southern Maryland Electric Cooperative,2023,June,St. Mary's,,168
Maryland,Southern Maryland Electric Cooperative,2023,June,Prince George's,,50
Maryland,Southern Maryland Electric Cooperative,2023,July,Calvert,,22
Maryland,Southern Maryland Electric Cooperative,2023,July,Charles,,244
Maryland,Southern Maryland Electric Cooperative,2023,July,St. Mary's,,73
Maryland,Southern Maryland Electric Cooperative,2023,July,Prince George's,,34
Maryland,Southern Maryland Electric Cooperative,2023,August,Calvert,,64
Maryland,Southern Maryland Electric Cooperative,2023,August,Charles,,216
Maryland,Southern Maryland Electric Cooperative,2023,August,St. Mary's,,136
Maryland,Southern Maryland Electric Cooperative,2023,August,Prince George's,,41
Maryland,Southern Maryland Electric Cooperative,2023,September,Calvert,,74
Maryland,Southern Maryland Electric Cooperative,2023,September,Charles,,239
Maryland,Southern Maryland Electric Cooperative,2023,September,St. Mary's,,73
Maryland,Southern Maryland Electric Cooperative,2023,September,Prince George's,,47
Maryland,Southern Maryland Electric Cooperative,2023,October,Calvert,,122
Maryland,Southern Maryland Electric Cooperative,2023,October,Charles,,238
Maryland,Southern Maryland Electric Cooperative,2023,October,St. Mary's,,101
Maryland,Southern Maryland Electric Cooperative,2023,October,Prince George's,,50
Maryland,Southern Maryland Electric Cooperative,2023,November,Calvert,,7
Maryland,Southern Maryland Electric Cooperative,2023,November,Charles,,21
Maryland,Southern Maryland Electric Cooperative,2023,November,St. Mary's,,9
Maryland,Southern Maryland Electric Cooperative,2023,November,Prince George's,,5
Maryland,Southern Maryland Electric Cooperative,2023,December,Calvert,,8
Maryland,Southern Maryland Electric Cooperative,2023,December,Charles,,24
Maryland,Southern Maryland Electric Cooperative,2023,December,St. Mary's,,41
Maryland,Southern Maryland Electric Cooperative,2023,December,Prince George's,,24
Maryland,Southern Maryland Electric Cooperative,2024,January,Calvert,,28
Maryland,Southern Maryland Electric Cooperative,2024,January,Charles,,40
Maryland,Southern Maryland Electric Cooperative,2024,January,St. Mary's,,66
Maryland,Southern Maryland Electric Cooperative,2024,January,Prince George's,,7
Maryland,Southern Maryland Electric Cooperative,2024,February,Calvert,,16
Maryland,Southern Maryland Electric Cooperative,2024,February,Charles,,134
Maryland,Southern Maryland Electric Cooperative,2024,February,St. Mary's,,31
Maryland,Southern Maryland Electric Cooperative,2024,February,Prince George's,,33
Maryland,Southern Maryland Electric Cooperative,2024,March,Calvert,,10
Maryland,Southern Maryland Electric Cooperative,2024,March,Charles,,23
Maryland,Southern Maryland Electric Cooperative,2024,March,St. Mary's,,49
Maryland,Southern Maryland Electric Cooperative,2024,March,Prince George's,,2
Maryland,Southern Maryland Electric Cooperative,2024,April,Calvert,,121
Maryland,Southern Maryland Electric Cooperative,2024,April,Charles,,678
Maryland,Southern Maryland Electric Cooperative,2024,April,St. Mary's,,72
Maryland,Southern Maryland Electric Cooperative,2024,April,Prince George's,,183
Maryland,Southern Maryland Electric Cooperative,2024,May,Calvert,20615,1
Maryland,Southern Maryland Electric Cooperative,2024,May,Calvert,20629,0
Maryland,Southern Maryland Electric Cooperative,2024,May,Calvert,20639,26
Maryland,Southern Maryland Electric Cooperative,2024,May,Calvert,20657,95
Maryland,Southern Maryland Electric Cooperative,2024,May,Calvert,20676,16
Maryland,Southern Maryland Electric Cooperative,2024,May,Calvert,20678,46
Maryland,Southern Maryland Electric Cooperative,2024,May,Calvert,20685,18
Maryland,Southern Maryland Electric Cooperative,2024,May,Calvert,20688,3
Maryland,Southern Maryland Electric Cooperative,2024,May,Calvert,20689,4
Maryland,Southern Maryland Electric Cooperative,2024,May,Calvert,20732,0
Maryland,Southern Maryland Electric Cooperative,2024,May,Calvert,20736,5
Maryland,Southern Maryland Electric Cooperative,2024,May,Calvert,20754,9
Maryland,Southern Maryland Electric Cooperative,2024,May,Calvert,20615,0
Maryland,Southern Maryland Electric Cooperative,2024,May,Calvert,20629,0
Maryland,Southern Maryland Electric Cooperative,2024,May,Calvert,20639,0
Maryland,Southern Maryland Electric Cooperative,2024,May,Calvert,20657,15
Maryland,Southern Maryland Electric Cooperative,2024,May,Calvert,20676,2
Maryland,Southern Maryland Electric Cooperative,2024,May,Calvert,20678,8
Maryland,Southern Maryland Electric Cooperative,2024,May,Calvert,20685,3
Maryland,Southern Maryland Electric Cooperative,2024,May,Calvert,20688,0
Maryland,Southern Maryland Electric Cooperative,2024,May,Calvert,20689,0
Maryland,Southern Maryland Electric Cooperative,2024,May,Calvert,20732,0
Maryland,Southern Maryland Electric Cooperative,2024,May,Calvert,20736,0
Maryland,Southern Maryland Electric Cooperative,2024,May,Calvert,20754,0
Maryland,Southern Maryland Electric Cooperative,2024,May,Charles,20601,68
Maryland,Southern Maryland Electric Cooperative,2024,May,Charles,20602,143
Maryland,Southern Maryland Electric Cooperative,2024,May,Charles,20603,77
Maryland,Southern Maryland Electric Cooperative,2024,May,Charles,20607,0
Maryland,Southern Maryland Electric Cooperative,2024,May,Charles,20611,2
Maryland,Southern Maryland Electric Cooperative,2024,May,Charles,20612,0
Maryland,Southern Maryland Electric Cooperative,2024,May,Charles,20613,7
Maryland,Southern Maryland Electric Cooperative,2024,May,Charles,20616,31
Maryland,Southern Maryland Electric Cooperative,2024,May,Charles,20617,1
Maryland,Southern Maryland Electric Cooperative,2024,May,Charles,20622,4
Maryland,Southern Maryland Electric Cooperative,2024,May,Charles,20625,6
Maryland,Southern Maryland Electric Cooperative,2024,May,Charles,20632,0
Maryland,Southern Maryland Electric Cooperative,2024,May,Charles,20637,11
Maryland,Southern Maryland Electric Cooperative,2024,May,Charles,20640,46
Maryland,Southern Maryland Electric Cooperative,2024,May,Charles,20643,0
Maryland,Southern Maryland Electric Cooperative,2024,May,Charles,20645,2
Maryland,Southern Maryland Electric Cooperative,2024,May,Charles,20646,41
Maryland,Southern Maryland Electric Cooperative,2024,May,Charles,20658,9
Maryland,Southern Maryland Electric Cooperative,2024,May,Charles,20659,0
Maryland,Southern Maryland Electric Cooperative,2024,May,Charles,20661,0
Maryland,Southern Maryland Electric Cooperative,2024,May,Charles,20662,15
Maryland,Southern Maryland Electric Cooperative,2024,May,Charles,20664,5
Maryland,Southern Maryland Electric Cooperative,2024,May,Charles,20675,2
Maryland,Southern Maryland Electric Cooperative,2024,May,Charles,20677,4
Maryland,Southern Maryland Electric Cooperative,2024,May,Charles,20693,2
Maryland,Southern Maryland Electric Cooperative,2024,May,Charles,20695,40
Maryland,Southern Maryland Electric Cooperative,2024,May,Charles,20601,6
Maryland,Southern Maryland Electric Cooperative,2024,May,Charles,20602,13
Maryland,Southern Maryland Electric Cooperative,2024,May,Charles,20603,5
Maryland,Southern Maryland Electric Cooperative,2024,May,Charles,20607,0
Maryland,Southern Maryland Electric Cooperative,2024,May,Charles,20611,1
Maryland,Southern Maryland Electric Cooperative,2024,May,Charles,20612,0
Maryland,Southern Maryland Electric Cooperative,2024,May,Charles,20613,1
Maryland,Southern Maryland Electric Cooperative,2024,May,Charles,20616,4
Maryland,Southern Maryland Electric Cooperative,2024,May,Charles,20617,0
Maryland,Southern Maryland Electric Cooperative,2024,May,Charles,20622,0
Maryland,Southern Maryland Electric Cooperative,2024,May,Charles,20625,0
Maryland,Southern Maryland Electric Cooperative,2024,May,Charles,20632,0
Maryland,Southern Maryland Electric Cooperative,2024,May,Charles,20637,3
Maryland,Southern Maryland Electric Cooperative,2024,May,Charles,20640,5
Maryland,Southern Maryland Electric Cooperative,2024,May,Charles,20643,0
Maryland,Southern Maryland Electric Cooperative,2024,May,Charles,20645,0
Maryland,Southern Maryland Electric Cooperative,2024,May,Charles,20646,1
Maryland,Southern Maryland Electric Cooperative,2024,May,Charles,20658,0
Maryland,Southern Maryland Electric Cooperative,2024,May,Charles,20659,0
Maryland,Southern Maryland Electric Cooperative,2024,May,Charles,20661,0
Maryland,Southern Maryland Electric Cooperative,2024,May,Charles,20662,1
Maryland,Southern Maryland Electric Cooperative,2024,May,Charles,20664,4
Maryland,Southern Maryland Electric Cooperative,2024,May,Charles,20675,1
Maryland,Southern Maryland Electric Cooperative,2024,May,Charles,20677,0
Maryland,Southern Maryland Electric Cooperative,2024,May,Charles,20693,0
Maryland,Southern Maryland Electric Cooperative,2024,May,Charles,20695,4
Maryland,Southern Maryland Electric Cooperative,2024,May,Prince George's,20601,1
Maryland,Southern Maryland Electric Cooperative,2024,May,Prince George's,20607,26
Maryland,Southern Maryland Electric Cooperative,2024,May,Prince George's,20608,10
Maryland,Southern Maryland Electric Cooperative,2024,May,Prince George's,20613,57
Maryland,Southern Maryland Electric Cooperative,2024,May,Prince George's,20735,0
Maryland,Southern Maryland Electric Cooperative,2024,May,Prince George's,20744,0
Maryland,Southern Maryland Electric Cooperative,2024,May,Prince George's,20772,1
Maryland,Southern Maryland Electric Cooperative,2024,May,Prince George's,20607,3
Maryland,Southern Maryland Electric Cooperative,2024,May,Prince George's,20613,1
Maryland,Southern Maryland Electric Cooperative,2024,May,St. Mary's,20606,1
Maryland,Southern Maryland Electric Cooperative,2024,May,St. Mary's,20609,11
Maryland,Southern Maryland Electric Cooperative,2024,May,St. Mary's,20618,3
Maryland,Southern Maryland Electric Cooperative,2024,May,St. Mary's,20619,21
Maryland,Southern Maryland Electric Cooperative,2024,May,St. Mary's,20620,2
Maryland,Southern Maryland Electric Cooperative,2024,May,St. Mary's,20621,12
Maryland,Southern Maryland Electric Cooperative,2024,May,St. Mary's,20622,6
Maryland,Southern Maryland Electric Cooperative,2024,May,St. Mary's,20624,4
Maryland,Southern Maryland Electric Cooperative,2024,May,St. Mary's,20626,3
Maryland,Southern Maryland Electric Cooperative,2024,May,St. Mary's,20627,0
Maryland,Southern Maryland Electric Cooperative,2024,May,St. Mary's,20628,0
Maryland,Southern Maryland Electric Cooperative,2024,May,St. Mary's,20630,0
Maryland,Southern Maryland Electric Cooperative,2024,May,St. Mary's,20634,14
Maryland,Southern Maryland Electric Cooperative,2024,May,St. Mary's,20635,0
Maryland,Southern Maryland Electric Cooperative,2024,May,St. Mary's,20636,19
Maryland,Southern Maryland Electric Cooperative,2024,May,St. Mary's,20650,25
Maryland,Southern Maryland Electric Cooperative,2024,May,St. Mary's,20653,62
Maryland,Southern Maryland Electric Cooperative,2024,May,St. Mary's,20656,0
Maryland,Southern Maryland Electric Cooperative,2024,May,St. Mary's,20659,33
Maryland,Southern Maryland Electric Cooperative,2024,May,St. Mary's,20660,0
Maryland,Southern Maryland Electric Cooperative,2024,May,St. Mary's,20667,1
Maryland,Southern Maryland Electric Cooperative,2024,May,St. Mary's,20670,0
Maryland,Southern Maryland Electric Cooperative,2024,May,St. Mary's,20674,1
Maryland,Southern Maryland Electric Cooperative,2024,May,St. Mary's,20680,3
Maryland,Southern Maryland Electric Cooperative,2024,May,St. Mary's,20684,1
Maryland,Southern Maryland Electric Cooperative,2024,May,St. Mary's,20686,0
Maryland,Southern Maryland Electric Cooperative,2024,May,St. Mary's,20687,1
Maryland,Southern Maryland Electric Cooperative,2024,May,St. Mary's,20690,0
Maryland,Southern Maryland Electric Cooperative,2024,May,St. Mary's,20692,0
Maryland,Southern Maryland Electric Cooperative,2024,May,St. Mary's,20609,1
Maryland,Southern Maryland Electric Cooperative,2024,May,St. Mary's,20619,5
Maryland,Southern Maryland Electric Cooperative,2024,May,St. Mary's,20620,2
Maryland,Southern Maryland Electric Cooperative,2024,May,St. Mary's,20621,2
Maryland,Southern Maryland Electric Cooperative,2024,May,St. Mary's,20622,1
Maryland,Southern Maryland Electric Cooperative,2024,May,St. Mary's,20624,1
Maryland,Southern Maryland Electric Cooperative,2024,May,St. Mary's,20628,1
Maryland,Southern Maryland Electric Cooperative,2024,May,St. Mary's,20634,1
Maryland,Southern Maryland Electric Cooperative,2024,May,St. Mary's,20650,4
Maryland,Southern Maryland Electric Cooperative,2024,May,St. Mary's,20653,19
Maryland,Southern Maryland Electric Cooperative,2024,May,St. Mary's,20659,8
Maryland,Southern Maryland Electric Cooperative,2024,May,St. Mary's,20687,1
Maryland,Southern Maryland Electric Cooperative,2024,May,St. Mary's,20692,1
Maryland,Southern Maryland Electric Cooperative,2024,August,Calvert,20615,0
Maryland,Southern Maryland Electric Cooperative,2024,August,Calvert,20629,0
Maryland,Southern Maryland Electric Cooperative,2024,August,Calvert,20639,0
Maryland,Southern Maryland Electric Cooperative,2024,August,Calvert,20657,0
Maryland,Southern Maryland Electric Cooperative,2024,August,Calvert,20676,0
Maryland,Southern Maryland Electric Cooperative,2024,August,Calvert,20678,0
Maryland,Southern Maryland Electric Cooperative,2024,August,Calvert,20685,0
Maryland,Southern Maryland Electric Cooperative,2024,August,Calvert,20688,0
Maryland,Southern Maryland Electric Cooperative,2024,August,Calvert,20689,0
Maryland,Southern Maryland Electric Cooperative,2024,August,Calvert,20732,0
Maryland,Southern Maryland Electric Cooperative,2024,August,Calvert,20736,0
Maryland,Southern Maryland Electric Cooperative,2024,August,Calvert,20754,0
Maryland,Southern Maryland Electric Cooperative,2024,August,Charles,20601,0
Maryland,Southern Maryland Electric Cooperative,2024,August,Charles,20602,0
Maryland,Southern Maryland Electric Cooperative,2024,August,Charles,20603,0
Maryland,Southern Maryland Electric Cooperative,2024,August,Charles,20607,0
Maryland,Southern Maryland Electric Cooperative,2024,August,Charles,20611,0
Maryland,Southern Maryland Electric Cooperative,2024,August,Charles,20612,0
Maryland,Southern Maryland Electric Cooperative,2024,August,Charles,20613,0
Maryland,Southern Maryland Electric Cooperative,2024,August,Charles,20616,0
Maryland,Southern Maryland Electric Cooperative,2024,August,Charles,20617,0
Maryland,Southern Maryland Electric Cooperative,2024,August,Charles,20622,0
Maryland,Southern Maryland Electric Cooperative,2024,August,Charles,20625,0
Maryland,Southern Maryland Electric Cooperative,2024,August,Charles,20632,0
Maryland,Southern Maryland Electric Cooperative,2024,August,Charles,20637,0
Maryland,Southern Maryland Electric Cooperative,2024,August,Charles,20640,0
Maryland,Southern Maryland Electric Cooperative,2024,August,Charles,20643,0
Maryland,Southern Maryland Electric Cooperative,2024,August,Charles,20645,0
Maryland,Southern Maryland Electric Cooperative,2024,August,Charles,20646,0
Maryland,Southern Maryland Electric Cooperative,2024,August,Charles,20658,0
Maryland,Southern Maryland Electric Cooperative,2024,August,Charles,20659,0
Maryland,Southern Maryland Electric Cooperative,2024,August,Charles,20661,0
Maryland,Southern Maryland Electric Cooperative,2024,August,Charles,20662,0
Maryland,Southern Maryland Electric Cooperative,2024,August,Charles,20664,0
Maryland,Southern Maryland Electric Cooperative,2024,August,Charles,20675,0
Maryland,Southern Maryland Electric Cooperative,2024,August,Charles,20677,0
Maryland,Southern Maryland Electric Cooperative,2024,August,Charles,20693,0
Maryland,Southern Maryland Electric Cooperative,2024,August,Charles,20695,0
Maryland,Southern Maryland Electric Cooperative,2024,August,Prince George's,20601,0
Maryland,Southern Maryland Electric Cooperative,2024,August,Prince George's,20607,0
Maryland,Southern Maryland Electric Cooperative,2024,August,Prince George's,20608,0
Maryland,Southern Maryland Electric Cooperative,2024,August,Prince George's,20613,0
Maryland,Southern Maryland Electric Cooperative,2024,August,Prince George's,20735,0
Maryland,Southern Maryland Electric Cooperative,2024,August,Prince George's,20744,0
Maryland,Southern Maryland Electric Cooperative,2024,August,Prince George's,20772,0
Maryland,Southern Maryland Electric Cooperative,2024,August,St. Mary's,20606,0
Maryland,Southern Maryland Electric Cooperative,2024,August,St. Mary's,20609,0
Maryland,Southern Maryland Electric Cooperative,2024,August,St. Mary's,20618,0
Maryland,Southern Maryland Electric Cooperative,2024,August,St. Mary's,20619,0
Maryland,Southern Maryland Electric Cooperative,2024,August,St. Mary's,20620,0
Maryland,Southern Maryland Electric Cooperative,2024,August,St. Mary's,20621,0
Maryland,Southern Maryland Electric Cooperative,2024,August,St. Mary's,20622,0
Maryland,Southern Maryland Electric Cooperative,2024,August,St. Mary's,20624,0
Maryland,Southern Maryland Electric Cooperative,2024,August,St. Mary's,20626,0
Maryland,Southern Maryland Electric Cooperative,2024,August,St. Mary's,20627,0
Maryland,Southern Maryland Electric Cooperative,2024,August,St. Mary's,20628,0
Maryland,Southern Maryland Electric Cooperative,2024,August,St. Mary's,20630,0
Maryland,Southern Maryland Electric Cooperative,2024,August,St. Mary's,20634,0
Maryland,Southern Maryland Electric Cooperative,2024,August,St. Mary's,20635,0
Maryland,Southern Maryland Electric Cooperative,2024,August,St. Mary's,20636,0
Maryland,Southern Maryland Electric Cooperative,2024,August,St. Mary's,20650,0
Maryland,Southern Maryland Electric Cooperative,2024,August,St. Mary's,20653,0
Maryland,Southern Maryland Electric Cooperative,2024,August,St. Mary's,20656,0
Maryland,Southern Maryland Electric Cooperative,2024,August,St. Mary's,20659,0
Maryland,Southern Maryland Electric Cooperative,2024,August,St. Mary's,20660,0
Maryland,Southern Maryland Electric Cooperative,2024,August,St. Mary's,20667,0
Maryland,Southern Maryland Electric Cooperative,2024,August,St. Mary's,20670,0
Maryland,Southern Maryland Electric Cooperative,2024,August,St. Mary's,20674,0
Maryland,Southern Maryland Electric Cooperative,2024,August,St. Mary's,20680,0
Maryland,Southern Maryland Electric Cooperative,2024,August,St. Mary's,20684,0
Maryland,Southern Maryland Electric Cooperative,2024,August,St. Mary's,20686,0
Maryland,Southern Maryland Electric Cooperative,2024,August,St. Mary's,20687,0
Maryland,Southern Maryland Electric Cooperative,2024,August,St. Mary's,20690,0
Maryland,Southern Maryland Electric Cooperative,2024,August,St. Mary's,20692,0
Maryland,The Potomac Edison Company,2021,April,Allegany,,0
Maryland,The Potomac Edison Company,2021,April,Carroll,,3
Maryland,The Potomac Edison Company,2021,April,Frederick,,8
Maryland,The Potomac Edison Company,2021,April,Garrett,,1
Maryland,The Potomac Edison Company,2021,April,Howard,,0
Maryland,The Potomac Edison Company,2021,April,Montgomery,,5
Maryland,The Potomac Edison Company,2021,April,Washington,,8
Maryland,The Potomac Edison Company,2021,May,Allegany,,0
Maryland,The Potomac Edison Company,2021,May,Carroll,,0
Maryland,The Potomac Edison Company,2021,May,Frederick,,5
Maryland,The Potomac Edison Company,2021,May,Garrett,,0
Maryland,The Potomac Edison Company,2021,May,Howard,,0
Maryland,The Potomac Edison Company,2021,May,Montgomery,,7
Maryland,The Potomac Edison Company,2021,May,Washington,,1
Maryland,The Potomac Edison Company,2021,June,Allegany,,18
Maryland,The Potomac Edison Company,2021,June,Carroll,,6
Maryland,The Potomac Edison Company,2021,June,Frederick,,13
Maryland,The Potomac Edison Company,2021,June,Garrett,,1
Maryland,The Potomac Edison Company,2021,June,Howard,,0
Maryland,The Potomac Edison Company,2021,June,Montgomery,,4
Maryland,The Potomac Edison Company,2021,June,Washington,,8
Maryland,The Potomac Edison Company,2021,July,Allegany,,16
Maryland,The Potomac Edison Company,2021,July,Carroll,,1
Maryland,The Potomac Edison Company,2021,July,Frederick,,5
Maryland,The Potomac Edison Company,2021,July,Garrett,,0
Maryland,The Potomac Edison Company,2021,July,Howard,,0
Maryland,The Potomac Edison Company,2021,July,Montgomery,,7
Maryland,The Potomac Edison Company,2021,July,Washington,,9
Maryland,The Potomac Edison Company,2021,August,Allegany,,9
Maryland,The Potomac Edison Company,2021,August,Carroll,,1
Maryland,The Potomac Edison Company,2021,August,Frederick,,11
Maryland,The Potomac Edison Company,2021,August,Garrett,,0
Maryland,The Potomac Edison Company,2021,August,Howard,,0
Maryland,The Potomac Edison Company,2021,August,Montgomery,,4
Maryland,The Potomac Edison Company,2021,August,Washington,,10
Maryland,The Potomac Edison Company,2021,October,Allegany,,7
Maryland,The Potomac Edison Company,2021,October,Carroll,,3
Maryland,The Potomac Edison Company,2021,October,Frederick,,5
Maryland,The Potomac Edison Company,2021,October,Garrett,,0
Maryland,The Potomac Edison Company,2021,October,Howard,,0
Maryland,The Potomac Edison Company,2021,October,Montgomery,,4
Maryland,The Potomac Edison Company,2021,October,Washington,,2
Maryland,The Potomac Edison Company,2021,November,Allegany,,0
Maryland,The Potomac Edison Company,2021,November,Carroll,,0
Maryland,The Potomac Edison Company,2021,November,Frederick,,0
Maryland,The Potomac Edison Company,2021,November,Garrett,,0
Maryland,The Potomac Edison Company,2021,November,Howard,,0
Maryland,The Potomac Edison Company,2021,November,Montgomery,,0
Maryland,The Potomac Edison Company,2021,November,Washington,,0
Maryland,The Potomac Edison Company,2021,December,Allegany,,1
Maryland,The Potomac Edison Company,2021,December,Carroll,,0
Maryland,The Potomac Edison Company,2021,December,Frederick,,2
Maryland,The Potomac Edison Company,2021,December,Garrett,,0
Maryland,The Potomac Edison Company,2021,December,Howard,,0
Maryland,The Potomac Edison Company,2021,December,Montgomery,,0
Maryland,The Potomac Edison Company,2021,December,Washington,,1
Maryland,The Potomac Edison Company,2022,January,Allegany,,0
Maryland,The Potomac Edison Company,2022,January,Carroll,,0
Maryland,The Potomac Edison Company,2022,January,Frederick,,0
Maryland,The Potomac Edison Company,2022,January,Garrett,,0
Maryland,The Potomac Edison Company,2022,January,Howard,,0
Maryland,The Potomac Edison Company,2022,January,Montgomery,,0
Maryland,The Potomac Edison Company,2022,January,Washington,,0
Maryland,The Potomac Edison Company,2022,February,Allegany,,0
Maryland,The Potomac Edison Company,2022,February,Carroll,,0
Maryland,The Potomac Edison Company,2022,February,Frederick,,0
Maryland,The Potomac Edison Company,2022,February,Garrett,,0
Maryland,The Potomac Edison Company,2022,February,Howard,,0
Maryland,The Potomac Edison Company,2022,February,Montgomery,,0
Maryland,The Potomac Edison Company,2022,February,Washington,,0
Maryland,The Potomac Edison Company,2022,March,Allegany,,0
Maryland,The Potomac Edison Company,2022,March,Carroll,,0
Maryland,The Potomac Edison Company,2022,March,Frederick,,0
Maryland,The Potomac Edison Company,2022,March,Garrett,,0
Maryland,The Potomac Edison Company,2022,March,Howard,,0
Maryland,The Potomac Edison Company,2022,March,Montgomery,,0
Maryland,The Potomac Edison Company,2022,March,Washington,,0
Maryland,The Potomac Edison Company,2022,April,Allegany,,12
Maryland,The Potomac Edison Company,2022,April,Carroll,,0
Maryland,The Potomac Edison Company,2022,April,Frederick,,11
Maryland,The Potomac Edison Company,2022,April,Garrett,,3
Maryland,The Potomac Edison Company,2022,April,Howard,,0
Maryland,The Potomac Edison Company,2022,April,Montgomery,,2
Maryland,The Potomac Edison Company,2022,April,Washington,,1
Maryland,The Potomac Edison Company,2022,May,Allegany,,5
Maryland,The Potomac Edison Company,2022,May,Carroll,,1
Maryland,The Potomac Edison Company,2022,May,Frederick,,8
Maryland,The Potomac Edison Company,2022,May,Garrett,,3
Maryland,The Potomac Edison Company,2022,May,Howard,,0
Maryland,The Potomac Edison Company,2022,May,Montgomery,,1
Maryland,The Potomac Edison Company,2022,May,Washington,,4
Maryland,The Potomac Edison Company,2022,June,Allegany,,16
Maryland,The Potomac Edison Company,2022,June,Carroll,,0
Maryland,The Potomac Edison Company,2022,June,Frederick,,8
Maryland,The Potomac Edison Company,2022,June,Garrett,,2
Maryland,The Potomac Edison Company,2022,June,Howard,,0
Maryland,The Potomac Edison Company,2022,June,Montgomery,,4
Maryland,The Potomac Edison Company,2022,June,Washington,,4
Maryland,The Potomac Edison Company,2022,July,Allegany,,9
Maryland,The Potomac Edison Company,2022,July,Carroll,,1
Maryland,The Potomac Edison Company,2022,July,Frederick,,10
Maryland,The Potomac Edison Company,2022,July,Garrett,,0
Maryland,The Potomac Edison Company,2022,July,Howard,,0
Maryland,The Potomac Edison Company,2022,July,Montgomery,,2
Maryland,The Potomac Edison Company,2022,July,Washington,,7
Maryland,The Potomac Edison Company,2022,August,Allegany,,7
Maryland,The Potomac Edison Company,2022,August,Carroll,,0
Maryland,The Potomac Edison Company,2022,August,Frederick,,5
Maryland,The Potomac Edison Company,2022,August,Garrett,,0
Maryland,The Potomac Edison Company,2022,August,Howard,,0
Maryland,The Potomac Edison Company,2022,August,Montgomery,,0
Maryland,The Potomac Edison Company,2022,August,Washington,,5
Maryland,The Potomac Edison Company,2022,September,Allegany,,5
Maryland,The Potomac Edison Company,2022,September,Carroll,,1
Maryland,The Potomac Edison Company,2022,September,Frederick,,11
Maryland,The Potomac Edison Company,2022,September,Garrett,,0
Maryland,The Potomac Edison Company,2022,September,Howard,,0
Maryland,The Potomac Edison Company,2022,September,Montgomery,,5
Maryland,The Potomac Edison Company,2022,September,Washington,,2
Maryland,The Potomac Edison Company,2022,October,Allegany,,17
Maryland,The Potomac Edison Company,2022,October,Carroll,,2
Maryland,The Potomac Edison Company,2022,October,Frederick,,6
Maryland,The Potomac Edison Company,2022,October,Garrett,,0
Maryland,The Potomac Edison Company,2022,October,Howard,,0
Maryland,The Potomac Edison Company,2022,October,Montgomery,,0
Maryland,The Potomac Edison Company,2022,October,Washington,,4
Maryland,The Potomac Edison Company,2022,November,Allegany,,0
Maryland,The Potomac Edison Company,2022,November,Carroll,,0
Maryland,The Potomac Edison Company,2022,November,Frederick,,0
Maryland,The Potomac Edison Company,2022,November,Garrett,,0
Maryland,The Potomac Edison Company,2022,November,Howard,,0
Maryland,The Potomac Edison Company,2022,November,Montgomery,,0
Maryland,The Potomac Edison Company,2022,November,Washington,,0
Maryland,The Potomac Edison Company,2022,December,Allegany,,0
Maryland,The Potomac Edison Company,2022,December,Carroll,,0
Maryland,The Potomac Edison Company,2022,December,Frederick,,0
Maryland,The Potomac Edison Company,2022,December,Garrett,,0
Maryland,The Potomac Edison Company,2022,December,Howard,,0
Maryland,The Potomac Edison Company,2022,December,Montgomery,,0
Maryland,The Potomac Edison Company,2022,December,Washington,,0
Maryland,The Potomac Edison Company,2023,January,Allegany,,0
Maryland,The Potomac Edison Company,2023,January,Carroll,,0
Maryland,The Potomac Edison Company,2023,January,Frederick,,0
Maryland,The Potomac Edison Company,2023,January,Garrett,,0
Maryland,The Potomac Edison Company,2023,January,Howard,,0
Maryland,The Potomac Edison Company,2023,January,Montgomery,,0
Maryland,The Potomac Edison Company,2023,January,Washington,,0
Maryland,The Potomac Edison Company,2023,February,Allegany,,0
Maryland,The Potomac Edison Company,2023,February,Carroll,,0
Maryland,The Potomac Edison Company,2023,February,Frederick,,2
Maryland,The Potomac Edison Company,2023,February,Garrett,,0
Maryland,The Potomac Edison Company,2023,February,Howard,,0
Maryland,The Potomac Edison Company,2023,February,Montgomery,,0
Maryland,The Potomac Edison Company,2023,February,Washington,,0
Maryland,The Potomac Edison Company,2023,March,Allegany,,0
Maryland,The Potomac Edison Company,2023,March,Carroll,,0
Maryland,The Potomac Edison Company,2023,March,Frederick,,0
Maryland,The Potomac Edison Company,2023,March,Garrett,,0
Maryland,The Potomac Edison Company,2023,March,Howard,,0
Maryland,The Potomac Edison Company,2023,March,Montgomery,,0
Maryland,The Potomac Edison Company,2023,March,Washington,,0
Maryland,The Potomac Edison Company,2023,April,Allegany,,123
Maryland,The Potomac Edison Company,2023,April,Carroll,,11
Maryland,The Potomac Edison Company,2023,April,Frederick,,305
Maryland,The Potomac Edison Company,2023,April,Garrett,,62
Maryland,The Potomac Edison Company,2023,April,Howard,,0
Maryland,The Potomac Edison Company,2023,April,Montgomery,,23
Maryland,The Potomac Edison Company,2023,April,Washington,,203
Maryland,The Potomac Edison Company,2023,May,Allegany,,320
Maryland,The Potomac Edison Company,2023,May,Carroll,,100
Maryland,The Potomac Edison Company,2023,May,Frederick,,433
Maryland,The Potomac Edison Company,2023,May,Garrett,,139
Maryland,The Potomac Edison Company,2023,May,Howard,,7
Maryland,The Potomac Edison Company,2023,May,Montgomery,,308
Maryland,The Potomac Edison Company,2023,May,Washington,,546
Maryland,The Potomac Edison Company,2023,June,Allegany,,260
Maryland,The Potomac Edison Company,2023,June,Carroll,,20
Maryland,The Potomac Edison Company,2023,June,Frederick,,449
Maryland,The Potomac Edison Company,2023,June,Garrett,,67
Maryland,The Potomac Edison Company,2023,June,Howard,,2
Maryland,The Potomac Edison Company,2023,June,Montgomery,,183
Maryland,The Potomac Edison Company,2023,June,Washington,,234
Maryland,The Potomac Edison Company,2023,July,Allegany,,150
Maryland,The Potomac Edison Company,2023,July,Carroll,,22
Maryland,The Potomac Edison Company,2023,July,Frederick,,335
Maryland,The Potomac Edison Company,2023,July,Garrett,,38
Maryland,The Potomac Edison Company,2023,July,Howard,,5
Maryland,The Potomac Edison Company,2023,July,Montgomery,,142
Maryland,The Potomac Edison Company,2023,July,Washington,,181
Maryland,The Potomac Edison Company,2023,August,Allegany,,178
Maryland,The Potomac Edison Company,2023,August,Carroll,,25
Maryland,The Potomac Edison Company,2023,August,Frederick,,426
Maryland,The Potomac Edison Company,2023,August,Garrett,,86
Maryland,The Potomac Edison Company,2023,August,Howard,,2
Maryland,The Potomac Edison Company,2023,August,Montgomery,,170
Maryland,The Potomac Edison Company,2023,August,Washington,,256
Maryland,The Potomac Edison Company,2023,September,Allegany,,171
Maryland,The Potomac Edison Company,2023,September,Carroll,,29
Maryland,The Potomac Edison Company,2023,September,Frederick,,244
Maryland,The Potomac Edison Company,2023,September,Garrett,,67
Maryland,The Potomac Edison Company,2023,September,Howard,,5
Maryland,The Potomac Edison Company,2023,September,Montgomery,,60
Maryland,The Potomac Edison Company,2023,September,Washington,,218
Maryland,The Potomac Edison Company,2023,October,Allegany,,193
Maryland,The Potomac Edison Company,2023,October,Carroll,,23
Maryland,The Potomac Edison Company,2023,October,Frederick,,388
Maryland,The Potomac Edison Company,2023,October,Garrett,,70
Maryland,The Potomac Edison Company,2023,October,Howard,,2
Maryland,The Potomac Edison Company,2023,October,Montgomery,,232
Maryland,The Potomac Edison Company,2023,October,Washington,,241
Maryland,The Potomac Edison Company,2023,November,Allegany,,2
Maryland,The Potomac Edison Company,2023,November,Carroll,,0
Maryland,The Potomac Edison Company,2023,November,Frederick,,2
Maryland,The Potomac Edison Company,2023,November,Garrett,,0
Maryland,The Potomac Edison Company,2023,November,Howard,,1
Maryland,The Potomac Edison Company,2023,November,Montgomery,,0
Maryland,The Potomac Edison Company,2023,November,Washington,,2
Maryland,The Potomac Edison Company,2023,December,Allegany,,0
Maryland,The Potomac Edison Company,2023,December,Carroll,,0
Maryland,The Potomac Edison Company,2023,December,Frederick,,3
Maryland,The Potomac Edison Company,2023,December,Garrett,,1
Maryland,The Potomac Edison Company,2023,December,Howard,,0
Maryland,The Potomac Edison Company,2023,December,Montgomery,,0
Maryland,The Potomac Edison Company,2023,December,Washington,,0
Maryland,The Potomac Edison Company,2024,January,Allegany,,3
Maryland,The Potomac Edison Company,2024,January,Carroll,,0
Maryland,The Potomac Edison Company,2024,January,Frederick,,7
Maryland,The Potomac Edison Company,2024,January,Garrett,,0
Maryland,The Potomac Edison Company,2024,January,Howard,,0
Maryland,The Potomac Edison Company,2024,January,Montgomery,,6
Maryland,The Potomac Edison Company,2024,January,Washington,,2
Maryland,The Potomac Edison Company,2024,February,Allegany,,6
Maryland,The Potomac Edison Company,2024,February,Carroll,,10
Maryland,The Potomac Edison Company,2024,February,Frederick,,15
Maryland,The Potomac Edison Company,2024,February,Garrett,,0
Maryland,The Potomac Edison Company,2024,February,Howard,,0
Maryland,The Potomac Edison Company,2024,February,Montgomery,,6
Maryland,The Potomac Edison Company,2024,February,Washington,,7
Maryland,The Potomac Edison Company,2024,March,Allegany,,10
Maryland,The Potomac Edison Company,2024,March,Carroll,,1
Maryland,The Potomac Edison Company,2024,March,Frederick,,16
Maryland,The Potomac Edison Company,2024,March,Garrett,,1
Maryland,The Potomac Edison Company,2024,March,Howard,,0
Maryland,The Potomac Edison Company,2024,March,Montgomery,,9
Maryland,The Potomac Edison Company,2024,March,Washington,,3
Maryland,The Potomac Edison Company,2024,April,Allegany,,218
Maryland,The Potomac Edison Company,2024,April,Carroll,,58
Maryland,The Potomac Edison Company,2024,April,Frederick,,279
Maryland,The Potomac Edison Company,2024,April,Garrett,,131
Maryland,The Potomac Edison Company,2024,April,Howard,,4
Maryland,The Potomac Edison Company,2024,April,Montgomery,,242
Maryland,The Potomac Edison Company,2024,April,Washington,,407
Maryland,The Potomac Edison Company,2024,May,Allegany,,216
Maryland,The Potomac Edison Company,2024,May,Carroll,,36
Maryland,The Potomac Edison Company,2024,May,Frederick,,385
Maryland,The Potomac Edison Company,2024,May,Garrett,,90
Maryland,The Potomac Edison Company,2024,May,Howard,,4
Maryland,The Potomac Edison Company,2024,May,Montgomery,,231
Maryland,The Potomac Edison Company,2024,May,Washington,,266
Maryland,The Potomac Edison Company,2024,June,Allegany,21501,0
Maryland,The Potomac Edison Company,2024,June,Allegany,21502,74
Maryland,The Potomac Edison Company,2024,June,Allegany,21503,0
Maryland,The Potomac Edison Company,2024,June,Allegany,21505,0
Maryland,The Potomac Edison Company,2024,June,Allegany,21520,0
Maryland,The Potomac Edison Company,2024,June,Allegany,21521,2
Maryland,The Potomac Edison Company,2024,June,Allegany,21522,0
Maryland,The Potomac Edison Company,2024,June,Allegany,21523,0
Maryland,The Potomac Edison Company,2024,June,Allegany,21524,3
Maryland,The Potomac Edison Company,2024,June,Allegany,21528,1
Maryland,The Potomac Edison Company,2024,June,Allegany,21529,0
Maryland,The Potomac Edison Company,2024,June,Allegany,21530,0
Maryland,The Potomac Edison Company,2024,June,Allegany,21531,0
Maryland,The Potomac Edison Company,2024,June,Allegany,21532,20
Maryland,The Potomac Edison Company,2024,June,Allegany,21536,0
Maryland,The Potomac Edison Company,2024,June,Allegany,21539,7
Maryland,The Potomac Edison Company,2024,June,Allegany,21540,0
Maryland,The Potomac Edison Company,2024,June,Allegany,21541,0
Maryland,The Potomac Edison Company,2024,June,Allegany,21542,0
Maryland,The Potomac Edison Company,2024,June,Allegany,21543,1
Maryland,The Potomac Edison Company,2024,June,Allegany,21545,5
Maryland,The Potomac Edison Company,2024,June,Allegany,21550,0
Maryland,The Potomac Edison Company,2024,June,Allegany,21555,4
Maryland,The Potomac Edison Company,2024,June,Allegany,21556,0
Maryland,The Potomac Edison Company,2024,June,Allegany,21557,7
Maryland,The Potomac Edison Company,2024,June,Allegany,21560,0
Maryland,The Potomac Edison Company,2024,June,Allegany,21561,0
Maryland,The Potomac Edison Company,2024,June,Allegany,21562,3
Maryland,The Potomac Edison Company,2024,June,Allegany,21713,0
Maryland,The Potomac Edison Company,2024,June,Allegany,21750,0
Maryland,The Potomac Edison Company,2024,June,Allegany,21766,0
Maryland,The Potomac Edison Company,2024,June,Allegany,25434,0
Maryland,The Potomac Edison Company,2024,June,Allegany,26726,0
Maryland,The Potomac Edison Company,2024,June,Carroll,20841,0
Maryland,The Potomac Edison Company,2024,June,Carroll,20872,0
Maryland,The Potomac Edison Company,2024,June,Carroll,21157,0
Maryland,The Potomac Edison Company,2024,June,Carroll,21158,0
Maryland,The Potomac Edison Company,2024,June,Carroll,21502,0
Maryland,The Potomac Edison Company,2024,June,Carroll,21701,0
Maryland,The Potomac Edison Company,2024,June,Carroll,21703,0
Maryland,The Potomac Edison Company,2024,June,Carroll,21710,0
Maryland,The Potomac Edison Company,2024,June,Carroll,21711,0
Maryland,The Potomac Edison Company,2024,June,Carroll,21718,0
Maryland,The Potomac Edison Company,2024,June,Carroll,21727,0
Maryland,The Potomac Edison Company,2024,June,Carroll,21754,0
Maryland,The Potomac Edison Company,2024,June,Carroll,21757,0
Maryland,The Potomac Edison Company,2024,June,Carroll,21770,0
Maryland,The Potomac Edison Company,2024,June,Carroll,21771,0
Maryland,The Potomac Edison Company,2024,June,Carroll,21774,0
Maryland,The Potomac Edison Company,2024,June,Carroll,21776,0
Maryland,The Potomac Edison Company,2024,June,Carroll,21783,0
Maryland,The Potomac Edison Company,2024,June,Carroll,21787,8
Maryland,The Potomac Edison Company,2024,June,Carroll,21790,0
Maryland,The Potomac Edison Company,2024,June,Carroll,21791,0
Maryland,The Potomac Edison Company,2024,June,Carroll,21793,0
Maryland,The Potomac Edison Company,2024,June,Carroll,21797,0
Maryland,The Potomac Edison Company,2024,June,Carroll,21798,0
Maryland,The Potomac Edison Company,2024,June,Frederick,20837,0
Maryland,The Potomac Edison Company,2024,June,Frederick,20838,0
Maryland,The Potomac Edison Company,2024,June,Frederick,20841,0
Maryland,The Potomac Edison Company,2024,June,Frederick,20842,0
Maryland,The Potomac Edison Company,2024,June,Frederick,20871,1
Maryland,The Potomac Edison Company,2024,June,Frederick,20872,0
Maryland,The Potomac Edison Company,2024,June,Frederick,20874,0
Maryland,The Potomac Edison Company,2024,June,Frederick,20876,0
Maryland,The Potomac Edison Company,2024,June,Frederick,20878,0
Maryland,The Potomac Edison Company,2024,June,Frederick,20882,0
Maryland,The Potomac Edison Company,2024,June,Frederick,21157,0
Maryland,The Potomac Edison Company,2024,June,Frederick,21701,33
Maryland,The Potomac Edison Company,2024,June,Frederick,21702,25
Maryland,The Potomac Edison Company,2024,June,Frederick,21703,21
Maryland,The Potomac Edison Company,2024,June,Frederick,21704,14
Maryland,The Potomac Edison Company,2024,June,Frederick,21710,1
Maryland,The Potomac Edison Company,2024,June,Frederick,21713,0
Maryland,The Potomac Edison Company,2024,June,Frederick,21714,1
Maryland,The Potomac Edison Company,2024,June,Frederick,21716,1
Maryland,The Potomac Edison Company,2024,June,Frederick,21717,1
Maryland,The Potomac Edison Company,2024,June,Frederick,21718,1
Maryland,The Potomac Edison Company,2024,June,Frederick,21719,0
Maryland,The Potomac Edison Company,2024,June,Frederick,21727,6
Maryland,The Potomac Edison Company,2024,June,Frederick,21740,0
Maryland,The Potomac Edison Company,2024,June,Frederick,21754,2
Maryland,The Potomac Edison Company,2024,June,Frederick,21755,0
Maryland,The Potomac Edison Company,2024,June,Frederick,21757,0
Maryland,The Potomac Edison Company,2024,June,Frederick,21758,3
Maryland,The Potomac Edison Company,2024,June,Frederick,21759,0
Maryland,The Potomac Edison Company,2024,June,Frederick,21762,0
Maryland,The Potomac Edison Company,2024,June,Frederick,21769,5
Maryland,The Potomac Edison Company,2024,June,Frederick,21770,0
Maryland,The Potomac Edison Company,2024,June,Frederick,21771,1
Maryland,The Potomac Edison Company,2024,June,Frederick,21773,5
Maryland,The Potomac Edison Company,2024,June,Frederick,21774,2
Maryland,The Potomac Edison Company,2024,June,Frederick,21775,0
Maryland,The Potomac Edison Company,2024,June,Frederick,21776,0
Maryland,The Potomac Edison Company,2024,June,Frederick,21777,0
Maryland,The Potomac Edison Company,2024,June,Frederick,21778,1
Maryland,The Potomac Edison Company,2024,June,Frederick,21779,0
Maryland,The Potomac Edison Company,2024,June,Frederick,21780,0
Maryland,The Potomac Edison Company,2024,June,Frederick,21783,0
Maryland,The Potomac Edison Company,2024,June,Frederick,21787,0
Maryland,The Potomac Edison Company,2024,June,Frederick,21788,0
Maryland,The Potomac Edison Company,2024,June,Frederick,21790,0
Maryland,The Potomac Edison Company,2024,June,Frederick,21791,1
Maryland,The Potomac Edison Company,2024,June,Frederick,21792,0
Maryland,The Potomac Edison Company,2024,June,Frederick,21793,0
Maryland,The Potomac Edison Company,2024,June,Frederick,21797,0
Maryland,The Potomac Edison Company,2024,June,Frederick,21798,0
Maryland,The Potomac Edison Company,2024,June,Garrett,21501,0
Maryland,The Potomac Edison Company,2024,June,Garrett,21502,0
Maryland,The Potomac Edison Company,2024,June,Garrett,21520,3
Maryland,The Potomac Edison Company,2024,June,Garrett,21521,0
Maryland,The Potomac Edison Company,2024,June,Garrett,21522,0
Maryland,The Potomac Edison Company,2024,June,Garrett,21523,0
Maryland,The Potomac Edison Company,2024,June,Garrett,21531,4
Maryland,The Potomac Edison Company,2024,June,Garrett,21532,5
Maryland,The Potomac Edison Company,2024,June,Garrett,21536,6
Maryland,The Potomac Edison Company,2024,June,Garrett,21538,5
Maryland,The Potomac Edison Company,2024,June,Garrett,21539,0
Maryland,The Potomac Edison Company,2024,June,Garrett,21540,0
Maryland,The Potomac Edison Company,2024,June,Garrett,21541,6
Maryland,The Potomac Edison Company,2024,June,Garrett,21542,0
Maryland,The Potomac Edison Company,2024,June,Garrett,21550,33
Maryland,The Potomac Edison Company,2024,June,Garrett,21555,0
Maryland,The Potomac Edison Company,2024,June,Garrett,21557,0
Maryland,The Potomac Edison Company,2024,June,Garrett,21561,3
Maryland,The Potomac Edison Company,2024,June,Garrett,21562,0
Maryland,The Potomac Edison Company,2024,June,Garrett,21710,0
Maryland,The Potomac Edison Company,2024,June,Garrett,21771,0
Maryland,The Potomac Edison Company,2024,June,Garrett,21783,0
Maryland,The Potomac Edison Company,2024,June,Howard,20872,0
Maryland,The Potomac Edison Company,2024,June,Howard,20882,0
Maryland,The Potomac Edison Company,2024,June,Howard,21754,0
Maryland,The Potomac Edison Company,2024,June,Howard,21757,0
Maryland,The Potomac Edison Company,2024,June,Howard,21765,0
Maryland,The Potomac Edison Company,2024,June,Howard,21769,0
Maryland,The Potomac Edison Company,2024,June,Howard,21771,2
Maryland,The Potomac Edison Company,2024,June,Howard,21774,0
Maryland,The Potomac Edison Company,2024,June,Howard,21791,0
Maryland,The Potomac Edison Company,2024,June,Howard,21797,0
Maryland,The Potomac Edison Company,2024,June,Howard,21798,0
Maryland,The Potomac Edison Company,2024,June,Montgomery,20837,5
Maryland,The Potomac Edison Company,2024,June,Montgomery,20838,0
Maryland,The Potomac Edison Company,2024,June,Montgomery,20839,0
Maryland,The Potomac Edison Company,2024,June,Montgomery,20841,1
Maryland,The Potomac Edison Company,2024,June,Montgomery,20842,0
Maryland,The Potomac Edison Company,2024,June,Montgomery,20871,35
Maryland,The Potomac Edison Company,2024,June,Montgomery,20872,15
Maryland,The Potomac Edison Company,2024,June,Montgomery,20874,67
Maryland,The Potomac Edison Company,2024,June,Montgomery,20876,12
Maryland,The Potomac Edison Company,2024,June,Montgomery,20877,0
Maryland,The Potomac Edison Company,2024,June,Montgomery,20878,0
Maryland,The Potomac Edison Company,2024,June,Montgomery,20879,0
Maryland,The Potomac Edison Company,2024,June,Montgomery,20882,6
Maryland,The Potomac Edison Company,2024,June,Montgomery,21703,0
Maryland,The Potomac Edison Company,2024,June,Montgomery,21704,0
Maryland,The Potomac Edison Company,2024,June,Montgomery,21770,0
Maryland,The Potomac Edison Company,2024,June,Montgomery,21771,1
Maryland,The Potomac Edison Company,2024,June,Montgomery,21791,0
Maryland,The Potomac Edison Company,2024,June,Montgomery,21797,0
Maryland,The Potomac Edison Company,2024,June,Roane,21532,0
Maryland,The Potomac Edison Company,2024,June,Roane,21557,1
Maryland,The Potomac Edison Company,2024,June,Washington,17214,0
Maryland,The Potomac Edison Company,2024,June,Washington,21541,0
Maryland,The Potomac Edison Company,2024,June,Washington,21702,0
Maryland,The Potomac Edison Company,2024,June,Washington,21703,0
Maryland,The Potomac Edison Company,2024,June,Washington,21704,0
Maryland,The Potomac Edison Company,2024,June,Washington,21711,0
Maryland,The Potomac Edison Company,2024,June,Washington,21713,4
Maryland,The Potomac Edison Company,2024,June,Washington,21715,0
Maryland,The Potomac Edison Company,2024,June,Washington,21719,0
Maryland,The Potomac Edison Company,2024,June,Washington,21720,0
Maryland,The Potomac Edison Company,2024,June,Washington,21721,0
Maryland,The Potomac Edison Company,2024,June,Washington,21722,2
Maryland,The Potomac Edison Company,2024,June,Washington,21727,0
Maryland,The Potomac Edison Company,2024,June,Washington,21733,2
Maryland,The Potomac Edison Company,2024,June,Washington,21734,1
Maryland,The Potomac Edison Company,2024,June,Washington,21740,62
Maryland,The Potomac Edison Company,2024,June,Washington,21741,0
Maryland,The Potomac Edison Company,2024,June,Washington,21742,54
Maryland,The Potomac Edison Company,2024,June,Washington,21746,0
Maryland,The Potomac Edison Company,2024,June,Washington,21750,7
Maryland,The Potomac Edison Company,2024,June,Washington,21756,4
Maryland,The Potomac Edison Company,2024,June,Washington,21758,2
Maryland,The Potomac Edison Company,2024,June,Washington,21767,3
Maryland,The Potomac Edison Company,2024,June,Washington,21769,0
Maryland,The Potomac Edison Company,2024,June,Washington,21771,0
Maryland,The Potomac Edison Company,2024,June,Washington,21773,0
Maryland,The Potomac Edison Company,2024,June,Washington,21777,0
Maryland,The Potomac Edison Company,2024,June,Washington,21779,0
Maryland,The Potomac Edison Company,2024,June,Washington,21779,0
Maryland,The Potomac Edison Company,2024,June,Washington,21780,0
Maryland,The Potomac Edison Company,2024,June,Washington,21781,0
Maryland,The Potomac Edison Company,2024,June,Washington,21782,5
Maryland,The Potomac Edison Company,2024,June,Washington,21783,6
Maryland,The Potomac Edison Company,2024,June,Washington,21788,0
Maryland,The Potomac Edison Company,2024,June,Washington,21795,6
Maryland,The Potomac Edison Company,2024,July,Allegany,21501,0
Maryland,The Potomac Edison Company,2024,July,Allegany,21502,35
Maryland,The Potomac Edison Company,2024,July,Allegany,21503,0
Maryland,The Potomac Edison Company,2024,July,Allegany,21505,0
Maryland,The Potomac Edison Company,2024,July,Allegany,21520,0
Maryland,The Potomac Edison Company,2024,July,Allegany,21521,3
Maryland,The Potomac Edison Company,2024,July,Allegany,21522,0
Maryland,The Potomac Edison Company,2024,July,Allegany,21523,0
Maryland,The Potomac Edison Company,2024,July,Allegany,21524,0
Maryland,The Potomac Edison Company,2024,July,Allegany,21528,0
Maryland,The Potomac Edison Company,2024,July,Allegany,21529,0
Maryland,The Potomac Edison Company,2024,July,Allegany,21530,0
Maryland,The Potomac Edison Company,2024,July,Allegany,21531,0
Maryland,The Potomac Edison Company,2024,July,Allegany,21532,4
Maryland,The Potomac Edison Company,2024,July,Allegany,21536,0
Maryland,The Potomac Edison Company,2024,July,Allegany,21539,1
Maryland,The Potomac Edison Company,2024,July,Allegany,21540,0
Maryland,The Potomac Edison Company,2024,July,Allegany,21541,0
Maryland,The Potomac Edison Company,2024,July,Allegany,21542,0
Maryland,The Potomac Edison Company,2024,July,Allegany,21543,0
Maryland,The Potomac Edison Company,2024,July,Allegany,21545,0
Maryland,The Potomac Edison Company,2024,July,Allegany,21550,0
Maryland,The Potomac Edison Company,2024,July,Allegany,21555,0
Maryland,The Potomac Edison Company,2024,July,Allegany,21556,0
Maryland,The Potomac Edison Company,2024,July,Allegany,21557,3
Maryland,The Potomac Edison Company,2024,July,Allegany,21560,0
Maryland,The Potomac Edison Company,2024,July,Allegany,21561,0
Maryland,The Potomac Edison Company,2024,July,Allegany,21562,6
Maryland,The Potomac Edison Company,2024,July,Allegany,21713,0
Maryland,The Potomac Edison Company,2024,July,Allegany,21750,0
Maryland,The Potomac Edison Company,2024,July,Allegany,21766,1
Maryland,The Potomac Edison Company,2024,July,Allegany,25434,0
Maryland,The Potomac Edison Company,2024,July,Allegany,26726,0
Maryland,The Potomac Edison Company,2024,July,Carroll,20841,0
Maryland,The Potomac Edison Company,2024,July,Carroll,20872,0
Maryland,The Potomac Edison Company,2024,July,Carroll,21157,0
Maryland,The Potomac Edison Company,2024,July,Carroll,21158,0
Maryland,The Potomac Edison Company,2024,July,Carroll,21502,0
Maryland,The Potomac Edison Company,2024,July,Carroll,21701,0
Maryland,The Potomac Edison Company,2024,July,Carroll,21703,0
Maryland,The Potomac Edison Company,2024,July,Carroll,21710,0
Maryland,The Potomac Edison Company,2024,July,Carroll,21711,0
Maryland,The Potomac Edison Company,2024,July,Carroll,21718,0
Maryland,The Potomac Edison Company,2024,July,Carroll,21727,0
Maryland,The Potomac Edison Company,2024,July,Carroll,21754,0
Maryland,The Potomac Edison Company,2024,July,Carroll,21757,0
Maryland,The Potomac Edison Company,2024,July,Carroll,21770,0
Maryland,The Potomac Edison Company,2024,July,Carroll,21771,8
Maryland,The Potomac Edison Company,2024,July,Carroll,21774,0
Maryland,The Potomac Edison Company,2024,July,Carroll,21776,7
Maryland,The Potomac Edison Company,2024,July,Carroll,21783,0
Maryland,The Potomac Edison Company,2024,July,Carroll,21787,8
Maryland,The Potomac Edison Company,2024,July,Carroll,21790,0
Maryland,The Potomac Edison Company,2024,July,Carroll,21791,7
Maryland,The Potomac Edison Company,2024,July,Carroll,21793,0
Maryland,The Potomac Edison Company,2024,July,Carroll,21797,0
Maryland,The Potomac Edison Company,2024,July,Carroll,21798,0
Maryland,The Potomac Edison Company,2024,July,Frederick,20837,0
Maryland,The Potomac Edison Company,2024,July,Frederick,20838,0
Maryland,The Potomac Edison Company,2024,July,Frederick,20841,0
Maryland,The Potomac Edison Company,2024,July,Frederick,20842,0
Maryland,The Potomac Edison Company,2024,July,Frederick,20871,0
Maryland,The Potomac Edison Company,2024,July,Frederick,20874,0
Maryland,The Potomac Edison Company,2024,July,Frederick,20876,0
Maryland,The Potomac Edison Company,2024,July,Frederick,20878,0
Maryland,The Potomac Edison Company,2024,July,Frederick,20882,0
Maryland,The Potomac Edison Company,2024,July,Frederick,21157,0
Maryland,The Potomac Edison Company,2024,July,Frederick,21701,61
Maryland,The Potomac Edison Company,2024,July,Frederick,21702,39
Maryland,The Potomac Edison Company,2024,July,Frederick,21703,22
Maryland,The Potomac Edison Company,2024,July,Frederick,21704,2
Maryland,The Potomac Edison Company,2024,July,Frederick,21710,0
Maryland,The Potomac Edison Company,2024,July,Frederick,21713,0
Maryland,The Potomac Edison Company,2024,July,Frederick,21714,0
Maryland,The Potomac Edison Company,2024,July,Frederick,21716,16
Maryland,The Potomac Edison Company,2024,July,Frederick,21717,0
Maryland,The Potomac Edison Company,2024,July,Frederick,21718,0
Maryland,The Potomac Edison Company,2024,July,Frederick,21719,0
Maryland,The Potomac Edison Company,2024,July,Frederick,21727,1
Maryland,The Potomac Edison Company,2024,July,Frederick,21740,0
Maryland,The Potomac Edison Company,2024,July,Frederick,21754,0
Maryland,The Potomac Edison Company,2024,July,Frederick,21755,0
Maryland,The Potomac Edison Company,2024,July,Frederick,21757,0
Maryland,The Potomac Edison Company,2024,July,Frederick,21758,1
Maryland,The Potomac Edison Company,2024,July,Frederick,21759,0
Maryland,The Potomac Edison Company,2024,July,Frederick,21762,0
Maryland,The Potomac Edison Company,2024,July,Frederick,21769,0
Maryland,The Potomac Edison Company,2024,July,Frederick,21770,0
Maryland,The Potomac Edison Company,2024,July,Frederick,21771,3
Maryland,The Potomac Edison Company,2024,July,Frederick,21773,0
Maryland,The Potomac Edison Company,2024,July,Frederick,21774,1
Maryland,The Potomac Edison Company,2024,July,Frederick,21775,0
Maryland,The Potomac Edison Company,2024,July,Frederick,21776,0
Maryland,The Potomac Edison Company,2024,July,Frederick,21777,0
Maryland,The Potomac Edison Company,2024,July,Frederick,21778,1
Maryland,The Potomac Edison Company,2024,July,Frederick,21779,0
Maryland,The Potomac Edison Company,2024,July,Frederick,21780,1
Maryland,The Potomac Edison Company,2024,July,Frederick,21783,0
Maryland,The Potomac Edison Company,2024,July,Frederick,21787,0
Maryland,The Potomac Edison Company,2024,July,Frederick,21788,6
Maryland,The Potomac Edison Company,2024,July,Frederick,21790,0
Maryland,The Potomac Edison Company,2024,July,Frederick,21791,2
Maryland,The Potomac Edison Company,2024,July,Frederick,21792,0
Maryland,The Potomac Edison Company,2024,July,Frederick,21793,2
Maryland,The Potomac Edison Company,2024,July,Frederick,21797,0
Maryland,The Potomac Edison Company,2024,July,Frederick,21798,1
Maryland,The Potomac Edison Company,2024,July,Garrett,21501,0
Maryland,The Potomac Edison Company,2024,July,Garrett,21502,0
Maryland,The Potomac Edison Company,2024,July,Garrett,21520,7
Maryland,The Potomac Edison Company,2024,July,Garrett,21521,0
Maryland,The Potomac Edison Company,2024,July,Garrett,21522,0
Maryland,The Potomac Edison Company,2024,July,Garrett,21523,0
Maryland,The Potomac Edison Company,2024,July,Garrett,21531,1
Maryland,The Potomac Edison Company,2024,July,Garrett,21532,0
Maryland,The Potomac Edison Company,2024,July,Garrett,21536,12
Maryland,The Potomac Edison Company,2024,July,Garrett,21538,0
Maryland,The Potomac Edison Company,2024,July,Garrett,21539,0
Maryland,The Potomac Edison Company,2024,July,Garrett,21540,0
Maryland,The Potomac Edison Company,2024,July,Garrett,21541,0
Maryland,The Potomac Edison Company,2024,July,Garrett,21542,0
Maryland,The Potomac Edison Company,2024,July,Garrett,21550,0
Maryland,The Potomac Edison Company,2024,July,Garrett,21555,0
Maryland,The Potomac Edison Company,2024,July,Garrett,21557,0
Maryland,The Potomac Edison Company,2024,July,Garrett,21561,0
Maryland,The Potomac Edison Company,2024,July,Garrett,21562,0
Maryland,The Potomac Edison Company,2024,July,Garrett,21710,0
Maryland,The Potomac Edison Company,2024,July,Garrett,21771,0
Maryland,The Potomac Edison Company,2024,July,Garrett,21783,0
Maryland,The Potomac Edison Company,2024,July,Howard,20872,0
Maryland,The Potomac Edison Company,2024,July,Howard,20882,0
Maryland,The Potomac Edison Company,2024,July,Howard,21754,0
Maryland,The Potomac Edison Company,2024,July,Howard,21757,0
Maryland,The Potomac Edison Company,2024,July,Howard,21765,0
Maryland,The Potomac Edison Company,2024,July,Howard,21769,0
Maryland,The Potomac Edison Company,2024,July,Howard,21771,0
Maryland,The Potomac Edison Company,2024,July,Howard,21774,0
Maryland,The Potomac Edison Company,2024,July,Howard,21791,0
Maryland,The Potomac Edison Company,2024,July,Howard,21797,0
Maryland,The Potomac Edison Company,2024,July,Howard,21798,0
Maryland,The Potomac Edison Company,2024,July,Montgomery,20837,0
Maryland,The Potomac Edison Company,2024,July,Montgomery,20838,0
Maryland,The Potomac Edison Company,2024,July,Montgomery,20839,0
Maryland,The Potomac Edison Company,2024,July,Montgomery,20841,3
Maryland,The Potomac Edison Company,2024,July,Montgomery,20842,0
Maryland,The Potomac Edison Company,2024,July,Montgomery,20871,16
Maryland,The Potomac Edison Company,2024,July,Montgomery,20872,9
Maryland,The Potomac Edison Company,2024,July,Montgomery,20874,21
Maryland,The Potomac Edison Company,2024,July,Montgomery,20876,17
Maryland,The Potomac Edison Company,2024,July,Montgomery,20877,0
Maryland,The Potomac Edison Company,2024,July,Montgomery,20878,0
Maryland,The Potomac Edison Company,2024,July,Montgomery,20879,0
Maryland,The Potomac Edison Company,2024,July,Montgomery,20882,0
Maryland,The Potomac Edison Company,2024,July,Montgomery,21703,0
Maryland,The Potomac Edison Company,2024,July,Montgomery,21704,0
Maryland,The Potomac Edison Company,2024,July,Montgomery,21770,0
Maryland,The Potomac Edison Company,2024,July,Montgomery,21771,0
Maryland,The Potomac Edison Company,2024,July,Montgomery,21791,0
Maryland,The Potomac Edison Company,2024,July,Montgomery,21797,0
Maryland,The Potomac Edison Company,2024,July,Roane,21532,0
Maryland,The Potomac Edison Company,2024,July,Roane,21557,0
Maryland,The Potomac Edison Company,2024,July,Washington,17214,0
Maryland,The Potomac Edison Company,2024,July,Washington,21541,0
Maryland,The Potomac Edison Company,2024,July,Washington,21702,0
Maryland,The Potomac Edison Company,2024,July,Washington,21703,0
Maryland,The Potomac Edison Company,2024,July,Washington,21704,0
Maryland,The Potomac Edison Company,2024,July,Washington,21711,0
Maryland,The Potomac Edison Company,2024,July,Washington,21713,2
Maryland,The Potomac Edison Company,2024,July,Washington,21715,0
Maryland,The Potomac Edison Company,2024,July,Washington,21719,0
Maryland,The Potomac Edison Company,2024,July,Washington,21720,0
Maryland,The Potomac Edison Company,2024,July,Washington,21721,0
Maryland,The Potomac Edison Company,2024,July,Washington,21722,1
Maryland,The Potomac Edison Company,2024,July,Washington,21727,0
Maryland,The Potomac Edison Company,2024,July,Washington,21733,1
Maryland,The Potomac Edison Company,2024,July,Washington,21734,2
Maryland,The Potomac Edison Company,2024,July,Washington,21740,32
Maryland,The Potomac Edison Company,2024,July,Washington,21741,0
Maryland,The Potomac Edison Company,2024,July,Washington,21742,21
Maryland,The Potomac Edison Company,2024,July,Washington,21746,1
Maryland,The Potomac Edison Company,2024,July,Washington,21750,0
Maryland,The Potomac Edison Company,2024,July,Washington,21756,0
Maryland,The Potomac Edison Company,2024,July,Washington,21758,1
Maryland,The Potomac Edison Company,2024,July,Washington,21767,0
Maryland,The Potomac Edison Company,2024,July,Washington,21769,0
Maryland,The Potomac Edison Company,2024,July,Washington,21771,0
Maryland,The Potomac Edison Company,2024,July,Washington,21773,0
Maryland,The Potomac Edison Company,2024,July,Washington,21777,0
Maryland,The Potomac Edison Company,2024,July,Washington,21779,0
Maryland,The Potomac Edison Company,2024,July,Washington,21780,0
Maryland,The Potomac Edison Company,2024,July,Washington,21781,0
Maryland,The Potomac Edison Company,2024,July,Washington,21782,0
Maryland,The Potomac Edison Company,2024,July,Washington,21783,1
Maryland,The Potomac Edison Company,2024,July,Washington,21788,0
Maryland,The Potomac Edison Company,2024,July,Washington,21795,4
Maryland,The Potomac Edison Company,2024,August,Allegany,21501,0
Maryland,The Potomac Edison Company,2024,August,Allegany,21502,0
Maryland,The Potomac Edison Company,2024,August,Allegany,21503,0
Maryland,The Potomac Edison Company,2024,August,Allegany,21505,0
Maryland,The Potomac Edison Company,2024,August,Allegany,21520,0
Maryland,The Potomac Edison Company,2024,August,Allegany,21521,0
Maryland,The Potomac Edison Company,2024,August,Allegany,21522,0
Maryland,The Potomac Edison Company,2024,August,Allegany,21523,0
Maryland,The Potomac Edison Company,2024,August,Allegany,21524,0
Maryland,The Potomac Edison Company,2024,August,Allegany,21528,0
Maryland,The Potomac Edison Company,2024,August,Allegany,21529,0
Maryland,The Potomac Edison Company,2024,August,Allegany,21530,0
Maryland,The Potomac Edison Company,2024,August,Allegany,21531,0
Maryland,The Potomac Edison Company,2024,August,Allegany,21532,0
Maryland,The Potomac Edison Company,2024,August,Allegany,21536,0
Maryland,The Potomac Edison Company,2024,August,Allegany,21539,0
Maryland,The Potomac Edison Company,2024,August,Allegany,21540,0
Maryland,The Potomac Edison Company,2024,August,Allegany,21541,0
Maryland,The Potomac Edison Company,2024,August,Allegany,21542,0
Maryland,The Potomac Edison Company,2024,August,Allegany,21543,0
Maryland,The Potomac Edison Company,2024,August,Allegany,21545,0
Maryland,The Potomac Edison Company,2024,August,Allegany,21550,0
Maryland,The Potomac Edison Company,2024,August,Allegany,21555,0
Maryland,The Potomac Edison Company,2024,August,Allegany,21556,0
Maryland,The Potomac Edison Company,2024,August,Allegany,21557,0
Maryland,The Potomac Edison Company,2024,August,Allegany,21560,0
Maryland,The Potomac Edison Company,2024,August,Allegany,21561,0
Maryland,The Potomac Edison Company,2024,August,Allegany,21562,0
Maryland,The Potomac Edison Company,2024,August,Allegany,21713,0
Maryland,The Potomac Edison Company,2024,August,Allegany,21750,0
Maryland,The Potomac Edison Company,2024,August,Allegany,21766,0
Maryland,The Potomac Edison Company,2024,August,Allegany,25434,0
Maryland,The Potomac Edison Company,2024,August,Allegany,26726,0
Maryland,The Potomac Edison Company,2024,August,Carroll,20841,0
Maryland,The Potomac Edison Company,2024,August,Carroll,20872,0
Maryland,The Potomac Edison Company,2024,August,Carroll,21157,0
Maryland,The Potomac Edison Company,2024,August,Carroll,21158,0
Maryland,The Potomac Edison Company,2024,August,Carroll,21502,0
Maryland,The Potomac Edison Company,2024,August,Carroll,21701,0
Maryland,The Potomac Edison Company,2024,August,Carroll,21703,0
Maryland,The Potomac Edison Company,2024,August,Carroll,21710,0
Maryland,The Potomac Edison Company,2024,August,Carroll,21711,0
Maryland,The Potomac Edison Company,2024,August,Carroll,21718,0
Maryland,The Potomac Edison Company,2024,August,Carroll,21727,0
Maryland,The Potomac Edison Company,2024,August,Carroll,21754,0
Maryland,The Potomac Edison Company,2024,August,Carroll,21757,0
Maryland,The Potomac Edison Company,2024,August,Carroll,21770,0
Maryland,The Potomac Edison Company,2024,August,Carroll,21771,0
Maryland,The Potomac Edison Company,2024,August,Carroll,21774,0
Maryland,The Potomac Edison Company,2024,August,Carroll,21776,0
Maryland,The Potomac Edison Company,2024,August,Carroll,21783,0
Maryland,The Potomac Edison Company,2024,August,Carroll,21787,0
Maryland,The Potomac Edison Company,2024,August,Carroll,21790,0
Maryland,The Potomac Edison Company,2024,August,Carroll,21791,0
Maryland,The Potomac Edison Company,2024,August,Carroll,21793,0
Maryland,The Potomac Edison Company,2024,August,Carroll,21797,0
Maryland,The Potomac Edison Company,2024,August,Carroll,21798,0
Maryland,The Potomac Edison Company,2024,August,Frederick,20837,0
Maryland,The Potomac Edison Company,2024,August,Frederick,20838,0
Maryland,The Potomac Edison Company,2024,August,Frederick,20841,0
Maryland,The Potomac Edison Company,2024,August,Frederick,20842,0
Maryland,The Potomac Edison Company,2024,August,Frederick,20871,0
Maryland,The Potomac Edison Company,2024,August,Frederick,20872,0
Maryland,The Potomac Edison Company,2024,August,Frederick,20874,0
Maryland,The Potomac Edison Company,2024,August,Frederick,20876,0
Maryland,The Potomac Edison Company,2024,August,Frederick,20878,0
Maryland,The Potomac Edison Company,2024,August,Frederick,20882,0
Maryland,The Potomac Edison Company,2024,August,Frederick,21157,0
Maryland,The Potomac Edison Company,2024,August,Frederick,21701,0
Maryland,The Potomac Edison Company,2024,August,Frederick,21702,0
Maryland,The Potomac Edison Company,2024,August,Frederick,21703,0
Maryland,The Potomac Edison Company,2024,August,Frederick,21704,0
Maryland,The Potomac Edison Company,2024,August,Frederick,21710,0
Maryland,The Potomac Edison Company,2024,August,Frederick,21713,0
Maryland,The Potomac Edison Company,2024,August,Frederick,21714,0
Maryland,The Potomac Edison Company,2024,August,Frederick,21716,0
Maryland,The Potomac Edison Company,2024,August,Frederick,21717,0
Maryland,The Potomac Edison Company,2024,August,Frederick,21718,0
Maryland,The Potomac Edison Company,2024,August,Frederick,21719,0
Maryland,The Potomac Edison Company,2024,August,Frederick,21727,0
Maryland,The Potomac Edison Company,2024,August,Frederick,21740,0
Maryland,The Potomac Edison Company,2024,August,Frederick,21754,0
Maryland,The Potomac Edison Company,2024,August,Frederick,21755,0
Maryland,The Potomac Edison Company,2024,August,Frederick,21757,0
Maryland,The Potomac Edison Company,2024,August,Frederick,21758,0
Maryland,The Potomac Edison Company,2024,August,Frederick,21759,0
Maryland,The Potomac Edison Company,2024,August,Frederick,21762,0
Maryland,The Potomac Edison Company,2024,August,Frederick,21769,0
Maryland,The Potomac Edison Company,2024,August,Frederick,21770,0
Maryland,The Potomac Edison Company,2024,August,Frederick,21771,0
Maryland,The Potomac Edison Company,2024,August,Frederick,21773,0
Maryland,The Potomac Edison Company,2024,August,Frederick,21774,0
Maryland,The Potomac Edison Company,2024,August,Frederick,21775,0
Maryland,The Potomac Edison Company,2024,August,Frederick,21776,0
Maryland,The Potomac Edison Company,2024,August,Frederick,21777,0
Maryland,The Potomac Edison Company,2024,August,Frederick,21778,0
Maryland,The Potomac Edison Company,2024,August,Frederick,21779,0
Maryland,The Potomac Edison Company,2024,August,Frederick,21780,0
Maryland,The Potomac Edison Company,2024,August,Frederick,21783,0
Maryland,The Potomac Edison Company,2024,August,Frederick,21787,0
Maryland,The Potomac Edison Company,2024,August,Frederick,21788,0
Maryland,The Potomac Edison Company,2024,August,Frederick,21790,0
Maryland,The Potomac Edison Company,2024,August,Frederick,21791,0
Maryland,The Potomac Edison Company,2024,August,Frederick,21792,0
Maryland,The Potomac Edison Company,2024,August,Frederick,21793,0
Maryland,The Potomac Edison Company,2024,August,Frederick,21797,0
Maryland,The Potomac Edison Company,2024,August,Frederick,21798,0
Maryland,The Potomac Edison Company,2024,August,Garrett,21501,0
Maryland,The Potomac Edison Company,2024,August,Garrett,21502,0
Maryland,The Potomac Edison Company,2024,August,Garrett,21520,0
Maryland,The Potomac Edison Company,2024,August,Garrett,21521,0
Maryland,The Potomac Edison Company,2024,August,Garrett,21522,0
Maryland,The Potomac Edison Company,2024,August,Garrett,21523,0
Maryland,The Potomac Edison Company,2024,August,Garrett,21531,0
Maryland,The Potomac Edison Company,2024,August,Garrett,21532,0
Maryland,The Potomac Edison Company,2024,August,Garrett,21536,0
Maryland,The Potomac Edison Company,2024,August,Garrett,21538,0
Maryland,The Potomac Edison Company,2024,August,Garrett,21539,0
Maryland,The Potomac Edison Company,2024,August,Garrett,21540,0
Maryland,The Potomac Edison Company,2024,August,Garrett,21541,0
Maryland,The Potomac Edison Company,2024,August,Garrett,21542,0
Maryland,The Potomac Edison Company,2024,August,Garrett,21550,0
Maryland,The Potomac Edison Company,2024,August,Garrett,21555,0
Maryland,The Potomac Edison Company,2024,August,Garrett,21557,0
Maryland,The Potomac Edison Company,2024,August,Garrett,21561,0
Maryland,The Potomac Edison Company,2024,August,Garrett,21562,0
Maryland,The Potomac Edison Company,2024,August,Garrett,21710,0
Maryland,The Potomac Edison Company,2024,August,Garrett,21710,0
Maryland,The Potomac Edison Company,2024,August,Garrett,21771,0
Maryland,The Potomac Edison Company,2024,August,Howard,20872,0
Maryland,The Potomac Edison Company,2024,August,Howard,20882,0
Maryland,The Potomac Edison Company,2024,August,Howard,21754,0
Maryland,The Potomac Edison Company,2024,August,Howard,21757,0
Maryland,The Potomac Edison Company,2024,August,Howard,21765,0
Maryland,The Potomac Edison Company,2024,August,Howard,21769,0
Maryland,The Potomac Edison Company,2024,August,Howard,21771,0
Maryland,The Potomac Edison Company,2024,August,Howard,21774,0
Maryland,The Potomac Edison Company,2024,August,Howard,21791,0
Maryland,The Potomac Edison Company,2024,August,Howard,21797,0
Maryland,The Potomac Edison Company,2024,August,Howard,21798,0
Maryland,The Potomac Edison Company,2024,August,Montgomery,20837,0
Maryland,The Potomac Edison Company,2024,August,Montgomery,20838,0
Maryland,The Potomac Edison Company,2024,August,Montgomery,20839,0
Maryland,The Potomac Edison Company,2024,August,Montgomery,20841,0
Maryland,The Potomac Edison Company,2024,August,Montgomery,20842,0
Maryland,The Potomac Edison Company,2024,August,Montgomery,20871,0
Maryland,The Potomac Edison Company,2024,August,Montgomery,20872,0
Maryland,The Potomac Edison Company,2024,August,Montgomery,20874,0
Maryland,The Potomac Edison Company,2024,August,Montgomery,20876,0
Maryland,The Potomac Edison Company,2024,August,Montgomery,20877,0
Maryland,The Potomac Edison Company,2024,August,Montgomery,20878,0
Maryland,The Potomac Edison Company,2024,August,Montgomery,20879,0
Maryland,The Potomac Edison Company,2024,August,Montgomery,20882,0
Maryland,The Potomac Edison Company,2024,August,Montgomery,21703,0
Maryland,The Potomac Edison Company,2024,August,Montgomery,21704,0
Maryland,The Potomac Edison Company,2024,August,Montgomery,21770,0
Maryland,The Potomac Edison Company,2024,August,Montgomery,21771,0
Maryland,The Potomac Edison Company,2024,August,Montgomery,21791,0
Maryland,The Potomac Edison Company,2024,August,Montgomery,21797,0
Maryland,The Potomac Edison Company,2024,August,Roane,21532,0
Maryland,The Potomac Edison Company,2024,August,Roane,21557,0
Maryland,The Potomac Edison Company,2024,August,Washington,17214,0
Maryland,The Potomac Edison Company,2024,August,Washington,21541,0
Maryland,The Potomac Edison Company,2024,August,Washington,21702,0
Maryland,The Potomac Edison Company,2024,August,Washington,21703,0
Maryland,The Potomac Edison Company,2024,August,Washington,21704,0
Maryland,The Potomac Edison Company,2024,August,Washington,21711,0
Maryland,The Potomac Edison Company,2024,August,Washington,21713,0
Maryland,The Potomac Edison Company,2024,August,Washington,21715,0
Maryland,The Potomac Edison Company,2024,August,Washington,21719,0
Maryland,The Potomac Edison Company,2024,August,Washington,21720,0
Maryland,The Potomac Edison Company,2024,August,Washington,21721,0
Maryland,The Potomac Edison Company,2024,August,Washington,21722,0
Maryland,The Potomac Edison Company,2024,August,Washington,21727,0
Maryland,The Potomac Edison Company,2024,August,Washington,21733,0
Maryland,The Potomac Edison Company,2024,August,Washington,21734,0
Maryland,The Potomac Edison Company,2024,August,Washington,21740,0
Maryland,The Potomac Edison Company,2024,August,Washington,21741,0
Maryland,The Potomac Edison Company,2024,August,Washington,21742,0
Maryland,The Potomac Edison Company,2024,August,Washington,21746,0
Maryland,The Potomac Edison Company,2024,August,Washington,21750,0
Maryland,The Potomac Edison Company,2024,August,Washington,21756,0
Maryland,The Potomac Edison Company,2024,August,Washington,21758,0
Maryland,The Potomac Edison Company,2024,August,Washington,21767,0
Maryland,The Potomac Edison Company,2024,August,Washington,21769,0
Maryland,The Potomac Edison Company,2024,August,Washington,21771,0
Maryland,The Potomac Edison Company,2024,August,Washington,21773,0
Maryland,The Potomac Edison Company,2024,August,Washington,21777,0
Maryland,The Potomac Edison Company,2024,August,Washington,21779,0
Maryland,The Potomac Edison Company,2024,August,Washington,21780,0
Maryland,The Potomac Edison Company,2024,August,Washington,21781,0
Maryland,The Potomac Edison Company,2024,August,Washington,21782,0
Maryland,The Potomac Edison Company,2024,August,Washington,21783,0
Maryland,The Potomac Edison Company,2024,August,Washington,21788,0
Maryland,The Potomac Edison Company,2024,August,Washington,21795,0
Maryland,Choptank Electric Cooperative,2024,May,Caroline,21629,7
Maryland,Choptank Electric Cooperative,2024,May,Caroline,21632,11
Maryland,Choptank Electric Cooperative,2024,May,Caroline,21636,3
Maryland,Choptank Electric Cooperative,2024,May,Caroline,21639,1
Maryland,Choptank Electric Cooperative,2024,May,Caroline,21640,3
Maryland,Choptank Electric Cooperative,2024,May,Caroline,21655,10
Maryland,Choptank Electric Cooperative,2024,May,Caroline,21657,1
Maryland,Choptank Electric Cooperative,2024,May,Caroline,21660,3
Maryland,Choptank Electric Cooperative,2024,May,Cecil,21912,8
Maryland,Choptank Electric Cooperative,2024,May,Cecil,21919,6
Maryland,Choptank Electric Cooperative,2024,May,Dorchester,21613,6
Maryland,Choptank Electric Cooperative,2024,May,Dorchester,21622,1
Maryland,Choptank Electric Cooperative,2024,May,Dorchester,21627,1
Maryland,Choptank Electric Cooperative,2024,May,Dorchester,21631,1
Maryland,Choptank Electric Cooperative,2024,May,Dorchester,21632,4
Maryland,Choptank Electric Cooperative,2024,May,Dorchester,21634,2
Maryland,Choptank Electric Cooperative,2024,May,Dorchester,21643,10
Maryland,Choptank Electric Cooperative,2024,May,Dorchester,21648,1
Maryland,Choptank Electric Cooperative,2024,May,Dorchester,21659,1
Maryland,Choptank Electric Cooperative,2024,May,Dorchester,21672,3
Maryland,Choptank Electric Cooperative,2024,May,Dorchester,21835,5
Maryland,Choptank Electric Cooperative,2024,May,Kent,21620,2
Maryland,Choptank Electric Cooperative,2024,May,Kent,21635,1
Maryland,Choptank Electric Cooperative,2024,May,Kent,21645,1
Maryland,Choptank Electric Cooperative,2024,May,Kent,21651,1
Maryland,Choptank Electric Cooperative,2024,May,Queen Anne's,21617,1
Maryland,Choptank Electric Cooperative,2024,May,Queen Anne's,21620,9
Maryland,Choptank Electric Cooperative,2024,May,Queen Anne's,21657,1
Maryland,Choptank Electric Cooperative,2024,May,Queen Anne's,21668,3
Maryland,Choptank Electric Cooperative,2024,May,Somerset,21817,3
Maryland,Choptank Electric Cooperative,2024,May,Somerset,21822,2
Maryland,Choptank Electric Cooperative,2024,May,Somerset,21836,2
Maryland,Choptank Electric Cooperative,2024,May,Somerset,21851,1
Maryland,Choptank Electric Cooperative,2024,May,Somerset,21853,4
Maryland,Choptank Electric Cooperative,2024,May,Talbot,21601,3
Maryland,Choptank Electric Cooperative,2024,May,Talbot,21624,1
Maryland,Choptank Electric Cooperative,2024,May,Talbot,21625,9
Maryland,Choptank Electric Cooperative,2024,May,Talbot,21657,1
Maryland,Choptank Electric Cooperative,2024,May,Talbot,21662,4
Maryland,Choptank Electric Cooperative,2024,May,Talbot,21663,9
Maryland,Choptank Electric Cooperative,2024,May,Talbot,21673,1
Maryland,Choptank Electric Cooperative,2024,May,Wicomico,21801,18
Maryland,Choptank Electric Cooperative,2024,May,Wicomico,21804,4
Maryland,Choptank Electric Cooperative,2024,May,Wicomico,21822,2
Maryland,Choptank Electric Cooperative,2024,May,Wicomico,21830,5
Maryland,Choptank Electric Cooperative,2024,May,Wicomico,21837,6
Maryland,Choptank Electric Cooperative,2024,May,Wicomico,21849,5
Maryland,Choptank Electric Cooperative,2024,May,Wicomico,21850,2
Maryland,Choptank Electric Cooperative,2024,May,Wicomico,21856,1
Maryland,Choptank Electric Cooperative,2024,May,Wicomico,21874,6
Maryland,Choptank Electric Cooperative,2024,May,Wicomico,21875,11
Maryland,Choptank Electric Cooperative,2024,May,Worcester,21811,39
Maryland,Choptank Electric Cooperative,2024,May,Worcester,21841,1
Maryland,Choptank Electric Cooperative,2024,May,Worcester,21851,7
Maryland,Choptank Electric Cooperative,2024,May,Worcester,21863,5
Maryland,Choptank Electric Cooperative,2024,May,Worcester,21872,1
Maryland,Choptank Electric Cooperative,2024,June,Caroline,21629,13
Maryland,Choptank Electric Cooperative,2024,June,Caroline,21632,5
Maryland,Choptank Electric Cooperative,2024,June,Caroline,21636,3
Maryland,Choptank Electric Cooperative,2024,June,Caroline,21639,1
Maryland,Choptank Electric Cooperative,2024,June,Caroline,21640,4
Maryland,Choptank Electric Cooperative,2024,June,Caroline,21649,2
Maryland,Choptank Electric Cooperative,2024,June,Caroline,21655,9
Maryland,Choptank Electric Cooperative,2024,June,Caroline,21660,6
Maryland,Choptank Electric Cooperative,2024,June,Cecil,21912,4
Maryland,Choptank Electric Cooperative,2024,June,Cecil,21919,7
Maryland,Choptank Electric Cooperative,2024,June,Dorchester,21613,3
Maryland,Choptank Electric Cooperative,2024,June,Dorchester,21622,2
Maryland,Choptank Electric Cooperative,2024,June,Dorchester,21626,1
Maryland,Choptank Electric Cooperative,2024,June,Dorchester,21631,2
Maryland,Choptank Electric Cooperative,2024,June,Dorchester,21632,5
Maryland,Choptank Electric Cooperative,2024,June,Dorchester,21634,4
Maryland,Choptank Electric Cooperative,2024,June,Dorchester,21643,7
Maryland,Choptank Electric Cooperative,2024,June,Dorchester,21659,4
Maryland,Choptank Electric Cooperative,2024,June,Dorchester,21669,1
Maryland,Choptank Electric Cooperative,2024,June,Dorchester,21672,2
Maryland,Choptank Electric Cooperative,2024,June,Dorchester,21675,1
Maryland,Choptank Electric Cooperative,2024,June,Dorchester,21835,2
Maryland,Choptank Electric Cooperative,2024,June,Dorchester,21869,4
Maryland,Choptank Electric Cooperative,2024,June,Kent,21620,1
Maryland,Choptank Electric Cooperative,2024,June,Kent,21635,2
Maryland,Choptank Electric Cooperative,2024,June,Kent,21651,1
Maryland,Choptank Electric Cooperative,2024,June,Kent,21678,2
Maryland,Choptank Electric Cooperative,2024,June,Queen Anne's,21617,2
Maryland,Choptank Electric Cooperative,2024,June,Queen Anne's,21620,13
Maryland,Choptank Electric Cooperative,2024,June,Queen Anne's,21651,4
Maryland,Choptank Electric Cooperative,2024,June,Queen Anne's,21657,1
Maryland,Choptank Electric Cooperative,2024,June,Queen Anne's,21668,4
Maryland,Choptank Electric Cooperative,2024,June,Somerset,21817,2
Maryland,Choptank Electric Cooperative,2024,June,Somerset,21822,8
Maryland,Choptank Electric Cooperative,2024,June,Somerset,21838,1
Maryland,Choptank Electric Cooperative,2024,June,Somerset,21851,1
Maryland,Choptank Electric Cooperative,2024,June,Somerset,21853,24
Maryland,Choptank Electric Cooperative,2024,June,Somerset,21871,2
Maryland,Choptank Electric Cooperative,2024,June,Talbot,21601,2
Maryland,Choptank Electric Cooperative,2024,June,Talbot,21663,11
Maryland,Choptank Electric Cooperative,2024,June,Talbot,21673,2
Maryland,Choptank Electric Cooperative,2024,June,Wicomico,21801,22
Maryland,Choptank Electric Cooperative,2024,June,Wicomico,21804,7
Maryland,Choptank Electric Cooperative,2024,June,Wicomico,21822,9
Maryland,Choptank Electric Cooperative,2024,June,Wicomico,21830,8
Maryland,Choptank Electric Cooperative,2024,June,Wicomico,21837,14
Maryland,Choptank Electric Cooperative,2024,June,Wicomico,21849,7
Maryland,Choptank Electric Cooperative,2024,June,Wicomico,21850,1
Maryland,Choptank Electric Cooperative,2024,June,Wicomico,21856,3
Maryland,Choptank Electric Cooperative,2024,June,Wicomico,21861,1
Maryland,Choptank Electric Cooperative,2024,June,Wicomico,21874,3
Maryland,Choptank Electric Cooperative,2024,June,Wicomico,21875,9
Maryland,Choptank Electric Cooperative,2024,June,Worcester,21804,1
Maryland,Choptank Electric Cooperative,2024,June,Worcester,21811,51
Maryland,Choptank Electric Cooperative,2024,June,Worcester,21851,7
Maryland,Choptank Electric Cooperative,2024,June,Worcester,21863,5
Maryland,Choptank Electric Cooperative,2024,July,Caroline,21629,5
Maryland,Choptank Electric Cooperative,2024,July,Caroline,21632,5
Maryland,Choptank Electric Cooperative,2024,July,Caroline,21636,3
Maryland,Choptank Electric Cooperative,2024,July,Caroline,21639,1
Maryland,Choptank Electric Cooperative,2024,July,Caroline,21640,3
Maryland,Choptank Electric Cooperative,2024,July,Caroline,21649,1
Maryland,Choptank Electric Cooperative,2024,July,Caroline,21655,7
Maryland,Choptank Electric Cooperative,2024,July,Caroline,21660,2
Maryland,Choptank Electric Cooperative,2024,July,Cecil,21912,4
Maryland,Choptank Electric Cooperative,2024,July,Cecil,21919,11
Maryland,Choptank Electric Cooperative,2024,June,Dorchester,21613,4
Maryland,Choptank Electric Cooperative,2024,July,Dorchester,21626,1
Maryland,Choptank Electric Cooperative,2024,July,Dorchester,21631,2
Maryland,Choptank Electric Cooperative,2024,July,Dorchester,21632,1
Maryland,Choptank Electric Cooperative,2024,July,Dorchester,21634,1
Maryland,Choptank Electric Cooperative,2024,July,Dorchester,21643,8
Maryland,Choptank Electric Cooperative,2024,July,Dorchester,21648,1
Maryland,Choptank Electric Cooperative,2024,July,Dorchester,21672,1
Maryland,Choptank Electric Cooperative,2024,July,Dorchester,21675,1
Maryland,Choptank Electric Cooperative,2024,July,Dorchester,21835,5
Maryland,Choptank Electric Cooperative,2024,July,Kent,21620,1
Maryland,Choptank Electric Cooperative,2024,July,Kent,21635,1
Maryland,Choptank Electric Cooperative,2024,July,Queen Anne's,21607,1
Maryland,Choptank Electric Cooperative,2024,July,Queen Anne's,21617,5
Maryland,Choptank Electric Cooperative,2024,July,Queen Anne's,21649,3
Maryland,Choptank Electric Cooperative,2024,July,Somerset,21817,1
Maryland,Choptank Electric Cooperative,2024,July,Somerset,21822,5
Maryland,Choptank Electric Cooperative,2024,July,Somerset,21851,1
Maryland,Choptank Electric Cooperative,2024,July,Somerset,21853,5
Maryland,Choptank Electric Cooperative,2024,July,Talbot,21601,4
Maryland,Choptank Electric Cooperative,2024,July,Talbot,21625,4
Maryland,Choptank Electric Cooperative,2024,July,Talbot,21657,1
Maryland,Choptank Electric Cooperative,2024,July,Talbot,21662,1
Maryland,Choptank Electric Cooperative,2024,July,Talbot,21663,5
Maryland,Choptank Electric Cooperative,2024,July,Wicomico,21801,15
Maryland,Choptank Electric Cooperative,2024,July,Wicomico,21804,10
Maryland,Choptank Electric Cooperative,2024,July,Wicomico,21822,4
Maryland,Choptank Electric Cooperative,2024,July,Wicomico,21830,3
Maryland,Choptank Electric Cooperative,2024,July,Wicomico,21837,6
Maryland,Choptank Electric Cooperative,2024,July,Wicomico,21849,7
Maryland,Choptank Electric Cooperative,2024,July,Wicomico,21850,2
Maryland,Choptank Electric Cooperative,2024,July,Wicomico,21856,1
Maryland,Choptank Electric Cooperative,2024,July,Wicomico,21874,2
Maryland,Choptank Electric Cooperative,2024,July,Wicomico,21875,6
Maryland,Choptank Electric Cooperative,2024,July,Worcester,21811,31
Maryland,Choptank Electric Cooperative,2024,July,Worcester,21851,4
Maryland,Choptank Electric Cooperative,2024,July,Worcester,21863,3
Maryland,Choptank Electric Cooperative,2024,July,Worcester,21872,1
Maryland,Choptank Electric Cooperative,2024,August,Caroline,21629,8
Maryland,Choptank Electric Cooperative,2024,August,Caroline,21632,6
Maryland,Choptank Electric Cooperative,2024,August,Caroline,21636,2
Maryland,Choptank Electric Cooperative,2024,August,Caroline,21639,1
Maryland,Choptank Electric Cooperative,2024,August,Caroline,21640,7
Maryland,Choptank Electric Cooperative,2024,August,Caroline,21649,1
Maryland,Choptank Electric Cooperative,2024,August,Caroline,21655,8
Maryland,Choptank Electric Cooperative,2024,August,Caroline,21660,2
Maryland,Choptank Electric Cooperative,2024,August,Cecil,21912,5
Maryland,Choptank Electric Cooperative,2024,August,Cecil,21919,12
Maryland,Choptank Electric Cooperative,2024,August,Dorchester,21613,2
Maryland,Choptank Electric Cooperative,2024,August,Dorchester,21627,1
Maryland,Choptank Electric Cooperative,2024,August,Dorchester,21631,1
Maryland,Choptank Electric Cooperative,2024,August,Dorchester,21632,5
Maryland,Choptank Electric Cooperative,2024,August,Dorchester,21634,1
Maryland,Choptank Electric Cooperative,2024,August,Dorchester,21643,9
Maryland,Choptank Electric Cooperative,2024,August,Dorchester,21835,3
Maryland,Choptank Electric Cooperative,2024,August,Kent,21620,1
Maryland,Choptank Electric Cooperative,2024,August,Kent,21635,2
Maryland,Choptank Electric Cooperative,2024,August,Kent,21678,2
Maryland,Choptank Electric Cooperative,2024,August,Queen Anne's,21620,8
Maryland,Choptank Electric Cooperative,2024,August,Queen Anne's,21649,1
Maryland,Choptank Electric Cooperative,2024,August,Queen Anne's,21655,1
Maryland,Choptank Electric Cooperative,2024,August,Queen Anne's,21668,2
Maryland,Choptank Electric Cooperative,2024,August,Somerset,21817,1
Maryland,Choptank Electric Cooperative,2024,August,Somerset,21822,7
Maryland,Choptank Electric Cooperative,2024,August,Somerset,21836,1
Maryland,Choptank Electric Cooperative,2024,August,Somerset,21838,2
Maryland,Choptank Electric Cooperative,2024,August,Somerset,21851,1
Maryland,Choptank Electric Cooperative,2024,August,Somerset,21853,16
Maryland,Choptank Electric Cooperative,2024,August,Somerset,21871,1
Maryland,Choptank Electric Cooperative,2024,August,Talbot,21601,6
Maryland,Choptank Electric Cooperative,2024,August,Talbot,21625,8
Maryland,Choptank Electric Cooperative,2024,August,Talbot,21662,1
Maryland,Choptank Electric Cooperative,2024,August,Talbot,21663,12
Maryland,Choptank Electric Cooperative,2024,August,Talbot,21673,2
Maryland,Choptank Electric Cooperative,2024,August,Wicomico,21801,16
Maryland,Choptank Electric Cooperative,2024,August,Wicomico,21804,4
Maryland,Choptank Electric Cooperative,2024,August,Wicomico,21822,6
Maryland,Choptank Electric Cooperative,2024,August,Wicomico,21830,5
Maryland,Choptank Electric Cooperative,2024,August,Wicomico,21837,9
Maryland,Choptank Electric Cooperative,2024,August,Wicomico,21849,5
Maryland,Choptank Electric Cooperative,2024,August,Wicomico,21850,2
Maryland,Choptank Electric Cooperative,2024,August,Wicomico,21856,1
Maryland,Choptank Electric Cooperative,2024,August,Wicomico,21874,2
Maryland,Choptank Electric Cooperative,2024,August,Wicomico,21875,9
Maryland,Choptank Electric Cooperative,2024,August,Worcester,21811,57
Maryland,Choptank Electric Cooperative,2024,August,Worcester,21841,1
Maryland,Choptank Electric Cooperative,2024,August,Worcester,21851,5
Maryland,Choptank Electric Cooperative,2024,August,Worcester,21863,4
Maryland,Choptank Electric Cooperative,2024,August,Worcester,21872,1
Maryland,Delmarva Power & Light Company,2024,May,Caroline,21629,22
Maryland,Delmarva Power & Light Company,2024,May,Caroline,21632,26
Maryland,Delmarva Power & Light Company,2024,May,Caroline,21636,2
Maryland,Delmarva Power & Light Company,2024,May,Caroline,21639,15
Maryland,Delmarva Power & Light Company,2024,May,Caroline,21640,1
Maryland,Delmarva Power & Light Company,2024,May,Caroline,21641,1
Maryland,Delmarva Power & Light Company,2024,May,Caroline,21649,5
Maryland,Delmarva Power & Light Company,2024,May,Caroline,21655,3
Maryland,Delmarva Power & Light Company,2024,May,Caroline,21660,10
Maryland,Delmarva Power & Light Company,2024,May,Cecil,21901,67
Maryland,Delmarva Power & Light Company,2024,May,Cecil,21903,14
Maryland,Delmarva Power & Light Company,2024,May,Cecil,21904,12
Maryland,Delmarva Power & Light Company,2024,May,Cecil,21911,19
Maryland,Delmarva Power & Light Company,2024,May,Cecil,21912,2
Maryland,Delmarva Power & Light Company,2024,May,Cecil,21913,5
Maryland,Delmarva Power & Light Company,2024,May,Cecil,21914,4
Maryland,Delmarva Power & Light Company,2024,May,Cecil,21915,8
Maryland,Delmarva Power & Light Company,2024,May,Cecil,21917,5
Maryland,Delmarva Power & Light Company,2024,May,Cecil,21918,8
Maryland,Delmarva Power & Light Company,2024,May,Cecil,21919,3
Maryland,Delmarva Power & Light Company,2024,May,Cecil,21920,2
Maryland,Delmarva Power & Light Company,2024,May,Cecil,21921,260
Maryland,Delmarva Power & Light Company,2024,May,Dorchester,21613,75
Maryland,Delmarva Power & Light Company,2024,May,Dorchester,21631,3
Maryland,Delmarva Power & Light Company,2024,May,Dorchester,21643,16
Maryland,Delmarva Power & Light Company,2024,May,Dorchester,21648,1
Maryland,Delmarva Power & Light Company,2024,May,Dorchester,21664,3
Maryland,Delmarva Power & Light Company,2024,May,Dorchester,21869,1
Maryland,Delmarva Power & Light Company,2024,May,Harford,21034,4
Maryland,Delmarva Power & Light Company,2024,May,Harford,21132,3
Maryland,Delmarva Power & Light Company,2024,May,Harford,21154,5
Maryland,Delmarva Power & Light Company,2024,May,Harford,21160,6
Maryland,Delmarva Power & Light Company,2024,May,Kent,21620,15
Maryland,Delmarva Power & Light Company,2024,May,Kent,21635,3
Maryland,Delmarva Power & Light Company,2024,May,Kent,21645,1
Maryland,Delmarva Power & Light Company,2024,May,Kent,21651,4
Maryland,Delmarva Power & Light Company,2024,May,Kent,21661,6
Maryland,Delmarva Power & Light Company,2024,May,Kent,21667,1
Maryland,Delmarva Power & Light Company,2024,May,Kent,21678,5
Maryland,Delmarva Power & Light Company,2024,May,Queen Anne's,21607,1
Maryland,Delmarva Power & Light Company,2024,May,Queen Anne's,21617,13
Maryland,Delmarva Power & Light Company,2024,May,Queen Anne's,21619,10
Maryland,Delmarva Power & Light Company,2024,May,Queen Anne's,21623,6
Maryland,Delmarva Power & Light Company,2024,May,Queen Anne's,21628,2
Maryland,Delmarva Power & Light Company,2024,May,Queen Anne's,21638,11
Maryland,Delmarva Power & Light Company,2024,May,Queen Anne's,21658,3
Maryland,Delmarva Power & Light Company,2024,May,Queen Anne's,21666,19
Maryland,Delmarva Power & Light Company,2024,May,Queen Anne's,21668,1
Maryland,Delmarva Power & Light Company,2024,May,Somerset,21817,20
Maryland,Delmarva Power & Light Company,2024,May,Somerset,21838,5
Maryland,Delmarva Power & Light Company,2024,May,Somerset,21853,26
Maryland,Delmarva Power & Light Company,2024,May,Talbot,21612,1
Maryland,Delmarva Power & Light Company,2024,May,Talbot,21625,1
Maryland,Delmarva Power & Light Company,2024,May,Talbot,21654,1
Maryland,Delmarva Power & Light Company,2024,May,Talbot,21665,2
Maryland,Delmarva Power & Light Company,2024,May,Talbot,21671,3
Maryland,Delmarva Power & Light Company,2024,May,Talbot,21673,2
Maryland,Delmarva Power & Light Company,2024,May,Talbot,21679,2
Maryland,Delmarva Power & Light Company,2024,May,Wicomico,21801,98
Maryland,Delmarva Power & Light Company,2024,May,Wicomico,21804,164
Maryland,Delmarva Power & Light Company,2024,May,Wicomico,21810,1
Maryland,Delmarva Power & Light Company,2024,May,Wicomico,21826,22
Maryland,Delmarva Power & Light Company,2024,May,Wicomico,21830,1
Maryland,Delmarva Power & Light Company,2024,May,Wicomico,21837,4
Maryland,Delmarva Power & Light Company,2024,May,Wicomico,21840,1
Maryland,Delmarva Power & Light Company,2024,May,Wicomico,21849,2
Maryland,Delmarva Power & Light Company,2024,May,Wicomico,21850,6
Maryland,Delmarva Power & Light Company,2024,May,Wicomico,21856,4
Maryland,Delmarva Power & Light Company,2024,May,Wicomico,21861,3
Maryland,Delmarva Power & Light Company,2024,May,Wicomico,21865,1
Maryland,Delmarva Power & Light Company,2024,May,Wicomico,21874,1
Maryland,Delmarva Power & Light Company,2024,May,Wicomico,21875,22
Maryland,Delmarva Power & Light Company,2024,May,Worcester,21811,7
Maryland,Delmarva Power & Light Company,2024,May,Worcester,21813,7
Maryland,Delmarva Power & Light Company,2024,May,Worcester,21841,3
Maryland,Delmarva Power & Light Company,2024,May,Worcester,21842,38
Maryland,Delmarva Power & Light Company,2024,May,Worcester,21851,19
Maryland,Delmarva Power & Light Company,2024,May,Worcester,21863,11
Maryland,Delmarva Power & Light Company,2024,May,Worcester,21864,2
Maryland,Delmarva Power & Light Company,2024,May,Worcester,21872,1
Maryland,Delmarva Power & Light Company,2024,June,Caroline,21629,12
Maryland,Delmarva Power & Light Company,2024,June,Caroline,21632,21
Maryland,Delmarva Power & Light Company,2024,June,Caroline,21639,14
Maryland,Delmarva Power & Light Company,2024,June,Caroline,21640,1
Maryland,Delmarva Power & Light Company,2024,June,Caroline,21641,2
Maryland,Delmarva Power & Light Company,2024,June,Caroline,21649,1
Maryland,Delmarva Power & Light Company,2024,June,Caroline,21655,2
Maryland,Delmarva Power & Light Company,2024,June,Caroline,21660,4
Maryland,Delmarva Power & Light Company,2024,June,Cecil,21901,20
Maryland,Delmarva Power & Light Company,2024,June,Cecil,21903,14
Maryland,Delmarva Power & Light Company,2024,June,Cecil,21904,6
Maryland,Delmarva Power & Light Company,2024,June,Cecil,21911,10
Maryland,Delmarva Power & Light Company,2024,June,Cecil,21913,1
Maryland,Delmarva Power & Light Company,2024,June,Cecil,21914,2
Maryland,Delmarva Power & Light Company,2024,June,Cecil,21915,4
Maryland,Delmarva Power & Light Company,2024,June,Cecil,21918,2
Maryland,Delmarva Power & Light Company,2024,June,Cecil,21920,5
Maryland,Delmarva Power & Light Company,2024,June,Cecil,21921,139
Maryland,Delmarva Power & Light Company,2024,June,Dorchester,21613,107
Maryland,Delmarva Power & Light Company,2024,June,Dorchester,21631,5
Maryland,Delmarva Power & Light Company,2024,June,Dorchester,21643,14
Maryland,Delmarva Power & Light Company,2024,June,Dorchester,21659,1
Maryland,Delmarva Power & Light Company,2024,June,Dorchester,21664,3
Maryland,Delmarva Power & Light Company,2024,June,Dorchester,21677,2
Maryland,Delmarva Power & Light Company,2024,June,Dorchester,21869,4
Maryland,Delmarva Power & Light Company,2024,June,Harford,21034,3
Maryland,Delmarva Power & Light Company,2024,June,Harford,21154,3
Maryland,Delmarva Power & Light Company,2024,June,Harford,21160,2
Maryland,Delmarva Power & Light Company,2024,June,Kent,21610,2
Maryland,Delmarva Power & Light Company,2024,June,Kent,21620,16
Maryland,Delmarva Power & Light Company,2024,June,Kent,21645,1
Maryland,Delmarva Power & Light Company,2024,June,Kent,21651,1
Maryland,Delmarva Power & Light Company,2024,June,Kent,21661,2
Maryland,Delmarva Power & Light Company,2024,June,Kent,21678,3
Maryland,Delmarva Power & Light Company,2024,June,Queen Anne's,21607,1
Maryland,Delmarva Power & Light Company,2024,June,Queen Anne's,21617,10
Maryland,Delmarva Power & Light Company,2024,June,Queen Anne's,21619,17
Maryland,Delmarva Power & Light Company,2024,June,Queen Anne's,21623,4
Maryland,Delmarva Power & Light Company,2024,June,Queen Anne's,21638,11
Maryland,Delmarva Power & Light Company,2024,June,Queen Anne's,21658,2
Maryland,Delmarva Power & Light Company,2024,June,Queen Anne's,21666,11
Maryland,Delmarva Power & Light Company,2024,June,Queen Anne's,21668,2
Maryland,Delmarva Power & Light Company,2024,June,Somerset,21817,24
Maryland,Delmarva Power & Light Company,2024,June,Somerset,21821,3
Maryland,Delmarva Power & Light Company,2024,June,Somerset,21838,1
Maryland,Delmarva Power & Light Company,2024,June,Somerset,21853,39
Maryland,Delmarva Power & Light Company,2024,June,Somerset,21871,1
Maryland,Delmarva Power & Light Company,2024,June,Talbot,21625,1
Maryland,Delmarva Power & Light Company,2024,June,Talbot,21647,1
Maryland,Delmarva Power & Light Company,2024,June,Talbot,21652,1
Maryland,Delmarva Power & Light Company,2024,June,Talbot,21665,1
Maryland,Delmarva Power & Light Company,2024,June,Talbot,21671,2
Maryland,Delmarva Power & Light Company,2024,June,Talbot,21673,7
Maryland,Delmarva Power & Light Company,2024,June,Talbot,21676,1
Maryland,Delmarva Power & Light Company,2024,June,Wicomico,21801,43
Maryland,Delmarva Power & Light Company,2024,June,Wicomico,21804,126
Maryland,Delmarva Power & Light Company,2024,June,Wicomico,21826,16
Maryland,Delmarva Power & Light Company,2024,June,Wicomico,21849,3
Maryland,Delmarva Power & Light Company,2024,June,Wicomico,21850,3
Maryland,Delmarva Power & Light Company,2024,June,Wicomico,21856,1
Maryland,Delmarva Power & Light Company,2024,June,Wicomico,21861,2
Maryland,Delmarva Power & Light Company,2024,June,Wicomico,21874,3
Maryland,Delmarva Power & Light Company,2024,June,Wicomico,21875,9
Maryland,Delmarva Power & Light Company,2024,June,Worcester,21811,1
Maryland,Delmarva Power & Light Company,2024,June,Worcester,21813,1
Maryland,Delmarva Power & Light Company,2024,June,Worcester,21829,1
Maryland,Delmarva Power & Light Company,2024,June,Worcester,21841,1
Maryland,Delmarva Power & Light Company,2024,June,Worcester,21842,35
Maryland,Delmarva Power & Light Company,2024,June,Worcester,21851,14
Maryland,Delmarva Power & Light Company,2024,June,Worcester,21863,5
Maryland,Delmarva Power & Light Company,2024,July,Caroline,21629,11
Maryland,Delmarva Power & Light Company,2024,July,Caroline,21632,19
Maryland,Delmarva Power & Light Company,2024,July,Caroline,21636,1
Maryland,Delmarva Power & Light Company,2024,July,Caroline,21639,6
Maryland,Delmarva Power & Light Company,2024,July,Caroline,21641,1
Maryland,Delmarva Power & Light Company,2024,July,Caroline,21655,4
Maryland,Delmarva Power & Light Company,2024,July,Caroline,21660,8
Maryland,Delmarva Power & Light Company,2024,July,Caroline,21670,1
Maryland,Delmarva Power & Light Company,2024,July,Cecil,21901,8
Maryland,Delmarva Power & Light Company,2024,July,Cecil,21903,4
Maryland,Delmarva Power & Light Company,2024,July,Cecil,21904,5
Maryland,Delmarva Power & Light Company,2024,July,Cecil,21911,7
Maryland,Delmarva Power & Light Company,2024,July,Cecil,21913,4
Maryland,Delmarva Power & Light Company,2024,July,Cecil,21915,5
Maryland,Delmarva Power & Light Company,2024,July,Cecil,21917,2
Maryland,Delmarva Power & Light Company,2024,July,Cecil,21918,3
Maryland,Delmarva Power & Light Company,2024,July,Cecil,21921,31
Maryland,Delmarva Power & Light Company,2024,July,Dorchester,21613,32
Maryland,Delmarva Power & Light Company,2024,July,Dorchester,21631,5
Maryland,Delmarva Power & Light Company,2024,July,Dorchester,21643,11
Maryland,Delmarva Power & Light Company,2024,July,Dorchester,21659,2
Maryland,Delmarva Power & Light Company,2024,July,Dorchester,21869,1
Maryland,Delmarva Power & Light Company,2024,July,Harford,21034,3
Maryland,Delmarva Power & Light Company,2024,July,Harford,21154,2
Maryland,Delmarva Power & Light Company,2024,July,Kent,21620,5
Maryland,Delmarva Power & Light Company,2024,July,Kent,21635,1
Maryland,Delmarva Power & Light Company,2024,July,Kent,21661,2
Maryland,Delmarva Power & Light Company,2024,July,Queen Anne's,21607,1
Maryland,Delmarva Power & Light Company,2024,July,Queen Anne's,21617,15
Maryland,Delmarva Power & Light Company,2024,July,Queen Anne's,21619,5
Maryland,Delmarva Power & Light Company,2024,July,Queen Anne's,21638,7
Maryland,Delmarva Power & Light Company,2024,July,Queen Anne's,21658,2
Maryland,Delmarva Power & Light Company,2024,July,Queen Anne's,21666,11
Maryland,Delmarva Power & Light Company,2024,July,Somerset,21817,2
Maryland,Delmarva Power & Light Company,2024,July,Somerset,21821,2
Maryland,Delmarva Power & Light Company,2024,July,Somerset,21838,1
Maryland,Delmarva Power & Light Company,2024,July,Somerset,21853,20
Maryland,Delmarva Power & Light Company,2024,July,Somerset,21867,1
Maryland,Delmarva Power & Light Company,2024,July,Talbot,21625,1
Maryland,Delmarva Power & Light Company,2024,July,Talbot,21647,2
Maryland,Delmarva Power & Light Company,2024,July,Talbot,21652,1
Maryland,Delmarva Power & Light Company,2024,July,Talbot,21665,1
Maryland,Delmarva Power & Light Company,2024,July,Talbot,21673,9
Maryland,Delmarva Power & Light Company,2024,July,Wicomico,21801,19
Maryland,Delmarva Power & Light Company,2024,July,Wicomico,21804,39
Maryland,Delmarva Power & Light Company,2024,July,Wicomico,21826,20
Maryland,Delmarva Power & Light Company,2024,July,Wicomico,21830,1
Maryland,Delmarva Power & Light Company,2024,July,Wicomico,21837,1
Maryland,Delmarva Power & Light Company,2024,July,Wicomico,21849,3
Maryland,Delmarva Power & Light Company,2024,July,Wicomico,21850,2
Maryland,Delmarva Power & Light Company,2024,July,Worcester,21811,5
Maryland,Delmarva Power & Light Company,2024,July,Worcester,21813,1
Maryland,Delmarva Power & Light Company,2024,July,Worcester,21842,15
Maryland,Delmarva Power & Light Company,2024,July,Worcester,21851,3
Maryland,Delmarva Power & Light Company,2024,July,Worcester,21863,3
Maryland,Delmarva Power & Light Company,2024,July,Worcester,21872,1
Maryland,Delmarva Power & Light Company,2024,August,Caroline,21629,11
Maryland,Delmarva Power & Light Company,2024,August,Caroline,21632,19
Maryland,Delmarva Power & Light Company,2024,August,Caroline,21636,1
Maryland,Delmarva Power & Light Company,2024,August,Caroline,21639,6
Maryland,Delmarva Power & Light Company,2024,August,Caroline,21641,1
Maryland,Delmarva Power & Light Company,2024,August,Caroline,21655,4
Maryland,Delmarva Power & Light Company,2024,August,Caroline,21660,8
Maryland,Delmarva Power & Light Company,2024,August,Caroline,21670,1
Maryland,Delmarva Power & Light Company,2024,August,Cecil,21901,8
Maryland,Delmarva Power & Light Company,2024,August,Cecil,21903,4
Maryland,Delmarva Power & Light Company,2024,August,Cecil,21904,5
Maryland,Delmarva Power & Light Company,2024,August,Cecil,21911,7
Maryland,Delmarva Power & Light Company,2024,August,Cecil,21913,4
Maryland,Delmarva Power & Light Company,2024,August,Cecil,21915,5
Maryland,Delmarva Power & Light Company,2024,August,Cecil,21917,2
Maryland,Delmarva Power & Light Company,2024,August,Cecil,21918,3
Maryland,Delmarva Power & Light Company,2024,August,Cecil,21921,31
Maryland,Delmarva Power & Light Company,2024,August,Dorchester,21613,32
Maryland,Delmarva Power & Light Company,2024,August,Dorchester,21631,5
Maryland,Delmarva Power & Light Company,2024,August,Dorchester,21643,11
Maryland,Delmarva Power & Light Company,2024,August,Dorchester,21659,2
Maryland,Delmarva Power & Light Company,2024,August,Harford,21034,4
Maryland,Delmarva Power & Light Company,2024,August,Harford,21154,2
Maryland,Delmarva Power & Light Company,2024,August,Kent,21620,5
Maryland,Delmarva Power & Light Company,2024,August,Kent,21635,1
Maryland,Delmarva Power & Light Company,2024,August,Kent,21661,2
Maryland,Delmarva Power & Light Company,2024,August,Queen Anne's,21607,1
Maryland,Delmarva Power & Light Company,2024,August,Queen Anne's,21617,15
Maryland,Delmarva Power & Light Company,2024,August,Queen Anne's,21619,5
Maryland,Delmarva Power & Light Company,2024,August,Queen Anne's,21638,7
Maryland,Delmarva Power & Light Company,2024,August,Queen Anne's,21658,2
Maryland,Delmarva Power & Light Company,2024,August,Queen Anne's,21666,11
Maryland,Delmarva Power & Light Company,2024,August,Somerset,21817,2
Maryland,Delmarva Power & Light Company,2024,August,Somerset,21821,2
Maryland,Delmarva Power & Light Company,2024,August,Somerset,21838,1
Maryland,Delmarva Power & Light Company,2024,August,Somerset,21853,20
Maryland,Delmarva Power & Light Company,2024,August,Somerset,21867,1
Maryland,Delmarva Power & Light Company,2024,August,Talbot,21625,1
Maryland,Delmarva Power & Light Company,2024,August,Talbot,21647,2
Maryland,Delmarva Power & Light Company,2024,August,Talbot,21652,1
Maryland,Delmarva Power & Light Company,2024,August,Talbot,21665,1
Maryland,Delmarva Power & Light Company,2024,August,Talbot,21673,9
Maryland,Delmarva Power & Light Company,2024,August,Wicomico,21801,16
Maryland,Delmarva Power & Light Company,2024,August,Wicomico,21804,10
Maryland,Delmarva Power & Light Company,2024,August,Wicomico,21826,10
Maryland,Delmarva Power & Light Company,2024,August,Wicomico,21849,2
Maryland,Delmarva Power & Light Company,2024,August,Worcester,21813,2
Maryland,Delmarva Power & Light Company,2024,August,Worcester,21842,15
Maryland,Delmarva Power & Light Company,2024,August,Worcester,21851,3
Maryland,Delmarva Power & Light Company,2024,August,Worcester,21863,3
Maryland,Delmarva Power & Light Company,2024,August,Worcester,21872,1
Maryland,"UGI Central Penn Gas, Inc.",2024,May,Frederick,21727,1
Maryland,"UGI Central Penn Gas, Inc.",2024,May,Frederick,21778,0
Maryland,"UGI Central Penn Gas, Inc.",2024,June,Frederick,21727,1
Maryland,"UGI Central Penn Gas, Inc.",2024,June,Frederick,21778,0
Maryland,"UGI Central Penn Gas, Inc.",2024,July,Frederick,21727,0
Maryland,"UGI Central Penn Gas, Inc.",2024,July,Frederick,21778,0
Maryland,"UGI Central Penn Gas, Inc.",2024,August,Frederick,21727,0
Maryland,"UGI Central Penn Gas, Inc.",2024,August,Frederick,21778,0
Maryland,Baltimore Gas and Electric Company,2024,May,Anne Arundel,21409,21
Maryland,Baltimore Gas and Electric Company,2024,May,Anne Arundel,21403,44
Maryland,Baltimore Gas and Electric Company,2024,May,Anne Arundel,21401,61
Maryland,Baltimore Gas and Electric Company,2024,May,Anne Arundel,21146,17
Maryland,Baltimore Gas and Electric Company,2024,May,Anne Arundel,21144,71
Maryland,Baltimore Gas and Electric Company,2024,May,Anne Arundel,21122,33
Maryland,Baltimore Gas and Electric Company,2024,May,Anne Arundel,21113,70
Maryland,Baltimore Gas and Electric Company,2024,May,Anne Arundel,21108,15
Maryland,Baltimore Gas and Electric Company,2024,May,Anne Arundel,21090,16
Maryland,Baltimore Gas and Electric Company,2024,May,Anne Arundel,21076,23
Maryland,Baltimore Gas and Electric Company,2024,May,Anne Arundel,21061,127
Maryland,Baltimore Gas and Electric Company,2024,May,Anne Arundel,21060,49
Maryland,Baltimore Gas and Electric Company,2024,May,Anne Arundel,21012,16
Maryland,Baltimore Gas and Electric Company,2024,May,Anne Arundel,20776,1
Maryland,Baltimore Gas and Electric Company,2024,May,Anne Arundel,20724,41
Maryland,Baltimore Gas and Electric Company,2024,May,Anne Arundel/Howard,20794,26
Maryland,Baltimore Gas and Electric Company,2024,May,Baltimore City,21231,36
Maryland,Baltimore Gas and Electric Company,2024,May,Baltimore City,21230,154
Maryland,Baltimore Gas and Electric Company,2024,May,Baltimore City,21226,44
Maryland,Baltimore Gas and Electric Company,2024,May,Baltimore City,21223,239
Maryland,Baltimore Gas and Electric Company,2024,May,Baltimore City,21218,214
Maryland,Baltimore Gas and Electric Company,2024,May,Baltimore City,21217,231
Maryland,Baltimore Gas and Electric Company,2024,May,Baltimore City,21216,189
Maryland,Baltimore Gas and Electric Company,2024,May,Baltimore City,21214,121
Maryland,Baltimore Gas and Electric Company,2024,May,Baltimore City,21213,186
Maryland,Baltimore Gas and Electric Company,2024,May,Baltimore City,21209,59
Maryland,Baltimore Gas and Electric Company,2024,May,Baltimore City,21206,292
Maryland,Baltimore Gas and Electric Company,2024,May,Baltimore City,21205,68
Maryland,Baltimore Gas and Electric Company,2024,May,Baltimore City,21202,125
Maryland,Baltimore Gas and Electric Company,2024,May,Baltimore City,21201,149
Maryland,Baltimore Gas and Electric Company,2024,May,Baltimore City/Anne Arundel,21225,202
Maryland,Baltimore Gas and Electric Company,2024,May,Baltimore City/Anne Arundel,21239,47
Maryland,Baltimore Gas and Electric Company,2024,May,Baltimore City/County,21237,130
Maryland,Baltimore Gas and Electric Company,2024,May,Baltimore City/County,21234,47
Maryland,Baltimore Gas and Electric Company,2024,May,Baltimore City/County,21234,183
Maryland,Baltimore Gas and Electric Company,2024,May,Baltimore City/County,21229,311
Maryland,Baltimore Gas and Electric Company,2024,May,Baltimore City/County,21227,103
Maryland,Baltimore Gas and Electric Company,2024,May,Baltimore City/County,21224,180
Maryland,Baltimore Gas and Electric Company,2024,May,Baltimore City/County,21215,387
Maryland,Baltimore Gas and Electric Company,2024,May,Baltimore City/County,21212,79
Maryland,Baltimore Gas and Electric Company,2024,May,Baltimore City/County,21207,203
Maryland,Baltimore Gas and Electric Company,2024,May,Baltimore County,21286,57
Maryland,Baltimore Gas and Electric Company,2024,May,Baltimore County,21244,219
Maryland,Baltimore Gas and Electric Company,2024,May,Baltimore County,21236,112
Maryland,Baltimore Gas and Electric Company,2024,May,Baltimore County,21228,98
Maryland,Baltimore Gas and Electric Company,2024,May,Baltimore County,21222,298
Maryland,Baltimore Gas and Electric Company,2024,May,Baltimore County,21221,159
Maryland,Baltimore Gas and Electric Company,2024,May,Baltimore County,21220,183
Maryland,Baltimore Gas and Electric Company,2024,May,Baltimore County,21219,22
Maryland,Baltimore Gas and Electric Company,2024,May,Baltimore County,21208,111
Maryland,Baltimore Gas and Electric Company,2024,May,Baltimore County,21204,14
Maryland,Baltimore Gas and Electric Company,2024,May,Baltimore County,21163,4
Maryland,Baltimore Gas and Electric Company,2024,May,Baltimore County,21155,4
Maryland,Baltimore Gas and Electric Company,2024,May,Baltimore County,21136,35
Maryland,Baltimore Gas and Electric Company,2024,May,Baltimore County,21133,31
Maryland,Baltimore Gas and Electric Company,2024,May,Baltimore County,21129,1
Maryland,Baltimore Gas and Electric Company,2024,May,Baltimore County,21117,136
Maryland,Baltimore Gas and Electric Company,2024,May,Baltimore County,21093,1
Maryland,Baltimore Gas and Electric Company,2024,May,Baltimore County,21052,1
Maryland,Baltimore Gas and Electric Company,2024,May,Baltimore County,21030,50
Maryland,Baltimore Gas and Electric Company,2024,May,Baltimore County/Carroll,21102,8
Maryland,Baltimore Gas and Electric Company,2024,May,Baltimore County/Carroll,21074,1
Maryland,Baltimore Gas and Electric Company,2024,May,Baltimore County/Harford,21085,28
Maryland,Baltimore Gas and Electric Company,2024,May,Calvert,20732,18
Maryland,Baltimore Gas and Electric Company,2024,May,Calvert,20714,7
Maryland,Baltimore Gas and Electric Company,2024,May,Calvert,21797,2
Maryland,Baltimore Gas and Electric Company,2024,May,Carroll,21797,2
Maryland,Baltimore Gas and Electric Company,2024,May,Carroll,21784,16
Maryland,Baltimore Gas and Electric Company,2024,May,Carroll,21158,1
Maryland,Baltimore Gas and Electric Company,2024,May,Carroll,21157,33
Maryland,Baltimore Gas and Electric Company,2024,May,Carroll,21088,1
Maryland,Baltimore Gas and Electric Company,2024,May,Cecil,21904,1
Maryland,Baltimore Gas and Electric Company,2024,May,Frederick/Carroll,21771,3
Maryland,Baltimore Gas and Electric Company,2024,May,Harford,21040,64
Maryland,Baltimore Gas and Electric Company,2024,May,Harford,21015,14
Maryland,Baltimore Gas and Electric Company,2024,May,Harford,21014,15
Maryland,Baltimore Gas and Electric Company,2024,May,Harford,21009,10
Maryland,Baltimore Gas and Electric Company,2024,May,Harford,21001,72
Maryland,Baltimore Gas and Electric Company,2024,May,Howard,21075,52
Maryland,Baltimore Gas and Electric Company,2024,May,Howard,21046,53
Maryland,Baltimore Gas and Electric Company,2024,May,Howard,21045,49
Maryland,Baltimore Gas and Electric Company,2024,May,Howard,21044,70
Maryland,Baltimore Gas and Electric Company,2024,May,Howard,21043,37
Maryland,Baltimore Gas and Electric Company,2024,May,Howard,21042,11
Maryland,Baltimore Gas and Electric Company,2024,May,Howard,20777,1
Maryland,Baltimore Gas and Electric Company,2024,May,Howard,20723,29
Maryland,Baltimore Gas and Electric Company,2024,May,Montgomery,20904,24
Maryland,Baltimore Gas and Electric Company,2024,May,Montgomery,20866,19
Maryland,Baltimore Gas and Electric Company,2024,May,Montgomery,20861,1
Maryland,Baltimore Gas and Electric Company,2024,May,Prince George's,20785,66
Maryland,Baltimore Gas and Electric Company,2024,May,Prince George's,20721,21
Maryland,Baltimore Gas and Electric Company,2024,May,Prince George's,20720,29
Maryland,Baltimore Gas and Electric Company,2024,May,Prince George's,20716,77
Maryland,Baltimore Gas and Electric Company,2024,May,Prince George's,20715,41
Maryland,Baltimore Gas and Electric Company,2024,May,Prince George's,20708,80
Maryland,Baltimore Gas and Electric Company,2024,May,Prince George's,20707,90
Maryland,Baltimore Gas and Electric Company,2024,May,Prince George's,20706,176
Maryland,Baltimore Gas and Electric Company,2024,June,Anne Arundel,20711,35
Maryland,Baltimore Gas and Electric Company,2024,June,Anne Arundel,20724,66
Maryland,Baltimore Gas and Electric Company,2024,June,Anne Arundel,20733,7
Maryland,Baltimore Gas and Electric Company,2024,June,Anne Arundel,20751,7
Maryland,Baltimore Gas and Electric Company,2024,June,Anne Arundel,20764,7
Maryland,Baltimore Gas and Electric Company,2024,June,Anne Arundel,20778,3
Maryland,Baltimore Gas and Electric Company,2024,June,Anne Arundel,21032,8
Maryland,Baltimore Gas and Electric Company,2024,June,Anne Arundel,21035,8
Maryland,Baltimore Gas and Electric Company,2024,June,Anne Arundel,21037,25
Maryland,Baltimore Gas and Electric Company,2024,June,Anne Arundel,21054,1
Maryland,Baltimore Gas and Electric Company,2024,June,Anne Arundel,21060,59
Maryland,Baltimore Gas and Electric Company,2024,June,Anne Arundel,21061,109
Maryland,Baltimore Gas and Electric Company,2024,June,Anne Arundel,21076,1
Maryland,Baltimore Gas and Electric Company,2024,June,Anne Arundel,21090,28
Maryland,Baltimore Gas and Electric Company,2024,June,Anne Arundel,21108,19
Maryland,Baltimore Gas and Electric Company,2024,June,Anne Arundel,21113,39
Maryland,Baltimore Gas and Electric Company,2024,June,Anne Arundel,21114,38
Maryland,Baltimore Gas and Electric Company,2024,June,Anne Arundel,21122,8
Maryland,Baltimore Gas and Electric Company,2024,June,Anne Arundel,21140,3
Maryland,Baltimore Gas and Electric Company,2024,June,Anne Arundel,21401,45
Maryland,Baltimore Gas and Electric Company,2024,June,Anne Arundel,21403,46
Maryland,Baltimore Gas and Electric Company,2024,June,Anne Arundel/Calvert,20754,2
Maryland,Baltimore Gas and Electric Company,2024,June,Baltimore City,21202,1
Maryland,Baltimore Gas and Electric Company,2024,June,Baltimore City,21205,65
Maryland,Baltimore Gas and Electric Company,2024,June,Baltimore City,21206,190
Maryland,Baltimore Gas and Electric Company,2024,June,Baltimore City,21209,22
Maryland,Baltimore Gas and Electric Company,2024,June,Baltimore City,21211,2
Maryland,Baltimore Gas and Electric Company,2024,June,Baltimore City,21213,166
Maryland,Baltimore Gas and Electric Company,2024,June,Baltimore City,21214,31
Maryland,Baltimore Gas and Electric Company,2024,June,Baltimore City,21216,151
Maryland,Baltimore Gas and Electric Company,2024,June,Baltimore City,21217,123
Maryland,Baltimore Gas and Electric Company,2024,June,Baltimore City,21218,227
Maryland,Baltimore Gas and Electric Company,2024,June,Baltimore City,21223,107
Maryland,Baltimore Gas and Electric Company,2024,June,Baltimore City,21226,12
Maryland,Baltimore Gas and Electric Company,2024,June,Baltimore City,21230,81
Maryland,Baltimore Gas and Electric Company,2024,June,Baltimore City/Anne Arundel,21225,126
Maryland,Baltimore Gas and Electric Company,2024,June,Baltimore City/County,21207,177
Maryland,Baltimore Gas and Electric Company,2024,June,Baltimore City/County,21212,67
Maryland,Baltimore Gas and Electric Company,2024,June,Baltimore City/County,21215,201
Maryland,Baltimore Gas and Electric Company,2024,June,Baltimore City/County,21224,107
Maryland,Baltimore Gas and Electric Company,2024,June,Baltimore City/County,21227,130
Maryland,Baltimore Gas and Electric Company,2024,June,Baltimore City/County,21229,123
Maryland,Baltimore Gas and Electric Company,2024,June,Baltimore City/County,21234,218
Maryland,Baltimore Gas and Electric Company,2024,June,Baltimore City/County,21237,12
Maryland,Baltimore Gas and Electric Company,2024,June,Baltimore City/County,21239,133
Maryland,Baltimore Gas and Electric Company,2024,June,Baltimore County,21051,1
Maryland,Baltimore Gas and Electric Company,2024,June,Baltimore County,21053,5
Maryland,Baltimore Gas and Electric Company,2024,June,Baltimore County,21087,3
Maryland,Baltimore Gas and Electric Company,2024,June,Baltimore County,21117,286
Maryland,Baltimore Gas and Electric Company,2024,June,Baltimore County,21128,19
Maryland,Baltimore Gas and Electric Company,2024,June,Baltimore County,21133,149
Maryland,Baltimore Gas and Electric Company,2024,June,Baltimore County,21136,99
Maryland,Baltimore Gas and Electric Company,2024,June,Baltimore County,21155,2
Maryland,Baltimore Gas and Electric Company,2024,June,Baltimore County,21162,10
Maryland,Baltimore Gas and Electric Company,2024,June,Baltimore County,21204,1
Maryland,Baltimore Gas and Electric Company,2024,June,Baltimore County,21208,82
Maryland,Baltimore Gas and Electric Company,2024,June,Baltimore County,21220,44
Maryland,Baltimore Gas and Electric Company,2024,June,Baltimore County,21221,94
Maryland,Baltimore Gas and Electric Company,2024,June,Baltimore County,21222,98
Maryland,Baltimore Gas and Electric Company,2024,June,Baltimore County,21228,57
Maryland,Baltimore Gas and Electric Company,2024,June,Baltimore County,21236,54
Maryland,Baltimore Gas and Electric Company,2024,June,Baltimore County,21244,183
Maryland,Baltimore Gas and Electric Company,2024,June,Baltimore County/Carroll,21074,15
Maryland,Baltimore Gas and Electric Company,2024,June,Baltimore County/Carroll,21102,6
Maryland,Baltimore Gas and Electric Company,2024,June,Baltimore County/Harford,21013,1
Maryland,Baltimore Gas and Electric Company,2024,June,Baltimore County/Harford,21085,22
Maryland,Baltimore Gas and Electric Company,2024,June,Baltimore County/Harford,21161,7
Maryland,Baltimore Gas and Electric Company,2024,June,Calvert,20714,14
Maryland,Baltimore Gas and Electric Company,2024,June,Calvert,20732,25
Maryland,Baltimore Gas and Electric Company,2024,June,Calvert,20736,6
Maryland,Baltimore Gas and Electric Company,2024,June,Carroll,21157,28
Maryland,Baltimore Gas and Electric Company,2024,June,Carroll,21158,1
Maryland,Baltimore Gas and Electric Company,2024,June,Carroll,21784,2
Maryland,Baltimore Gas and Electric Company,2024,June,Harford,21001,118
Maryland,Baltimore Gas and Electric Company,2024,June,Harford,21009,54
Maryland,Baltimore Gas and Electric Company,2024,June,Harford,21014,26
Maryland,Baltimore Gas and Electric Company,2024,June,Harford,21015,22
Maryland,Baltimore Gas and Electric Company,2024,June,Harford,21017,29
Maryland,Baltimore Gas and Electric Company,2024,June,Harford,21028,1
Maryland,Baltimore Gas and Electric Company,2024,June,Harford,21040,113
Maryland,Baltimore Gas and Electric Company,2024,June,Harford,21047,3
Maryland,Baltimore Gas and Electric Company,2024,June,Harford,21050,11
Maryland,Baltimore Gas and Electric Company,2024,June,Harford,21078,51
Maryland,Baltimore Gas and Electric Company,2024,June,Harford,21084,7
Maryland,Baltimore Gas and Electric Company,2024,June,Harford,21130,3
Maryland,Baltimore Gas and Electric Company,2024,June,Harford,21132,1
Maryland,Baltimore Gas and Electric Company,2024,June,Howard,20723,68
Maryland,Baltimore Gas and Electric Company,2024,June,Howard,20759,3
Maryland,Baltimore Gas and Electric Company,2024,June,Howard,20763,1
Maryland,Baltimore Gas and Electric Company,2024,June,Howard,20777,2
Maryland,Baltimore Gas and Electric Company,2024,June,Howard,21029,4
Maryland,Baltimore Gas and Electric Company,2024,June,Howard,21036,1
Maryland,Baltimore Gas and Electric Company,2024,June,Howard,21043,29
Maryland,Baltimore Gas and Electric Company,2024,June,Howard,21044,12
Maryland,Baltimore Gas and Electric Company,2024,June,Howard,21045,13
Maryland,Baltimore Gas and Electric Company,2024,June,Howard,21075,46
Maryland,Baltimore Gas and Electric Company,2024,June,Howard,21738,2
Maryland,Baltimore Gas and Electric Company,2024,June,Montgomery,20833,2
Maryland,Baltimore Gas and Electric Company,2024,June,Montgomery,20904,13
Maryland,Baltimore Gas and Electric Company,2024,June,Prince George's,20706,60
Maryland,Baltimore Gas and Electric Company,2024,June,Prince George's,20707,116
Maryland,Baltimore Gas and Electric Company,2024,June,Prince George's,20708,95
Maryland,Baltimore Gas and Electric Company,2024,June,Prince George's,20716,48
Maryland,Baltimore Gas and Electric Company,2024,June,Prince George's,20720,22
Maryland,Baltimore Gas and Electric Company,2024,June,Prince George's,20721,25
Maryland,Baltimore Gas and Electric Company,2024,June,Prince George's,20770,9
Maryland,Baltimore Gas and Electric Company,2024,June,Prince George's,20774,1
Maryland,Baltimore Gas and Electric Company,2024,June,Prince George's,20785,48
Maryland,Baltimore Gas and Electric Company,2024,July,Anne Arundel,21012,17
Maryland,Baltimore Gas and Electric Company,2024,July,Anne Arundel,21060,71
Maryland,Baltimore Gas and Electric Company,2024,July,Anne Arundel,21061,125
Maryland,Baltimore Gas and Electric Company,2024,July,Anne Arundel,21113,1
Maryland,Baltimore Gas and Electric Company,2024,July,Anne Arundel,21122,45
Maryland,Baltimore Gas and Electric Company,2024,July,Anne Arundel,21144,55
Maryland,Baltimore Gas and Electric Company,2024,July,Anne Arundel,21146,10
Maryland,Baltimore Gas and Electric Company,2024,July,Anne Arundel/Howard,20794,1
Maryland,Baltimore Gas and Electric Company,2024,July,Baltimore City,21213,1
Maryland,Baltimore Gas and Electric Company,2024,July,Baltimore City,21216,49
Maryland,Baltimore Gas and Electric Company,2024,July,Baltimore City,21217,110
Maryland,Baltimore Gas and Electric Company,2024,July,Baltimore City,21223,92
Maryland,Baltimore Gas and Electric Company,2024,July,Baltimore City,21226,1
Maryland,Baltimore Gas and Electric Company,2024,July,Baltimore City/Anne Arundel,21225,17
Maryland,Baltimore Gas and Electric Company,2024,July,Baltimore City/County,21207,62
Maryland,Baltimore Gas and Electric Company,2024,July,Baltimore City/County,21215,85
Maryland,Baltimore Gas and Electric Company,2024,July,Baltimore City/County,21224,15
Maryland,Baltimore Gas and Electric Company,2024,July,Baltimore City/County,21227,33
Maryland,Baltimore Gas and Electric Company,2024,July,Baltimore City/County,21229,167
Maryland,Baltimore Gas and Electric Company,2024,July,Baltimore City/County,21234,46
Maryland,Baltimore Gas and Electric Company,2024,July,Baltimore County,21030,58
Maryland,Baltimore Gas and Electric Company,2024,July,Baltimore County,21087,1
Maryland,Baltimore Gas and Electric Company,2024,July,Baltimore County,21117,61
Maryland,Baltimore Gas and Electric Company,2024,July,Baltimore County,21204,2
Maryland,Baltimore Gas and Electric Company,2024,July,Baltimore County,21208,7
Maryland,Baltimore Gas and Electric Company,2024,July,Baltimore County,21220,5
Maryland,Baltimore Gas and Electric Company,2024,July,Baltimore County,21221,2
Maryland,Baltimore Gas and Electric Company,2024,July,Baltimore County,21222,5
Maryland,Baltimore Gas and Electric Company,2024,July,Baltimore County,21128,17
Maryland,Baltimore Gas and Electric Company,2024,July,Baltimore County,21133,1
Maryland,Baltimore Gas and Electric Company,2024,July,Baltimore County,21136,13
Maryland,Baltimore Gas and Electric Company,2024,July,Baltimore County,21162,1
Maryland,Baltimore Gas and Electric Company,2024,July,Baltimore County,21204,48
Maryland,Baltimore Gas and Electric Company,2024,July,Baltimore County,21208,49
Maryland,Baltimore Gas and Electric Company,2024,July,Baltimore County,21220,17
Maryland,Baltimore Gas and Electric Company,2024,July,Baltimore County,21221,8
Maryland,Baltimore Gas and Electric Company,2024,July,Baltimore County,21222,20
Maryland,Baltimore Gas and Electric Company,2024,July,Baltimore County,21236,64
Maryland,Baltimore Gas and Electric Company,2024,July,Baltimore County,21244,40
Maryland,Baltimore Gas and Electric Company,2024,July,Baltimore County,21286,29
Maryland,Baltimore Gas and Electric Company,2024,July,Baltimore County/Harford,21085,10
Maryland,Baltimore Gas and Electric Company,2024,July,Calvert,20732,5
Maryland,Baltimore Gas and Electric Company,2024,July,Carroll,21157,1
Maryland,Baltimore Gas and Electric Company,2024,July,Harford,21001,35
Maryland,Baltimore Gas and Electric Company,2024,July,Harford,21009,22
Maryland,Baltimore Gas and Electric Company,2024,July,Harford,21014,10
Maryland,Baltimore Gas and Electric Company,2024,July,Harford,21015,22
Maryland,Baltimore Gas and Electric Company,2024,July,Harford,21017,10
Maryland,Baltimore Gas and Electric Company,2024,July,Harford,21028,1
Maryland,Baltimore Gas and Electric Company,2024,July,Harford,21040,28
Maryland,Baltimore Gas and Electric Company,2024,July,Harford,21047,2
Maryland,Baltimore Gas and Electric Company,2024,July,Harford,21050,4
Maryland,Baltimore Gas and Electric Company,2024,July,Harford,21078,16
Maryland,Baltimore Gas and Electric Company,2024,July,Harford,21084,1
Maryland,Baltimore Gas and Electric Company,2024,July,Harford,21130,1
Maryland,Baltimore Gas and Electric Company,2024,July,Howard,21042,19
Maryland,Baltimore Gas and Electric Company,2024,July,Howard,21043,39
Maryland,Baltimore Gas and Electric Company,2024,July,Howard,21044,1
Maryland,"Pepco Holdings, Inc.",2024,May,Montgomery,20814,15
Maryland,"Pepco Holdings, Inc.",2024,May,Montgomery,20815,10
Maryland,"Pepco Holdings, Inc.",2024,May,Montgomery,20816,8
Maryland,"Pepco Holdings, Inc.",2024,May,Montgomery,20817,9
Maryland,"Pepco Holdings, Inc.",2024,May,Montgomery,20850,141
Maryland,"Pepco Holdings, Inc.",2024,May,Montgomery,20851,22
Maryland,"Pepco Holdings, Inc.",2024,May,Montgomery,20852,10
Maryland,"Pepco Holdings, Inc.",2024,May,Montgomery,20853,22
Maryland,"Pepco Holdings, Inc.",2024,May,Montgomery,20854,8
Maryland,"Pepco Holdings, Inc.",2024,May,Montgomery,20855,25
Maryland,"Pepco Holdings, Inc.",2024,May,Montgomery,20874,145
Maryland,"Pepco Holdings, Inc.",2024,May,Montgomery,20876,26
Maryland,"Pepco Holdings, Inc.",2024,May,Montgomery,20877,95
Maryland,"Pepco Holdings, Inc.",2024,May,Montgomery,20878,58
Maryland,"Pepco Holdings, Inc.",2024,May,Montgomery,20879,72
Maryland,"Pepco Holdings, Inc.",2024,May,Montgomery,20882,3
Maryland,"Pepco Holdings, Inc.",2024,May,Montgomery,20886,80
Maryland,"Pepco Holdings, Inc.",2024,May,Montgomery,20901,34
Maryland,"Pepco Holdings, Inc.",2024,May,Montgomery,20902,34
Maryland,"Pepco Holdings, Inc.",2024,May,Montgomery,20903,66
Maryland,"Pepco Holdings, Inc.",2024,May,Montgomery,20904,75
Maryland,"Pepco Holdings, Inc.",2024,May,Montgomery,20905,25
Maryland,"Pepco Holdings, Inc.",2024,May,Montgomery,20906,99
Maryland,"Pepco Holdings, Inc.",2024,May,Montgomery,20910,69
Maryland,"Pepco Holdings, Inc.",2024,May,Montgomery,20912,46
Maryland,"Pepco Holdings, Inc.",2024,May,Prince George's,20613,3
Maryland,"Pepco Holdings, Inc.",2024,May,Prince George's,20623,5
Maryland,"Pepco Holdings, Inc.",2024,May,Prince George's,20705,44
Maryland,"Pepco Holdings, Inc.",2024,May,Prince George's,20706,1
Maryland,"Pepco Holdings, Inc.",2024,May,Prince George's,20710,3
Maryland,"Pepco Holdings, Inc.",2024,May,Prince George's,20712,15
Maryland,"Pepco Holdings, Inc.",2024,May,Prince George's,20721,19
Maryland,"Pepco Holdings, Inc.",2024,May,Prince George's,20722,16
Maryland,"Pepco Holdings, Inc.",2024,May,Prince George's,20735,103
Maryland,"Pepco Holdings, Inc.",2024,May,Prince George's,20737,31
Maryland,"Pepco Holdings, Inc.",2024,May,Prince George's,20740,10
Maryland,"Pepco Holdings, Inc.",2024,May,Prince George's,20743,74
Maryland,"Pepco Holdings, Inc.",2024,May,Prince George's,20744,99
Maryland,"Pepco Holdings, Inc.",2024,May,Prince George's,20745,118
Maryland,"Pepco Holdings, Inc.",2024,May,Prince George's,20746,172
Maryland,"Pepco Holdings, Inc.",2024,May,Prince George's,20747,202
Maryland,"Pepco Holdings, Inc.",2024,May,Prince George's,20748,89
Maryland,"Pepco Holdings, Inc.",2024,May,Prince George's,20770,25
Maryland,"Pepco Holdings, Inc.",2024,May,Prince George's,20772,68
Maryland,"Pepco Holdings, Inc.",2024,May,Prince George's,20774,77
Maryland,"Pepco Holdings, Inc.",2024,May,Prince George's,20781,4
Maryland,"Pepco Holdings, Inc.",2024,May,Prince George's,20782,40
Maryland,"Pepco Holdings, Inc.",2024,May,Prince George's,20783,26
Maryland,"Pepco Holdings, Inc.",2024,May,Prince George's,20784,24
Maryland,"Pepco Holdings, Inc.",2024,May,Prince George's,20785,95
Maryland,"Pepco Holdings, Inc.",2024,June,Montgomery,20814,34
Maryland,"Pepco Holdings, Inc.",2024,June,Montgomery,20815,20
Maryland,"Pepco Holdings, Inc.",2024,June,Montgomery,20816,5
Maryland,"Pepco Holdings, Inc.",2024,June,Montgomery,20817,7
Maryland,"Pepco Holdings, Inc.",2024,June,Montgomery,20850,105
Maryland,"Pepco Holdings, Inc.",2024,June,Montgomery,20851,6
Maryland,"Pepco Holdings, Inc.",2024,June,Montgomery,20852,34
Maryland,"Pepco Holdings, Inc.",2024,June,Montgomery,20853,22
Maryland,"Pepco Holdings, Inc.",2024,June,Montgomery,20854,22
Maryland,"Pepco Holdings, Inc.",2024,June,Montgomery,20855,7
Maryland,"Pepco Holdings, Inc.",2024,June,Montgomery,20874,72
Maryland,"Pepco Holdings, Inc.",2024,June,Montgomery,20876,7
Maryland,"Pepco Holdings, Inc.",2024,June,Montgomery,20877,47
Maryland,"Pepco Holdings, Inc.",2024,June,Montgomery,20878,39
Maryland,"Pepco Holdings, Inc.",2024,June,Montgomery,20879,43
Maryland,"Pepco Holdings, Inc.",2024,June,Montgomery,20886,86
Maryland,"Pepco Holdings, Inc.",2024,June,Montgomery,20895,23
Maryland,"Pepco Holdings, Inc.",2024,June,Montgomery,20896,1
Maryland,"Pepco Holdings, Inc.",2024,June,Montgomery,20901,32
Maryland,"Pepco Holdings, Inc.",2024,June,Montgomery,20902,45
Maryland,"Pepco Holdings, Inc.",2024,June,Montgomery,20903,60
Maryland,"Pepco Holdings, Inc.",2024,June,Montgomery,20904,78
Maryland,"Pepco Holdings, Inc.",2024,June,Montgomery,20905,14
Maryland,"Pepco Holdings, Inc.",2024,June,Montgomery,20906,49
Maryland,"Pepco Holdings, Inc.",2024,June,Montgomery,20910,107
Maryland,"Pepco Holdings, Inc.",2024,June,Montgomery,20912,62
Maryland,"Pepco Holdings, Inc.",2024,June,Prince George's,20705,37
Maryland,"Pepco Holdings, Inc.",2024,June,Prince George's,20710,25
Maryland,"Pepco Holdings, Inc.",2024,June,Prince George's,20712,73
Maryland,"Pepco Holdings, Inc.",2024,June,Prince George's,20721,47
Maryland,"Pepco Holdings, Inc.",2024,June,Prince George's,20722,1
Maryland,"Pepco Holdings, Inc.",2024,June,Prince George's,20735,65
Maryland,"Pepco Holdings, Inc.",2024,June,Prince George's,20737,17
Maryland,"Pepco Holdings, Inc.",2024,June,Prince George's,20740,17
Maryland,"Pepco Holdings, Inc.",2024,June,Prince George's,20743,98
Maryland,"Pepco Holdings, Inc.",2024,June,Prince George's,20744,47
Maryland,"Pepco Holdings, Inc.",2024,June,Prince George's,20745,86
Maryland,"Pepco Holdings, Inc.",2024,June,Prince George's,20746,106
Maryland,"Pepco Holdings, Inc.",2024,June,Prince George's,20747,96
Maryland,"Pepco Holdings, Inc.",2024,June,Prince George's,20748,97
Maryland,"Pepco Holdings, Inc.",2024,June,Prince George's,20772,57
Maryland,"Pepco Holdings, Inc.",2024,June,Prince George's,20774,90
Maryland,"Pepco Holdings, Inc.",2024,June,Prince George's,20783,14
Maryland,"Pepco Holdings, Inc.",2024,June,Prince George's,20784,27
Maryland,"Pepco Holdings, Inc.",2024,June,Prince George's,20785,41
Maryland,"Pepco Holdings, Inc.",2024,July,Montgomery,20817,1
Maryland,"Pepco Holdings, Inc.",2024,July,Montgomery,20850,3
Maryland,"Pepco Holdings, Inc.",2024,July,Montgomery,20879,31
Maryland,"Pepco Holdings, Inc.",2024,July,Montgomery,20882,3
Maryland,"Pepco Holdings, Inc.",2024,July,Montgomery,20886,48
Maryland,"Pepco Holdings, Inc.",2024,July,Montgomery,20901,26
Maryland,"Pepco Holdings, Inc.",2024,July,Montgomery,20902,18
Maryland,"Pepco Holdings, Inc.",2024,July,Montgomery,20904,1
Maryland,"Pepco Holdings, Inc.",2024,July,Montgomery,20906,34
Maryland,"Pepco Holdings, Inc.",2024,July,Montgomery,20910,1
Maryland,"Pepco Holdings, Inc.",2024,July,Prince George's,20710,2
Maryland,"Pepco Holdings, Inc.",2024,July,Prince George's,20712,20
Maryland,"Pepco Holdings, Inc.",2024,July,Prince George's,20735,2
Maryland,"Pepco Holdings, Inc.",2024,July,Prince George's,20737,6
Maryland,"Pepco Holdings, Inc.",2024,July,Prince George's,20740,6
Maryland,"Pepco Holdings, Inc.",2024,July,Prince George's,20744,33
Maryland,"Pepco Holdings, Inc.",2024,July,Prince George's,20772,1
Maryland,"Pepco Holdings, Inc.",2024,July,Prince George's,20774,27
Maryland,"Pepco Holdings, Inc.",2024,July,Prince George's,20781,15
Maryland,"Pepco Holdings, Inc.",2024,July,Prince George's,20782,30
Maryland,"Pepco Holdings, Inc.",2024,July,Prince George's,20783,16
Maryland,"Pepco Holdings, Inc.",2024,July,Prince George's,20784,7
Maryland,"Pepco Holdings, Inc.",2024,July,Prince George's,20785,26
Maryland,"Pepco Holdings, Inc.",2024,August,Prince George's,20743,1
Maryland,"Pepco Holdings, Inc.",2024,September,Frederick,21727,1
Maryland,"Pepco Holdings, Inc.",2024,September,Frederick,21778,0
Maryland,Chesapeake Utilities Corporation,2024,May,Wicomico,,171
Maryland,Chesapeake Utilities Corporation,2024,May,Worcester,,36
Maryland,Chesapeake Utilities Corporation,2024,May,Dorchester,,85
Maryland,Chesapeake Utilities Corporation,2024,May,Cecil,,84
Maryland,Chesapeake Utilities Corporation,2024,June,Wicomico,,27
Maryland,Chesapeake Utilities Corporation,2024,June,Worcester,,0
Maryland,Chesapeake Utilities Corporation,2024,June,Dorchester,,0
Maryland,Chesapeake Utilities Corporation,2024,June,Cecil,,0
Maryland,Columbia Gas of Maryland,2024,May,Hagerstown,,131
Maryland,Columbia Gas of Maryland,2024,May,Cumberland,,193
Maryland,Columbia Gas of Maryland,2024,June,Hagerstown,,94
Maryland,Columbia Gas of Maryland,2024,June,Cumberland,,125
Maryland,Columbia Gas of Maryland,2024,July,,21501,0
Maryland,Columbia Gas of Maryland,2024,July,,21502,43
Maryland,Columbia Gas of Maryland,2024,July,,21504,0
Maryland,Columbia Gas of Maryland,2024,July,,21505,0
Maryland,Columbia Gas of Maryland,2024,July,,21521,0
Maryland,Columbia Gas of Maryland,2024,July,,21523,0
Maryland,Columbia Gas of Maryland,2024,July,,21524,0
Maryland,Columbia Gas of Maryland,2024,July,,21529,0
Maryland,Columbia Gas of Maryland,2024,July,,21532,7
Maryland,Columbia Gas of Maryland,2024,July,,21536,0
Maryland,Columbia Gas of Maryland,2024,July,,21538,0
Maryland,Columbia Gas of Maryland,2024,July,,21539,5
Maryland,Columbia Gas of Maryland,2024,July,,21540,0
Maryland,Columbia Gas of Maryland,2024,July,,21542,0
Maryland,Columbia Gas of Maryland,2024,July,,21545,0
Maryland,Columbia Gas of Maryland,2024,July,,21546,0
Maryland,Columbia Gas of Maryland,2024,July,,21550,2
Maryland,Columbia Gas of Maryland,2024,July,,21556,0
Maryland,Columbia Gas of Maryland,2024,July,,21557,2
Maryland,Columbia Gas of Maryland,2024,July,,21562,3
Maryland,Columbia Gas of Maryland,2024,July,,21734,0
Maryland,Columbia Gas of Maryland,2024,July,,21740,54
Maryland,Columbia Gas of Maryland,2024,July,,21742,16
Maryland,Columbia Gas of Maryland,2024,July,,21747,0
Maryland,Columbia Gas of Maryland,2024,July,,21750,1
Maryland,Columbia Gas of Maryland,2024,July,,21795,0
Maryland,Columbia Gas of Maryland,2024,August,,21501,0
Maryland,Columbia Gas of Maryland,2024,August,,21502,37
Maryland,Columbia Gas of Maryland,2024,August,,21504,0
Maryland,Columbia Gas of Maryland,2024,August,,21505,0
Maryland,Columbia Gas of Maryland,2024,August,,21521,0
Maryland,Columbia Gas of Maryland,2024,August,,21523,0
Maryland,Columbia Gas of Maryland,2024,August,,21524,0
Maryland,Columbia Gas of Maryland,2024,August,,21529,0
Maryland,Columbia Gas of Maryland,2024,August,,21532,6
Maryland,Columbia Gas of Maryland,2024,August,,21536,0
Maryland,Columbia Gas of Maryland,2024,August,,21538,0
Maryland,Columbia Gas of Maryland,2024,August,,21539,1
Maryland,Columbia Gas of Maryland,2024,August,,21540,0
Maryland,Columbia Gas of Maryland,2024,August,,21542,0
Maryland,Columbia Gas of Maryland,2024,August,,21545,4
Maryland,Columbia Gas of Maryland,2024,August,,21546,0
Maryland,Columbia Gas of Maryland,2024,August,,21550,2
Maryland,Columbia Gas of Maryland,2024,August,,21556,0
Maryland,Columbia Gas of Maryland,2024,August,,21557,1
Maryland,Columbia Gas of Maryland,2024,August,,21562,4
Maryland,Columbia Gas of Maryland,2024,August,,21734,0
Maryland,Columbia Gas of Maryland,2024,August,,21740,43
Maryland,Columbia Gas of Maryland,2024,August,,21742,5
Maryland,Columbia Gas of Maryland,2024,August,,21747,0
Maryland,Columbia Gas of Maryland,2024,August,,21750,0
Maryland,Columbia Gas of Maryland,2024,August,,21795,0