state,utility_name,year,month,zip_code,number_of_customers,number_of_disconnections
Oregon,Idaho Power,2018,August,83301,1,0
Oregon,Idaho Power,2018,August,83687,1,0
Oregon,Northwest Natural Gas Company,2018,August,97002,757,0
Oregon,Northwest Natural Gas Company,2018,August,97003,6754,8
Oregon,Northwest Natural Gas Company,2018,August,97004,219,0
Oregon,Northwest Natural Gas Company,2018,August,97005,4214,9
Oregon,Northwest Natural Gas Company,2018,August,97006,9230,4
Oregon,Northwest Natural Gas Company,2018,August,97007,13201,15
Oregon,Northwest Natural Gas Company,2018,August,97008,6250,8
Oregon,Northwest Natural Gas Company,2018,August,97009,1000,1
Oregon,Northwest Natural Gas Company,2018,August,97013,3238,0
Oregon,Northwest Natural Gas Company,2018,August,97015,4500,7
Oregon,Northwest Natural Gas Company,2018,August,97016,103,0
Oregon,Northwest Natural Gas Company,2018,August,97018,644,0
Oregon,Northwest Natural Gas Company,2018,August,97020,157,1
Oregon,Northwest Natural Gas Company,2018,August,97024,1988,3
Oregon,Northwest Natural Gas Company,2018,August,97026,338,0
Oregon,Northwest Natural Gas Company,2018,August,97027,2887,5
Oregon,Northwest Natural Gas Company,2018,August,97030,6331,26
Oregon,Northwest Natural Gas Company,2018,August,97031,3415,2
Oregon,Northwest Natural Gas Company,2018,August,97032,860,0
Oregon,Northwest Natural Gas Company,2018,August,97034,6628,5
Oregon,Northwest Natural Gas Company,2018,August,97035,6917,2
Oregon,Northwest Natural Gas Company,2018,August,97036,1,0
Oregon,Northwest Natural Gas Company,2018,August,97038,1961,4
Oregon,Northwest Natural Gas Company,2018,August,97042,106,0
Oregon,Northwest Natural Gas Company,2018,August,97045,10961,8
Oregon,Northwest Natural Gas Company,2018,August,97048,371,1
Oregon,Northwest Natural Gas Company,2018,August,97051,3077,3
Oregon,Northwest Natural Gas Company,2018,August,97053,598,0
Oregon,Northwest Natural Gas Company,2018,August,97054,20,0
Oregon,Northwest Natural Gas Company,2018,August,97055,3223,6
Oregon,Northwest Natural Gas Company,2018,August,97056,2354,2
Oregon,Northwest Natural Gas Company,2018,August,97058,1528,2
Oregon,Northwest Natural Gas Company,2018,August,97060,4644,5
Oregon,Northwest Natural Gas Company,2018,August,97062,5972,6
Oregon,Northwest Natural Gas Company,2018,August,97064,657,1
Oregon,Northwest Natural Gas Company,2018,August,97068,9245,8
Oregon,Northwest Natural Gas Company,2018,August,97070,5794,4
Oregon,Northwest Natural Gas Company,2018,August,97071,4937,8
Oregon,Northwest Natural Gas Company,2018,August,97078,5737,9
Oregon,Northwest Natural Gas Company,2018,August,97080,10414,9
Oregon,Northwest Natural Gas Company,2018,August,97086,8172,6
Oregon,Northwest Natural Gas Company,2018,August,97089,3210,4
Oregon,Northwest Natural Gas Company,2018,August,97101,290,1
Oregon,Northwest Natural Gas Company,2018,August,97103,3922,15
Oregon,Northwest Natural Gas Company,2018,August,97106,415,2
Oregon,Northwest Natural Gas Company,2018,August,97110,1294,2
Oregon,Northwest Natural Gas Company,2018,August,97111,21,0
Oregon,Northwest Natural Gas Company,2018,August,97113,2056,2
Oregon,Northwest Natural Gas Company,2018,August,97114,17,0
Oregon,Northwest Natural Gas Company,2018,August,97115,920,1
Oregon,Northwest Natural Gas Company,2018,August,97116,3116,3
Oregon,Northwest Natural Gas Company,2018,August,97121,409,0
Oregon,Northwest Natural Gas Company,2018,August,97123,10292,9
Oregon,Northwest Natural Gas Company,2018,August,97124,10606,12
Oregon,Northwest Natural Gas Company,2018,August,97127,794,0
Oregon,Northwest Natural Gas Company,2018,August,97128,2860,1
Oregon,Northwest Natural Gas Company,2018,August,97132,5256,5
Oregon,Northwest Natural Gas Company,2018,August,97133,893,1
Oregon,Northwest Natural Gas Company,2018,August,97138,4102,7
Oregon,Northwest Natural Gas Company,2018,August,97140,6455,6
Oregon,Northwest Natural Gas Company,2018,August,97146,2000,1
Oregon,Northwest Natural Gas Company,2018,August,97201,2249,5
Oregon,Northwest Natural Gas Company,2018,August,97202,11066,11
Oregon,Northwest Natural Gas Company,2018,August,97203,7177,17
Oregon,Northwest Natural Gas Company,2018,August,97204,7,0
Oregon,Northwest Natural Gas Company,2018,August,97205,926,2
Oregon,Northwest Natural Gas Company,2018,August,97206,13278,16
Oregon,Northwest Natural Gas Company,2018,August,97209,1620,8
Oregon,Northwest Natural Gas Company,2018,August,97210,3616,9
Oregon,Northwest Natural Gas Company,2018,August,97211,9950,22
Oregon,Northwest Natural Gas Company,2018,August,97212,8374,8
Oregon,Northwest Natural Gas Company,2018,August,97213,9504,11
Oregon,Northwest Natural Gas Company,2018,August,97214,7845,12
Oregon,Northwest Natural Gas Company,2018,August,97215,5570,7
Oregon,Northwest Natural Gas Company,2018,August,97216,3298,3
Oregon,Northwest Natural Gas Company,2018,August,97217,10092,26
Oregon,Northwest Natural Gas Company,2018,August,97218,3488,10
Oregon,Northwest Natural Gas Company,2018,August,97219,12129,6
Oregon,Northwest Natural Gas Company,2018,August,97220,6425,18
Oregon,Northwest Natural Gas Company,2018,August,97221,3892,3
Oregon,Northwest Natural Gas Company,2018,August,97222,7790,10
Oregon,Northwest Natural Gas Company,2018,August,97223,12703,8
Oregon,Northwest Natural Gas Company,2018,August,97224,10113,5
Oregon,Northwest Natural Gas Company,2018,August,97225,7176,6
Oregon,Northwest Natural Gas Company,2018,August,97227,1017,0
Oregon,Northwest Natural Gas Company,2018,August,97229,19762,13
Oregon,Northwest Natural Gas Company,2018,August,97230,9163,18
Oregon,Northwest Natural Gas Company,2018,August,97231,762,5
Oregon,Northwest Natural Gas Company,2018,August,97232,2869,4
Oregon,Northwest Natural Gas Company,2018,August,97233,6067,12
Oregon,Northwest Natural Gas Company,2018,August,97236,6998,22
Oregon,Northwest Natural Gas Company,2018,August,97239,3929,2
Oregon,Northwest Natural Gas Company,2018,August,97266,6987,31
Oregon,Northwest Natural Gas Company,2018,August,97267,8498,7
Oregon,Northwest Natural Gas Company,2018,August,97301,8202,36
Oregon,Northwest Natural Gas Company,2018,August,97302,9942,18
Oregon,Northwest Natural Gas Company,2018,August,97303,8826,7
Oregon,Northwest Natural Gas Company,2018,August,97304,6871,7
Oregon,Northwest Natural Gas Company,2018,August,97305,6198,12
Oregon,Northwest Natural Gas Company,2018,August,97306,8007,14
Oregon,Northwest Natural Gas Company,2018,August,97310,9,0
Oregon,Northwest Natural Gas Company,2018,August,97317,3728,9
Oregon,Northwest Natural Gas Company,2018,August,97321,8062,13
Oregon,Northwest Natural Gas Company,2018,August,97322,7027,8
Oregon,Northwest Natural Gas Company,2018,August,97325,706,1
Oregon,Northwest Natural Gas Company,2018,August,97327,452,1
Oregon,Northwest Natural Gas Company,2018,August,97330,8965,2
Oregon,Northwest Natural Gas Company,2018,August,97333,4255,2
Oregon,Northwest Natural Gas Company,2018,August,97338,3938,5
Oregon,Northwest Natural Gas Company,2018,August,97341,1285,0
Oregon,Northwest Natural Gas Company,2018,August,97345,8,0
Oregon,Northwest Natural Gas Company,2018,August,97347,214,2
Oregon,Northwest Natural Gas Company,2018,August,97348,213,2
Oregon,Northwest Natural Gas Company,2018,August,97351,1572,5
Oregon,Northwest Natural Gas Company,2018,August,97352,743,0
Oregon,Northwest Natural Gas Company,2018,August,97355,4938,8
Oregon,Northwest Natural Gas Company,2018,August,97358,397,1
Oregon,Northwest Natural Gas Company,2018,August,97360,474,5
Oregon,Northwest Natural Gas Company,2018,August,97361,1236,1
Oregon,Northwest Natural Gas Company,2018,August,97362,688,0
Oregon,Northwest Natural Gas Company,2018,August,97364,217,1
Oregon,Northwest Natural Gas Company,2018,August,97365,1563,1
Oregon,Northwest Natural Gas Company,2018,August,97366,167,0
Oregon,Northwest Natural Gas Company,2018,August,97367,3910,0
Oregon,Northwest Natural Gas Company,2018,August,97368,922,0
Oregon,Northwest Natural Gas Company,2018,August,97370,1170,0
Oregon,Northwest Natural Gas Company,2018,August,97371,40,0
Oregon,Northwest Natural Gas Company,2018,August,97372,11,0
Oregon,Northwest Natural Gas Company,2018,August,97374,294,2
Oregon,Northwest Natural Gas Company,2018,August,97377,57,0
Oregon,Northwest Natural Gas Company,2018,August,97378,787,2
Oregon,Northwest Natural Gas Company,2018,August,97380,152,1
Oregon,Northwest Natural Gas Company,2018,August,97381,2731,1
Oregon,Northwest Natural Gas Company,2018,August,97383,1654,5
Oregon,Northwest Natural Gas Company,2018,August,97384,34,0
Oregon,Northwest Natural Gas Company,2018,August,97385,689,0
Oregon,Northwest Natural Gas Company,2018,August,97386,2086,6
Oregon,Northwest Natural Gas Company,2018,August,97388,1026,0
Oregon,Northwest Natural Gas Company,2018,August,97389,309,0
Oregon,Northwest Natural Gas Company,2018,August,97391,285,1
Oregon,Northwest Natural Gas Company,2018,August,97392,756,5
Oregon,Northwest Natural Gas Company,2018,August,97396,374,1
Oregon,Northwest Natural Gas Company,2018,August,97401,5198,4
Oregon,Northwest Natural Gas Company,2018,August,97402,4456,4
Oregon,Northwest Natural Gas Company,2018,August,97403,1439,1
Oregon,Northwest Natural Gas Company,2018,August,97404,6017,5
Oregon,Northwest Natural Gas Company,2018,August,97405,6543,3
Oregon,Northwest Natural Gas Company,2018,August,97408,2527,1
Oregon,Avista Utilities,2018,August,97417,296,1
Oregon,Northwest Natural Gas Company,2018,August,97420,702,0
Oregon,Northwest Natural Gas Company,2018,August,97423,175,1
Oregon,Northwest Natural Gas Company,2018,August,97424,2251,2
Oregon,Northwest Natural Gas Company,2018,August,97426,1221,0
Oregon,Avista Utilities,2018,August,97432,56,0
Oregon,Northwest Natural Gas Company,2018,August,97438,11,0
Oregon,Avista Utilities,2018,August,97442,147,0
Oregon,Northwest Natural Gas Company,2018,August,97446,571,4
Oregon,Northwest Natural Gas Company,2018,August,97448,1355,6
Oregon,Northwest Natural Gas Company,2018,August,97455,131,0
Oregon,Avista Utilities,2018,August,97457,1395,12
Oregon,Northwest Natural Gas Company,2018,August,97458,104,0
Oregon,Northwest Natural Gas Company,2018,August,97459,473,0
Oregon,Avista Utilities,2018,August,97462,265,1
Oregon,Avista Utilities,2018,August,97469,255,1
Oregon,Avista Utilities,2018,August,97470,3383,18
Oregon,Avista Utilities,2018,August,97471,4803,15
Oregon,Northwest Natural Gas Company,2018,August,97477,2770,2
Oregon,Northwest Natural Gas Company,2018,August,97478,2223,0
Oregon,Avista Utilities,2018,August,97479,1500,7
Oregon,Avista Utilities,2018,August,97495,482,0
Oregon,Avista Utilities,2018,August,97496,1073,8
Oregon,Avista Utilities,2018,August,97497,2,0
Oregon,Avista Utilities,2018,August,97501,9039,27
Oregon,Avista Utilities,2018,August,97502,6069,9
Oregon,Avista Utilities,2018,August,97503,1569,5
Oregon,Avista Utilities,2018,August,97504,12213,18
Oregon,Avista Utilities,2018,August,97520,7055,13
Oregon,Avista Utilities,2018,August,97524,2484,2
Oregon,Avista Utilities,2018,August,97525,558,1
Oregon,Avista Utilities,2018,August,97526,6083,10
Oregon,Avista Utilities,2018,August,97527,5232,8
Oregon,Avista Utilities,2018,August,97528,2,0
Oregon,Avista Utilities,2018,August,97530,1154,0
Oregon,Avista Utilities,2018,August,97535,1129,3
Oregon,Avista Utilities,2018,August,97537,507,0
Oregon,Avista Utilities,2018,August,97539,188,0
Oregon,Avista Utilities,2018,August,97540,1562,6
Oregon,Avista Utilities,2018,August,97601,6066,25
Oregon,Avista Utilities,2018,August,97603,8344,40
Oregon,Avista Utilities,2018,August,97623,40,0
Oregon,Avista Utilities,2018,August,97627,192,0
Oregon,Avista Utilities,2018,August,97632,122,0
Oregon,Avista Utilities,2018,August,97634,21,0
Oregon,Idaho Power,2018,August,97819,26,0
Oregon,Avista Utilities,2018,August,97824,285,0
Oregon,Avista Utilities,2018,August,97827,509,1
Oregon,Idaho Power,2018,August,97834,673,1
Oregon,Idaho Power,2018,August,97837,75,0
Oregon,Idaho Power,2018,August,97840,101,0
Oregon,Avista Utilities,2018,August,97841,128,1
Oregon,Avista Utilities,2018,August,97850,4855,7
Oregon,Avista Utilities,2018,August,97867,145,1
Oregon,Idaho Power,2018,August,97870,437,1
Oregon,Avista Utilities,2018,August,97876,50,0
Oregon,Avista Utilities,2018,August,97883,731,2
Oregon,Idaho Power,2018,August,97884,169,1
Oregon,Idaho Power,2018,August,97901,372,3
Oregon,Idaho Power,2018,August,97902,30,0
Oregon,Idaho Power,2018,August,97903,87,0
Oregon,Idaho Power,2018,August,97904,110,0
Oregon,Idaho Power,2018,August,97905,120,0
Oregon,Idaho Power,2018,August,97906,140,0
Oregon,Idaho Power,2018,August,97907,388,4
Oregon,Idaho Power,2018,August,97908,62,0
Oregon,Idaho Power,2018,August,97909,47,0
Oregon,Idaho Power,2018,August,97910,335,0
Oregon,Idaho Power,2018,August,97911,93,0
Oregon,Idaho Power,2018,August,97913,2179,13
Oregon,Idaho Power,2018,August,97914,7123,49
Oregon,Idaho Power,2018,August,97918,2031,10
Oregon,Idaho Power,2018,August,97920,33,0
Oregon,Northwest Natural Gas Company,2018,December,97002,760,0
Oregon,Northwest Natural Gas Company,2018,December,97003,6778,8
Oregon,Northwest Natural Gas Company,2018,December,97004,222,0
Oregon,Northwest Natural Gas Company,2018,December,97005,4243,4
Oregon,Northwest Natural Gas Company,2018,December,97006,9275,7
Oregon,Northwest Natural Gas Company,2018,December,97007,13277,3
Oregon,Northwest Natural Gas Company,2018,December,97008,6277,2
Oregon,Northwest Natural Gas Company,2018,December,97009,1011,2
Oregon,Northwest Natural Gas Company,2018,December,97013,3276,2
Oregon,Northwest Natural Gas Company,2018,December,97015,4531,6
Oregon,Northwest Natural Gas Company,2018,December,97016,106,0
Oregon,Northwest Natural Gas Company,2018,December,97018,647,0
Oregon,Northwest Natural Gas Company,2018,December,97020,157,0
Oregon,Northwest Natural Gas Company,2018,December,97024,1991,2
Oregon,Northwest Natural Gas Company,2018,December,97026,343,1
Oregon,Northwest Natural Gas Company,2018,December,97027,2910,3
Oregon,Northwest Natural Gas Company,2018,December,97030,6381,8
Oregon,Northwest Natural Gas Company,2018,December,97031,3462,1
Oregon,Northwest Natural Gas Company,2018,December,97032,862,1
Oregon,Northwest Natural Gas Company,2018,December,97034,6673,4
Oregon,Northwest Natural Gas Company,2018,December,97035,6946,6
Oregon,Northwest Natural Gas Company,2018,December,97036,1,0
Oregon,Northwest Natural Gas Company,2018,December,97038,2003,2
Oregon,Northwest Natural Gas Company,2018,December,97042,109,1
Oregon,Northwest Natural Gas Company,2018,December,97045,11042,6
Oregon,Northwest Natural Gas Company,2018,December,97048,376,0
Oregon,Northwest Natural Gas Company,2018,December,97051,3106,4
Oregon,Northwest Natural Gas Company,2018,December,97053,603,1
Oregon,Northwest Natural Gas Company,2018,December,97054,20,0
Oregon,Northwest Natural Gas Company,2018,December,97055,3257,4
Oregon,Northwest Natural Gas Company,2018,December,97056,2367,2
Oregon,Northwest Natural Gas Company,2018,December,97058,1557,0
Oregon,Northwest Natural Gas Company,2018,December,97060,4672,3
Oregon,Northwest Natural Gas Company,2018,December,97062,6009,6
Oregon,Northwest Natural Gas Company,2018,December,97064,666,0
Oregon,Northwest Natural Gas Company,2018,December,97068,9289,6
Oregon,Northwest Natural Gas Company,2018,December,97070,5887,1
Oregon,Northwest Natural Gas Company,2018,December,97071,4980,6
Oregon,Northwest Natural Gas Company,2018,December,97078,5758,9
Oregon,Northwest Natural Gas Company,2018,December,97080,10497,6
Oregon,Northwest Natural Gas Company,2018,December,97086,8221,9
Oregon,Northwest Natural Gas Company,2018,December,97089,3233,3
Oregon,Northwest Natural Gas Company,2018,December,97101,289,0
Oregon,Northwest Natural Gas Company,2018,December,97103,3971,5
Oregon,Northwest Natural Gas Company,2018,December,97106,419,1
Oregon,Northwest Natural Gas Company,2018,December,97110,1298,0
Oregon,Northwest Natural Gas Company,2018,December,97111,21,0
Oregon,Northwest Natural Gas Company,2018,December,97113,2065,7
Oregon,Northwest Natural Gas Company,2018,December,97114,17,0
Oregon,Northwest Natural Gas Company,2018,December,97115,927,0
Oregon,Northwest Natural Gas Company,2018,December,97116,3195,3
Oregon,Northwest Natural Gas Company,2018,December,97121,410,1
Oregon,Northwest Natural Gas Company,2018,December,97123,10359,3
Oregon,Northwest Natural Gas Company,2018,December,97124,10640,1
Oregon,Northwest Natural Gas Company,2018,December,97127,798,1
Oregon,Northwest Natural Gas Company,2018,December,97128,2898,3
Oregon,Northwest Natural Gas Company,2018,December,97132,5310,9
Oregon,Northwest Natural Gas Company,2018,December,97133,905,1
Oregon,Northwest Natural Gas Company,2018,December,97138,4139,3
Oregon,Northwest Natural Gas Company,2018,December,97140,6496,2
Oregon,Northwest Natural Gas Company,2018,December,97146,2024,4
Oregon,Northwest Natural Gas Company,2018,December,97201,2299,2
Oregon,Northwest Natural Gas Company,2018,December,97202,11190,8
Oregon,Northwest Natural Gas Company,2018,December,97203,7272,9
Oregon,Northwest Natural Gas Company,2018,December,97204,7,0
Oregon,Northwest Natural Gas Company,2018,December,97205,936,2
Oregon,Northwest Natural Gas Company,2018,December,97206,13427,21
Oregon,Northwest Natural Gas Company,2018,December,97209,1856,5
Oregon,Northwest Natural Gas Company,2018,December,97210,3699,3
Oregon,Northwest Natural Gas Company,2018,December,97211,10073,12
Oregon,Northwest Natural Gas Company,2018,December,97212,8421,8
Oregon,Northwest Natural Gas Company,2018,December,97213,9579,8
Oregon,Northwest Natural Gas Company,2018,December,97214,7914,10
Oregon,Northwest Natural Gas Company,2018,December,97215,5628,5
Oregon,Northwest Natural Gas Company,2018,December,97216,3354,3
Oregon,Northwest Natural Gas Company,2018,December,97217,10213,11
Oregon,Northwest Natural Gas Company,2018,December,97218,3526,3
Oregon,Northwest Natural Gas Company,2018,December,97219,12208,2
Oregon,Northwest Natural Gas Company,2018,December,97220,6508,8
Oregon,Northwest Natural Gas Company,2018,December,97221,3907,3
Oregon,Northwest Natural Gas Company,2018,December,97222,7858,7
Oregon,Northwest Natural Gas Company,2018,December,97223,12751,16
Oregon,Northwest Natural Gas Company,2018,December,97224,10216,7
Oregon,Northwest Natural Gas Company,2018,December,97225,7196,8
Oregon,Northwest Natural Gas Company,2018,December,97227,1031,2
Oregon,Northwest Natural Gas Company,2018,December,97229,19911,12
Oregon,Northwest Natural Gas Company,2018,December,97230,9220,8
Oregon,Northwest Natural Gas Company,2018,December,97231,767,1
Oregon,Northwest Natural Gas Company,2018,December,97232,2880,6
Oregon,Northwest Natural Gas Company,2018,December,97233,6134,9
Oregon,Northwest Natural Gas Company,2018,December,97236,7053,9
Oregon,Northwest Natural Gas Company,2018,December,97239,3951,1
Oregon,Northwest Natural Gas Company,2018,December,97266,7111,13
Oregon,Northwest Natural Gas Company,2018,December,97267,8568,13
Oregon,Northwest Natural Gas Company,2018,December,97301,8308,21
Oregon,Northwest Natural Gas Company,2018,December,97302,10009,5
Oregon,Northwest Natural Gas Company,2018,December,97303,8857,4
Oregon,Northwest Natural Gas Company,2018,December,97304,6932,4
Oregon,Northwest Natural Gas Company,2018,December,97305,6242,9
Oregon,Northwest Natural Gas Company,2018,December,97306,8117,12
Oregon,Northwest Natural Gas Company,2018,December,97310,9,0
Oregon,Northwest Natural Gas Company,2018,December,97317,3758,6
Oregon,Northwest Natural Gas Company,2018,December,97321,8185,2
Oregon,Northwest Natural Gas Company,2018,December,97322,7073,9
Oregon,Northwest Natural Gas Company,2018,December,97325,727,1
Oregon,Northwest Natural Gas Company,2018,December,97327,462,0
Oregon,Northwest Natural Gas Company,2018,December,97330,9089,1
Oregon,Northwest Natural Gas Company,2018,December,97333,4326,3
Oregon,Northwest Natural Gas Company,2018,December,97338,4031,2
Oregon,Northwest Natural Gas Company,2018,December,97341,1296,0
Oregon,Northwest Natural Gas Company,2018,December,97345,8,0
Oregon,Northwest Natural Gas Company,2018,December,97347,217,1
Oregon,Northwest Natural Gas Company,2018,December,97348,215,1
Oregon,Northwest Natural Gas Company,2018,December,97351,1585,2
Oregon,Northwest Natural Gas Company,2018,December,97352,757,0
Oregon,Northwest Natural Gas Company,2018,December,97355,5010,5
Oregon,Northwest Natural Gas Company,2018,December,97358,401,0
Oregon,Northwest Natural Gas Company,2018,December,97360,480,0
Oregon,Northwest Natural Gas Company,2018,December,97361,1254,1
Oregon,Northwest Natural Gas Company,2018,December,97362,692,0
Oregon,Northwest Natural Gas Company,2018,December,97364,217,0
Oregon,Northwest Natural Gas Company,2018,December,97365,1576,0
Oregon,Northwest Natural Gas Company,2018,December,97366,170,0
Oregon,Northwest Natural Gas Company,2018,December,97367,3947,4
Oregon,Northwest Natural Gas Company,2018,December,97368,927,1
Oregon,Northwest Natural Gas Company,2018,December,97370,1183,2
Oregon,Northwest Natural Gas Company,2018,December,97371,41,0
Oregon,Northwest Natural Gas Company,2018,December,97372,11,0
Oregon,Northwest Natural Gas Company,2018,December,97374,295,0
Oregon,Northwest Natural Gas Company,2018,December,97377,57,0
Oregon,Northwest Natural Gas Company,2018,December,97378,795,1
Oregon,Northwest Natural Gas Company,2018,December,97380,155,0
Oregon,Northwest Natural Gas Company,2018,December,97381,2770,3
Oregon,Northwest Natural Gas Company,2018,December,97383,1676,0
Oregon,Northwest Natural Gas Company,2018,December,97384,35,0
Oregon,Northwest Natural Gas Company,2018,December,97385,711,0
Oregon,Northwest Natural Gas Company,2018,December,97386,2116,2
Oregon,Northwest Natural Gas Company,2018,December,97388,1031,1
Oregon,Northwest Natural Gas Company,2018,December,97389,310,0
Oregon,Northwest Natural Gas Company,2018,December,97391,287,1
Oregon,Northwest Natural Gas Company,2018,December,97392,771,1
Oregon,Northwest Natural Gas Company,2018,December,97396,390,0
Oregon,Northwest Natural Gas Company,2018,December,97401,5269,0
Oregon,Northwest Natural Gas Company,2018,December,97402,4504,6
Oregon,Northwest Natural Gas Company,2018,December,97403,1455,3
Oregon,Northwest Natural Gas Company,2018,December,97404,6071,1
Oregon,Northwest Natural Gas Company,2018,December,97405,6627,3
Oregon,Northwest Natural Gas Company,2018,December,97408,2576,2
Oregon,Avista Utilities,2018,December,97417,304,0
Oregon,Northwest Natural Gas Company,2018,December,97420,711,0
Oregon,Northwest Natural Gas Company,2018,December,97423,177,0
Oregon,Northwest Natural Gas Company,2018,December,97424,2275,0
Oregon,Northwest Natural Gas Company,2018,December,97426,1235,2
Oregon,Avista Utilities,2018,December,97432,56,0
Oregon,Northwest Natural Gas Company,2018,December,97438,11,0
Oregon,Avista Utilities,2018,December,97442,153,0
Oregon,Northwest Natural Gas Company,2018,December,97446,578,0
Oregon,Northwest Natural Gas Company,2018,December,97448,1388,0
Oregon,Northwest Natural Gas Company,2018,December,97455,133,0
Oregon,Avista Utilities,2018,December,97457,1424,9
Oregon,Northwest Natural Gas Company,2018,December,97458,111,0
Oregon,Northwest Natural Gas Company,2018,December,97459,491,0
Oregon,Avista Utilities,2018,December,97462,267,3
Oregon,Avista Utilities,2018,December,97469,272,3
Oregon,Avista Utilities,2018,December,97470,3470,2
Oregon,Avista Utilities,2018,December,97471,4885,4
Oregon,Northwest Natural Gas Company,2018,December,97477,2797,1
Oregon,Northwest Natural Gas Company,2018,December,97478,2237,0
Oregon,Avista Utilities,2018,December,97479,1553,2
Oregon,Avista Utilities,2018,December,97495,489,1
Oregon,Avista Utilities,2018,December,97496,1089,1
Oregon,Avista Utilities,2018,December,97497,2,0
Oregon,Avista Utilities,2018,December,97501,9305,2
Oregon,Avista Utilities,2018,December,97502,6204,7
Oregon,Avista Utilities,2018,December,97503,1586,3
Oregon,Avista Utilities,2018,December,97504,12458,10
Oregon,Avista Utilities,2018,December,97520,7168,6
Oregon,Avista Utilities,2018,December,97524,2571,2
Oregon,Avista Utilities,2018,December,97525,568,0
Oregon,Avista Utilities,2018,December,97526,6227,10
Oregon,Avista Utilities,2018,December,97527,5398,11
Oregon,Avista Utilities,2018,December,97528,2,0
Oregon,Avista Utilities,2018,December,97530,1176,1
Oregon,Avista Utilities,2018,December,97535,1138,0
Oregon,Avista Utilities,2018,December,97537,523,1
Oregon,Avista Utilities,2018,December,97539,193,0
Oregon,Avista Utilities,2018,December,97540,1602,3
Oregon,Avista Utilities,2018,December,97601,6273,17
Oregon,Avista Utilities,2018,December,97603,8548,14
Oregon,Avista Utilities,2018,December,97623,46,0
Oregon,Avista Utilities,2018,December,97627,198,1
Oregon,Avista Utilities,2018,December,97632,129,2
Oregon,Avista Utilities,2018,December,97634,23,0
Oregon,Idaho Power,2018,December,97819,25,0
Oregon,Avista Utilities,2018,December,97824,299,0
Oregon,Avista Utilities,2018,December,97827,528,1
Oregon,Idaho Power,2018,December,97834,650,0
Oregon,Idaho Power,2018,December,97837,70,0
Oregon,Idaho Power,2018,December,97840,97,0
Oregon,Avista Utilities,2018,December,97841,127,0
Oregon,Avista Utilities,2018,December,97850,4954,2
Oregon,Avista Utilities,2018,December,97867,146,0
Oregon,Idaho Power,2018,December,97870,428,0
Oregon,Avista Utilities,2018,December,97876,51,0
Oregon,Avista Utilities,2018,December,97883,770,1
Oregon,Idaho Power,2018,December,97884,167,0
Oregon,Idaho Power,2018,December,97901,362,0
Oregon,Idaho Power,2018,December,97902,29,0
Oregon,Idaho Power,2018,December,97903,80,1
Oregon,Idaho Power,2018,December,97904,109,0
Oregon,Idaho Power,2018,December,97905,120,1
Oregon,Idaho Power,2018,December,97906,137,0
Oregon,Idaho Power,2018,December,97907,367,1
Oregon,Idaho Power,2018,December,97908,62,0
Oregon,Idaho Power,2018,December,97909,46,0
Oregon,Idaho Power,2018,December,97910,327,0
Oregon,Idaho Power,2018,December,97911,91,0
Oregon,Idaho Power,2018,December,97913,2125,4
Oregon,Idaho Power,2018,December,97914,6847,23
Oregon,Idaho Power,2018,December,97918,1965,5
Oregon,Idaho Power,2018,December,97920,34,0
Oregon,Northwest Natural Gas Company,2018,November,97002,762,0
Oregon,Northwest Natural Gas Company,2018,November,97003,6763,5
Oregon,Northwest Natural Gas Company,2018,November,97004,221,0
Oregon,Northwest Natural Gas Company,2018,November,97005,4233,4
Oregon,Northwest Natural Gas Company,2018,November,97006,9254,4
Oregon,Northwest Natural Gas Company,2018,November,97007,13253,7
Oregon,Northwest Natural Gas Company,2018,November,97008,6275,2
Oregon,Northwest Natural Gas Company,2018,November,97009,1006,1
Oregon,Northwest Natural Gas Company,2018,November,97013,3265,3
Oregon,Northwest Natural Gas Company,2018,November,97015,4524,5
Oregon,Northwest Natural Gas Company,2018,November,97016,106,0
Oregon,Northwest Natural Gas Company,2018,November,97018,646,0
Oregon,Northwest Natural Gas Company,2018,November,97020,157,0
Oregon,Northwest Natural Gas Company,2018,November,97024,1989,2
Oregon,Northwest Natural Gas Company,2018,November,97026,339,1
Oregon,Northwest Natural Gas Company,2018,November,97027,2901,5
Oregon,Northwest Natural Gas Company,2018,November,97030,6356,4
Oregon,Northwest Natural Gas Company,2018,November,97031,3450,0
Oregon,Northwest Natural Gas Company,2018,November,97032,860,0
Oregon,Northwest Natural Gas Company,2018,November,97034,6667,2
Oregon,Northwest Natural Gas Company,2018,November,97035,6928,2
Oregon,Northwest Natural Gas Company,2018,November,97036,1,0
Oregon,Northwest Natural Gas Company,2018,November,97038,1988,3
Oregon,Northwest Natural Gas Company,2018,November,97042,108,0
Oregon,Northwest Natural Gas Company,2018,November,97045,11013,9
Oregon,Northwest Natural Gas Company,2018,November,97048,372,0
Oregon,Northwest Natural Gas Company,2018,November,97051,3092,4
Oregon,Northwest Natural Gas Company,2018,November,97053,599,0
Oregon,Northwest Natural Gas Company,2018,November,97054,20,0
Oregon,Northwest Natural Gas Company,2018,November,97055,3242,8
Oregon,Northwest Natural Gas Company,2018,November,97056,2361,1
Oregon,Northwest Natural Gas Company,2018,November,97058,1545,3
Oregon,Northwest Natural Gas Company,2018,November,97060,4657,2
Oregon,Northwest Natural Gas Company,2018,November,97062,5993,2
Oregon,Northwest Natural Gas Company,2018,November,97064,663,0
Oregon,Northwest Natural Gas Company,2018,November,97068,9274,5
Oregon,Northwest Natural Gas Company,2018,November,97070,5857,5
Oregon,Northwest Natural Gas Company,2018,November,97071,4963,7
Oregon,Northwest Natural Gas Company,2018,November,97078,5758,5
Oregon,Northwest Natural Gas Company,2018,November,97080,10478,8
Oregon,Northwest Natural Gas Company,2018,November,97086,8207,11
Oregon,Northwest Natural Gas Company,2018,November,97089,3224,1
Oregon,Northwest Natural Gas Company,2018,November,97101,287,1
Oregon,Northwest Natural Gas Company,2018,November,97103,3951,4
Oregon,Northwest Natural Gas Company,2018,November,97106,419,1
Oregon,Northwest Natural Gas Company,2018,November,97110,1290,0
Oregon,Northwest Natural Gas Company,2018,November,97111,21,0
Oregon,Northwest Natural Gas Company,2018,November,97113,2062,3
Oregon,Northwest Natural Gas Company,2018,November,97114,17,0
Oregon,Northwest Natural Gas Company,2018,November,97115,923,2
Oregon,Northwest Natural Gas Company,2018,November,97116,3174,1
Oregon,Northwest Natural Gas Company,2018,November,97121,410,0
Oregon,Northwest Natural Gas Company,2018,November,97123,10340,6
Oregon,Northwest Natural Gas Company,2018,November,97124,10638,7
Oregon,Northwest Natural Gas Company,2018,November,97127,797,0
Oregon,Northwest Natural Gas Company,2018,November,97128,2881,0
Oregon,Northwest Natural Gas Company,2018,November,97132,5301,4
Oregon,Northwest Natural Gas Company,2018,November,97133,899,0
Oregon,Northwest Natural Gas Company,2018,November,97138,4123,3
Oregon,Northwest Natural Gas Company,2018,November,97140,6485,4
Oregon,Northwest Natural Gas Company,2018,November,97146,2011,3
Oregon,Northwest Natural Gas Company,2018,November,97201,2291,4
Oregon,Northwest Natural Gas Company,2018,November,97202,11132,6
Oregon,Northwest Natural Gas Company,2018,November,97203,7224,16
Oregon,Northwest Natural Gas Company,2018,November,97204,7,0
Oregon,Northwest Natural Gas Company,2018,November,97205,928,4
Oregon,Northwest Natural Gas Company,2018,November,97206,13355,20
Oregon,Northwest Natural Gas Company,2018,November,97209,1769,3
Oregon,Northwest Natural Gas Company,2018,November,97210,3681,2
Oregon,Northwest Natural Gas Company,2018,November,97211,10012,8
Oregon,Northwest Natural Gas Company,2018,November,97212,8398,3
Oregon,Northwest Natural Gas Company,2018,November,97213,9546,3
Oregon,Northwest Natural Gas Company,2018,November,97214,7871,5
Oregon,Northwest Natural Gas Company,2018,November,97215,5603,3
Oregon,Northwest Natural Gas Company,2018,November,97216,3330,4
Oregon,Northwest Natural Gas Company,2018,November,97217,10161,3
Oregon,Northwest Natural Gas Company,2018,November,97218,3512,8
Oregon,Northwest Natural Gas Company,2018,November,97219,12177,9
Oregon,Northwest Natural Gas Company,2018,November,97220,6483,1
Oregon,Northwest Natural Gas Company,2018,November,97221,3898,1
Oregon,Northwest Natural Gas Company,2018,November,97222,7837,5
Oregon,Northwest Natural Gas Company,2018,November,97223,12735,8
Oregon,Northwest Natural Gas Company,2018,November,97224,10190,1
Oregon,Northwest Natural Gas Company,2018,November,97225,7184,1
Oregon,Northwest Natural Gas Company,2018,November,97227,1025,0
Oregon,Northwest Natural Gas Company,2018,November,97229,19866,10
Oregon,Northwest Natural Gas Company,2018,November,97230,9194,6
Oregon,Northwest Natural Gas Company,2018,November,97231,765,1
Oregon,Northwest Natural Gas Company,2018,November,97232,2871,3
Oregon,Northwest Natural Gas Company,2018,November,97233,6111,12
Oregon,Northwest Natural Gas Company,2018,November,97236,7028,16
Oregon,Northwest Natural Gas Company,2018,November,97239,3940,2
Oregon,Northwest Natural Gas Company,2018,November,97266,7062,22
Oregon,Northwest Natural Gas Company,2018,November,97267,8549,3
Oregon,Northwest Natural Gas Company,2018,November,97301,8259,11
Oregon,Northwest Natural Gas Company,2018,November,97302,9967,6
Oregon,Northwest Natural Gas Company,2018,November,97303,8839,12
Oregon,Northwest Natural Gas Company,2018,November,97304,6905,3
Oregon,Northwest Natural Gas Company,2018,November,97305,6227,10
Oregon,Northwest Natural Gas Company,2018,November,97306,8086,4
Oregon,Northwest Natural Gas Company,2018,November,97310,9,0
Oregon,Northwest Natural Gas Company,2018,November,97317,3751,3
Oregon,Northwest Natural Gas Company,2018,November,97321,8138,4
Oregon,Northwest Natural Gas Company,2018,November,97322,7059,7
Oregon,Northwest Natural Gas Company,2018,November,97325,724,1
Oregon,Northwest Natural Gas Company,2018,November,97327,455,1
Oregon,Northwest Natural Gas Company,2018,November,97330,9051,1
Oregon,Northwest Natural Gas Company,2018,November,97333,4301,1
Oregon,Northwest Natural Gas Company,2018,November,97338,3988,1
Oregon,Northwest Natural Gas Company,2018,November,97341,1294,1
Oregon,Northwest Natural Gas Company,2018,November,97345,8,0
Oregon,Northwest Natural Gas Company,2018,November,97347,216,2
Oregon,Northwest Natural Gas Company,2018,November,97348,214,0
Oregon,Northwest Natural Gas Company,2018,November,97351,1582,0
Oregon,Northwest Natural Gas Company,2018,November,97352,752,0
Oregon,Northwest Natural Gas Company,2018,November,97355,4989,4
Oregon,Northwest Natural Gas Company,2018,November,97358,401,0
Oregon,Northwest Natural Gas Company,2018,November,97360,477,2
Oregon,Northwest Natural Gas Company,2018,November,97361,1249,0
Oregon,Northwest Natural Gas Company,2018,November,97362,698,0
Oregon,Northwest Natural Gas Company,2018,November,97364,217,0
Oregon,Northwest Natural Gas Company,2018,November,97365,1573,1
Oregon,Northwest Natural Gas Company,2018,November,97366,169,0
Oregon,Northwest Natural Gas Company,2018,November,97367,3944,4
Oregon,Northwest Natural Gas Company,2018,November,97368,927,0
Oregon,Northwest Natural Gas Company,2018,November,97370,1183,1
Oregon,Northwest Natural Gas Company,2018,November,97371,40,0
Oregon,Northwest Natural Gas Company,2018,November,97372,11,0
Oregon,Northwest Natural Gas Company,2018,November,97374,294,0
Oregon,Northwest Natural Gas Company,2018,November,97377,57,0
Oregon,Northwest Natural Gas Company,2018,November,97378,788,3
Oregon,Northwest Natural Gas Company,2018,November,97380,154,1
Oregon,Northwest Natural Gas Company,2018,November,97381,2757,5
Oregon,Northwest Natural Gas Company,2018,November,97383,1670,3
Oregon,Northwest Natural Gas Company,2018,November,97384,35,0
Oregon,Northwest Natural Gas Company,2018,November,97385,709,0
Oregon,Northwest Natural Gas Company,2018,November,97386,2102,5
Oregon,Northwest Natural Gas Company,2018,November,97388,1028,2
Oregon,Northwest Natural Gas Company,2018,November,97389,309,0
Oregon,Northwest Natural Gas Company,2018,November,97391,284,0
Oregon,Northwest Natural Gas Company,2018,November,97392,766,0
Oregon,Northwest Natural Gas Company,2018,November,97396,386,0
Oregon,Northwest Natural Gas Company,2018,November,97401,5244,0
Oregon,Northwest Natural Gas Company,2018,November,97402,4492,5
Oregon,Northwest Natural Gas Company,2018,November,97403,1450,0
Oregon,Northwest Natural Gas Company,2018,November,97404,6049,2
Oregon,Northwest Natural Gas Company,2018,November,97405,6586,9
Oregon,Northwest Natural Gas Company,2018,November,97408,2559,0
Oregon,Avista Utilities,2018,November,97417,300,2
Oregon,Northwest Natural Gas Company,2018,November,97420,704,0
Oregon,Northwest Natural Gas Company,2018,November,97423,176,1
Oregon,Northwest Natural Gas Company,2018,November,97424,2258,1
Oregon,Northwest Natural Gas Company,2018,November,97426,1233,0
Oregon,Avista Utilities,2018,November,97432,56,1
Oregon,Northwest Natural Gas Company,2018,November,97438,11,0
Oregon,Avista Utilities,2018,November,97442,151,0
Oregon,Northwest Natural Gas Company,2018,November,97446,573,1
Oregon,Northwest Natural Gas Company,2018,November,97448,1378,1
Oregon,Northwest Natural Gas Company,2018,November,97455,133,0
Oregon,Avista Utilities,2018,November,97457,1419,3
Oregon,Northwest Natural Gas Company,2018,November,97458,109,0
Oregon,Northwest Natural Gas Company,2018,November,97459,489,0
Oregon,Avista Utilities,2018,November,97462,267,0
Oregon,Avista Utilities,2018,November,97469,270,2
Oregon,Avista Utilities,2018,November,97470,3454,8
Oregon,Avista Utilities,2018,November,97471,4877,4
Oregon,Northwest Natural Gas Company,2018,November,97477,2791,4
Oregon,Northwest Natural Gas Company,2018,November,97478,2237,2
Oregon,Avista Utilities,2018,November,97479,1532,0
Oregon,Avista Utilities,2018,November,97495,490,0
Oregon,Avista Utilities,2018,November,97496,1083,3
Oregon,Avista Utilities,2018,November,97497,2,0
Oregon,Avista Utilities,2018,November,97501,9227,13
Oregon,Avista Utilities,2018,November,97502,6168,1
Oregon,Avista Utilities,2018,November,97503,1588,2
Oregon,Avista Utilities,2018,November,97504,12401,15
Oregon,Avista Utilities,2018,November,97520,7146,3
Oregon,Avista Utilities,2018,November,97524,2566,2
Oregon,Avista Utilities,2018,November,97525,568,0
Oregon,Avista Utilities,2018,November,97526,6212,3
Oregon,Avista Utilities,2018,November,97527,5403,7
Oregon,Avista Utilities,2018,November,97528,2,0
Oregon,Avista Utilities,2018,November,97530,1168,0
Oregon,Avista Utilities,2018,November,97535,1136,1
Oregon,Avista Utilities,2018,November,97537,517,0
Oregon,Avista Utilities,2018,November,97539,193,0
Oregon,Avista Utilities,2018,November,97540,1584,1
Oregon,Avista Utilities,2018,November,97601,6233,13
Oregon,Avista Utilities,2018,November,97603,8532,20
Oregon,Avista Utilities,2018,November,97623,45,0
Oregon,Avista Utilities,2018,November,97627,197,0
Oregon,Avista Utilities,2018,November,97632,126,0
Oregon,Avista Utilities,2018,November,97634,22,0
Oregon,Idaho Power,2018,November,97819,25,0
Oregon,Avista Utilities,2018,November,97824,296,0
Oregon,Avista Utilities,2018,November,97827,533,1
Oregon,Idaho Power,2018,November,97834,654,0
Oregon,Idaho Power,2018,November,97837,72,0
Oregon,Idaho Power,2018,November,97840,97,0
Oregon,Avista Utilities,2018,November,97841,126,0
Oregon,Avista Utilities,2018,November,97850,4917,10
Oregon,Avista Utilities,2018,November,97867,146,0
Oregon,Idaho Power,2018,November,97870,425,0
Oregon,Avista Utilities,2018,November,97876,50,0
Oregon,Avista Utilities,2018,November,97883,766,0
Oregon,Idaho Power,2018,November,97884,168,1
Oregon,Idaho Power,2018,November,97901,359,3
Oregon,Idaho Power,2018,November,97902,29,0
Oregon,Idaho Power,2018,November,97903,83,0
Oregon,Idaho Power,2018,November,97904,108,0
Oregon,Idaho Power,2018,November,97905,118,0
Oregon,Idaho Power,2018,November,97906,139,0
Oregon,Idaho Power,2018,November,97907,367,1
Oregon,Idaho Power,2018,November,97908,62,0
Oregon,Idaho Power,2018,November,97909,47,0
Oregon,Idaho Power,2018,November,97910,328,0
Oregon,Idaho Power,2018,November,97911,91,0
Oregon,Idaho Power,2018,November,97913,2123,10
Oregon,Idaho Power,2018,November,97914,6849,48
Oregon,Idaho Power,2018,November,97918,1970,9
Oregon,Idaho Power,2018,November,97920,34,0
Oregon,Idaho Power,2018,October,83301,1,0
Oregon,Idaho Power,2018,October,83687,0,0
Oregon,Northwest Natural Gas Company,2018,October,97002,759,1
Oregon,Northwest Natural Gas Company,2018,October,97003,6760,8
Oregon,Northwest Natural Gas Company,2018,October,97004,219,0
Oregon,Northwest Natural Gas Company,2018,October,97005,4217,4
Oregon,Northwest Natural Gas Company,2018,October,97006,9245,7
Oregon,Northwest Natural Gas Company,2018,October,97007,13232,3
Oregon,Northwest Natural Gas Company,2018,October,97008,6263,2
Oregon,Northwest Natural Gas Company,2018,October,97009,1004,0
Oregon,Northwest Natural Gas Company,2018,October,97013,3254,4
Oregon,Northwest Natural Gas Company,2018,October,97015,4521,2
Oregon,Northwest Natural Gas Company,2018,October,97016,105,0
Oregon,Northwest Natural Gas Company,2018,October,97018,645,0
Oregon,Northwest Natural Gas Company,2018,October,97020,157,0
Oregon,Northwest Natural Gas Company,2018,October,97024,1989,0
Oregon,Northwest Natural Gas Company,2018,October,97026,338,0
Oregon,Northwest Natural Gas Company,2018,October,97027,2896,1
Oregon,Northwest Natural Gas Company,2018,October,97030,6342,4
Oregon,Northwest Natural Gas Company,2018,October,97031,3432,2
Oregon,Northwest Natural Gas Company,2018,October,97032,860,0
Oregon,Northwest Natural Gas Company,2018,October,97034,6661,3
Oregon,Northwest Natural Gas Company,2018,October,97035,6926,1
Oregon,Northwest Natural Gas Company,2018,October,97036,1,0
Oregon,Northwest Natural Gas Company,2018,October,97038,1977,4
Oregon,Northwest Natural Gas Company,2018,October,97042,109,0
Oregon,Northwest Natural Gas Company,2018,October,97045,11008,5
Oregon,Northwest Natural Gas Company,2018,October,97048,372,0
Oregon,Northwest Natural Gas Company,2018,October,97051,3083,3
Oregon,Northwest Natural Gas Company,2018,October,97053,598,0
Oregon,Northwest Natural Gas Company,2018,October,97054,20,0
Oregon,Northwest Natural Gas Company,2018,October,97055,3235,4
Oregon,Northwest Natural Gas Company,2018,October,97056,2354,1
Oregon,Northwest Natural Gas Company,2018,October,97058,1531,3
Oregon,Northwest Natural Gas Company,2018,October,97060,4645,1
Oregon,Northwest Natural Gas Company,2018,October,97062,5986,6
Oregon,Northwest Natural Gas Company,2018,October,97064,660,1
Oregon,Northwest Natural Gas Company,2018,October,97068,9262,7
Oregon,Northwest Natural Gas Company,2018,October,97070,5833,4
Oregon,Northwest Natural Gas Company,2018,October,97071,4943,7
Oregon,Northwest Natural Gas Company,2018,October,97078,5742,11
Oregon,Northwest Natural Gas Company,2018,October,97080,10453,7
Oregon,Northwest Natural Gas Company,2018,October,97086,8197,7
Oregon,Northwest Natural Gas Company,2018,October,97089,3218,1
Oregon,Northwest Natural Gas Company,2018,October,97101,285,0
Oregon,Northwest Natural Gas Company,2018,October,97103,3933,6
Oregon,Northwest Natural Gas Company,2018,October,97106,418,1
Oregon,Northwest Natural Gas Company,2018,October,97110,1296,0
Oregon,Northwest Natural Gas Company,2018,October,97111,21,0
Oregon,Northwest Natural Gas Company,2018,October,97113,2057,9
Oregon,Northwest Natural Gas Company,2018,October,97114,17,0
Oregon,Northwest Natural Gas Company,2018,October,97115,921,1
Oregon,Northwest Natural Gas Company,2018,October,97116,3154,2
Oregon,Northwest Natural Gas Company,2018,October,97121,409,0
Oregon,Northwest Natural Gas Company,2018,October,97123,10306,11
Oregon,Northwest Natural Gas Company,2018,October,97124,10609,5
Oregon,Northwest Natural Gas Company,2018,October,97127,797,0
Oregon,Northwest Natural Gas Company,2018,October,97128,2873,2
Oregon,Northwest Natural Gas Company,2018,October,97132,5287,3
Oregon,Northwest Natural Gas Company,2018,October,97133,892,0
Oregon,Northwest Natural Gas Company,2018,October,97138,4117,4
Oregon,Northwest Natural Gas Company,2018,October,97140,6473,2
Oregon,Northwest Natural Gas Company,2018,October,97146,2006,3
Oregon,Northwest Natural Gas Company,2018,October,97201,2280,1
Oregon,Northwest Natural Gas Company,2018,October,97202,11104,5
Oregon,Northwest Natural Gas Company,2018,October,97203,7192,12
Oregon,Northwest Natural Gas Company,2018,October,97204,7,0
Oregon,Northwest Natural Gas Company,2018,October,97205,929,3
Oregon,Northwest Natural Gas Company,2018,October,97206,13332,18
Oregon,Northwest Natural Gas Company,2018,October,97209,1721,2
Oregon,Northwest Natural Gas Company,2018,October,97210,3675,4
Oregon,Northwest Natural Gas Company,2018,October,97211,9981,9
Oregon,Northwest Natural Gas Company,2018,October,97212,8380,3
Oregon,Northwest Natural Gas Company,2018,October,97213,9516,8
Oregon,Northwest Natural Gas Company,2018,October,97214,7844,5
Oregon,Northwest Natural Gas Company,2018,October,97215,5574,2
Oregon,Northwest Natural Gas Company,2018,October,97216,3314,4
Oregon,Northwest Natural Gas Company,2018,October,97217,10123,17
Oregon,Northwest Natural Gas Company,2018,October,97218,3507,1
Oregon,Northwest Natural Gas Company,2018,October,97219,12159,3
Oregon,Northwest Natural Gas Company,2018,October,97220,6456,8
Oregon,Northwest Natural Gas Company,2018,October,97221,3898,1
Oregon,Northwest Natural Gas Company,2018,October,97222,7822,5
Oregon,Northwest Natural Gas Company,2018,October,97223,12727,12
Oregon,Northwest Natural Gas Company,2018,October,97224,10160,4
Oregon,Northwest Natural Gas Company,2018,October,97225,7176,2
Oregon,Northwest Natural Gas Company,2018,October,97227,1022,0
Oregon,Northwest Natural Gas Company,2018,October,97229,19824,5
Oregon,Northwest Natural Gas Company,2018,October,97230,9214,10
Oregon,Northwest Natural Gas Company,2018,October,97231,762,1
Oregon,Northwest Natural Gas Company,2018,October,97232,2868,3
Oregon,Northwest Natural Gas Company,2018,October,97233,6091,8
Oregon,Northwest Natural Gas Company,2018,October,97236,7015,18
Oregon,Northwest Natural Gas Company,2018,October,97239,3936,1
Oregon,Northwest Natural Gas Company,2018,October,97266,7028,14
Oregon,Northwest Natural Gas Company,2018,October,97267,8523,9
Oregon,Northwest Natural Gas Company,2018,October,97301,8212,22
Oregon,Northwest Natural Gas Company,2018,October,97302,9953,19
Oregon,Northwest Natural Gas Company,2018,October,97303,8822,11
Oregon,Northwest Natural Gas Company,2018,October,97304,6886,5
Oregon,Northwest Natural Gas Company,2018,October,97305,6216,5
Oregon,Northwest Natural Gas Company,2018,October,97306,8062,6
Oregon,Northwest Natural Gas Company,2018,October,97310,9,0
Oregon,Northwest Natural Gas Company,2018,October,97317,3739,4
Oregon,Northwest Natural Gas Company,2018,October,97321,8103,5
Oregon,Northwest Natural Gas Company,2018,October,97322,7056,10
Oregon,Northwest Natural Gas Company,2018,October,97325,718,2
Oregon,Northwest Natural Gas Company,2018,October,97327,453,0
Oregon,Northwest Natural Gas Company,2018,October,97330,9015,3
Oregon,Northwest Natural Gas Company,2018,October,97333,4276,0
Oregon,Northwest Natural Gas Company,2018,October,97338,3966,3
Oregon,Northwest Natural Gas Company,2018,October,97341,1293,0
Oregon,Northwest Natural Gas Company,2018,October,97345,8,0
Oregon,Northwest Natural Gas Company,2018,October,97347,216,1
Oregon,Northwest Natural Gas Company,2018,October,97348,213,0
Oregon,Northwest Natural Gas Company,2018,October,97351,1580,3
Oregon,Northwest Natural Gas Company,2018,October,97352,746,0
Oregon,Northwest Natural Gas Company,2018,October,97355,4966,4
Oregon,Northwest Natural Gas Company,2018,October,97358,399,1
Oregon,Northwest Natural Gas Company,2018,October,97360,473,2
Oregon,Northwest Natural Gas Company,2018,October,97361,1244,1
Oregon,Northwest Natural Gas Company,2018,October,97362,694,0
Oregon,Northwest Natural Gas Company,2018,October,97364,217,0
Oregon,Northwest Natural Gas Company,2018,October,97365,1573,1
Oregon,Northwest Natural Gas Company,2018,October,97366,169,0
Oregon,Northwest Natural Gas Company,2018,October,97367,3935,1
Oregon,Northwest Natural Gas Company,2018,October,97368,926,1
Oregon,Northwest Natural Gas Company,2018,October,97370,1179,1
Oregon,Northwest Natural Gas Company,2018,October,97371,41,1
Oregon,Northwest Natural Gas Company,2018,October,97372,11,0
Oregon,Northwest Natural Gas Company,2018,October,97374,294,0
Oregon,Northwest Natural Gas Company,2018,October,97377,57,0
Oregon,Northwest Natural Gas Company,2018,October,97378,786,1
Oregon,Northwest Natural Gas Company,2018,October,97380,154,0
Oregon,Northwest Natural Gas Company,2018,October,97381,2740,1
Oregon,Northwest Natural Gas Company,2018,October,97383,1659,7
Oregon,Northwest Natural Gas Company,2018,October,97384,32,0
Oregon,Northwest Natural Gas Company,2018,October,97385,699,0
Oregon,Northwest Natural Gas Company,2018,October,97386,2092,0
Oregon,Northwest Natural Gas Company,2018,October,97388,1027,0
Oregon,Northwest Natural Gas Company,2018,October,97389,308,0
Oregon,Northwest Natural Gas Company,2018,October,97391,285,0
Oregon,Northwest Natural Gas Company,2018,October,97392,765,0
Oregon,Northwest Natural Gas Company,2018,October,97396,383,0
Oregon,Northwest Natural Gas Company,2018,October,97401,5222,3
Oregon,Northwest Natural Gas Company,2018,October,97402,4476,5
Oregon,Northwest Natural Gas Company,2018,October,97403,1439,1
Oregon,Northwest Natural Gas Company,2018,October,97404,6035,3
Oregon,Northwest Natural Gas Company,2018,October,97405,6571,1
Oregon,Northwest Natural Gas Company,2018,October,97408,2549,0
Oregon,Avista Utilities,2018,October,97417,295,0
Oregon,Northwest Natural Gas Company,2018,October,97420,702,3
Oregon,Northwest Natural Gas Company,2018,October,97423,172,0
Oregon,Northwest Natural Gas Company,2018,October,97424,2250,0
Oregon,Northwest Natural Gas Company,2018,October,97426,1230,2
Oregon,Avista Utilities,2018,October,97432,57,0
Oregon,Northwest Natural Gas Company,2018,October,97438,11,0
Oregon,Avista Utilities,2018,October,97442,148,1
Oregon,Northwest Natural Gas Company,2018,October,97446,572,1
Oregon,Northwest Natural Gas Company,2018,October,97448,1369,2
Oregon,Northwest Natural Gas Company,2018,October,97455,131,0
Oregon,Avista Utilities,2018,October,97457,1422,2
Oregon,Northwest Natural Gas Company,2018,October,97458,109,0
Oregon,Northwest Natural Gas Company,2018,October,97459,483,0
Oregon,Avista Utilities,2018,October,97462,267,1
Oregon,Avista Utilities,2018,October,97469,268,4
Oregon,Avista Utilities,2018,October,97470,3420,10
Oregon,Avista Utilities,2018,October,97471,4855,2
Oregon,Northwest Natural Gas Company,2018,October,97477,2779,3
Oregon,Northwest Natural Gas Company,2018,October,97478,2232,1
Oregon,Avista Utilities,2018,October,97479,1523,0
Oregon,Avista Utilities,2018,October,97495,491,1
Oregon,Avista Utilities,2018,October,97496,1090,1
Oregon,Avista Utilities,2018,October,97497,2,0
Oregon,Avista Utilities,2018,October,97501,9183,27
Oregon,Avista Utilities,2018,October,97502,6141,10
Oregon,Avista Utilities,2018,October,97503,1582,3
Oregon,Avista Utilities,2018,October,97504,12359,22
Oregon,Avista Utilities,2018,October,97520,7122,10
Oregon,Avista Utilities,2018,October,97524,2544,2
Oregon,Avista Utilities,2018,October,97525,571,2
Oregon,Avista Utilities,2018,October,97526,6173,6
Oregon,Avista Utilities,2018,October,97527,5364,13
Oregon,Avista Utilities,2018,October,97528,2,0
Oregon,Avista Utilities,2018,October,97530,1172,1
Oregon,Avista Utilities,2018,October,97535,1144,0
Oregon,Avista Utilities,2018,October,97537,517,0
Oregon,Avista Utilities,2018,October,97539,194,0
Oregon,Avista Utilities,2018,October,97540,1576,4
Oregon,Avista Utilities,2018,October,97601,6170,10
Oregon,Avista Utilities,2018,October,97603,8472,21
Oregon,Avista Utilities,2018,October,97623,41,0
Oregon,Avista Utilities,2018,October,97627,199,0
Oregon,Avista Utilities,2018,October,97632,124,0
Oregon,Avista Utilities,2018,October,97634,21,0
Oregon,Idaho Power,2018,October,97819,25,0
Oregon,Avista Utilities,2018,October,97824,296,0
Oregon,Avista Utilities,2018,October,97827,527,1
Oregon,Idaho Power,2018,October,97834,654,0
Oregon,Idaho Power,2018,October,97837,70,0
Oregon,Idaho Power,2018,October,97840,99,0
Oregon,Avista Utilities,2018,October,97841,128,0
Oregon,Avista Utilities,2018,October,97850,4907,5
Oregon,Avista Utilities,2018,October,97867,145,0
Oregon,Idaho Power,2018,October,97870,426,0
Oregon,Avista Utilities,2018,October,97876,50,0
Oregon,Avista Utilities,2018,October,97883,751,1
Oregon,Idaho Power,2018,October,97884,165,0
Oregon,Idaho Power,2018,October,97901,363,1
Oregon,Idaho Power,2018,October,97902,29,0
Oregon,Idaho Power,2018,October,97903,83,0
Oregon,Idaho Power,2018,October,97904,108,0
Oregon,Idaho Power,2018,October,97905,118,0
Oregon,Idaho Power,2018,October,97906,139,0
Oregon,Idaho Power,2018,October,97907,370,3
Oregon,Idaho Power,2018,October,97908,62,0
Oregon,Idaho Power,2018,October,97909,48,0
Oregon,Idaho Power,2018,October,97910,331,0
Oregon,Idaho Power,2018,October,97911,90,0
Oregon,Idaho Power,2018,October,97913,2120,14
Oregon,Idaho Power,2018,October,97914,6835,51
Oregon,Idaho Power,2018,October,97918,1969,4
Oregon,Idaho Power,2018,October,97920,33,0
Oregon,Idaho Power,2018,September,83301,1,0
Oregon,Idaho Power,2018,September,83687,1,0
Oregon,Northwest Natural Gas Company,2018,September,97002,759,0
Oregon,Northwest Natural Gas Company,2018,September,97003,6756,14
Oregon,Northwest Natural Gas Company,2018,September,97004,219,0
Oregon,Northwest Natural Gas Company,2018,September,97005,4206,2
Oregon,Northwest Natural Gas Company,2018,September,97006,9231,7
Oregon,Northwest Natural Gas Company,2018,September,97007,13219,1
Oregon,Northwest Natural Gas Company,2018,September,97008,6253,0
Oregon,Northwest Natural Gas Company,2018,September,97009,1003,0
Oregon,Northwest Natural Gas Company,2018,September,97013,3247,2
Oregon,Northwest Natural Gas Company,2018,September,97015,4507,11
Oregon,Northwest Natural Gas Company,2018,September,97016,105,0
Oregon,Northwest Natural Gas Company,2018,September,97018,644,0
Oregon,Northwest Natural Gas Company,2018,September,97020,157,1
Oregon,Northwest Natural Gas Company,2018,September,97024,1985,0
Oregon,Northwest Natural Gas Company,2018,September,97026,337,0
Oregon,Northwest Natural Gas Company,2018,September,97027,2891,2
Oregon,Northwest Natural Gas Company,2018,September,97030,6328,5
Oregon,Northwest Natural Gas Company,2018,September,97031,3418,2
Oregon,Northwest Natural Gas Company,2018,September,97032,858,0
Oregon,Northwest Natural Gas Company,2018,September,97034,6638,3
Oregon,Northwest Natural Gas Company,2018,September,97035,6909,2
Oregon,Northwest Natural Gas Company,2018,September,97036,1,0
Oregon,Northwest Natural Gas Company,2018,September,97038,1969,3
Oregon,Northwest Natural Gas Company,2018,September,97042,108,0
Oregon,Northwest Natural Gas Company,2018,September,97045,10983,11
Oregon,Northwest Natural Gas Company,2018,September,97048,371,0
Oregon,Northwest Natural Gas Company,2018,September,97051,3078,3
Oregon,Northwest Natural Gas Company,2018,September,97053,598,0
Oregon,Northwest Natural Gas Company,2018,September,97054,20,0
Oregon,Northwest Natural Gas Company,2018,September,97055,3226,2
Oregon,Northwest Natural Gas Company,2018,September,97056,2351,0
Oregon,Northwest Natural Gas Company,2018,September,97058,1523,1
Oregon,Northwest Natural Gas Company,2018,September,97060,4645,7
Oregon,Northwest Natural Gas Company,2018,September,97062,5974,3
Oregon,Northwest Natural Gas Company,2018,September,97064,657,2
Oregon,Northwest Natural Gas Company,2018,September,97068,9249,1
Oregon,Northwest Natural Gas Company,2018,September,97070,5807,3
Oregon,Northwest Natural Gas Company,2018,September,97071,4928,7
Oregon,Northwest Natural Gas Company,2018,September,97078,5741,4
Oregon,Northwest Natural Gas Company,2018,September,97080,10430,15
Oregon,Northwest Natural Gas Company,2018,September,97086,8187,13
Oregon,Northwest Natural Gas Company,2018,September,97089,3212,2
Oregon,Northwest Natural Gas Company,2018,September,97101,289,4
Oregon,Northwest Natural Gas Company,2018,September,97103,3923,1
Oregon,Northwest Natural Gas Company,2018,September,97106,415,2
Oregon,Northwest Natural Gas Company,2018,September,97110,1291,0
Oregon,Northwest Natural Gas Company,2018,September,97111,21,0
Oregon,Northwest Natural Gas Company,2018,September,97113,2053,2
Oregon,Northwest Natural Gas Company,2018,September,97114,17,0
Oregon,Northwest Natural Gas Company,2018,September,97115,919,1
Oregon,Northwest Natural Gas Company,2018,September,97116,3136,0
Oregon,Northwest Natural Gas Company,2018,September,97121,408,0
Oregon,Northwest Natural Gas Company,2018,September,97123,10303,13
Oregon,Northwest Natural Gas Company,2018,September,97124,10617,9
Oregon,Northwest Natural Gas Company,2018,September,97127,795,0
Oregon,Northwest Natural Gas Company,2018,September,97128,2870,6
Oregon,Northwest Natural Gas Company,2018,September,97132,5273,6
Oregon,Northwest Natural Gas Company,2018,September,97133,892,1
Oregon,Northwest Natural Gas Company,2018,September,97138,4108,2
Oregon,Northwest Natural Gas Company,2018,September,97140,6463,6
Oregon,Northwest Natural Gas Company,2018,September,97146,2004,6
Oregon,Northwest Natural Gas Company,2018,September,97201,2259,2
Oregon,Northwest Natural Gas Company,2018,September,97202,11088,6
Oregon,Northwest Natural Gas Company,2018,September,97203,7182,1
Oregon,Northwest Natural Gas Company,2018,September,97204,7,0
Oregon,Northwest Natural Gas Company,2018,September,97205,928,0
Oregon,Northwest Natural Gas Company,2018,September,97206,13285,23
Oregon,Northwest Natural Gas Company,2018,September,97209,1626,1
Oregon,Northwest Natural Gas Company,2018,September,97210,3674,2
Oregon,Northwest Natural Gas Company,2018,September,97211,9952,21
Oregon,Northwest Natural Gas Company,2018,September,97212,8372,5
Oregon,Northwest Natural Gas Company,2018,September,97213,9506,13
Oregon,Northwest Natural Gas Company,2018,September,97214,7846,14
Oregon,Northwest Natural Gas Company,2018,September,97215,5574,4
Oregon,Northwest Natural Gas Company,2018,September,97216,3304,15
Oregon,Northwest Natural Gas Company,2018,September,97217,10106,6
Oregon,Northwest Natural Gas Company,2018,September,97218,3491,7
Oregon,Northwest Natural Gas Company,2018,September,97219,12127,6
Oregon,Northwest Natural Gas Company,2018,September,97220,6429,10
Oregon,Northwest Natural Gas Company,2018,September,97221,3897,1
Oregon,Northwest Natural Gas Company,2018,September,97222,7806,6
Oregon,Northwest Natural Gas Company,2018,September,97223,12706,4
Oregon,Northwest Natural Gas Company,2018,September,97224,10132,3
Oregon,Northwest Natural Gas Company,2018,September,97225,7176,6
Oregon,Northwest Natural Gas Company,2018,September,97227,1019,0
Oregon,Northwest Natural Gas Company,2018,September,97229,19794,7
Oregon,Northwest Natural Gas Company,2018,September,97230,9175,7
Oregon,Northwest Natural Gas Company,2018,September,97231,763,1
Oregon,Northwest Natural Gas Company,2018,September,97232,2864,1
Oregon,Northwest Natural Gas Company,2018,September,97233,6069,10
Oregon,Northwest Natural Gas Company,2018,September,97236,7002,18
Oregon,Northwest Natural Gas Company,2018,September,97239,3927,3
Oregon,Northwest Natural Gas Company,2018,September,97266,7002,12
Oregon,Northwest Natural Gas Company,2018,September,97267,8510,7
Oregon,Northwest Natural Gas Company,2018,September,97301,8195,14
Oregon,Northwest Natural Gas Company,2018,September,97302,9937,7
Oregon,Northwest Natural Gas Company,2018,September,97303,8821,12
Oregon,Northwest Natural Gas Company,2018,September,97304,6881,2
Oregon,Northwest Natural Gas Company,2018,September,97305,6203,13
Oregon,Northwest Natural Gas Company,2018,September,97306,8025,14
Oregon,Northwest Natural Gas Company,2018,September,97310,9,0
Oregon,Northwest Natural Gas Company,2018,September,97317,3737,6
Oregon,Northwest Natural Gas Company,2018,September,97321,8080,2
Oregon,Northwest Natural Gas Company,2018,September,97322,7037,7
Oregon,Northwest Natural Gas Company,2018,September,97325,712,0
Oregon,Northwest Natural Gas Company,2018,September,97327,452,0
Oregon,Northwest Natural Gas Company,2018,September,97330,8973,7
Oregon,Northwest Natural Gas Company,2018,September,97333,4260,4
Oregon,Northwest Natural Gas Company,2018,September,97338,3962,5
Oregon,Northwest Natural Gas Company,2018,September,97341,1289,0
Oregon,Northwest Natural Gas Company,2018,September,97345,8,0
Oregon,Northwest Natural Gas Company,2018,September,97347,215,3
Oregon,Northwest Natural Gas Company,2018,September,97348,213,0
Oregon,Northwest Natural Gas Company,2018,September,97351,1579,0
Oregon,Northwest Natural Gas Company,2018,September,97352,744,2
Oregon,Northwest Natural Gas Company,2018,September,97355,4939,4
Oregon,Northwest Natural Gas Company,2018,September,97358,396,0
Oregon,Northwest Natural Gas Company,2018,September,97360,473,0
Oregon,Northwest Natural Gas Company,2018,September,97361,1232,0
Oregon,Northwest Natural Gas Company,2018,September,97362,691,0
Oregon,Northwest Natural Gas Company,2018,September,97364,217,0
Oregon,Northwest Natural Gas Company,2018,September,97365,1567,0
Oregon,Northwest Natural Gas Company,2018,September,97366,169,0
Oregon,Northwest Natural Gas Company,2018,September,97367,3920,4
Oregon,Northwest Natural Gas Company,2018,September,97368,927,1
Oregon,Northwest Natural Gas Company,2018,September,97370,1174,2
Oregon,Northwest Natural Gas Company,2018,September,97371,40,0
Oregon,Northwest Natural Gas Company,2018,September,97372,11,0
Oregon,Northwest Natural Gas Company,2018,September,97374,295,0
Oregon,Northwest Natural Gas Company,2018,September,97377,57,0
Oregon,Northwest Natural Gas Company,2018,September,97378,784,1
Oregon,Northwest Natural Gas Company,2018,September,97380,154,1
Oregon,Northwest Natural Gas Company,2018,September,97381,2732,4
Oregon,Northwest Natural Gas Company,2018,September,97383,1655,0
Oregon,Northwest Natural Gas Company,2018,September,97384,34,0
Oregon,Northwest Natural Gas Company,2018,September,97385,694,0
Oregon,Northwest Natural Gas Company,2018,September,97386,2079,2
Oregon,Northwest Natural Gas Company,2018,September,97388,1026,1
Oregon,Northwest Natural Gas Company,2018,September,97389,310,0
Oregon,Northwest Natural Gas Company,2018,September,97391,283,0
Oregon,Northwest Natural Gas Company,2018,September,97392,760,0
Oregon,Northwest Natural Gas Company,2018,September,97396,377,0
Oregon,Northwest Natural Gas Company,2018,September,97401,5194,2
Oregon,Northwest Natural Gas Company,2018,September,97402,4464,5
Oregon,Northwest Natural Gas Company,2018,September,97403,1436,0
Oregon,Northwest Natural Gas Company,2018,September,97404,6026,2
Oregon,Northwest Natural Gas Company,2018,September,97405,6551,4
Oregon,Northwest Natural Gas Company,2018,September,97408,2535,4
Oregon,Avista Utilities,2018,September,97417,293,3
Oregon,Northwest Natural Gas Company,2018,September,97420,701,2
Oregon,Northwest Natural Gas Company,2018,September,97423,171,1
Oregon,Northwest Natural Gas Company,2018,September,97424,2253,2
Oregon,Northwest Natural Gas Company,2018,September,97426,1225,0
Oregon,Avista Utilities,2018,September,97432,55,0
Oregon,Northwest Natural Gas Company,2018,September,97438,11,0
Oregon,Avista Utilities,2018,September,97442,148,1
Oregon,Northwest Natural Gas Company,2018,September,97446,568,0
Oregon,Northwest Natural Gas Company,2018,September,97448,1358,2
Oregon,Northwest Natural Gas Company,2018,September,97455,131,0
Oregon,Avista Utilities,2018,September,97457,1398,2
Oregon,Northwest Natural Gas Company,2018,September,97458,106,0
Oregon,Northwest Natural Gas Company,2018,September,97459,479,0
Oregon,Avista Utilities,2018,September,97462,265,2
Oregon,Avista Utilities,2018,September,97469,263,1
Oregon,Avista Utilities,2018,September,97470,3389,4
Oregon,Avista Utilities,2018,September,97471,4802,5
Oregon,Northwest Natural Gas Company,2018,September,97477,2771,2
Oregon,Northwest Natural Gas Company,2018,September,97478,2229,1
Oregon,Avista Utilities,2018,September,97479,1512,7
Oregon,Avista Utilities,2018,September,97495,482,0
Oregon,Avista Utilities,2018,September,97496,1075,3
Oregon,Avista Utilities,2018,September,97497,2,0
Oregon,Avista Utilities,2018,September,97501,9073,28
Oregon,Avista Utilities,2018,September,97502,6100,14
Oregon,Avista Utilities,2018,September,97503,1565,3
Oregon,Avista Utilities,2018,September,97504,12252,19
Oregon,Avista Utilities,2018,September,97520,7068,5
Oregon,Avista Utilities,2018,September,97524,2512,10
Oregon,Avista Utilities,2018,September,97525,558,1
Oregon,Avista Utilities,2018,September,97526,6107,13
Oregon,Avista Utilities,2018,September,97527,5281,16
Oregon,Avista Utilities,2018,September,97528,2,0
Oregon,Avista Utilities,2018,September,97530,1166,3
Oregon,Avista Utilities,2018,September,97535,1135,3
Oregon,Avista Utilities,2018,September,97537,510,1
Oregon,Avista Utilities,2018,September,97539,187,0
Oregon,Avista Utilities,2018,September,97540,1555,5
Oregon,Avista Utilities,2018,September,97601,6103,23
Oregon,Avista Utilities,2018,September,97603,8356,24
Oregon,Avista Utilities,2018,September,97623,40,0
Oregon,Avista Utilities,2018,September,97627,196,0
Oregon,Avista Utilities,2018,September,97632,124,1
Oregon,Avista Utilities,2018,September,97634,21,0
Oregon,Idaho Power,2018,September,97819,25,0
Oregon,Avista Utilities,2018,September,97824,292,0
Oregon,Avista Utilities,2018,September,97827,518,0
Oregon,Idaho Power,2018,September,97834,684,0
Oregon,Idaho Power,2018,September,97837,74,0
Oregon,Idaho Power,2018,September,97840,101,0
Oregon,Avista Utilities,2018,September,97841,128,0
Oregon,Avista Utilities,2018,September,97850,4887,8
Oregon,Avista Utilities,2018,September,97867,145,0
Oregon,Idaho Power,2018,September,97870,429,0
Oregon,Avista Utilities,2018,September,97876,52,0
Oregon,Avista Utilities,2018,September,97883,735,1
Oregon,Idaho Power,2018,September,97884,165,0
Oregon,Idaho Power,2018,September,97901,366,1
Oregon,Idaho Power,2018,September,97902,29,0
Oregon,Idaho Power,2018,September,97903,85,0
Oregon,Idaho Power,2018,September,97904,109,1
Oregon,Idaho Power,2018,September,97905,119,0
Oregon,Idaho Power,2018,September,97906,140,1
Oregon,Idaho Power,2018,September,97907,373,1
Oregon,Idaho Power,2018,September,97908,62,0
Oregon,Idaho Power,2018,September,97909,48,1
Oregon,Idaho Power,2018,September,97910,333,1
Oregon,Idaho Power,2018,September,97911,92,0
Oregon,Idaho Power,2018,September,97913,2142,15
Oregon,Idaho Power,2018,September,97914,6959,36
Oregon,Idaho Power,2018,September,97918,1999,14
Oregon,Idaho Power,2018,September,97920,33,0
Oregon,Northwest Natural Gas Company,2019,April,97002,763,3
Oregon,Northwest Natural Gas Company,2019,April,97003,6793,10
Oregon,Northwest Natural Gas Company,2019,April,97004,224,0
Oregon,Northwest Natural Gas Company,2019,April,97005,4263,2
Oregon,Northwest Natural Gas Company,2019,April,97006,9289,14
Oregon,Northwest Natural Gas Company,2019,April,97007,13341,17
Oregon,Northwest Natural Gas Company,2019,April,97008,6292,9
Oregon,Northwest Natural Gas Company,2019,April,97009,1017,0
Oregon,Northwest Natural Gas Company,2019,April,97013,3310,5
Oregon,Northwest Natural Gas Company,2019,April,97015,4542,8
Oregon,Northwest Natural Gas Company,2019,April,97016,108,0
Oregon,Northwest Natural Gas Company,2019,April,97018,648,1
Oregon,Northwest Natural Gas Company,2019,April,97020,157,0
Oregon,Northwest Natural Gas Company,2019,April,97024,1995,4
Oregon,Northwest Natural Gas Company,2019,April,97026,346,1
Oregon,Northwest Natural Gas Company,2019,April,97027,2923,7
Oregon,Northwest Natural Gas Company,2019,April,97030,6389,20
Oregon,Northwest Natural Gas Company,2019,April,97031,3513,0
Oregon,Northwest Natural Gas Company,2019,April,97032,863,2
Oregon,Northwest Natural Gas Company,2019,April,97034,6702,10
Oregon,Northwest Natural Gas Company,2019,April,97035,6965,15
Oregon,Northwest Natural Gas Company,2019,April,97036,1,0
Oregon,Northwest Natural Gas Company,2019,April,97038,2035,2
Oregon,Northwest Natural Gas Company,2019,April,97042,115,0
Oregon,Northwest Natural Gas Company,2019,April,97045,11091,27
Oregon,Northwest Natural Gas Company,2019,April,97048,381,3
Oregon,Northwest Natural Gas Company,2019,April,97051,3122,9
Oregon,Northwest Natural Gas Company,2019,April,97053,605,0
Oregon,Northwest Natural Gas Company,2019,April,97054,19,0
Oregon,Northwest Natural Gas Company,2019,April,97055,3282,9
Oregon,Northwest Natural Gas Company,2019,April,97056,2376,3
Oregon,Northwest Natural Gas Company,2019,April,97058,1572,5
Oregon,Northwest Natural Gas Company,2019,April,97060,4701,13
Oregon,Northwest Natural Gas Company,2019,April,97062,6036,11
Oregon,Northwest Natural Gas Company,2019,April,97064,669,2
Oregon,Northwest Natural Gas Company,2019,April,97068,9300,17
Oregon,Northwest Natural Gas Company,2019,April,97070,5914,9
Oregon,Northwest Natural Gas Company,2019,April,97071,4997,14
Oregon,Northwest Natural Gas Company,2019,April,97078,5767,18
Oregon,Northwest Natural Gas Company,2019,April,97080,10563,34
Oregon,Northwest Natural Gas Company,2019,April,97086,8266,23
Oregon,Northwest Natural Gas Company,2019,April,97089,3246,5
Oregon,Northwest Natural Gas Company,2019,April,97101,288,1
Oregon,Northwest Natural Gas Company,2019,April,97103,3982,7
Oregon,Northwest Natural Gas Company,2019,April,97106,420,5
Oregon,Northwest Natural Gas Company,2019,April,97110,1304,0
Oregon,Northwest Natural Gas Company,2019,April,97111,22,0
Oregon,Northwest Natural Gas Company,2019,April,97113,2079,6
Oregon,Northwest Natural Gas Company,2019,April,97114,17,0
Oregon,Northwest Natural Gas Company,2019,April,97115,929,2
Oregon,Northwest Natural Gas Company,2019,April,97116,3250,14
Oregon,Northwest Natural Gas Company,2019,April,97121,412,0
Oregon,Northwest Natural Gas Company,2019,April,97123,10414,28
Oregon,Northwest Natural Gas Company,2019,April,97124,10672,18
Oregon,Northwest Natural Gas Company,2019,April,97127,799,1
Oregon,Northwest Natural Gas Company,2019,April,97128,2935,4
Oregon,Northwest Natural Gas Company,2019,April,97132,5335,7
Oregon,Northwest Natural Gas Company,2019,April,97133,927,3
Oregon,Northwest Natural Gas Company,2019,April,97138,4154,4
Oregon,Northwest Natural Gas Company,2019,April,97140,6511,14
Oregon,Northwest Natural Gas Company,2019,April,97146,2037,7
Oregon,Northwest Natural Gas Company,2019,April,97201,2307,5
Oregon,Northwest Natural Gas Company,2019,April,97202,11257,20
Oregon,Northwest Natural Gas Company,2019,April,97203,7327,35
Oregon,Northwest Natural Gas Company,2019,April,97204,7,0
Oregon,Northwest Natural Gas Company,2019,April,97205,944,11
Oregon,Northwest Natural Gas Company,2019,April,97206,13507,39
Oregon,Northwest Natural Gas Company,2019,April,97209,1648,2
Oregon,Northwest Natural Gas Company,2019,April,97210,3945,6
Oregon,Northwest Natural Gas Company,2019,April,97211,10132,38
Oregon,Northwest Natural Gas Company,2019,April,97212,8436,19
Oregon,Northwest Natural Gas Company,2019,April,97213,9623,35
Oregon,Northwest Natural Gas Company,2019,April,97214,7953,15
Oregon,Northwest Natural Gas Company,2019,April,97215,5647,5
Oregon,Northwest Natural Gas Company,2019,April,97216,3371,12
Oregon,Northwest Natural Gas Company,2019,April,97217,10277,29
Oregon,Northwest Natural Gas Company,2019,April,97218,3535,8
Oregon,Northwest Natural Gas Company,2019,April,97219,12253,34
Oregon,Northwest Natural Gas Company,2019,April,97220,6552,34
Oregon,Northwest Natural Gas Company,2019,April,97221,3913,4
Oregon,Northwest Natural Gas Company,2019,April,97222,7886,24
Oregon,Northwest Natural Gas Company,2019,April,97223,12787,14
Oregon,Northwest Natural Gas Company,2019,April,97224,10294,7
Oregon,Northwest Natural Gas Company,2019,April,97225,7224,9
Oregon,Northwest Natural Gas Company,2019,April,97227,1223,2
Oregon,Northwest Natural Gas Company,2019,April,97229,20075,20
Oregon,Northwest Natural Gas Company,2019,April,97230,9254,22
Oregon,Northwest Natural Gas Company,2019,April,97231,769,3
Oregon,Northwest Natural Gas Company,2019,April,97232,2891,12
Oregon,Northwest Natural Gas Company,2019,April,97233,6143,25
Oregon,Northwest Natural Gas Company,2019,April,97236,7078,41
Oregon,Northwest Natural Gas Company,2019,April,97239,3964,7
Oregon,Northwest Natural Gas Company,2019,April,97266,7136,58
Oregon,Northwest Natural Gas Company,2019,April,97267,8584,17
Oregon,Northwest Natural Gas Company,2019,April,97301,8398,57
Oregon,Northwest Natural Gas Company,2019,April,97302,10050,29
Oregon,Northwest Natural Gas Company,2019,April,97303,8881,34
Oregon,Northwest Natural Gas Company,2019,April,97304,6984,12
Oregon,Northwest Natural Gas Company,2019,April,97305,6281,52
Oregon,Northwest Natural Gas Company,2019,April,97306,8186,18
Oregon,Northwest Natural Gas Company,2019,April,97310,9,0
Oregon,Northwest Natural Gas Company,2019,April,97317,3781,21
Oregon,Northwest Natural Gas Company,2019,April,97321,8257,19
Oregon,Northwest Natural Gas Company,2019,April,97322,7098,18
Oregon,Northwest Natural Gas Company,2019,April,97325,741,0
Oregon,Northwest Natural Gas Company,2019,April,97327,464,1
Oregon,Northwest Natural Gas Company,2019,April,97330,9105,9
Oregon,Northwest Natural Gas Company,2019,April,97333,4343,5
Oregon,Northwest Natural Gas Company,2019,April,97338,4094,12
Oregon,Northwest Natural Gas Company,2019,April,97341,1297,0
Oregon,Northwest Natural Gas Company,2019,April,97345,9,0
Oregon,Northwest Natural Gas Company,2019,April,97347,219,2
Oregon,Northwest Natural Gas Company,2019,April,97348,215,1
Oregon,Northwest Natural Gas Company,2019,April,97351,1619,5
Oregon,Northwest Natural Gas Company,2019,April,97352,758,2
Oregon,Northwest Natural Gas Company,2019,April,97355,5027,17
Oregon,Northwest Natural Gas Company,2019,April,97358,402,2
Oregon,Northwest Natural Gas Company,2019,April,97360,485,1
Oregon,Northwest Natural Gas Company,2019,April,97361,1256,2
Oregon,Northwest Natural Gas Company,2019,April,97362,698,1
Oregon,Northwest Natural Gas Company,2019,April,97364,218,1
Oregon,Northwest Natural Gas Company,2019,April,97365,1589,1
Oregon,Northwest Natural Gas Company,2019,April,97366,169,0
Oregon,Northwest Natural Gas Company,2019,April,97367,3969,3
Oregon,Northwest Natural Gas Company,2019,April,97368,931,1
Oregon,Northwest Natural Gas Company,2019,April,97370,1189,2
Oregon,Northwest Natural Gas Company,2019,April,97371,41,0
Oregon,Northwest Natural Gas Company,2019,April,97372,11,0
Oregon,Northwest Natural Gas Company,2019,April,97374,296,1
Oregon,Northwest Natural Gas Company,2019,April,97377,56,0
Oregon,Northwest Natural Gas Company,2019,April,97378,805,3
Oregon,Northwest Natural Gas Company,2019,April,97380,154,0
Oregon,Northwest Natural Gas Company,2019,April,97381,2792,10
Oregon,Northwest Natural Gas Company,2019,April,97383,1690,2
Oregon,Northwest Natural Gas Company,2019,April,97384,35,0
Oregon,Northwest Natural Gas Company,2019,April,97385,725,1
Oregon,Northwest Natural Gas Company,2019,April,97386,2125,4
Oregon,Northwest Natural Gas Company,2019,April,97388,1037,0
Oregon,Northwest Natural Gas Company,2019,April,97389,311,1
Oregon,Northwest Natural Gas Company,2019,April,97391,286,0
Oregon,Northwest Natural Gas Company,2019,April,97392,794,1
Oregon,Northwest Natural Gas Company,2019,April,97396,392,6
Oregon,Northwest Natural Gas Company,2019,April,97401,5300,7
Oregon,Northwest Natural Gas Company,2019,April,97402,4527,13
Oregon,Northwest Natural Gas Company,2019,April,97403,1466,3
Oregon,Northwest Natural Gas Company,2019,April,97404,6116,10
Oregon,Northwest Natural Gas Company,2019,April,97405,6785,9
Oregon,Northwest Natural Gas Company,2019,April,97408,2614,2
Oregon,Avista Utilities,2019,April,97417,315,4
Oregon,Northwest Natural Gas Company,2019,April,97420,728,1
Oregon,Northwest Natural Gas Company,2019,April,97423,183,2
Oregon,Northwest Natural Gas Company,2019,April,97424,2293,4
Oregon,Northwest Natural Gas Company,2019,April,97426,1243,1
Oregon,Avista Utilities,2019,April,97432,58,0
Oregon,Northwest Natural Gas Company,2019,April,97438,10,0
Oregon,Avista Utilities,2019,April,97442,150,1
Oregon,Northwest Natural Gas Company,2019,April,97446,579,0
Oregon,Northwest Natural Gas Company,2019,April,97448,1388,1
Oregon,Northwest Natural Gas Company,2019,April,97455,134,1
Oregon,Avista Utilities,2019,April,97457,1443,8
Oregon,Northwest Natural Gas Company,2019,April,97458,114,1
Oregon,Northwest Natural Gas Company,2019,April,97459,503,0
Oregon,Avista Utilities,2019,April,97462,266,0
Oregon,Avista Utilities,2019,April,97469,273,3
Oregon,Avista Utilities,2019,April,97470,3498,24
Oregon,Avista Utilities,2019,April,97471,4908,11
Oregon,Northwest Natural Gas Company,2019,April,97477,2823,6
Oregon,Northwest Natural Gas Company,2019,April,97478,2242,4
Oregon,Avista Utilities,2019,April,97479,1572,4
Oregon,Avista Utilities,2019,April,97495,495,2
Oregon,Avista Utilities,2019,April,97496,1107,7
Oregon,Avista Utilities,2019,April,97497,2,0
Oregon,Avista Utilities,2019,April,97501,9318,44
Oregon,Avista Utilities,2019,April,97502,6255,17
Oregon,Avista Utilities,2019,April,97503,1602,9
Oregon,Avista Utilities,2019,April,97504,12555,41
Oregon,Avista Utilities,2019,April,97520,7213,4
Oregon,Avista Utilities,2019,April,97524,2608,5
Oregon,Avista Utilities,2019,April,97525,575,4
Oregon,Avista Utilities,2019,April,97526,6266,40
Oregon,Avista Utilities,2019,April,97527,5425,32
Oregon,Avista Utilities,2019,April,97528,2,0
Oregon,Avista Utilities,2019,April,97530,1193,1
Oregon,Avista Utilities,2019,April,97535,1158,1
Oregon,Avista Utilities,2019,April,97537,536,3
Oregon,Avista Utilities,2019,April,97539,196,0
Oregon,Avista Utilities,2019,April,97540,1608,5
Oregon,Avista Utilities,2019,April,97601,6341,44
Oregon,Avista Utilities,2019,April,97603,8618,23
Oregon,Avista Utilities,2019,April,97623,44,1
Oregon,Avista Utilities,2019,April,97627,197,3
Oregon,Avista Utilities,2019,April,97632,127,0
Oregon,Avista Utilities,2019,April,97634,23,0
Oregon,Idaho Power,2019,April,97819,27,0
Oregon,Avista Utilities,2019,April,97824,300,0
Oregon,Avista Utilities,2019,April,97827,524,2
Oregon,Idaho Power,2019,April,97834,649,0
Oregon,Idaho Power,2019,April,97837,69,0
Oregon,Idaho Power,2019,April,97840,101,0
Oregon,Avista Utilities,2019,April,97841,128,1
Oregon,Avista Utilities,2019,April,97850,4946,15
Oregon,Avista Utilities,2019,April,97867,147,1
Oregon,Idaho Power,2019,April,97870,430,0
Oregon,Avista Utilities,2019,April,97876,50,0
Oregon,Avista Utilities,2019,April,97883,769,7
Oregon,Idaho Power,2019,April,97884,166,0
Oregon,Idaho Power,2019,April,97901,362,1
Oregon,Idaho Power,2019,April,97902,29,0
Oregon,Idaho Power,2019,April,97903,84,0
Oregon,Idaho Power,2019,April,97904,109,0
Oregon,Idaho Power,2019,April,97905,117,0
Oregon,Idaho Power,2019,April,97906,139,1
Oregon,Idaho Power,2019,April,97907,373,0
Oregon,Idaho Power,2019,April,97908,64,0
Oregon,Idaho Power,2019,April,97909,46,0
Oregon,Idaho Power,2019,April,97910,241,0
Oregon,Idaho Power,2019,April,97911,92,0
Oregon,Idaho Power,2019,April,97913,2137,17
Oregon,Idaho Power,2019,April,97914,6862,61
Oregon,Idaho Power,2019,April,97918,1979,13
Oregon,Idaho Power,2019,April,97920,34,0
Oregon,Northwest Natural Gas Company,2019,August,97002,754,0
Oregon,Northwest Natural Gas Company,2019,August,97003,6775,4
Oregon,Northwest Natural Gas Company,2019,August,97004,222,0
Oregon,Northwest Natural Gas Company,2019,August,97005,4262,5
Oregon,Northwest Natural Gas Company,2019,August,97006,9262,12
Oregon,Northwest Natural Gas Company,2019,August,97007,13360,9
Oregon,Northwest Natural Gas Company,2019,August,97008,6269,5
Oregon,Northwest Natural Gas Company,2019,August,97009,1017,1
Oregon,Northwest Natural Gas Company,2019,August,97013,3345,1
Oregon,Northwest Natural Gas Company,2019,August,97015,4544,8
Oregon,Northwest Natural Gas Company,2019,August,97016,108,0
Oregon,Northwest Natural Gas Company,2019,August,97018,646,0
Oregon,Northwest Natural Gas Company,2019,August,97020,157,0
Oregon,Northwest Natural Gas Company,2019,August,97024,1994,2
Oregon,Northwest Natural Gas Company,2019,August,97026,348,3
Oregon,Northwest Natural Gas Company,2019,August,97027,2912,2
Oregon,Northwest Natural Gas Company,2019,August,97030,6359,18
Oregon,Northwest Natural Gas Company,2019,August,97031,3516,3
Oregon,Northwest Natural Gas Company,2019,August,97032,859,1
Oregon,Northwest Natural Gas Company,2019,August,97034,6688,3
Oregon,Northwest Natural Gas Company,2019,August,97035,6962,1
Oregon,Northwest Natural Gas Company,2019,August,97036,1,0
Oregon,Northwest Natural Gas Company,2019,August,97038,2053,2
Oregon,Northwest Natural Gas Company,2019,August,97042,114,1
Oregon,Northwest Natural Gas Company,2019,August,97045,11118,18
Oregon,Northwest Natural Gas Company,2019,August,97048,381,0
Oregon,Northwest Natural Gas Company,2019,August,97051,3112,4
Oregon,Northwest Natural Gas Company,2019,August,97053,607,0
Oregon,Northwest Natural Gas Company,2019,August,97054,18,1
Oregon,Northwest Natural Gas Company,2019,August,97055,3291,4
Oregon,Northwest Natural Gas Company,2019,August,97056,2374,3
Oregon,Northwest Natural Gas Company,2019,August,97058,1558,1
Oregon,Northwest Natural Gas Company,2019,August,97060,4713,1
Oregon,Northwest Natural Gas Company,2019,August,97062,6053,2
Oregon,Northwest Natural Gas Company,2019,August,97064,671,1
Oregon,Northwest Natural Gas Company,2019,August,97068,9304,3
Oregon,Northwest Natural Gas Company,2019,August,97070,5950,6
Oregon,Northwest Natural Gas Company,2019,August,97071,4994,10
Oregon,Northwest Natural Gas Company,2019,August,97078,5749,4
Oregon,Northwest Natural Gas Company,2019,August,97080,10619,8
Oregon,Northwest Natural Gas Company,2019,August,97086,8285,12
Oregon,Northwest Natural Gas Company,2019,August,97089,3246,7
Oregon,Northwest Natural Gas Company,2019,August,97101,286,1
Oregon,Northwest Natural Gas Company,2019,August,97103,3967,5
Oregon,Northwest Natural Gas Company,2019,August,97106,420,0
Oregon,Northwest Natural Gas Company,2019,August,97110,1309,0
Oregon,Northwest Natural Gas Company,2019,August,97111,22,0
Oregon,Northwest Natural Gas Company,2019,August,97113,2098,3
Oregon,Northwest Natural Gas Company,2019,August,97114,17,0
Oregon,Northwest Natural Gas Company,2019,August,97115,928,1
Oregon,Northwest Natural Gas Company,2019,August,97116,3267,2
Oregon,Northwest Natural Gas Company,2019,August,97121,414,0
Oregon,Northwest Natural Gas Company,2019,August,97123,10425,7
Oregon,Northwest Natural Gas Company,2019,August,97124,10646,5
Oregon,Northwest Natural Gas Company,2019,August,97127,799,0
Oregon,Northwest Natural Gas Company,2019,August,97128,2958,0
Oregon,Northwest Natural Gas Company,2019,August,97132,5369,4
Oregon,Northwest Natural Gas Company,2019,August,97133,958,0
Oregon,Northwest Natural Gas Company,2019,August,97138,4160,2
Oregon,Northwest Natural Gas Company,2019,August,97140,6514,6
Oregon,Northwest Natural Gas Company,2019,August,97146,2043,4
Oregon,Northwest Natural Gas Company,2019,August,97201,2320,0
Oregon,Northwest Natural Gas Company,2019,August,97202,11239,9
Oregon,Northwest Natural Gas Company,2019,August,97203,7301,9
Oregon,Northwest Natural Gas Company,2019,August,97204,7,0
Oregon,Northwest Natural Gas Company,2019,August,97205,938,2
Oregon,Northwest Natural Gas Company,2019,August,97206,13459,28
Oregon,Northwest Natural Gas Company,2019,August,97209,1646,9
Oregon,Northwest Natural Gas Company,2019,August,97210,3918,3
Oregon,Northwest Natural Gas Company,2019,August,97211,10133,19
Oregon,Northwest Natural Gas Company,2019,August,97212,8418,4
Oregon,Northwest Natural Gas Company,2019,August,97213,9583,13
Oregon,Northwest Natural Gas Company,2019,August,97214,7951,9
Oregon,Northwest Natural Gas Company,2019,August,97215,5629,0
Oregon,Northwest Natural Gas Company,2019,August,97216,3359,5
Oregon,Northwest Natural Gas Company,2019,August,97217,10291,9
Oregon,Northwest Natural Gas Company,2019,August,97218,3533,8
Oregon,Northwest Natural Gas Company,2019,August,97219,12228,8
Oregon,Northwest Natural Gas Company,2019,August,97220,6517,16
Oregon,Northwest Natural Gas Company,2019,August,97221,3898,1
Oregon,Northwest Natural Gas Company,2019,August,97222,7864,6
Oregon,Northwest Natural Gas Company,2019,August,97223,12757,15
Oregon,Northwest Natural Gas Company,2019,August,97224,10306,6
Oregon,Northwest Natural Gas Company,2019,August,97225,7228,2
Oregon,Northwest Natural Gas Company,2019,August,97227,1288,1
Oregon,Northwest Natural Gas Company,2019,August,97229,20182,4
Oregon,Northwest Natural Gas Company,2019,August,97230,9263,15
Oregon,Northwest Natural Gas Company,2019,August,97231,769,0
Oregon,Northwest Natural Gas Company,2019,August,97232,2863,5
Oregon,Northwest Natural Gas Company,2019,August,97233,6108,14
Oregon,Northwest Natural Gas Company,2019,August,97236,7032,14
Oregon,Northwest Natural Gas Company,2019,August,97239,3951,4
Oregon,Northwest Natural Gas Company,2019,August,97266,7090,15
Oregon,Northwest Natural Gas Company,2019,August,97267,8562,8
Oregon,Northwest Natural Gas Company,2019,August,97301,8280,21
Oregon,Northwest Natural Gas Company,2019,August,97302,10017,9
Oregon,Northwest Natural Gas Company,2019,August,97303,8872,8
Oregon,Northwest Natural Gas Company,2019,August,97304,7017,5
Oregon,Northwest Natural Gas Company,2019,August,97305,6310,11
Oregon,Northwest Natural Gas Company,2019,August,97306,8222,4
Oregon,Northwest Natural Gas Company,2019,August,97310,9,0
Oregon,Northwest Natural Gas Company,2019,August,97317,3763,10
Oregon,Northwest Natural Gas Company,2019,August,97321,8274,7
Oregon,Northwest Natural Gas Company,2019,August,97322,7095,10
Oregon,Northwest Natural Gas Company,2019,August,97325,753,1
Oregon,Northwest Natural Gas Company,2019,August,97327,461,0
Oregon,Northwest Natural Gas Company,2019,August,97330,8977,6
Oregon,Northwest Natural Gas Company,2019,August,97333,4283,5
Oregon,Northwest Natural Gas Company,2019,August,97338,4112,6
Oregon,Northwest Natural Gas Company,2019,August,97341,1300,1
Oregon,Northwest Natural Gas Company,2019,August,97345,9,0
Oregon,Northwest Natural Gas Company,2019,August,97347,215,2
Oregon,Northwest Natural Gas Company,2019,August,97348,216,0
Oregon,Northwest Natural Gas Company,2019,August,97351,1630,0
Oregon,Northwest Natural Gas Company,2019,August,97352,750,1
Oregon,Northwest Natural Gas Company,2019,August,97355,4986,8
Oregon,Northwest Natural Gas Company,2019,August,97358,403,0
Oregon,Northwest Natural Gas Company,2019,August,97360,483,0
Oregon,Northwest Natural Gas Company,2019,August,97361,1255,3
Oregon,Northwest Natural Gas Company,2019,August,97362,696,1
Oregon,Northwest Natural Gas Company,2019,August,97364,217,0
Oregon,Northwest Natural Gas Company,2019,August,97365,1594,1
Oregon,Northwest Natural Gas Company,2019,August,97366,167,0
Oregon,Northwest Natural Gas Company,2019,August,97367,3976,2
Oregon,Northwest Natural Gas Company,2019,August,97368,929,1
Oregon,Northwest Natural Gas Company,2019,August,97370,1192,4
Oregon,Northwest Natural Gas Company,2019,August,97371,42,0
Oregon,Northwest Natural Gas Company,2019,August,97372,11,0
Oregon,Northwest Natural Gas Company,2019,August,97374,295,1
Oregon,Northwest Natural Gas Company,2019,August,97377,56,0
Oregon,Northwest Natural Gas Company,2019,August,97378,803,2
Oregon,Northwest Natural Gas Company,2019,August,97380,156,1
Oregon,Northwest Natural Gas Company,2019,August,97381,2780,4
Oregon,Northwest Natural Gas Company,2019,August,97383,1683,0
Oregon,Northwest Natural Gas Company,2019,August,97384,33,0
Oregon,Northwest Natural Gas Company,2019,August,97385,737,0
Oregon,Northwest Natural Gas Company,2019,August,97386,2103,5
Oregon,Northwest Natural Gas Company,2019,August,97388,1039,0
Oregon,Northwest Natural Gas Company,2019,August,97389,310,0
Oregon,Northwest Natural Gas Company,2019,August,97391,284,1
Oregon,Northwest Natural Gas Company,2019,August,97392,819,1
Oregon,Northwest Natural Gas Company,2019,August,97396,389,1
Oregon,Northwest Natural Gas Company,2019,August,97401,5330,3
Oregon,Northwest Natural Gas Company,2019,August,97402,4517,5
Oregon,Northwest Natural Gas Company,2019,August,97403,1452,2
Oregon,Northwest Natural Gas Company,2019,August,97404,6133,5
Oregon,Northwest Natural Gas Company,2019,August,97405,6794,7
Oregon,Northwest Natural Gas Company,2019,August,97408,2645,2
Oregon,Northwest Natural Gas Company,2019,August,97420,736,3
Oregon,Northwest Natural Gas Company,2019,August,97423,181,0
Oregon,Northwest Natural Gas Company,2019,August,97424,2276,4
Oregon,Northwest Natural Gas Company,2019,August,97426,1244,3
Oregon,Northwest Natural Gas Company,2019,August,97438,10,0
Oregon,Northwest Natural Gas Company,2019,August,97446,576,1
Oregon,Northwest Natural Gas Company,2019,August,97448,1377,0
Oregon,Northwest Natural Gas Company,2019,August,97455,134,0
Oregon,Northwest Natural Gas Company,2019,August,97458,116,0
Oregon,Northwest Natural Gas Company,2019,August,97459,512,2
Oregon,Northwest Natural Gas Company,2019,August,97477,2829,4
Oregon,Northwest Natural Gas Company,2019,August,97478,2237,2
Oregon,Idaho Power,2019,August,97814,1,0
Oregon,Idaho Power,2019,August,97819,26,0
Oregon,Idaho Power,2019,August,97834,651,0
Oregon,Idaho Power,2019,August,97837,72,0
Oregon,Idaho Power,2019,August,97840,97,0
Oregon,Idaho Power,2019,August,97870,434,2
Oregon,Idaho Power,2019,August,97884,171,0
Oregon,Idaho Power,2019,August,97901,363,3
Oregon,Idaho Power,2019,August,97902,29,0
Oregon,Idaho Power,2019,August,97903,84,0
Oregon,Idaho Power,2019,August,97904,110,0
Oregon,Idaho Power,2019,August,97905,117,0
Oregon,Idaho Power,2019,August,97906,139,0
Oregon,Idaho Power,2019,August,97907,376,0
Oregon,Idaho Power,2019,August,97908,62,0
Oregon,Idaho Power,2019,August,97909,46,0
Oregon,Idaho Power,2019,August,97910,379,0
Oregon,Idaho Power,2019,August,97911,90,0
Oregon,Idaho Power,2019,August,97913,2148,14
Oregon,Idaho Power,2019,August,97914,6906,47
Oregon,Idaho Power,2019,August,97918,1965,7
Oregon,Idaho Power,2019,August,97920,34,0
Oregon,Portland General Electric,2019,Dec,97002,2225,4
Oregon,Portland General Electric,2019,Dec,97003,11025,26
Oregon,Portland General Electric,2019,Dec,97004,1747,0
Oregon,Portland General Electric,2019,Dec,97005,11652,35
Oregon,Portland General Electric,2019,Dec,97006,18435,41
Oregon,Portland General Electric,2019,Dec,97007,17880,25
Oregon,Portland General Electric,2019,Dec,97008,11941,27
Oregon,Portland General Electric,2019,Dec,97009,3379,11
Oregon,Portland General Electric,2019,Dec,97010,2,0
Oregon,Portland General Electric,2019,Dec,97011,501,1
Oregon,Portland General Electric,2019,Dec,97013,2356,4
Oregon,Portland General Electric,2019,Dec,97015,8683,29
Oregon,Portland General Electric,2019,Dec,97017,1107,3
Oregon,Portland General Electric,2019,Dec,97019,1211,6
Oregon,Portland General Electric,2019,Dec,97020,375,0
Oregon,Portland General Electric,2019,Dec,97022,1441,4
Oregon,Portland General Electric,2019,Dec,97023,4511,8
Oregon,Portland General Electric,2019,Dec,97024,4514,8
Oregon,Portland General Electric,2019,Dec,97026,1153,4
Oregon,Portland General Electric,2019,Dec,97027,4939,10
Oregon,Portland General Electric,2019,Dec,97028,714,0
Oregon,Portland General Electric,2019,Dec,97030,14924,62
Oregon,Portland General Electric,2019,Dec,97032,1731,3
Oregon,Portland General Electric,2019,Dec,97034,8433,4
Oregon,Portland General Electric,2019,Dec,97035,11147,8
Oregon,Portland General Electric,2019,Dec,97036,2,0
Oregon,Portland General Electric,2019,Dec,97038,6254,12
Oregon,Portland General Electric,2019,Dec,97042,1205,1
Oregon,Portland General Electric,2019,Dec,97045,21789,40
Oregon,Portland General Electric,2019,Dec,97049,1747,0
Oregon,Portland General Electric,2019,Dec,97055,7764,9
Oregon,Portland General Electric,2019,Dec,97056,29,0
Oregon,Portland General Electric,2019,Dec,97060,7579,20
Oregon,Portland General Electric,2019,Dec,97062,11329,34
Oregon,Portland General Electric,2019,Dec,97067,1240,3
Oregon,Portland General Electric,2019,Dec,97068,11593,2
Oregon,Portland General Electric,2019,Dec,97070,11201,16
Oregon,Portland General Electric,2019,Dec,97071,9487,11
Oregon,Portland General Electric,2019,Dec,97078,9169,29
Oregon,Portland General Electric,2019,Dec,97080,15978,37
Oregon,Portland General Electric,2019,Dec,97086,11866,26
Oregon,Portland General Electric,2019,Dec,97089,4764,5
Oregon,Portland General Electric,2019,Dec,97101,1518,2
Oregon,Portland General Electric,2019,Dec,97106,1530,0
Oregon,Portland General Electric,2019,Dec,97109,82,0
Oregon,Portland General Electric,2019,Dec,97111,1430,1
Oregon,Portland General Electric,2019,Dec,97113,4700,3
Oregon,Portland General Electric,2019,Dec,97114,1742,4
Oregon,Portland General Electric,2019,Dec,97115,1682,0
Oregon,Portland General Electric,2019,Dec,97116,832,0
Oregon,Portland General Electric,2019,Dec,97117,264,0
Oregon,Portland General Electric,2019,Dec,97119,1610,4
Oregon,Portland General Electric,2019,Dec,97123,16695,30
Oregon,Portland General Electric,2019,Dec,97124,21583,37
Oregon,Portland General Electric,2019,Dec,97125,18,0
Oregon,Portland General Electric,2019,Dec,97127,1429,1
Oregon,Portland General Electric,2019,Dec,97128,495,0
Oregon,Portland General Electric,2019,Dec,97132,11571,16
Oregon,Portland General Electric,2019,Dec,97133,2161,3
Oregon,Portland General Electric,2019,Dec,97137,483,0
Oregon,Portland General Electric,2019,Dec,97140,9448,12
Oregon,Portland General Electric,2019,Dec,97148,1272,0
Oregon,Portland General Electric,2019,Dec,97201,7257,3
Oregon,Portland General Electric,2019,Dec,97202,19367,39
Oregon,Portland General Electric,2019,Dec,97203,12654,21
Oregon,Portland General Electric,2019,Dec,97204,287,0
Oregon,Portland General Electric,2019,Dec,97205,2600,1
Oregon,Portland General Electric,2019,Dec,97206,21267,32
Oregon,Portland General Electric,2019,Dec,97209,14180,14
Oregon,Portland General Electric,2019,Dec,97210,7499,3
Oregon,Portland General Electric,2019,Dec,97211,1,0
Oregon,Portland General Electric,2019,Dec,97213,3013,3
Oregon,Portland General Electric,2019,Dec,97214,14687,14
Oregon,Portland General Electric,2019,Dec,97215,7575,7
Oregon,Portland General Electric,2019,Dec,97216,4190,6
Oregon,Portland General Electric,2019,Dec,97217,12117,14
Oregon,Portland General Electric,2019,Dec,97219,17384,34
Oregon,Portland General Electric,2019,Dec,97221,5262,4
Oregon,Portland General Electric,2019,Dec,97222,15426,54
Oregon,Portland General Electric,2019,Dec,97223,20321,54
Oregon,Portland General Electric,2019,Dec,97224,15609,25
Oregon,Portland General Electric,2019,Dec,97225,11544,17
Oregon,Portland General Electric,2019,Dec,97227,421,0
Oregon,Portland General Electric,2019,Dec,97229,27170,32
Oregon,Portland General Electric,2019,Dec,97230,15345,55
Oregon,Portland General Electric,2019,Dec,97231,2008,1
Oregon,Portland General Electric,2019,Dec,97232,4719,2
Oregon,Portland General Electric,2019,Dec,97233,14749,67
Oregon,Portland General Electric,2019,Dec,97236,13699,39
Oregon,Portland General Electric,2019,Dec,97239,9668,1
Oregon,Portland General Electric,2019,Dec,97266,13196,35
Oregon,Portland General Electric,2019,Dec,97267,12734,24
Oregon,Portland General Electric,2019,Dec,97301,18479,82
Oregon,Portland General Electric,2019,Dec,97302,16767,34
Oregon,Portland General Electric,2019,Dec,97303,10647,14
Oregon,Portland General Electric,2019,Dec,97304,1250,1
Oregon,Portland General Electric,2019,Dec,97305,14811,74
Oregon,Portland General Electric,2019,Dec,97306,13372,12
Oregon,Portland General Electric,2019,Dec,97317,8331,32
Oregon,Portland General Electric,2019,Dec,97325,154,0
Oregon,Portland General Electric,2019,Dec,97338,238,0
Oregon,Portland General Electric,2019,Dec,97347,783,3
Oregon,Portland General Electric,2019,Dec,97352,121,0
Oregon,Portland General Electric,2019,Dec,97362,1466,3
Oregon,Portland General Electric,2019,Dec,97371,101,0
Oregon,Portland General Electric,2019,Dec,97375,504,1
Oregon,Portland General Electric,2019,Dec,97378,2779,8
Oregon,Portland General Electric,2019,Dec,97381,6245,9
Oregon,Portland General Electric,2019,Dec,97385,137,1
Oregon,Portland General Electric,2019,Dec,97392,1695,2
Oregon,Portland General Electric,2019,Dec,97396,1337,4
Oregon,Northwest Natural Gas Company,2019,December,97002,765,0
Oregon,Northwest Natural Gas Company,2019,December,97003,6806,9
Oregon,Northwest Natural Gas Company,2019,December,97004,224,0
Oregon,Northwest Natural Gas Company,2019,December,97005,4302,3
Oregon,Northwest Natural Gas Company,2019,December,97006,9291,6
Oregon,Northwest Natural Gas Company,2019,December,97007,13452,8
Oregon,Northwest Natural Gas Company,2019,December,97008,6303,5
Oregon,Northwest Natural Gas Company,2019,December,97009,1031,0
Oregon,Northwest Natural Gas Company,2019,December,97013,3387,0
Oregon,Northwest Natural Gas Company,2019,December,97015,4566,7
Oregon,Northwest Natural Gas Company,2019,December,97016,110,1
Oregon,Northwest Natural Gas Company,2019,December,97018,651,1
Oregon,Northwest Natural Gas Company,2019,December,97020,158,0
Oregon,Northwest Natural Gas Company,2019,December,97024,2002,2
Oregon,Northwest Natural Gas Company,2019,December,97026,353,0
Oregon,Northwest Natural Gas Company,2019,December,97027,2933,8
Oregon,Northwest Natural Gas Company,2019,December,97030,6405,13
Oregon,Northwest Natural Gas Company,2019,December,97031,3556,1
Oregon,Northwest Natural Gas Company,2019,December,97032,869,0
Oregon,Northwest Natural Gas Company,2019,December,97034,6730,5
Oregon,Northwest Natural Gas Company,2019,December,97035,6981,9
Oregon,Northwest Natural Gas Company,2019,December,97036,1,0
Oregon,Northwest Natural Gas Company,2019,December,97038,2089,2
Oregon,Northwest Natural Gas Company,2019,December,97042,118,0
Oregon,Northwest Natural Gas Company,2019,December,97045,11198,20
Oregon,Northwest Natural Gas Company,2019,December,97048,387,0
Oregon,Northwest Natural Gas Company,2019,December,97051,3145,1
Oregon,Northwest Natural Gas Company,2019,December,97053,611,0
Oregon,Northwest Natural Gas Company,2019,December,97054,17,0
Oregon,Northwest Natural Gas Company,2019,December,97055,3310,4
Oregon,Northwest Natural Gas Company,2019,December,97056,2388,4
Oregon,Northwest Natural Gas Company,2019,December,97058,1585,0
Oregon,Northwest Natural Gas Company,2019,December,97060,4728,8
Oregon,Northwest Natural Gas Company,2019,December,97062,6087,4
Oregon,Northwest Natural Gas Company,2019,December,97064,684,0
Oregon,Northwest Natural Gas Company,2019,December,97068,9337,11
Oregon,Northwest Natural Gas Company,2019,December,97070,5988,6
Oregon,Northwest Natural Gas Company,2019,December,97071,5036,0
Oregon,Northwest Natural Gas Company,2019,December,97078,5766,13
Oregon,Northwest Natural Gas Company,2019,December,97080,10741,15
Oregon,Northwest Natural Gas Company,2019,December,97086,8352,11
Oregon,Northwest Natural Gas Company,2019,December,97089,3269,5
Oregon,Northwest Natural Gas Company,2019,December,97101,292,0
Oregon,Northwest Natural Gas Company,2019,December,97103,3992,5
Oregon,Northwest Natural Gas Company,2019,December,97106,431,0
Oregon,Northwest Natural Gas Company,2019,December,97110,1315,0
Oregon,Northwest Natural Gas Company,2019,December,97111,23,0
Oregon,Northwest Natural Gas Company,2019,December,97113,2139,1
Oregon,Northwest Natural Gas Company,2019,December,97114,17,0
Oregon,Northwest Natural Gas Company,2019,December,97115,940,2
Oregon,Northwest Natural Gas Company,2019,December,97116,3312,1
Oregon,Northwest Natural Gas Company,2019,December,97121,417,0
Oregon,Northwest Natural Gas Company,2019,December,97123,10581,13
Oregon,Northwest Natural Gas Company,2019,December,97124,10678,8
Oregon,Northwest Natural Gas Company,2019,December,97127,800,1
Oregon,Northwest Natural Gas Company,2019,December,97128,3013,3
Oregon,Northwest Natural Gas Company,2019,December,97132,5419,2
Oregon,Northwest Natural Gas Company,2019,December,97133,997,1
Oregon,Northwest Natural Gas Company,2019,December,97138,4192,3
Oregon,Northwest Natural Gas Company,2019,December,97140,6531,8
Oregon,Northwest Natural Gas Company,2019,December,97145,1,0
Oregon,Northwest Natural Gas Company,2019,December,97146,2062,1
Oregon,Northwest Natural Gas Company,2019,December,97201,2329,1
Oregon,Northwest Natural Gas Company,2019,December,97202,11352,14
Oregon,Northwest Natural Gas Company,2019,December,97203,7366,17
Oregon,Northwest Natural Gas Company,2019,December,97204,140,0
Oregon,Northwest Natural Gas Company,2019,December,97205,938,1
Oregon,Northwest Natural Gas Company,2019,December,97206,13579,12
Oregon,Northwest Natural Gas Company,2019,December,97209,1894,4
Oregon,Northwest Natural Gas Company,2019,December,97210,4066,8
Oregon,Northwest Natural Gas Company,2019,December,97211,10242,20
Oregon,Northwest Natural Gas Company,2019,December,97212,8470,6
Oregon,Northwest Natural Gas Company,2019,December,97213,9661,4
Oregon,Northwest Natural Gas Company,2019,December,97214,8105,15
Oregon,Northwest Natural Gas Company,2019,December,97215,5691,3
Oregon,Northwest Natural Gas Company,2019,December,97216,3400,7
Oregon,Northwest Natural Gas Company,2019,December,97217,10387,36
Oregon,Northwest Natural Gas Company,2019,December,97218,3580,7
Oregon,Northwest Natural Gas Company,2019,December,97219,12283,4
Oregon,Northwest Natural Gas Company,2019,December,97220,6581,20
Oregon,Northwest Natural Gas Company,2019,December,97221,3914,1
Oregon,Northwest Natural Gas Company,2019,December,97222,7922,14
Oregon,Northwest Natural Gas Company,2019,December,97223,12815,12
Oregon,Northwest Natural Gas Company,2019,December,97224,10359,6
Oregon,Northwest Natural Gas Company,2019,December,97225,7248,9
Oregon,Northwest Natural Gas Company,2019,December,97227,1376,3
Oregon,Northwest Natural Gas Company,2019,December,97229,20354,16
Oregon,Northwest Natural Gas Company,2019,December,97230,9320,12
Oregon,Northwest Natural Gas Company,2019,December,97231,775,1
Oregon,Northwest Natural Gas Company,2019,December,97232,2906,2
Oregon,Northwest Natural Gas Company,2019,December,97233,6171,11
Oregon,Northwest Natural Gas Company,2019,December,97236,7126,27
Oregon,Northwest Natural Gas Company,2019,December,97239,3964,1
Oregon,Northwest Natural Gas Company,2019,December,97266,7188,15
Oregon,Northwest Natural Gas Company,2019,December,97267,8604,13
Oregon,Northwest Natural Gas Company,2019,December,97301,8387,10
Oregon,Northwest Natural Gas Company,2019,December,97302,10085,13
Oregon,Northwest Natural Gas Company,2019,December,97303,8907,8
Oregon,Northwest Natural Gas Company,2019,December,97304,7091,1
Oregon,Northwest Natural Gas Company,2019,December,97305,6416,31
Oregon,Northwest Natural Gas Company,2019,December,97306,8309,12
Oregon,Northwest Natural Gas Company,2019,December,97310,9,0
Oregon,Northwest Natural Gas Company,2019,December,97317,3801,3
Oregon,Northwest Natural Gas Company,2019,December,97321,8360,9
Oregon,Northwest Natural Gas Company,2019,December,97322,7179,13
Oregon,Northwest Natural Gas Company,2019,December,97325,768,0
Oregon,Northwest Natural Gas Company,2019,December,97327,470,1
Oregon,Northwest Natural Gas Company,2019,December,97330,9124,5
Oregon,Northwest Natural Gas Company,2019,December,97333,4361,2
Oregon,Northwest Natural Gas Company,2019,December,97338,4196,7
Oregon,Northwest Natural Gas Company,2019,December,97341,1306,1
Oregon,Northwest Natural Gas Company,2019,December,97345,10,0
Oregon,Northwest Natural Gas Company,2019,December,97347,220,0
Oregon,Northwest Natural Gas Company,2019,December,97348,219,0
Oregon,Northwest Natural Gas Company,2019,December,97351,1651,1
Oregon,Northwest Natural Gas Company,2019,December,97352,759,0
Oregon,Northwest Natural Gas Company,2019,December,97355,5039,5
Oregon,Northwest Natural Gas Company,2019,December,97358,409,0
Oregon,Northwest Natural Gas Company,2019,December,97360,490,1
Oregon,Northwest Natural Gas Company,2019,December,97361,1263,1
Oregon,Northwest Natural Gas Company,2019,December,97362,701,1
Oregon,Northwest Natural Gas Company,2019,December,97364,216,0
Oregon,Northwest Natural Gas Company,2019,December,97365,1600,1
Oregon,Northwest Natural Gas Company,2019,December,97366,169,0
Oregon,Northwest Natural Gas Company,2019,December,97367,4008,3
Oregon,Northwest Natural Gas Company,2019,December,97368,937,1
Oregon,Northwest Natural Gas Company,2019,December,97370,1197,1
Oregon,Northwest Natural Gas Company,2019,December,97371,42,0
Oregon,Northwest Natural Gas Company,2019,December,97372,11,0
Oregon,Northwest Natural Gas Company,2019,December,97374,299,0
Oregon,Northwest Natural Gas Company,2019,December,97377,55,0
Oregon,Northwest Natural Gas Company,2019,December,97378,805,1
Oregon,Northwest Natural Gas Company,2019,December,97380,154,0
Oregon,Northwest Natural Gas Company,2019,December,97381,2814,6
Oregon,Northwest Natural Gas Company,2019,December,97383,1707,0
Oregon,Northwest Natural Gas Company,2019,December,97384,34,0
Oregon,Northwest Natural Gas Company,2019,December,97385,754,0
Oregon,Northwest Natural Gas Company,2019,December,97386,2138,7
Oregon,Northwest Natural Gas Company,2019,December,97388,1046,0
Oregon,Northwest Natural Gas Company,2019,December,97389,311,0
Oregon,Northwest Natural Gas Company,2019,December,97391,291,0
Oregon,Northwest Natural Gas Company,2019,December,97392,848,1
Oregon,Northwest Natural Gas Company,2019,December,97396,399,0
Oregon,Northwest Natural Gas Company,2019,December,97401,5454,8
Oregon,Northwest Natural Gas Company,2019,December,97402,4574,10
Oregon,Northwest Natural Gas Company,2019,December,97403,1463,1
Oregon,Northwest Natural Gas Company,2019,December,97404,6185,6
Oregon,Northwest Natural Gas Company,2019,December,97405,6856,2
Oregon,Northwest Natural Gas Company,2019,December,97408,2688,0
Oregon,Avista Utilities,2019,December,97417,310,4
Oregon,Northwest Natural Gas Company,2019,December,97420,750,0
Oregon,Northwest Natural Gas Company,2019,December,97423,195,0
Oregon,Northwest Natural Gas Company,2019,December,97424,2295,7
Oregon,Northwest Natural Gas Company,2019,December,97426,1251,1
Oregon,Avista Utilities,2019,December,97432,54,0
Oregon,Northwest Natural Gas Company,2019,December,97438,10,0
Oregon,Avista Utilities,2019,December,97442,151,0
Oregon,Northwest Natural Gas Company,2019,December,97446,579,1
Oregon,Northwest Natural Gas Company,2019,December,97448,1394,1
Oregon,Northwest Natural Gas Company,2019,December,97455,134,0
Oregon,Avista Utilities,2019,December,97457,1446,4
Oregon,Northwest Natural Gas Company,2019,December,97458,120,0
Oregon,Northwest Natural Gas Company,2019,December,97459,520,1
Oregon,Avista Utilities,2019,December,97462,269,1
Oregon,Avista Utilities,2019,December,97469,272,0
Oregon,Avista Utilities,2019,December,97470,3506,10
Oregon,Avista Utilities,2019,December,97471,4930,3
Oregon,Northwest Natural Gas Company,2019,December,97477,2856,4
Oregon,Northwest Natural Gas Company,2019,December,97478,2245,1
Oregon,Avista Utilities,2019,December,97479,1610,3
Oregon,Avista Utilities,2019,December,97495,498,1
Oregon,Avista Utilities,2019,December,97496,1104,2
Oregon,Avista Utilities,2019,December,97497,2,0
Oregon,Avista Utilities,2019,December,97501,9361,4
Oregon,Avista Utilities,2019,December,97502,6281,2
Oregon,Avista Utilities,2019,December,97503,1631,3
Oregon,Avista Utilities,2019,December,97504,12663,11
Oregon,Avista Utilities,2019,December,97520,7266,5
Oregon,Avista Utilities,2019,December,97524,2641,7
Oregon,Avista Utilities,2019,December,97525,581,2
Oregon,Avista Utilities,2019,December,97526,6282,17
Oregon,Avista Utilities,2019,December,97527,5446,5
Oregon,Avista Utilities,2019,December,97528,2,0
Oregon,Avista Utilities,2019,December,97530,1198,0
Oregon,Avista Utilities,2019,December,97535,1144,0
Oregon,Avista Utilities,2019,December,97537,533,1
Oregon,Avista Utilities,2019,December,97539,208,2
Oregon,Avista Utilities,2019,December,97540,1611,0
Oregon,Avista Utilities,2019,December,97601,6388,20
Oregon,Avista Utilities,2019,December,97603,8667,33
Oregon,Avista Utilities,2019,December,97623,51,0
Oregon,Avista Utilities,2019,December,97627,198,1
Oregon,Avista Utilities,2019,December,97632,126,1
Oregon,Avista Utilities,2019,December,97634,24,0
Oregon,Idaho Power,2019,December,97814,1,0
Oregon,Idaho Power,2019,December,97819,27,0
Oregon,Avista Utilities,2019,December,97824,306,0
Oregon,Avista Utilities,2019,December,97827,536,0
Oregon,Idaho Power,2019,December,97834,649,0
Oregon,Idaho Power,2019,December,97837,70,0
Oregon,Idaho Power,2019,December,97840,97,0
Oregon,Avista Utilities,2019,December,97841,129,0
Oregon,Avista Utilities,2019,December,97850,4956,0
Oregon,Avista Utilities,2019,December,97867,147,1
Oregon,Idaho Power,2019,December,97870,438,0
Oregon,Avista Utilities,2019,December,97876,50,0
Oregon,Avista Utilities,2019,December,97883,762,1
Oregon,Idaho Power,2019,December,97884,166,0
Oregon,Idaho Power,2019,December,97901,363,0
Oregon,Idaho Power,2019,December,97902,29,0
Oregon,Idaho Power,2019,December,97903,84,0
Oregon,Idaho Power,2019,December,97904,110,0
Oregon,Idaho Power,2019,December,97905,116,0
Oregon,Idaho Power,2019,December,97906,141,0
Oregon,Idaho Power,2019,December,97907,375,2
Oregon,Idaho Power,2019,December,97908,59,0
Oregon,Idaho Power,2019,December,97909,46,0
Oregon,Idaho Power,2019,December,97910,350,0
Oregon,Idaho Power,2019,December,97911,90,0
Oregon,Idaho Power,2019,December,97913,2129,0
Oregon,Idaho Power,2019,December,97914,2836,3
Oregon,Idaho Power,2019,December,97917,0,0
Oregon,Idaho Power,2019,December,97918,1989,3
Oregon,Idaho Power,2019,December,97920,34,0
Oregon,Northwest Natural Gas Company,2019,February,97002,765,2
Oregon,Northwest Natural Gas Company,2019,February,97003,6788,24
Oregon,Northwest Natural Gas Company,2019,February,97004,223,0
Oregon,Northwest Natural Gas Company,2019,February,97005,4251,5
Oregon,Northwest Natural Gas Company,2019,February,97006,9282,6
Oregon,Northwest Natural Gas Company,2019,February,97007,13310,10
Oregon,Northwest Natural Gas Company,2019,February,97008,6286,7
Oregon,Northwest Natural Gas Company,2019,February,97009,1017,1
Oregon,Northwest Natural Gas Company,2019,February,97013,3288,5
Oregon,Northwest Natural Gas Company,2019,February,97015,4534,6
Oregon,Northwest Natural Gas Company,2019,February,97016,107,0
Oregon,Northwest Natural Gas Company,2019,February,97018,649,1
Oregon,Northwest Natural Gas Company,2019,February,97020,156,1
Oregon,Northwest Natural Gas Company,2019,February,97024,1992,5
Oregon,Northwest Natural Gas Company,2019,February,97026,346,0
Oregon,Northwest Natural Gas Company,2019,February,97027,2922,15
Oregon,Northwest Natural Gas Company,2019,February,97030,6387,21
Oregon,Northwest Natural Gas Company,2019,February,97031,3492,0
Oregon,Northwest Natural Gas Company,2019,February,97032,861,0
Oregon,Northwest Natural Gas Company,2019,February,97034,6688,3
Oregon,Northwest Natural Gas Company,2019,February,97035,6947,4
Oregon,Northwest Natural Gas Company,2019,February,97036,1,0
Oregon,Northwest Natural Gas Company,2019,February,97038,2023,4
Oregon,Northwest Natural Gas Company,2019,February,97042,112,0
Oregon,Northwest Natural Gas Company,2019,February,97045,11072,27
Oregon,Northwest Natural Gas Company,2019,February,97048,380,2
Oregon,Northwest Natural Gas Company,2019,February,97051,3115,1
Oregon,Northwest Natural Gas Company,2019,February,97053,605,0
Oregon,Northwest Natural Gas Company,2019,February,97054,19,0
Oregon,Northwest Natural Gas Company,2019,February,97055,3272,6
Oregon,Northwest Natural Gas Company,2019,February,97056,2371,2
Oregon,Northwest Natural Gas Company,2019,February,97058,1567,0
Oregon,Northwest Natural Gas Company,2019,February,97060,4687,12
Oregon,Northwest Natural Gas Company,2019,February,97062,6027,4
Oregon,Northwest Natural Gas Company,2019,February,97064,669,2
Oregon,Northwest Natural Gas Company,2019,February,97068,9297,26
Oregon,Northwest Natural Gas Company,2019,February,97070,5916,15
Oregon,Northwest Natural Gas Company,2019,February,97071,5004,12
Oregon,Northwest Natural Gas Company,2019,February,97078,5761,12
Oregon,Northwest Natural Gas Company,2019,February,97080,10543,18
Oregon,Northwest Natural Gas Company,2019,February,97086,8240,24
Oregon,Northwest Natural Gas Company,2019,February,97089,3241,2
Oregon,Northwest Natural Gas Company,2019,February,97101,290,1
Oregon,Northwest Natural Gas Company,2019,February,97103,3970,1
Oregon,Northwest Natural Gas Company,2019,February,97106,419,0
Oregon,Northwest Natural Gas Company,2019,February,97110,1304,0
Oregon,Northwest Natural Gas Company,2019,February,97111,22,0
Oregon,Northwest Natural Gas Company,2019,February,97113,2069,2
Oregon,Northwest Natural Gas Company,2019,February,97114,17,0
Oregon,Northwest Natural Gas Company,2019,February,97115,928,1
Oregon,Northwest Natural Gas Company,2019,February,97116,3227,10
Oregon,Northwest Natural Gas Company,2019,February,97121,410,0
Oregon,Northwest Natural Gas Company,2019,February,97123,10392,26
Oregon,Northwest Natural Gas Company,2019,February,97124,10659,17
Oregon,Northwest Natural Gas Company,2019,February,97127,800,2
Oregon,Northwest Natural Gas Company,2019,February,97128,2914,2
Oregon,Northwest Natural Gas Company,2019,February,97132,5325,10
Oregon,Northwest Natural Gas Company,2019,February,97133,913,0
Oregon,Northwest Natural Gas Company,2019,February,97138,4147,11
Oregon,Northwest Natural Gas Company,2019,February,97140,6506,20
Oregon,Northwest Natural Gas Company,2019,February,97146,2031,3
Oregon,Northwest Natural Gas Company,2019,February,97201,2304,4
Oregon,Northwest Natural Gas Company,2019,February,97202,11236,19
Oregon,Northwest Natural Gas Company,2019,February,97203,7310,1
Oregon,Northwest Natural Gas Company,2019,February,97204,7,0
Oregon,Northwest Natural Gas Company,2019,February,97205,937,0
Oregon,Northwest Natural Gas Company,2019,February,97206,13487,28
Oregon,Northwest Natural Gas Company,2019,February,97209,1647,0
Oregon,Northwest Natural Gas Company,2019,February,97210,3936,3
Oregon,Northwest Natural Gas Company,2019,February,97211,10115,35
Oregon,Northwest Natural Gas Company,2019,February,97212,8425,15
Oregon,Northwest Natural Gas Company,2019,February,97213,9616,23
Oregon,Northwest Natural Gas Company,2019,February,97214,7942,24
Oregon,Northwest Natural Gas Company,2019,February,97215,5646,16
Oregon,Northwest Natural Gas Company,2019,February,97216,3371,11
Oregon,Northwest Natural Gas Company,2019,February,97217,10246,20
Oregon,Northwest Natural Gas Company,2019,February,97218,3533,10
Oregon,Northwest Natural Gas Company,2019,February,97219,12233,16
Oregon,Northwest Natural Gas Company,2019,February,97220,6535,17
Oregon,Northwest Natural Gas Company,2019,February,97221,3915,3
Oregon,Northwest Natural Gas Company,2019,February,97222,7880,20
Oregon,Northwest Natural Gas Company,2019,February,97223,12769,15
Oregon,Northwest Natural Gas Company,2019,February,97224,10253,6
Oregon,Northwest Natural Gas Company,2019,February,97225,7218,8
Oregon,Northwest Natural Gas Company,2019,February,97227,1034,0
Oregon,Northwest Natural Gas Company,2019,February,97229,20001,22
Oregon,Northwest Natural Gas Company,2019,February,97230,9243,16
Oregon,Northwest Natural Gas Company,2019,February,97231,768,1
Oregon,Northwest Natural Gas Company,2019,February,97232,2892,10
Oregon,Northwest Natural Gas Company,2019,February,97233,6152,20
Oregon,Northwest Natural Gas Company,2019,February,97236,7074,29
Oregon,Northwest Natural Gas Company,2019,February,97239,3964,6
Oregon,Northwest Natural Gas Company,2019,February,97266,7130,28
Oregon,Northwest Natural Gas Company,2019,February,97267,8576,10
Oregon,Northwest Natural Gas Company,2019,February,97301,8368,18
Oregon,Northwest Natural Gas Company,2019,February,97302,10040,6
Oregon,Northwest Natural Gas Company,2019,February,97303,8880,15
Oregon,Northwest Natural Gas Company,2019,February,97304,6961,9
Oregon,Northwest Natural Gas Company,2019,February,97305,6268,14
Oregon,Northwest Natural Gas Company,2019,February,97306,8149,10
Oregon,Northwest Natural Gas Company,2019,February,97310,9,0
Oregon,Northwest Natural Gas Company,2019,February,97317,3770,6
Oregon,Northwest Natural Gas Company,2019,February,97321,8227,13
Oregon,Northwest Natural Gas Company,2019,February,97322,7095,14
Oregon,Northwest Natural Gas Company,2019,February,97325,734,0
Oregon,Northwest Natural Gas Company,2019,February,97327,461,0
Oregon,Northwest Natural Gas Company,2019,February,97330,9106,4
Oregon,Northwest Natural Gas Company,2019,February,97333,4342,3
Oregon,Northwest Natural Gas Company,2019,February,97338,4063,10
Oregon,Northwest Natural Gas Company,2019,February,97341,1298,2
Oregon,Northwest Natural Gas Company,2019,February,97345,9,0
Oregon,Northwest Natural Gas Company,2019,February,97347,219,5
Oregon,Northwest Natural Gas Company,2019,February,97348,214,0
Oregon,Northwest Natural Gas Company,2019,February,97351,1603,6
Oregon,Northwest Natural Gas Company,2019,February,97352,758,9
Oregon,Northwest Natural Gas Company,2019,February,97355,5030,15
Oregon,Northwest Natural Gas Company,2019,February,97358,401,0
Oregon,Northwest Natural Gas Company,2019,February,97360,484,0
Oregon,Northwest Natural Gas Company,2019,February,97361,1260,2
Oregon,Northwest Natural Gas Company,2019,February,97362,695,1
Oregon,Northwest Natural Gas Company,2019,February,97364,217,0
Oregon,Northwest Natural Gas Company,2019,February,97365,1583,0
Oregon,Northwest Natural Gas Company,2019,February,97366,171,0
Oregon,Northwest Natural Gas Company,2019,February,97367,3962,4
Oregon,Northwest Natural Gas Company,2019,February,97368,929,1
Oregon,Northwest Natural Gas Company,2019,February,97370,1186,0
Oregon,Northwest Natural Gas Company,2019,February,97371,41,0
Oregon,Northwest Natural Gas Company,2019,February,97372,11,0
Oregon,Northwest Natural Gas Company,2019,February,97374,297,0
Oregon,Northwest Natural Gas Company,2019,February,97377,56,1
Oregon,Northwest Natural Gas Company,2019,February,97378,803,4
Oregon,Northwest Natural Gas Company,2019,February,97380,155,1
Oregon,Northwest Natural Gas Company,2019,February,97381,2779,9
Oregon,Northwest Natural Gas Company,2019,February,97383,1686,1
Oregon,Northwest Natural Gas Company,2019,February,97384,35,0
Oregon,Northwest Natural Gas Company,2019,February,97385,717,0
Oregon,Northwest Natural Gas Company,2019,February,97386,2126,5
Oregon,Northwest Natural Gas Company,2019,February,97388,1033,1
Oregon,Northwest Natural Gas Company,2019,February,97389,311,0
Oregon,Northwest Natural Gas Company,2019,February,97391,287,1
Oregon,Northwest Natural Gas Company,2019,February,97392,783,0
Oregon,Northwest Natural Gas Company,2019,February,97396,389,2
Oregon,Northwest Natural Gas Company,2019,February,97401,5289,4
Oregon,Northwest Natural Gas Company,2019,February,97402,4523,7
Oregon,Northwest Natural Gas Company,2019,February,97403,1464,0
Oregon,Northwest Natural Gas Company,2019,February,97404,6097,1
Oregon,Northwest Natural Gas Company,2019,February,97405,6759,0
Oregon,Northwest Natural Gas Company,2019,February,97408,2604,3
Oregon,Avista Utilities,2019,February,97417,309,1
Oregon,Northwest Natural Gas Company,2019,February,97420,723,0
Oregon,Northwest Natural Gas Company,2019,February,97423,181,1
Oregon,Northwest Natural Gas Company,2019,February,97424,2278,2
Oregon,Northwest Natural Gas Company,2019,February,97426,1238,0
Oregon,Avista Utilities,2019,February,97432,56,0
Oregon,Northwest Natural Gas Company,2019,February,97438,10,0
Oregon,Avista Utilities,2019,February,97442,148,2
Oregon,Northwest Natural Gas Company,2019,February,97446,579,0
Oregon,Northwest Natural Gas Company,2019,February,97448,1389,0
Oregon,Northwest Natural Gas Company,2019,February,97455,134,0
Oregon,Avista Utilities,2019,February,97457,1440,2
Oregon,Northwest Natural Gas Company,2019,February,97458,112,1
Oregon,Northwest Natural Gas Company,2019,February,97459,493,2
Oregon,Avista Utilities,2019,February,97462,267,1
Oregon,Avista Utilities,2019,February,97469,271,1
Oregon,Avista Utilities,2019,February,97470,3466,17
Oregon,Avista Utilities,2019,February,97471,4872,10
Oregon,Northwest Natural Gas Company,2019,February,97477,2810,5
Oregon,Northwest Natural Gas Company,2019,February,97478,2240,1
Oregon,Avista Utilities,2019,February,97479,1558,4
Oregon,Avista Utilities,2019,February,97495,489,2
Oregon,Avista Utilities,2019,February,97496,1096,3
Oregon,Avista Utilities,2019,February,97497,2,0
Oregon,Avista Utilities,2019,February,97501,9249,39
Oregon,Avista Utilities,2019,February,97502,6199,6
Oregon,Avista Utilities,2019,February,97503,1577,6
Oregon,Avista Utilities,2019,February,97504,12433,23
Oregon,Avista Utilities,2019,February,97520,7155,11
Oregon,Avista Utilities,2019,February,97524,2568,8
Oregon,Avista Utilities,2019,February,97525,573,2
Oregon,Avista Utilities,2019,February,97526,6205,16
Oregon,Avista Utilities,2019,February,97527,5382,12
Oregon,Avista Utilities,2019,February,97528,2,0
Oregon,Avista Utilities,2019,February,97530,1177,0
Oregon,Avista Utilities,2019,February,97535,1138,3
Oregon,Avista Utilities,2019,February,97537,535,6
Oregon,Avista Utilities,2019,February,97539,193,0
Oregon,Avista Utilities,2019,February,97540,1593,7
Oregon,Avista Utilities,2019,February,97601,6247,29
Oregon,Avista Utilities,2019,February,97603,8527,7
Oregon,Avista Utilities,2019,February,97623,44,0
Oregon,Avista Utilities,2019,February,97627,196,0
Oregon,Avista Utilities,2019,February,97632,128,0
Oregon,Avista Utilities,2019,February,97634,24,0
Oregon,Idaho Power,2019,February,97819,25,0
Oregon,Avista Utilities,2019,February,97824,298,1
Oregon,Avista Utilities,2019,February,97827,523,1
Oregon,Idaho Power,2019,February,97834,647,0
Oregon,Idaho Power,2019,February,97837,70,0
Oregon,Idaho Power,2019,February,97840,99,0
Oregon,Avista Utilities,2019,February,97841,128,0
Oregon,Avista Utilities,2019,February,97850,4917,10
Oregon,Avista Utilities,2019,February,97867,147,0
Oregon,Idaho Power,2019,February,97870,428,0
Oregon,Avista Utilities,2019,February,97876,50,0
Oregon,Avista Utilities,2019,February,97883,770,0
Oregon,Idaho Power,2019,February,97884,165,0
Oregon,Idaho Power,2019,February,97901,358,0
Oregon,Idaho Power,2019,February,97902,28,0
Oregon,Idaho Power,2019,February,97903,81,0
Oregon,Idaho Power,2019,February,97904,110,0
Oregon,Idaho Power,2019,February,97905,118,0
Oregon,Idaho Power,2019,February,97906,138,1
Oregon,Idaho Power,2019,February,97907,367,2
Oregon,Idaho Power,2019,February,97908,62,0
Oregon,Idaho Power,2019,February,97909,46,0
Oregon,Idaho Power,2019,February,97910,327,0
Oregon,Idaho Power,2019,February,97911,89,0
Oregon,Idaho Power,2019,February,97913,2122,8
Oregon,Idaho Power,2019,February,97914,6830,47
Oregon,Idaho Power,2019,February,97918,1968,8
Oregon,Idaho Power,2019,February,97920,34,0
Oregon,Idaho Power,2019,January,83642,1,0
Oregon,Northwest Natural Gas Company,2019,January,97002,763,0
Oregon,Northwest Natural Gas Company,2019,January,97003,6786,14
Oregon,Northwest Natural Gas Company,2019,January,97004,222,0
Oregon,Northwest Natural Gas Company,2019,January,97005,4249,8
Oregon,Northwest Natural Gas Company,2019,January,97006,9279,20
Oregon,Northwest Natural Gas Company,2019,January,97007,13302,22
Oregon,Northwest Natural Gas Company,2019,January,97008,6285,7
Oregon,Northwest Natural Gas Company,2019,January,97009,1016,4
Oregon,Northwest Natural Gas Company,2019,January,97013,3279,3
Oregon,Northwest Natural Gas Company,2019,January,97015,4535,10
Oregon,Northwest Natural Gas Company,2019,January,97016,106,0
Oregon,Northwest Natural Gas Company,2019,January,97018,649,0
Oregon,Northwest Natural Gas Company,2019,January,97020,155,1
Oregon,Northwest Natural Gas Company,2019,January,97024,1991,3
Oregon,Northwest Natural Gas Company,2019,January,97026,345,1
Oregon,Northwest Natural Gas Company,2019,January,97027,2918,11
Oregon,Northwest Natural Gas Company,2019,January,97030,6383,16
Oregon,Northwest Natural Gas Company,2019,January,97031,3479,3
Oregon,Northwest Natural Gas Company,2019,January,97032,862,3
Oregon,Northwest Natural Gas Company,2019,January,97034,6686,11
Oregon,Northwest Natural Gas Company,2019,January,97035,6943,11
Oregon,Northwest Natural Gas Company,2019,January,97036,1,0
Oregon,Northwest Natural Gas Company,2019,January,97038,2010,6
Oregon,Northwest Natural Gas Company,2019,January,97042,110,0
Oregon,Northwest Natural Gas Company,2019,January,97045,11068,23
Oregon,Northwest Natural Gas Company,2019,January,97048,380,1
Oregon,Northwest Natural Gas Company,2019,January,97051,3109,1
Oregon,Northwest Natural Gas Company,2019,January,97053,604,2
Oregon,Northwest Natural Gas Company,2019,January,97054,19,0
Oregon,Northwest Natural Gas Company,2019,January,97055,3267,3
Oregon,Northwest Natural Gas Company,2019,January,97056,2365,7
Oregon,Northwest Natural Gas Company,2019,January,97058,1563,6
Oregon,Northwest Natural Gas Company,2019,January,97060,4680,11
Oregon,Northwest Natural Gas Company,2019,January,97062,6024,8
Oregon,Northwest Natural Gas Company,2019,January,97064,668,5
Oregon,Northwest Natural Gas Company,2019,January,97068,9297,11
Oregon,Northwest Natural Gas Company,2019,January,97070,5899,10
Oregon,Northwest Natural Gas Company,2019,January,97071,4994,8
Oregon,Northwest Natural Gas Company,2019,January,97078,5763,6
Oregon,Northwest Natural Gas Company,2019,January,97080,10523,18
Oregon,Northwest Natural Gas Company,2019,January,97086,8235,19
Oregon,Northwest Natural Gas Company,2019,January,97089,3234,5
Oregon,Northwest Natural Gas Company,2019,January,97101,290,0
Oregon,Northwest Natural Gas Company,2019,January,97103,3975,11
Oregon,Northwest Natural Gas Company,2019,January,97106,419,0
Oregon,Northwest Natural Gas Company,2019,January,97110,1302,0
Oregon,Northwest Natural Gas Company,2019,January,97111,22,0
Oregon,Northwest Natural Gas Company,2019,January,97113,2067,6
Oregon,Northwest Natural Gas Company,2019,January,97114,17,0
Oregon,Northwest Natural Gas Company,2019,January,97115,928,0
Oregon,Northwest Natural Gas Company,2019,January,97116,3224,9
Oregon,Northwest Natural Gas Company,2019,January,97121,409,3
Oregon,Northwest Natural Gas Company,2019,January,97123,10396,25
Oregon,Northwest Natural Gas Company,2019,January,97124,10669,13
Oregon,Northwest Natural Gas Company,2019,January,97127,799,1
Oregon,Northwest Natural Gas Company,2019,January,97128,2907,3
Oregon,Northwest Natural Gas Company,2019,January,97132,5314,9
Oregon,Northwest Natural Gas Company,2019,January,97133,912,2
Oregon,Northwest Natural Gas Company,2019,January,97138,4141,7
Oregon,Northwest Natural Gas Company,2019,January,97140,6503,10
Oregon,Northwest Natural Gas Company,2019,January,97146,2026,5
Oregon,Northwest Natural Gas Company,2019,January,97201,2302,4
Oregon,Northwest Natural Gas Company,2019,January,97202,11213,26
Oregon,Northwest Natural Gas Company,2019,January,97203,7290,31
Oregon,Northwest Natural Gas Company,2019,January,97204,7,0
Oregon,Northwest Natural Gas Company,2019,January,97205,936,5
Oregon,Northwest Natural Gas Company,2019,January,97206,13467,27
Oregon,Northwest Natural Gas Company,2019,January,97209,1871,3
Oregon,Northwest Natural Gas Company,2019,January,97210,3709,6
Oregon,Northwest Natural Gas Company,2019,January,97211,10097,26
Oregon,Northwest Natural Gas Company,2019,January,97212,8424,10
Oregon,Northwest Natural Gas Company,2019,January,97213,9600,22
Oregon,Northwest Natural Gas Company,2019,January,97214,7940,19
Oregon,Northwest Natural Gas Company,2019,January,97215,5644,4
Oregon,Northwest Natural Gas Company,2019,January,97216,3365,17
Oregon,Northwest Natural Gas Company,2019,January,97217,10242,22
Oregon,Northwest Natural Gas Company,2019,January,97218,3528,7
Oregon,Northwest Natural Gas Company,2019,January,97219,12217,16
Oregon,Northwest Natural Gas Company,2019,January,97220,6523,29
Oregon,Northwest Natural Gas Company,2019,January,97221,3911,4
Oregon,Northwest Natural Gas Company,2019,January,97222,7874,11
Oregon,Northwest Natural Gas Company,2019,January,97223,12762,26
Oregon,Northwest Natural Gas Company,2019,January,97224,10235,7
Oregon,Northwest Natural Gas Company,2019,January,97225,7208,5
Oregon,Northwest Natural Gas Company,2019,January,97227,1034,0
Oregon,Northwest Natural Gas Company,2019,January,97229,19953,21
Oregon,Northwest Natural Gas Company,2019,January,97230,9231,34
Oregon,Northwest Natural Gas Company,2019,January,97231,769,2
Oregon,Northwest Natural Gas Company,2019,January,97232,2884,5
Oregon,Northwest Natural Gas Company,2019,January,97233,6143,28
Oregon,Northwest Natural Gas Company,2019,January,97236,7060,41
Oregon,Northwest Natural Gas Company,2019,January,97239,3964,4
Oregon,Northwest Natural Gas Company,2019,January,97266,7122,30
Oregon,Northwest Natural Gas Company,2019,January,97267,8572,21
Oregon,Northwest Natural Gas Company,2019,January,97301,8357,26
Oregon,Northwest Natural Gas Company,2019,January,97302,10023,16
Oregon,Northwest Natural Gas Company,2019,January,97303,8869,16
Oregon,Northwest Natural Gas Company,2019,January,97304,6948,8
Oregon,Northwest Natural Gas Company,2019,January,97305,6258,20
Oregon,Northwest Natural Gas Company,2019,January,97306,8138,5
Oregon,Northwest Natural Gas Company,2019,January,97310,9,0
Oregon,Northwest Natural Gas Company,2019,January,97317,3763,6
Oregon,Northwest Natural Gas Company,2019,January,97321,8216,12
Oregon,Northwest Natural Gas Company,2019,January,97322,7081,12
Oregon,Northwest Natural Gas Company,2019,January,97325,731,2
Oregon,Northwest Natural Gas Company,2019,January,97327,462,1
Oregon,Northwest Natural Gas Company,2019,January,97330,9103,8
Oregon,Northwest Natural Gas Company,2019,January,97333,4337,8
Oregon,Northwest Natural Gas Company,2019,January,97338,4057,3
Oregon,Northwest Natural Gas Company,2019,January,97341,1298,0
Oregon,Northwest Natural Gas Company,2019,January,97345,8,0
Oregon,Northwest Natural Gas Company,2019,January,97347,219,2
Oregon,Northwest Natural Gas Company,2019,January,97348,215,1
Oregon,Northwest Natural Gas Company,2019,January,97351,1596,3
Oregon,Northwest Natural Gas Company,2019,January,97352,757,3
Oregon,Northwest Natural Gas Company,2019,January,97355,5024,13
Oregon,Northwest Natural Gas Company,2019,January,97358,401,3
Oregon,Northwest Natural Gas Company,2019,January,97360,483,3
Oregon,Northwest Natural Gas Company,2019,January,97361,1258,2
Oregon,Northwest Natural Gas Company,2019,January,97362,694,0
Oregon,Northwest Natural Gas Company,2019,January,97364,217,0
Oregon,Northwest Natural Gas Company,2019,January,97365,1583,1
Oregon,Northwest Natural Gas Company,2019,January,97366,171,0
Oregon,Northwest Natural Gas Company,2019,January,97367,3954,5
Oregon,Northwest Natural Gas Company,2019,January,97368,927,1
Oregon,Northwest Natural Gas Company,2019,January,97370,1186,0
Oregon,Northwest Natural Gas Company,2019,January,97371,41,0
Oregon,Northwest Natural Gas Company,2019,January,97372,11,0
Oregon,Northwest Natural Gas Company,2019,January,97374,297,2
Oregon,Northwest Natural Gas Company,2019,January,97377,57,0
Oregon,Northwest Natural Gas Company,2019,January,97378,797,0
Oregon,Northwest Natural Gas Company,2019,January,97380,155,0
Oregon,Northwest Natural Gas Company,2019,January,97381,2770,5
Oregon,Northwest Natural Gas Company,2019,January,97383,1681,2
Oregon,Northwest Natural Gas Company,2019,January,97384,35,0
Oregon,Northwest Natural Gas Company,2019,January,97385,714,0
Oregon,Northwest Natural Gas Company,2019,January,97386,2121,5
Oregon,Northwest Natural Gas Company,2019,January,97388,1030,1
Oregon,Northwest Natural Gas Company,2019,January,97389,310,0
Oregon,Northwest Natural Gas Company,2019,January,97391,287,0
Oregon,Northwest Natural Gas Company,2019,January,97392,778,2
Oregon,Northwest Natural Gas Company,2019,January,97396,390,1
Oregon,Northwest Natural Gas Company,2019,January,97401,5285,6
Oregon,Northwest Natural Gas Company,2019,January,97402,4517,10
Oregon,Northwest Natural Gas Company,2019,January,97403,1458,2
Oregon,Northwest Natural Gas Company,2019,January,97404,6081,9
Oregon,Northwest Natural Gas Company,2019,January,97405,6680,9
Oregon,Northwest Natural Gas Company,2019,January,97408,2593,2
Oregon,Avista Utilities,2019,January,97417,309,0
Oregon,Northwest Natural Gas Company,2019,January,97420,716,2
Oregon,Northwest Natural Gas Company,2019,January,97423,181,0
Oregon,Northwest Natural Gas Company,2019,January,97424,2277,8
Oregon,Northwest Natural Gas Company,2019,January,97426,1238,1
Oregon,Avista Utilities,2019,January,97432,56,0
Oregon,Northwest Natural Gas Company,2019,January,97438,10,0
Oregon,Avista Utilities,2019,January,97442,150,1
Oregon,Northwest Natural Gas Company,2019,January,97446,579,1
Oregon,Northwest Natural Gas Company,2019,January,97448,1388,4
Oregon,Northwest Natural Gas Company,2019,January,97455,134,0
Oregon,Avista Utilities,2019,January,97457,1442,11
Oregon,Northwest Natural Gas Company,2019,January,97458,111,0
Oregon,Northwest Natural Gas Company,2019,January,97459,493,0
Oregon,Avista Utilities,2019,January,97462,269,1
Oregon,Avista Utilities,2019,January,97469,272,0
Oregon,Avista Utilities,2019,January,97470,3490,8
Oregon,Avista Utilities,2019,January,97471,4909,6
Oregon,Northwest Natural Gas Company,2019,January,97477,2806,7
Oregon,Northwest Natural Gas Company,2019,January,97478,2239,7
Oregon,Avista Utilities,2019,January,97479,1565,2
Oregon,Avista Utilities,2019,January,97495,495,1
Oregon,Avista Utilities,2019,January,97496,1097,3
Oregon,Avista Utilities,2019,January,97497,2,0
Oregon,Avista Utilities,2019,January,97501,9336,34
Oregon,Avista Utilities,2019,January,97502,6238,9
Oregon,Avista Utilities,2019,January,97503,1607,5
Oregon,Avista Utilities,2019,January,97504,12507,35
Oregon,Avista Utilities,2019,January,97520,7188,9
Oregon,Avista Utilities,2019,January,97524,2575,7
Oregon,Avista Utilities,2019,January,97525,570,2
Oregon,Avista Utilities,2019,January,97526,6260,20
Oregon,Avista Utilities,2019,January,97527,5416,18
Oregon,Avista Utilities,2019,January,97528,2,0
Oregon,Avista Utilities,2019,January,97530,1186,1
Oregon,Avista Utilities,2019,January,97535,1141,4
Oregon,Avista Utilities,2019,January,97537,533,0
Oregon,Avista Utilities,2019,January,97539,194,0
Oregon,Avista Utilities,2019,January,97540,1607,4
Oregon,Avista Utilities,2019,January,97601,6290,23
Oregon,Avista Utilities,2019,January,97603,8596,37
Oregon,Avista Utilities,2019,January,97623,44,0
Oregon,Avista Utilities,2019,January,97627,198,1
Oregon,Avista Utilities,2019,January,97632,129,1
Oregon,Avista Utilities,2019,January,97634,23,1
Oregon,Idaho Power,2019,January,97819,25,0
Oregon,Avista Utilities,2019,January,97824,300,1
Oregon,Avista Utilities,2019,January,97827,524,0
Oregon,Idaho Power,2019,January,97834,648,1
Oregon,Idaho Power,2019,January,97837,71,0
Oregon,Idaho Power,2019,January,97840,101,1
Oregon,Avista Utilities,2019,January,97841,129,0
Oregon,Avista Utilities,2019,January,97850,4952,6
Oregon,Avista Utilities,2019,January,97867,147,0
Oregon,Idaho Power,2019,January,97870,427,1
Oregon,Avista Utilities,2019,January,97876,50,0
Oregon,Avista Utilities,2019,January,97883,767,1
Oregon,Idaho Power,2019,January,97884,167,0
Oregon,Idaho Power,2019,January,97901,359,2
Oregon,Idaho Power,2019,January,97902,29,0
Oregon,Idaho Power,2019,January,97903,80,0
Oregon,Idaho Power,2019,January,97904,109,0
Oregon,Idaho Power,2019,January,97905,120,0
Oregon,Idaho Power,2019,January,97906,138,0
Oregon,Idaho Power,2019,January,97907,369,2
Oregon,Idaho Power,2019,January,97908,62,0
Oregon,Idaho Power,2019,January,97909,47,1
Oregon,Idaho Power,2019,January,97910,326,1
Oregon,Idaho Power,2019,January,97911,96,2
Oregon,Idaho Power,2019,January,97913,2130,15
Oregon,Idaho Power,2019,January,97914,6839,32
Oregon,Idaho Power,2019,January,97918,1956,11
Oregon,Idaho Power,2019,January,97920,34,0
Oregon,Northwest Natural Gas Company,2019,July,97002,762,0
Oregon,Northwest Natural Gas Company,2019,July,97003,6784,16
Oregon,Northwest Natural Gas Company,2019,July,97004,222,0
Oregon,Northwest Natural Gas Company,2019,July,97005,4259,11
Oregon,Northwest Natural Gas Company,2019,July,97006,9276,9
Oregon,Northwest Natural Gas Company,2019,July,97007,13354,17
Oregon,Northwest Natural Gas Company,2019,July,97008,6270,1
Oregon,Northwest Natural Gas Company,2019,July,97009,1017,1
Oregon,Northwest Natural Gas Company,2019,July,97013,3338,3
Oregon,Northwest Natural Gas Company,2019,July,97015,4543,7
Oregon,Northwest Natural Gas Company,2019,July,97016,107,0
Oregon,Northwest Natural Gas Company,2019,July,97018,647,0
Oregon,Northwest Natural Gas Company,2019,July,97020,157,0
Oregon,Northwest Natural Gas Company,2019,July,97024,1993,1
Oregon,Northwest Natural Gas Company,2019,July,97026,348,1
Oregon,Northwest Natural Gas Company,2019,July,97027,2914,2
Oregon,Northwest Natural Gas Company,2019,July,97030,6367,16
Oregon,Northwest Natural Gas Company,2019,July,97031,3509,2
Oregon,Northwest Natural Gas Company,2019,July,97032,860,1
Oregon,Northwest Natural Gas Company,2019,July,97034,6698,1
Oregon,Northwest Natural Gas Company,2019,July,97035,6960,4
Oregon,Northwest Natural Gas Company,2019,July,97036,1,0
Oregon,Northwest Natural Gas Company,2019,July,97038,2049,6
Oregon,Northwest Natural Gas Company,2019,July,97042,115,0
Oregon,Northwest Natural Gas Company,2019,July,97045,11103,12
Oregon,Northwest Natural Gas Company,2019,July,97048,380,1
Oregon,Northwest Natural Gas Company,2019,July,97051,3118,8
Oregon,Northwest Natural Gas Company,2019,July,97053,606,0
Oregon,Northwest Natural Gas Company,2019,July,97054,19,0
Oregon,Northwest Natural Gas Company,2019,July,97055,3291,8
Oregon,Northwest Natural Gas Company,2019,July,97056,2372,0
Oregon,Northwest Natural Gas Company,2019,July,97058,1559,2
Oregon,Northwest Natural Gas Company,2019,July,97060,4714,11
Oregon,Northwest Natural Gas Company,2019,July,97062,6051,5
Oregon,Northwest Natural Gas Company,2019,July,97064,672,0
Oregon,Northwest Natural Gas Company,2019,July,97068,9305,11
Oregon,Northwest Natural Gas Company,2019,July,97070,5933,6
Oregon,Northwest Natural Gas Company,2019,July,97071,5000,10
Oregon,Northwest Natural Gas Company,2019,July,97078,5759,6
Oregon,Northwest Natural Gas Company,2019,July,97080,10606,17
Oregon,Northwest Natural Gas Company,2019,July,97086,8274,14
Oregon,Northwest Natural Gas Company,2019,July,97089,3247,0
Oregon,Northwest Natural Gas Company,2019,July,97101,288,1
Oregon,Northwest Natural Gas Company,2019,July,97103,3965,15
Oregon,Northwest Natural Gas Company,2019,July,97106,420,0
Oregon,Northwest Natural Gas Company,2019,July,97110,1302,0
Oregon,Northwest Natural Gas Company,2019,July,97111,22,0
Oregon,Northwest Natural Gas Company,2019,July,97113,2086,5
Oregon,Northwest Natural Gas Company,2019,July,97114,17,0
Oregon,Northwest Natural Gas Company,2019,July,97115,928,1
Oregon,Northwest Natural Gas Company,2019,July,97116,3262,3
Oregon,Northwest Natural Gas Company,2019,July,97121,414,0
Oregon,Northwest Natural Gas Company,2019,July,97123,10410,19
Oregon,Northwest Natural Gas Company,2019,July,97124,10641,16
Oregon,Northwest Natural Gas Company,2019,July,97127,800,1
Oregon,Northwest Natural Gas Company,2019,July,97128,2953,4
Oregon,Northwest Natural Gas Company,2019,July,97132,5350,6
Oregon,Northwest Natural Gas Company,2019,July,97133,946,1
Oregon,Northwest Natural Gas Company,2019,July,97138,4156,7
Oregon,Northwest Natural Gas Company,2019,July,97140,6512,5
Oregon,Northwest Natural Gas Company,2019,July,97146,2039,5
Oregon,Northwest Natural Gas Company,2019,July,97201,2314,3
Oregon,Northwest Natural Gas Company,2019,July,97202,11238,17
Oregon,Northwest Natural Gas Company,2019,July,97203,7296,20
Oregon,Northwest Natural Gas Company,2019,July,97204,7,0
Oregon,Northwest Natural Gas Company,2019,July,97205,939,6
Oregon,Northwest Natural Gas Company,2019,July,97206,13462,26
Oregon,Northwest Natural Gas Company,2019,July,97209,1650,4
Oregon,Northwest Natural Gas Company,2019,July,97210,3925,6
Oregon,Northwest Natural Gas Company,2019,July,97211,10122,22
Oregon,Northwest Natural Gas Company,2019,July,97212,8427,10
Oregon,Northwest Natural Gas Company,2019,July,97213,9594,15
Oregon,Northwest Natural Gas Company,2019,July,97214,7917,21
Oregon,Northwest Natural Gas Company,2019,July,97215,5633,9
Oregon,Northwest Natural Gas Company,2019,July,97216,3363,12
Oregon,Northwest Natural Gas Company,2019,July,97217,10294,30
Oregon,Northwest Natural Gas Company,2019,July,97218,3529,8
Oregon,Northwest Natural Gas Company,2019,July,97219,12236,11
Oregon,Northwest Natural Gas Company,2019,July,97220,6523,8
Oregon,Northwest Natural Gas Company,2019,July,97221,3907,1
Oregon,Northwest Natural Gas Company,2019,July,97222,7871,13
Oregon,Northwest Natural Gas Company,2019,July,97223,12769,22
Oregon,Northwest Natural Gas Company,2019,July,97224,10307,5
Oregon,Northwest Natural Gas Company,2019,July,97225,7227,3
Oregon,Northwest Natural Gas Company,2019,July,97227,1291,2
Oregon,Northwest Natural Gas Company,2019,July,97229,20136,10
Oregon,Northwest Natural Gas Company,2019,July,97230,9276,22
Oregon,Northwest Natural Gas Company,2019,July,97231,767,1
Oregon,Northwest Natural Gas Company,2019,July,97232,2872,7
Oregon,Northwest Natural Gas Company,2019,July,97233,6120,24
Oregon,Northwest Natural Gas Company,2019,July,97236,7044,14
Oregon,Northwest Natural Gas Company,2019,July,97239,3962,7
Oregon,Northwest Natural Gas Company,2019,July,97266,7101,31
Oregon,Northwest Natural Gas Company,2019,July,97267,8563,13
Oregon,Northwest Natural Gas Company,2019,July,97301,8316,50
Oregon,Northwest Natural Gas Company,2019,July,97302,10023,13
Oregon,Northwest Natural Gas Company,2019,July,97303,8867,15
Oregon,Northwest Natural Gas Company,2019,July,97304,7003,4
Oregon,Northwest Natural Gas Company,2019,July,97305,6295,15
Oregon,Northwest Natural Gas Company,2019,July,97306,8202,8
Oregon,Northwest Natural Gas Company,2019,July,97310,9,0
Oregon,Northwest Natural Gas Company,2019,July,97317,3765,9
Oregon,Northwest Natural Gas Company,2019,July,97321,8267,7
Oregon,Northwest Natural Gas Company,2019,July,97322,7094,23
Oregon,Northwest Natural Gas Company,2019,July,97325,750,1
Oregon,Northwest Natural Gas Company,2019,July,97327,462,1
Oregon,Northwest Natural Gas Company,2019,July,97330,9035,7
Oregon,Northwest Natural Gas Company,2019,July,97333,4321,3
Oregon,Northwest Natural Gas Company,2019,July,97338,4114,7
Oregon,Northwest Natural Gas Company,2019,July,97341,1297,1
Oregon,Northwest Natural Gas Company,2019,July,97345,9,0
Oregon,Northwest Natural Gas Company,2019,July,97347,220,6
Oregon,Northwest Natural Gas Company,2019,July,97348,216,1
Oregon,Northwest Natural Gas Company,2019,July,97351,1629,3
Oregon,Northwest Natural Gas Company,2019,July,97352,752,2
Oregon,Northwest Natural Gas Company,2019,July,97355,4990,10
Oregon,Northwest Natural Gas Company,2019,July,97358,403,1
Oregon,Northwest Natural Gas Company,2019,July,97360,482,5
Oregon,Northwest Natural Gas Company,2019,July,97361,1264,2
Oregon,Northwest Natural Gas Company,2019,July,97362,698,1
Oregon,Northwest Natural Gas Company,2019,July,97364,217,0
Oregon,Northwest Natural Gas Company,2019,July,97365,1593,2
Oregon,Northwest Natural Gas Company,2019,July,97366,166,0
Oregon,Northwest Natural Gas Company,2019,July,97367,3979,2
Oregon,Northwest Natural Gas Company,2019,July,97368,928,1
Oregon,Northwest Natural Gas Company,2019,July,97370,1191,1
Oregon,Northwest Natural Gas Company,2019,July,97371,41,0
Oregon,Northwest Natural Gas Company,2019,July,97372,11,0
Oregon,Northwest Natural Gas Company,2019,July,97374,295,0
Oregon,Northwest Natural Gas Company,2019,July,97377,56,0
Oregon,Northwest Natural Gas Company,2019,July,97378,802,5
Oregon,Northwest Natural Gas Company,2019,July,97380,156,0
Oregon,Northwest Natural Gas Company,2019,July,97381,2783,9
Oregon,Northwest Natural Gas Company,2019,July,97383,1684,7
Oregon,Northwest Natural Gas Company,2019,July,97384,34,1
Oregon,Northwest Natural Gas Company,2019,July,97385,733,0
Oregon,Northwest Natural Gas Company,2019,July,97386,2111,6
Oregon,Northwest Natural Gas Company,2019,July,97388,1037,1
Oregon,Northwest Natural Gas Company,2019,July,97389,311,4
Oregon,Northwest Natural Gas Company,2019,July,97391,288,3
Oregon,Northwest Natural Gas Company,2019,July,97392,811,1
Oregon,Northwest Natural Gas Company,2019,July,97396,390,1
Oregon,Northwest Natural Gas Company,2019,July,97401,5293,6
Oregon,Northwest Natural Gas Company,2019,July,97402,4515,11
Oregon,Northwest Natural Gas Company,2019,July,97403,1458,3
Oregon,Northwest Natural Gas Company,2019,July,97404,6131,7
Oregon,Northwest Natural Gas Company,2019,July,97405,6793,7
Oregon,Northwest Natural Gas Company,2019,July,97408,2635,0
Oregon,Avista Utilities,2019,July,97417,313,5
Oregon,Northwest Natural Gas Company,2019,July,97420,735,1
Oregon,Northwest Natural Gas Company,2019,July,97423,180,1
Oregon,Northwest Natural Gas Company,2019,July,97424,2272,7
Oregon,Northwest Natural Gas Company,2019,July,97426,1244,2
Oregon,Avista Utilities,2019,July,97432,55,0
Oregon,Northwest Natural Gas Company,2019,July,97438,10,0
Oregon,Avista Utilities,2019,July,97442,147,1
Oregon,Northwest Natural Gas Company,2019,July,97446,577,1
Oregon,Northwest Natural Gas Company,2019,July,97448,1380,3
Oregon,Northwest Natural Gas Company,2019,July,97455,135,1
Oregon,Avista Utilities,2019,July,97457,1432,4
Oregon,Northwest Natural Gas Company,2019,July,97458,116,0
Oregon,Northwest Natural Gas Company,2019,July,97459,512,0
Oregon,Avista Utilities,2019,July,97462,263,1
Oregon,Avista Utilities,2019,July,97469,267,1
Oregon,Avista Utilities,2019,July,97470,3431,20
Oregon,Avista Utilities,2019,July,97471,4901,8
Oregon,Northwest Natural Gas Company,2019,July,97477,2830,5
Oregon,Northwest Natural Gas Company,2019,July,97478,2236,1
Oregon,Avista Utilities,2019,July,97479,1582,3
Oregon,Avista Utilities,2019,July,97495,487,2
Oregon,Avista Utilities,2019,July,97496,1091,5
Oregon,Avista Utilities,2019,July,97497,2,0
Oregon,Avista Utilities,2019,July,97501,9293,15
Oregon,Avista Utilities,2019,July,97502,6234,5
Oregon,Avista Utilities,2019,July,97503,1612,8
Oregon,Avista Utilities,2019,July,97504,12572,16
Oregon,Avista Utilities,2019,July,97520,7265,6
Oregon,Avista Utilities,2019,July,97524,2610,12
Oregon,Avista Utilities,2019,July,97525,568,3
Oregon,Avista Utilities,2019,July,97526,6220,16
Oregon,Avista Utilities,2019,July,97527,5412,10
Oregon,Avista Utilities,2019,July,97528,2,0
Oregon,Avista Utilities,2019,July,97530,1199,0
Oregon,Avista Utilities,2019,July,97535,1149,0
Oregon,Avista Utilities,2019,July,97537,530,2
Oregon,Avista Utilities,2019,July,97539,198,0
Oregon,Avista Utilities,2019,July,97540,1597,0
Oregon,Avista Utilities,2019,July,97601,6249,41
Oregon,Avista Utilities,2019,July,97603,8557,50
Oregon,Avista Utilities,2019,July,97623,44,0
Oregon,Avista Utilities,2019,July,97627,190,1
Oregon,Avista Utilities,2019,July,97632,127,0
Oregon,Avista Utilities,2019,July,97634,23,0
Oregon,Idaho Power,2019,July,97814,1,0
Oregon,Idaho Power,2019,July,97819,25,0
Oregon,Avista Utilities,2019,July,97824,298,1
Oregon,Avista Utilities,2019,July,97827,522,2
Oregon,Idaho Power,2019,July,97834,655,1
Oregon,Idaho Power,2019,July,97837,71,0
Oregon,Idaho Power,2019,July,97840,96,0
Oregon,Avista Utilities,2019,July,97841,127,0
Oregon,Avista Utilities,2019,July,97850,4932,9
Oregon,Avista Utilities,2019,July,97867,147,1
Oregon,Idaho Power,2019,July,97870,432,0
Oregon,Avista Utilities,2019,July,97876,50,0
Oregon,Avista Utilities,2019,July,97883,761,2
Oregon,Idaho Power,2019,July,97884,165,0
Oregon,Idaho Power,2019,July,97901,362,0
Oregon,Idaho Power,2019,July,97902,29,0
Oregon,Idaho Power,2019,July,97903,82,0
Oregon,Idaho Power,2019,July,97904,109,0
Oregon,Idaho Power,2019,July,97905,117,0
Oregon,Idaho Power,2019,July,97906,139,1
Oregon,Idaho Power,2019,July,97907,373,3
Oregon,Idaho Power,2019,July,97908,62,0
Oregon,Idaho Power,2019,July,97909,46,0
Oregon,Idaho Power,2019,July,97910,375,0
Oregon,Idaho Power,2019,July,97911,91,0
Oregon,Idaho Power,2019,July,97913,2134,13
Oregon,Idaho Power,2019,July,97914,6899,41
Oregon,Idaho Power,2019,July,97918,1973,5
Oregon,Idaho Power,2019,July,97920,34,0
Oregon,Northwest Natural Gas Company,2019,June,97002,763,3
Oregon,Northwest Natural Gas Company,2019,June,97003,6784,29
Oregon,Northwest Natural Gas Company,2019,June,97004,222,0
Oregon,Northwest Natural Gas Company,2019,June,97005,4257,13
Oregon,Northwest Natural Gas Company,2019,June,97006,9283,19
Oregon,Northwest Natural Gas Company,2019,June,97007,13344,18
Oregon,Northwest Natural Gas Company,2019,June,97008,6274,16
Oregon,Northwest Natural Gas Company,2019,June,97009,1021,4
Oregon,Northwest Natural Gas Company,2019,June,97013,3329,4
Oregon,Northwest Natural Gas Company,2019,June,97015,4541,19
Oregon,Northwest Natural Gas Company,2019,June,97016,108,0
Oregon,Northwest Natural Gas Company,2019,June,97018,646,0
Oregon,Northwest Natural Gas Company,2019,June,97020,157,0
Oregon,Northwest Natural Gas Company,2019,June,97024,1993,6
Oregon,Northwest Natural Gas Company,2019,June,97026,346,0
Oregon,Northwest Natural Gas Company,2019,June,97027,2916,9
Oregon,Northwest Natural Gas Company,2019,June,97030,6381,14
Oregon,Northwest Natural Gas Company,2019,June,97031,3520,8
Oregon,Northwest Natural Gas Company,2019,June,97032,862,1
Oregon,Northwest Natural Gas Company,2019,June,97034,6702,5
Oregon,Northwest Natural Gas Company,2019,June,97035,6961,10
Oregon,Northwest Natural Gas Company,2019,June,97036,1,0
Oregon,Northwest Natural Gas Company,2019,June,97038,2044,10
Oregon,Northwest Natural Gas Company,2019,June,97042,115,1
Oregon,Northwest Natural Gas Company,2019,June,97045,11106,29
Oregon,Northwest Natural Gas Company,2019,June,97048,380,0
Oregon,Northwest Natural Gas Company,2019,June,97051,3115,6
Oregon,Northwest Natural Gas Company,2019,June,97053,605,0
Oregon,Northwest Natural Gas Company,2019,June,97054,19,0
Oregon,Northwest Natural Gas Company,2019,June,97055,3285,12
Oregon,Northwest Natural Gas Company,2019,June,97056,2372,0
Oregon,Northwest Natural Gas Company,2019,June,97058,1563,3
Oregon,Northwest Natural Gas Company,2019,June,97060,4709,17
Oregon,Northwest Natural Gas Company,2019,June,97062,6046,7
Oregon,Northwest Natural Gas Company,2019,June,97064,671,1
Oregon,Northwest Natural Gas Company,2019,June,97068,9305,11
Oregon,Northwest Natural Gas Company,2019,June,97070,5961,9
Oregon,Northwest Natural Gas Company,2019,June,97071,4998,11
Oregon,Northwest Natural Gas Company,2019,June,97078,5767,16
Oregon,Northwest Natural Gas Company,2019,June,97080,10583,16
Oregon,Northwest Natural Gas Company,2019,June,97086,8277,19
Oregon,Northwest Natural Gas Company,2019,June,97089,3249,4
Oregon,Northwest Natural Gas Company,2019,June,97101,288,0
Oregon,Northwest Natural Gas Company,2019,June,97103,3972,5
Oregon,Northwest Natural Gas Company,2019,June,97106,420,0
Oregon,Northwest Natural Gas Company,2019,June,97110,1306,0
Oregon,Northwest Natural Gas Company,2019,June,97111,22,0
Oregon,Northwest Natural Gas Company,2019,June,97113,2086,7
Oregon,Northwest Natural Gas Company,2019,June,97114,17,0
Oregon,Northwest Natural Gas Company,2019,June,97115,931,2
Oregon,Northwest Natural Gas Company,2019,June,97116,3259,4
Oregon,Northwest Natural Gas Company,2019,June,97121,413,1
Oregon,Northwest Natural Gas Company,2019,June,97123,10412,29
Oregon,Northwest Natural Gas Company,2019,June,97124,10645,30
Oregon,Northwest Natural Gas Company,2019,June,97127,801,4
Oregon,Northwest Natural Gas Company,2019,June,97128,2939,2
Oregon,Northwest Natural Gas Company,2019,June,97132,5334,6
Oregon,Northwest Natural Gas Company,2019,June,97133,939,1
Oregon,Northwest Natural Gas Company,2019,June,97138,4156,7
Oregon,Northwest Natural Gas Company,2019,June,97140,6511,11
Oregon,Northwest Natural Gas Company,2019,June,97146,2036,5
Oregon,Northwest Natural Gas Company,2019,June,97201,2314,1
Oregon,Northwest Natural Gas Company,2019,June,97202,11247,21
Oregon,Northwest Natural Gas Company,2019,June,97203,7301,18
Oregon,Northwest Natural Gas Company,2019,June,97204,7,0
Oregon,Northwest Natural Gas Company,2019,June,97205,938,2
Oregon,Northwest Natural Gas Company,2019,June,97206,13485,48
Oregon,Northwest Natural Gas Company,2019,June,97209,1657,1
Oregon,Northwest Natural Gas Company,2019,June,97210,3939,1
Oregon,Northwest Natural Gas Company,2019,June,97211,10129,35
Oregon,Northwest Natural Gas Company,2019,June,97212,8434,20
Oregon,Northwest Natural Gas Company,2019,June,97213,9612,32
Oregon,Northwest Natural Gas Company,2019,June,97214,7944,17
Oregon,Northwest Natural Gas Company,2019,June,97215,5640,11
Oregon,Northwest Natural Gas Company,2019,June,97216,3364,12
Oregon,Northwest Natural Gas Company,2019,June,97217,10278,22
Oregon,Northwest Natural Gas Company,2019,June,97218,3540,14
Oregon,Northwest Natural Gas Company,2019,June,97219,12248,13
Oregon,Northwest Natural Gas Company,2019,June,97220,6530,35
Oregon,Northwest Natural Gas Company,2019,June,97221,3910,6
Oregon,Northwest Natural Gas Company,2019,June,97222,7877,24
Oregon,Northwest Natural Gas Company,2019,June,97223,12771,25
Oregon,Northwest Natural Gas Company,2019,June,97224,10306,11
Oregon,Northwest Natural Gas Company,2019,June,97225,7228,9
Oregon,Northwest Natural Gas Company,2019,June,97227,1293,5
Oregon,Northwest Natural Gas Company,2019,June,97229,20124,13
Oregon,Northwest Natural Gas Company,2019,June,97230,9283,25
Oregon,Northwest Natural Gas Company,2019,June,97231,771,0
Oregon,Northwest Natural Gas Company,2019,June,97232,2875,9
Oregon,Northwest Natural Gas Company,2019,June,97233,6141,40
Oregon,Northwest Natural Gas Company,2019,June,97236,7063,42
Oregon,Northwest Natural Gas Company,2019,June,97239,3966,5
Oregon,Northwest Natural Gas Company,2019,June,97266,7103,36
Oregon,Northwest Natural Gas Company,2019,June,97267,8579,28
Oregon,Northwest Natural Gas Company,2019,June,97301,8357,10
Oregon,Northwest Natural Gas Company,2019,June,97302,10047,31
Oregon,Northwest Natural Gas Company,2019,June,97303,8882,11
Oregon,Northwest Natural Gas Company,2019,June,97304,6998,8
Oregon,Northwest Natural Gas Company,2019,June,97305,6285,30
Oregon,Northwest Natural Gas Company,2019,June,97306,8201,30
Oregon,Northwest Natural Gas Company,2019,June,97310,9,0
Oregon,Northwest Natural Gas Company,2019,June,97317,3770,2
Oregon,Northwest Natural Gas Company,2019,June,97321,8271,22
Oregon,Northwest Natural Gas Company,2019,June,97322,7104,14
Oregon,Northwest Natural Gas Company,2019,June,97325,748,0
Oregon,Northwest Natural Gas Company,2019,June,97327,464,0
Oregon,Northwest Natural Gas Company,2019,June,97330,9075,11
Oregon,Northwest Natural Gas Company,2019,June,97333,4327,3
Oregon,Northwest Natural Gas Company,2019,June,97338,4118,13
Oregon,Northwest Natural Gas Company,2019,June,97341,1297,0
Oregon,Northwest Natural Gas Company,2019,June,97345,10,0
Oregon,Northwest Natural Gas Company,2019,June,97347,220,3
Oregon,Northwest Natural Gas Company,2019,June,97348,216,0
Oregon,Northwest Natural Gas Company,2019,June,97351,1628,8
Oregon,Northwest Natural Gas Company,2019,June,97352,755,3
Oregon,Northwest Natural Gas Company,2019,June,97355,5008,17
Oregon,Northwest Natural Gas Company,2019,June,97358,403,0
Oregon,Northwest Natural Gas Company,2019,June,97360,485,1
Oregon,Northwest Natural Gas Company,2019,June,97361,1266,2
Oregon,Northwest Natural Gas Company,2019,June,97362,697,0
Oregon,Northwest Natural Gas Company,2019,June,97364,216,1
Oregon,Northwest Natural Gas Company,2019,June,97365,1590,0
Oregon,Northwest Natural Gas Company,2019,June,97366,165,0
Oregon,Northwest Natural Gas Company,2019,June,97367,3974,4
Oregon,Northwest Natural Gas Company,2019,June,97368,928,4
Oregon,Northwest Natural Gas Company,2019,June,97370,1191,1
Oregon,Northwest Natural Gas Company,2019,June,97371,42,0
Oregon,Northwest Natural Gas Company,2019,June,97372,11,0
Oregon,Northwest Natural Gas Company,2019,June,97374,295,1
Oregon,Northwest Natural Gas Company,2019,June,97377,56,0
Oregon,Northwest Natural Gas Company,2019,June,97378,805,5
Oregon,Northwest Natural Gas Company,2019,June,97380,156,0
Oregon,Northwest Natural Gas Company,2019,June,97381,2785,2
Oregon,Northwest Natural Gas Company,2019,June,97383,1683,3
Oregon,Northwest Natural Gas Company,2019,June,97384,34,0
Oregon,Northwest Natural Gas Company,2019,June,97385,732,0
Oregon,Northwest Natural Gas Company,2019,June,97386,2113,14
Oregon,Northwest Natural Gas Company,2019,June,97388,1036,1
Oregon,Northwest Natural Gas Company,2019,June,97389,311,0
Oregon,Northwest Natural Gas Company,2019,June,97391,287,0
Oregon,Northwest Natural Gas Company,2019,June,97392,807,0
Oregon,Northwest Natural Gas Company,2019,June,97396,391,3
Oregon,Northwest Natural Gas Company,2019,June,97401,5301,4
Oregon,Northwest Natural Gas Company,2019,June,97402,4520,13
Oregon,Northwest Natural Gas Company,2019,June,97403,1462,5
Oregon,Northwest Natural Gas Company,2019,June,97404,6129,0
Oregon,Northwest Natural Gas Company,2019,June,97405,6792,9
Oregon,Northwest Natural Gas Company,2019,June,97408,2632,1
Oregon,Avista Utilities,2019,June,97417,309,2
Oregon,Northwest Natural Gas Company,2019,June,97420,733,1
Oregon,Northwest Natural Gas Company,2019,June,97423,182,0
Oregon,Northwest Natural Gas Company,2019,June,97424,2292,6
Oregon,Northwest Natural Gas Company,2019,June,97426,1239,2
Oregon,Avista Utilities,2019,June,97432,55,0
Oregon,Northwest Natural Gas Company,2019,June,97438,10,0
Oregon,Avista Utilities,2019,June,97442,147,0
Oregon,Northwest Natural Gas Company,2019,June,97446,577,3
Oregon,Northwest Natural Gas Company,2019,June,97448,1388,4
Oregon,Northwest Natural Gas Company,2019,June,97455,135,0
Oregon,Avista Utilities,2019,June,97457,1433,12
Oregon,Northwest Natural Gas Company,2019,June,97458,116,0
Oregon,Northwest Natural Gas Company,2019,June,97459,509,0
Oregon,Avista Utilities,2019,June,97462,264,0
Oregon,Avista Utilities,2019,June,97469,267,3
Oregon,Avista Utilities,2019,June,97470,3442,36
Oregon,Avista Utilities,2019,June,97471,4894,14
Oregon,Northwest Natural Gas Company,2019,June,97477,2825,1
Oregon,Northwest Natural Gas Company,2019,June,97478,2242,2
Oregon,Avista Utilities,2019,June,97479,1566,7
Oregon,Avista Utilities,2019,June,97495,488,2
Oregon,Avista Utilities,2019,June,97496,1080,5
Oregon,Avista Utilities,2019,June,97497,2,0
Oregon,Avista Utilities,2019,June,97501,9244,25
Oregon,Avista Utilities,2019,June,97502,6212,4
Oregon,Avista Utilities,2019,June,97503,1608,4
Oregon,Avista Utilities,2019,June,97504,12533,22
Oregon,Avista Utilities,2019,June,97520,7229,0
Oregon,Avista Utilities,2019,June,97524,2599,0
Oregon,Avista Utilities,2019,June,97525,569,0
Oregon,Avista Utilities,2019,June,97526,6201,24
Oregon,Avista Utilities,2019,June,97527,5393,15
Oregon,Avista Utilities,2019,June,97528,2,0
Oregon,Avista Utilities,2019,June,97530,1191,0
Oregon,Avista Utilities,2019,June,97535,1150,0
Oregon,Avista Utilities,2019,June,97537,527,0
Oregon,Avista Utilities,2019,June,97539,200,0
Oregon,Avista Utilities,2019,June,97540,1585,0
Oregon,Avista Utilities,2019,June,97601,6236,42
Oregon,Avista Utilities,2019,June,97603,8549,32
Oregon,Avista Utilities,2019,June,97623,44,0
Oregon,Avista Utilities,2019,June,97627,192,1
Oregon,Avista Utilities,2019,June,97632,127,1
Oregon,Avista Utilities,2019,June,97634,23,0
Oregon,Idaho Power,2019,June,97814,2,1
Oregon,Idaho Power,2019,June,97819,25,0
Oregon,Avista Utilities,2019,June,97824,301,0
Oregon,Avista Utilities,2019,June,97827,527,3
Oregon,Idaho Power,2019,June,97834,656,3
Oregon,Idaho Power,2019,June,97837,70,0
Oregon,Idaho Power,2019,June,97840,95,0
Oregon,Avista Utilities,2019,June,97841,127,0
Oregon,Avista Utilities,2019,June,97850,4939,12
Oregon,Avista Utilities,2019,June,97867,146,0
Oregon,Idaho Power,2019,June,97870,431,1
Oregon,Avista Utilities,2019,June,97876,51,0
Oregon,Avista Utilities,2019,June,97883,758,1
Oregon,Idaho Power,2019,June,97884,166,0
Oregon,Idaho Power,2019,June,97901,358,0
Oregon,Idaho Power,2019,June,97902,29,0
Oregon,Idaho Power,2019,June,97903,81,0
Oregon,Idaho Power,2019,June,97904,109,0
Oregon,Idaho Power,2019,June,97905,117,0
Oregon,Idaho Power,2019,June,97906,139,0
Oregon,Idaho Power,2019,June,97907,376,1
Oregon,Idaho Power,2019,June,97908,62,0
Oregon,Idaho Power,2019,June,97909,46,0
Oregon,Idaho Power,2019,June,97910,379,1
Oregon,Idaho Power,2019,June,97911,91,0
Oregon,Idaho Power,2019,June,97913,2124,13
Oregon,Idaho Power,2019,June,97914,6903,40
Oregon,Idaho Power,2019,June,97918,1962,11
Oregon,Idaho Power,2019,June,97920,34,0
Oregon,Northwest Natural Gas Company,2019,March,97002,765,0
Oregon,Northwest Natural Gas Company,2019,March,97003,6795,20
Oregon,Northwest Natural Gas Company,2019,March,97004,224,1
Oregon,Northwest Natural Gas Company,2019,March,97005,4264,9
Oregon,Northwest Natural Gas Company,2019,March,97006,9289,19
Oregon,Northwest Natural Gas Company,2019,March,97007,13320,26
Oregon,Northwest Natural Gas Company,2019,March,97008,6290,10
Oregon,Northwest Natural Gas Company,2019,March,97009,1018,3
Oregon,Northwest Natural Gas Company,2019,March,97013,3303,4
Oregon,Northwest Natural Gas Company,2019,March,97015,4539,15
Oregon,Northwest Natural Gas Company,2019,March,97016,107,0
Oregon,Northwest Natural Gas Company,2019,March,97018,647,0
Oregon,Northwest Natural Gas Company,2019,March,97020,156,0
Oregon,Northwest Natural Gas Company,2019,March,97024,1995,6
Oregon,Northwest Natural Gas Company,2019,March,97026,346,0
Oregon,Northwest Natural Gas Company,2019,March,97027,2924,19
Oregon,Northwest Natural Gas Company,2019,March,97030,6386,22
Oregon,Northwest Natural Gas Company,2019,March,97031,3501,9
Oregon,Northwest Natural Gas Company,2019,March,97032,863,2
Oregon,Northwest Natural Gas Company,2019,March,97034,6692,7
Oregon,Northwest Natural Gas Company,2019,March,97035,6951,12
Oregon,Northwest Natural Gas Company,2019,March,97036,1,0
Oregon,Northwest Natural Gas Company,2019,March,97038,2030,6
Oregon,Northwest Natural Gas Company,2019,March,97042,112,0
Oregon,Northwest Natural Gas Company,2019,March,97045,11078,38
Oregon,Northwest Natural Gas Company,2019,March,97048,382,0
Oregon,Northwest Natural Gas Company,2019,March,97051,3123,11
Oregon,Northwest Natural Gas Company,2019,March,97053,605,0
Oregon,Northwest Natural Gas Company,2019,March,97054,19,0
Oregon,Northwest Natural Gas Company,2019,March,97055,3274,15
Oregon,Northwest Natural Gas Company,2019,March,97056,2376,2
Oregon,Northwest Natural Gas Company,2019,March,97058,1569,6
Oregon,Northwest Natural Gas Company,2019,March,97060,4694,11
Oregon,Northwest Natural Gas Company,2019,March,97062,6035,14
Oregon,Northwest Natural Gas Company,2019,March,97064,669,3
Oregon,Northwest Natural Gas Company,2019,March,97068,9303,15
Oregon,Northwest Natural Gas Company,2019,March,97070,5914,11
Oregon,Northwest Natural Gas Company,2019,March,97071,5004,11
Oregon,Northwest Natural Gas Company,2019,March,97078,5764,15
Oregon,Northwest Natural Gas Company,2019,March,97080,10550,27
Oregon,Northwest Natural Gas Company,2019,March,97086,8256,23
Oregon,Northwest Natural Gas Company,2019,March,97089,3245,8
Oregon,Northwest Natural Gas Company,2019,March,97101,289,1
Oregon,Northwest Natural Gas Company,2019,March,97103,3982,9
Oregon,Northwest Natural Gas Company,2019,March,97106,418,0
Oregon,Northwest Natural Gas Company,2019,March,97110,1300,1
Oregon,Northwest Natural Gas Company,2019,March,97111,22,0
Oregon,Northwest Natural Gas Company,2019,March,97113,2073,2
Oregon,Northwest Natural Gas Company,2019,March,97114,17,0
Oregon,Northwest Natural Gas Company,2019,March,97115,928,1
Oregon,Northwest Natural Gas Company,2019,March,97116,3232,1
Oregon,Northwest Natural Gas Company,2019,March,97121,412,1
Oregon,Northwest Natural Gas Company,2019,March,97123,10394,32
Oregon,Northwest Natural Gas Company,2019,March,97124,10658,20
Oregon,Northwest Natural Gas Company,2019,March,97127,802,10
Oregon,Northwest Natural Gas Company,2019,March,97128,2920,7
Oregon,Northwest Natural Gas Company,2019,March,97132,5326,10
Oregon,Northwest Natural Gas Company,2019,March,97133,918,0
Oregon,Northwest Natural Gas Company,2019,March,97138,4147,6
Oregon,Northwest Natural Gas Company,2019,March,97140,6508,22
Oregon,Northwest Natural Gas Company,2019,March,97146,2036,6
Oregon,Northwest Natural Gas Company,2019,March,97201,2308,5
Oregon,Northwest Natural Gas Company,2019,March,97202,11241,42
Oregon,Northwest Natural Gas Company,2019,March,97203,7320,20
Oregon,Northwest Natural Gas Company,2019,March,97204,7,0
Oregon,Northwest Natural Gas Company,2019,March,97205,939,2
Oregon,Northwest Natural Gas Company,2019,March,97206,13512,52
Oregon,Northwest Natural Gas Company,2019,March,97209,1653,5
Oregon,Northwest Natural Gas Company,2019,March,97210,3946,5
Oregon,Northwest Natural Gas Company,2019,March,97211,10134,39
Oregon,Northwest Natural Gas Company,2019,March,97212,8443,26
Oregon,Northwest Natural Gas Company,2019,March,97213,9629,24
Oregon,Northwest Natural Gas Company,2019,March,97214,7950,19
Oregon,Northwest Natural Gas Company,2019,March,97215,5652,12
Oregon,Northwest Natural Gas Company,2019,March,97216,3370,24
Oregon,Northwest Natural Gas Company,2019,March,97217,10277,40
Oregon,Northwest Natural Gas Company,2019,March,97218,3533,18
Oregon,Northwest Natural Gas Company,2019,March,97219,12235,26
Oregon,Northwest Natural Gas Company,2019,March,97220,6541,16
Oregon,Northwest Natural Gas Company,2019,March,97221,3915,4
Oregon,Northwest Natural Gas Company,2019,March,97222,7893,16
Oregon,Northwest Natural Gas Company,2019,March,97223,12786,24
Oregon,Northwest Natural Gas Company,2019,March,97224,10271,12
Oregon,Northwest Natural Gas Company,2019,March,97225,7218,18
Oregon,Northwest Natural Gas Company,2019,March,97227,1123,8
Oregon,Northwest Natural Gas Company,2019,March,97229,20038,32
Oregon,Northwest Natural Gas Company,2019,March,97230,9247,35
Oregon,Northwest Natural Gas Company,2019,March,97231,768,2
Oregon,Northwest Natural Gas Company,2019,March,97232,2897,10
Oregon,Northwest Natural Gas Company,2019,March,97233,6155,37
Oregon,Northwest Natural Gas Company,2019,March,97236,7083,47
Oregon,Northwest Natural Gas Company,2019,March,97239,3962,4
Oregon,Northwest Natural Gas Company,2019,March,97266,7150,52
Oregon,Northwest Natural Gas Company,2019,March,97267,8586,25
Oregon,Northwest Natural Gas Company,2019,March,97301,8388,36
Oregon,Northwest Natural Gas Company,2019,March,97302,10045,16
Oregon,Northwest Natural Gas Company,2019,March,97303,8891,29
Oregon,Northwest Natural Gas Company,2019,March,97304,6972,8
Oregon,Northwest Natural Gas Company,2019,March,97305,6271,3
Oregon,Northwest Natural Gas Company,2019,March,97306,8166,10
Oregon,Northwest Natural Gas Company,2019,March,97310,9,0
Oregon,Northwest Natural Gas Company,2019,March,97317,3777,10
Oregon,Northwest Natural Gas Company,2019,March,97321,8246,9
Oregon,Northwest Natural Gas Company,2019,March,97322,7092,22
Oregon,Northwest Natural Gas Company,2019,March,97325,739,0
Oregon,Northwest Natural Gas Company,2019,March,97327,464,1
Oregon,Northwest Natural Gas Company,2019,March,97330,9112,15
Oregon,Northwest Natural Gas Company,2019,March,97333,4345,11
Oregon,Northwest Natural Gas Company,2019,March,97338,4093,3
Oregon,Northwest Natural Gas Company,2019,March,97341,1297,0
Oregon,Northwest Natural Gas Company,2019,March,97345,9,0
Oregon,Northwest Natural Gas Company,2019,March,97347,219,0
Oregon,Northwest Natural Gas Company,2019,March,97348,215,0
Oregon,Northwest Natural Gas Company,2019,March,97351,1612,4
Oregon,Northwest Natural Gas Company,2019,March,97352,758,3
Oregon,Northwest Natural Gas Company,2019,March,97355,5028,19
Oregon,Northwest Natural Gas Company,2019,March,97358,402,1
Oregon,Northwest Natural Gas Company,2019,March,97360,484,4
Oregon,Northwest Natural Gas Company,2019,March,97361,1258,4
Oregon,Northwest Natural Gas Company,2019,March,97362,697,0
Oregon,Northwest Natural Gas Company,2019,March,97364,218,0
Oregon,Northwest Natural Gas Company,2019,March,97365,1585,1
Oregon,Northwest Natural Gas Company,2019,March,97366,171,1
Oregon,Northwest Natural Gas Company,2019,March,97367,3970,9
Oregon,Northwest Natural Gas Company,2019,March,97368,932,2
Oregon,Northwest Natural Gas Company,2019,March,97370,1186,2
Oregon,Northwest Natural Gas Company,2019,March,97371,41,0
Oregon,Northwest Natural Gas Company,2019,March,97372,11,0
Oregon,Northwest Natural Gas Company,2019,March,97374,297,2
Oregon,Northwest Natural Gas Company,2019,March,97377,56,1
Oregon,Northwest Natural Gas Company,2019,March,97378,807,2
Oregon,Northwest Natural Gas Company,2019,March,97380,154,1
Oregon,Northwest Natural Gas Company,2019,March,97381,2785,0
Oregon,Northwest Natural Gas Company,2019,March,97383,1688,6
Oregon,Northwest Natural Gas Company,2019,March,97384,35,0
Oregon,Northwest Natural Gas Company,2019,March,97385,722,0
Oregon,Northwest Natural Gas Company,2019,March,97386,2129,5
Oregon,Northwest Natural Gas Company,2019,March,97388,1036,3
Oregon,Northwest Natural Gas Company,2019,March,97389,310,1
Oregon,Northwest Natural Gas Company,2019,March,97391,286,0
Oregon,Northwest Natural Gas Company,2019,March,97392,789,2
Oregon,Northwest Natural Gas Company,2019,March,97396,391,1
Oregon,Northwest Natural Gas Company,2019,March,97401,5297,8
Oregon,Northwest Natural Gas Company,2019,March,97402,4521,1
Oregon,Northwest Natural Gas Company,2019,March,97403,1466,3
Oregon,Northwest Natural Gas Company,2019,March,97404,6105,3
Oregon,Northwest Natural Gas Company,2019,March,97405,6781,6
Oregon,Northwest Natural Gas Company,2019,March,97408,2605,2
Oregon,Avista Utilities,2019,March,97417,312,5
Oregon,Northwest Natural Gas Company,2019,March,97420,727,1
Oregon,Northwest Natural Gas Company,2019,March,97423,182,0
Oregon,Northwest Natural Gas Company,2019,March,97424,2294,3
Oregon,Northwest Natural Gas Company,2019,March,97426,1237,3
Oregon,Avista Utilities,2019,March,97432,58,0
Oregon,Northwest Natural Gas Company,2019,March,97438,10,0
Oregon,Avista Utilities,2019,March,97442,148,0
Oregon,Northwest Natural Gas Company,2019,March,97446,580,2
Oregon,Northwest Natural Gas Company,2019,March,97448,1388,1
Oregon,Northwest Natural Gas Company,2019,March,97455,134,1
Oregon,Avista Utilities,2019,March,97457,1443,14
Oregon,Northwest Natural Gas Company,2019,March,97458,114,0
Oregon,Northwest Natural Gas Company,2019,March,97459,498,0
Oregon,Avista Utilities,2019,March,97462,264,0
Oregon,Avista Utilities,2019,March,97469,272,3
Oregon,Avista Utilities,2019,March,97470,3489,28
Oregon,Avista Utilities,2019,March,97471,4906,16
Oregon,Northwest Natural Gas Company,2019,March,97477,2820,2
Oregon,Northwest Natural Gas Company,2019,March,97478,2240,6
Oregon,Avista Utilities,2019,March,97479,1565,6
Oregon,Avista Utilities,2019,March,97495,489,1
Oregon,Avista Utilities,2019,March,97496,1100,6
Oregon,Avista Utilities,2019,March,97497,2,0
Oregon,Avista Utilities,2019,March,97501,9311,20
Oregon,Avista Utilities,2019,March,97502,6217,20
Oregon,Avista Utilities,2019,March,97503,1602,6
Oregon,Avista Utilities,2019,March,97504,12496,15
Oregon,Avista Utilities,2019,March,97520,7204,22
Oregon,Avista Utilities,2019,March,97524,2585,5
Oregon,Avista Utilities,2019,March,97525,574,1
Oregon,Avista Utilities,2019,March,97526,6236,15
Oregon,Avista Utilities,2019,March,97527,5416,15
Oregon,Avista Utilities,2019,March,97528,2,0
Oregon,Avista Utilities,2019,March,97530,1194,1
Oregon,Avista Utilities,2019,March,97535,1152,1
Oregon,Avista Utilities,2019,March,97537,534,1
Oregon,Avista Utilities,2019,March,97539,196,0
Oregon,Avista Utilities,2019,March,97540,1592,3
Oregon,Avista Utilities,2019,March,97601,6303,27
Oregon,Avista Utilities,2019,March,97603,8573,45
Oregon,Avista Utilities,2019,March,97623,45,0
Oregon,Avista Utilities,2019,March,97627,196,2
Oregon,Avista Utilities,2019,March,97632,128,0
Oregon,Avista Utilities,2019,March,97634,23,0
Oregon,Idaho Power,2019,March,97819,25,0
Oregon,Avista Utilities,2019,March,97824,300,0
Oregon,Avista Utilities,2019,March,97827,525,0
Oregon,Idaho Power,2019,March,97834,648,1
Oregon,Idaho Power,2019,March,97837,70,1
Oregon,Idaho Power,2019,March,97840,98,0
Oregon,Avista Utilities,2019,March,97841,130,0
Oregon,Avista Utilities,2019,March,97850,4940,11
Oregon,Avista Utilities,2019,March,97867,148,0
Oregon,Idaho Power,2019,March,97870,428,0
Oregon,Avista Utilities,2019,March,97876,50,0
Oregon,Avista Utilities,2019,March,97883,774,1
Oregon,Idaho Power,2019,March,97884,167,0
Oregon,Idaho Power,2019,March,97901,363,3
Oregon,Idaho Power,2019,March,97902,28,0
Oregon,Idaho Power,2019,March,97903,81,0
Oregon,Idaho Power,2019,March,97904,109,0
Oregon,Idaho Power,2019,March,97905,117,0
Oregon,Idaho Power,2019,March,97906,139,0
Oregon,Idaho Power,2019,March,97907,371,3
Oregon,Idaho Power,2019,March,97908,62,0
Oregon,Idaho Power,2019,March,97909,46,0
Oregon,Idaho Power,2019,March,97910,327,1
Oregon,Idaho Power,2019,March,97911,90,0
Oregon,Idaho Power,2019,March,97913,2131,22
Oregon,Idaho Power,2019,March,97914,6867,72
Oregon,Idaho Power,2019,March,97918,1979,11
Oregon,Idaho Power,2019,March,97920,34,0
Oregon,Northwest Natural Gas Company,2019,May,97002,763,0
Oregon,Northwest Natural Gas Company,2019,May,97003,6798,21
Oregon,Northwest Natural Gas Company,2019,May,97004,224,1
Oregon,Northwest Natural Gas Company,2019,May,97005,4269,15
Oregon,Northwest Natural Gas Company,2019,May,97006,9288,20
Oregon,Northwest Natural Gas Company,2019,May,97007,13345,23
Oregon,Northwest Natural Gas Company,2019,May,97008,6283,12
Oregon,Northwest Natural Gas Company,2019,May,97009,1021,0
Oregon,Northwest Natural Gas Company,2019,May,97013,3316,8
Oregon,Northwest Natural Gas Company,2019,May,97015,4537,10
Oregon,Northwest Natural Gas Company,2019,May,97016,108,0
Oregon,Northwest Natural Gas Company,2019,May,97018,648,1
Oregon,Northwest Natural Gas Company,2019,May,97020,157,0
Oregon,Northwest Natural Gas Company,2019,May,97024,1998,11
Oregon,Northwest Natural Gas Company,2019,May,97026,347,2
Oregon,Northwest Natural Gas Company,2019,May,97027,2920,5
Oregon,Northwest Natural Gas Company,2019,May,97030,6384,30
Oregon,Northwest Natural Gas Company,2019,May,97031,3514,11
Oregon,Northwest Natural Gas Company,2019,May,97032,861,3
Oregon,Northwest Natural Gas Company,2019,May,97034,6699,8
Oregon,Northwest Natural Gas Company,2019,May,97035,6968,11
Oregon,Northwest Natural Gas Company,2019,May,97036,1,0
Oregon,Northwest Natural Gas Company,2019,May,97038,2041,10
Oregon,Northwest Natural Gas Company,2019,May,97042,116,2
Oregon,Northwest Natural Gas Company,2019,May,97045,11093,24
Oregon,Northwest Natural Gas Company,2019,May,97048,381,1
Oregon,Northwest Natural Gas Company,2019,May,97051,3119,12
Oregon,Northwest Natural Gas Company,2019,May,97053,605,1
Oregon,Northwest Natural Gas Company,2019,May,97054,19,0
Oregon,Northwest Natural Gas Company,2019,May,97055,3284,17
Oregon,Northwest Natural Gas Company,2019,May,97056,2375,11
Oregon,Northwest Natural Gas Company,2019,May,97058,1568,5
Oregon,Northwest Natural Gas Company,2019,May,97060,4705,24
Oregon,Northwest Natural Gas Company,2019,May,97062,6044,10
Oregon,Northwest Natural Gas Company,2019,May,97064,671,1
Oregon,Northwest Natural Gas Company,2019,May,97068,9312,20
Oregon,Northwest Natural Gas Company,2019,May,97070,5919,8
Oregon,Northwest Natural Gas Company,2019,May,97071,4998,9
Oregon,Northwest Natural Gas Company,2019,May,97078,5768,23
Oregon,Northwest Natural Gas Company,2019,May,97080,10574,38
Oregon,Northwest Natural Gas Company,2019,May,97086,8277,19
Oregon,Northwest Natural Gas Company,2019,May,97089,3248,11
Oregon,Northwest Natural Gas Company,2019,May,97101,288,1
Oregon,Northwest Natural Gas Company,2019,May,97103,3979,15
Oregon,Northwest Natural Gas Company,2019,May,97106,420,0
Oregon,Northwest Natural Gas Company,2019,May,97110,1303,1
Oregon,Northwest Natural Gas Company,2019,May,97111,22,0
Oregon,Northwest Natural Gas Company,2019,May,97113,2087,6
Oregon,Northwest Natural Gas Company,2019,May,97114,17,0
Oregon,Northwest Natural Gas Company,2019,May,97115,931,1
Oregon,Northwest Natural Gas Company,2019,May,97116,3256,10
Oregon,Northwest Natural Gas Company,2019,May,97121,413,2
Oregon,Northwest Natural Gas Company,2019,May,97123,10404,25
Oregon,Northwest Natural Gas Company,2019,May,97124,10649,10
Oregon,Northwest Natural Gas Company,2019,May,97127,800,1
Oregon,Northwest Natural Gas Company,2019,May,97128,2942,3
Oregon,Northwest Natural Gas Company,2019,May,97132,5333,15
Oregon,Northwest Natural Gas Company,2019,May,97133,933,1
Oregon,Northwest Natural Gas Company,2019,May,97138,4153,12
Oregon,Northwest Natural Gas Company,2019,May,97140,6511,13
Oregon,Northwest Natural Gas Company,2019,May,97146,2038,6
Oregon,Northwest Natural Gas Company,2019,May,97201,2310,4
Oregon,Northwest Natural Gas Company,2019,May,97202,11262,21
Oregon,Northwest Natural Gas Company,2019,May,97203,7315,42
Oregon,Northwest Natural Gas Company,2019,May,97204,7,0
Oregon,Northwest Natural Gas Company,2019,May,97205,934,2
Oregon,Northwest Natural Gas Company,2019,May,97206,13504,58
Oregon,Northwest Natural Gas Company,2019,May,97209,1651,14
Oregon,Northwest Natural Gas Company,2019,May,97210,3941,16
Oregon,Northwest Natural Gas Company,2019,May,97211,10132,35
Oregon,Northwest Natural Gas Company,2019,May,97212,8437,8
Oregon,Northwest Natural Gas Company,2019,May,97213,9622,17
Oregon,Northwest Natural Gas Company,2019,May,97214,7947,24
Oregon,Northwest Natural Gas Company,2019,May,97215,5650,21
Oregon,Northwest Natural Gas Company,2019,May,97216,3365,14
Oregon,Northwest Natural Gas Company,2019,May,97217,10292,51
Oregon,Northwest Natural Gas Company,2019,May,97218,3538,22
Oregon,Northwest Natural Gas Company,2019,May,97219,12251,14
Oregon,Northwest Natural Gas Company,2019,May,97220,6547,23
Oregon,Northwest Natural Gas Company,2019,May,97221,3913,7
Oregon,Northwest Natural Gas Company,2019,May,97222,7893,20
Oregon,Northwest Natural Gas Company,2019,May,97223,12785,41
Oregon,Northwest Natural Gas Company,2019,May,97224,10302,9
Oregon,Northwest Natural Gas Company,2019,May,97225,7232,10
Oregon,Northwest Natural Gas Company,2019,May,97227,1262,4
Oregon,Northwest Natural Gas Company,2019,May,97229,20084,24
Oregon,Northwest Natural Gas Company,2019,May,97230,9257,33
Oregon,Northwest Natural Gas Company,2019,May,97231,770,5
Oregon,Northwest Natural Gas Company,2019,May,97232,2886,10
Oregon,Northwest Natural Gas Company,2019,May,97233,6151,30
Oregon,Northwest Natural Gas Company,2019,May,97236,7083,46
Oregon,Northwest Natural Gas Company,2019,May,97239,3967,2
Oregon,Northwest Natural Gas Company,2019,May,97266,7114,44
Oregon,Northwest Natural Gas Company,2019,May,97267,8581,15
Oregon,Northwest Natural Gas Company,2019,May,97301,8394,64
Oregon,Northwest Natural Gas Company,2019,May,97302,10045,18
Oregon,Northwest Natural Gas Company,2019,May,97303,8878,18
Oregon,Northwest Natural Gas Company,2019,May,97304,6997,10
Oregon,Northwest Natural Gas Company,2019,May,97305,6287,27
Oregon,Northwest Natural Gas Company,2019,May,97306,8201,27
Oregon,Northwest Natural Gas Company,2019,May,97310,9,0
Oregon,Northwest Natural Gas Company,2019,May,97317,3774,22
Oregon,Northwest Natural Gas Company,2019,May,97321,8259,16
Oregon,Northwest Natural Gas Company,2019,May,97322,7106,26
Oregon,Northwest Natural Gas Company,2019,May,97325,746,3
Oregon,Northwest Natural Gas Company,2019,May,97327,463,5
Oregon,Northwest Natural Gas Company,2019,May,97330,9090,21
Oregon,Northwest Natural Gas Company,2019,May,97333,4334,8
Oregon,Northwest Natural Gas Company,2019,May,97338,4108,8
Oregon,Northwest Natural Gas Company,2019,May,97341,1296,1
Oregon,Northwest Natural Gas Company,2019,May,97345,10,0
Oregon,Northwest Natural Gas Company,2019,May,97347,220,0
Oregon,Northwest Natural Gas Company,2019,May,97348,215,1
Oregon,Northwest Natural Gas Company,2019,May,97351,1626,14
Oregon,Northwest Natural Gas Company,2019,May,97352,755,0
Oregon,Northwest Natural Gas Company,2019,May,97355,5021,19
Oregon,Northwest Natural Gas Company,2019,May,97358,402,2
Oregon,Northwest Natural Gas Company,2019,May,97360,485,4
Oregon,Northwest Natural Gas Company,2019,May,97361,1259,0
Oregon,Northwest Natural Gas Company,2019,May,97362,695,0
Oregon,Northwest Natural Gas Company,2019,May,97364,218,1
Oregon,Northwest Natural Gas Company,2019,May,97365,1591,1
Oregon,Northwest Natural Gas Company,2019,May,97366,166,0
Oregon,Northwest Natural Gas Company,2019,May,97367,3978,3
Oregon,Northwest Natural Gas Company,2019,May,97368,931,2
Oregon,Northwest Natural Gas Company,2019,May,97370,1191,1
Oregon,Northwest Natural Gas Company,2019,May,97371,42,2
Oregon,Northwest Natural Gas Company,2019,May,97372,10,0
Oregon,Northwest Natural Gas Company,2019,May,97374,296,1
Oregon,Northwest Natural Gas Company,2019,May,97377,56,1
Oregon,Northwest Natural Gas Company,2019,May,97378,806,6
Oregon,Northwest Natural Gas Company,2019,May,97380,154,1
Oregon,Northwest Natural Gas Company,2019,May,97381,2792,9
Oregon,Northwest Natural Gas Company,2019,May,97383,1686,7
Oregon,Northwest Natural Gas Company,2019,May,97384,35,1
Oregon,Northwest Natural Gas Company,2019,May,97385,728,1
Oregon,Northwest Natural Gas Company,2019,May,97386,2127,10
Oregon,Northwest Natural Gas Company,2019,May,97388,1038,2
Oregon,Northwest Natural Gas Company,2019,May,97389,311,0
Oregon,Northwest Natural Gas Company,2019,May,97391,286,1
Oregon,Northwest Natural Gas Company,2019,May,97392,799,3
Oregon,Northwest Natural Gas Company,2019,May,97396,391,5
Oregon,Northwest Natural Gas Company,2019,May,97401,5300,7
Oregon,Northwest Natural Gas Company,2019,May,97402,4525,15
Oregon,Northwest Natural Gas Company,2019,May,97403,1464,1
Oregon,Northwest Natural Gas Company,2019,May,97404,6124,13
Oregon,Northwest Natural Gas Company,2019,May,97405,6790,8
Oregon,Northwest Natural Gas Company,2019,May,97408,2623,1
Oregon,Avista Utilities,2019,May,97417,312,4
Oregon,Northwest Natural Gas Company,2019,May,97420,728,2
Oregon,Northwest Natural Gas Company,2019,May,97423,181,1
Oregon,Northwest Natural Gas Company,2019,May,97424,2292,6
Oregon,Northwest Natural Gas Company,2019,May,97426,1240,1
Oregon,Avista Utilities,2019,May,97432,55,0
Oregon,Northwest Natural Gas Company,2019,May,97438,10,0
Oregon,Avista Utilities,2019,May,97442,149,1
Oregon,Northwest Natural Gas Company,2019,May,97446,580,5
Oregon,Northwest Natural Gas Company,2019,May,97448,1391,6
Oregon,Northwest Natural Gas Company,2019,May,97455,134,0
Oregon,Avista Utilities,2019,May,97457,1442,14
Oregon,Northwest Natural Gas Company,2019,May,97458,116,1
Oregon,Northwest Natural Gas Company,2019,May,97459,506,4
Oregon,Avista Utilities,2019,May,97462,265,4
Oregon,Avista Utilities,2019,May,97469,269,5
Oregon,Avista Utilities,2019,May,97470,3461,34
Oregon,Avista Utilities,2019,May,97471,4874,18
Oregon,Northwest Natural Gas Company,2019,May,97477,2827,9
Oregon,Northwest Natural Gas Company,2019,May,97478,2241,6
Oregon,Avista Utilities,2019,May,97479,1561,1
Oregon,Avista Utilities,2019,May,97495,485,1
Oregon,Avista Utilities,2019,May,97496,1088,13
Oregon,Avista Utilities,2019,May,97497,2,0
Oregon,Avista Utilities,2019,May,97501,9230,41
Oregon,Avista Utilities,2019,May,97502,6192,20
Oregon,Avista Utilities,2019,May,97503,1599,11
Oregon,Avista Utilities,2019,May,97504,12466,31
Oregon,Avista Utilities,2019,May,97520,7144,15
Oregon,Avista Utilities,2019,May,97524,2584,4
Oregon,Avista Utilities,2019,May,97525,566,3
Oregon,Avista Utilities,2019,May,97526,6194,13
Oregon,Avista Utilities,2019,May,97527,5384,14
Oregon,Avista Utilities,2019,May,97528,2,0
Oregon,Avista Utilities,2019,May,97530,1190,0
Oregon,Avista Utilities,2019,May,97535,1148,2
Oregon,Avista Utilities,2019,May,97537,532,4
Oregon,Avista Utilities,2019,May,97539,200,0
Oregon,Avista Utilities,2019,May,97540,1594,8
Oregon,Avista Utilities,2019,May,97601,6240,72
Oregon,Avista Utilities,2019,May,97603,8529,73
Oregon,Avista Utilities,2019,May,97623,46,0
Oregon,Avista Utilities,2019,May,97627,191,0
Oregon,Avista Utilities,2019,May,97632,127,0
Oregon,Avista Utilities,2019,May,97634,23,0
Oregon,Idaho Power,2019,May,97819,25,0
Oregon,Avista Utilities,2019,May,97824,300,0
Oregon,Avista Utilities,2019,May,97827,520,2
Oregon,Idaho Power,2019,May,97834,650,0
Oregon,Idaho Power,2019,May,97837,72,0
Oregon,Idaho Power,2019,May,97840,97,0
Oregon,Avista Utilities,2019,May,97841,128,0
Oregon,Avista Utilities,2019,May,97850,4888,17
Oregon,Avista Utilities,2019,May,97867,146,1
Oregon,Idaho Power,2019,May,97870,430,0
Oregon,Avista Utilities,2019,May,97876,50,0
Oregon,Avista Utilities,2019,May,97883,753,3
Oregon,Idaho Power,2019,May,97884,166,0
Oregon,Idaho Power,2019,May,97901,361,1
Oregon,Idaho Power,2019,May,97902,29,0
Oregon,Idaho Power,2019,May,97903,82,0
Oregon,Idaho Power,2019,May,97904,109,0
Oregon,Idaho Power,2019,May,97905,117,0
Oregon,Idaho Power,2019,May,97906,138,0
Oregon,Idaho Power,2019,May,97907,372,6
Oregon,Idaho Power,2019,May,97908,65,0
Oregon,Idaho Power,2019,May,97909,46,0
Oregon,Idaho Power,2019,May,97910,373,1
Oregon,Idaho Power,2019,May,97911,90,0
Oregon,Idaho Power,2019,May,97913,2133,20
Oregon,Idaho Power,2019,May,97914,6872,50
Oregon,Idaho Power,2019,May,97918,1993,13
Oregon,Idaho Power,2019,May,97920,34,0
Oregon,Portland General Electric,2019,Nov,97002,2222,2
Oregon,Portland General Electric,2019,Nov,97003,11025,36
Oregon,Portland General Electric,2019,Nov,97004,1747,0
Oregon,Portland General Electric,2019,Nov,97005,11656,39
Oregon,Portland General Electric,2019,Nov,97006,18424,55
Oregon,Portland General Electric,2019,Nov,97007,17815,16
Oregon,Portland General Electric,2019,Nov,97008,11928,31
Oregon,Portland General Electric,2019,Nov,97009,3380,5
Oregon,Portland General Electric,2019,Nov,97010,2,0
Oregon,Portland General Electric,2019,Nov,97011,501,1
Oregon,Portland General Electric,2019,Nov,97013,2356,1
Oregon,Portland General Electric,2019,Nov,97015,8667,30
Oregon,Portland General Electric,2019,Nov,97017,1105,0
Oregon,Portland General Electric,2019,Nov,97019,1216,0
Oregon,Portland General Electric,2019,Nov,97020,374,0
Oregon,Portland General Electric,2019,Nov,97022,1443,0
Oregon,Portland General Electric,2019,Nov,97023,4496,6
Oregon,Portland General Electric,2019,Nov,97024,4535,17
Oregon,Portland General Electric,2019,Nov,97026,1153,2
Oregon,Portland General Electric,2019,Nov,97027,4929,17
Oregon,Portland General Electric,2019,Nov,97028,713,0
Oregon,Portland General Electric,2019,Nov,97030,14893,52
Oregon,Portland General Electric,2019,Nov,97032,1730,5
Oregon,Portland General Electric,2019,Nov,97034,8432,3
Oregon,Portland General Electric,2019,Nov,97035,11154,13
Oregon,Portland General Electric,2019,Nov,97036,2,0
Oregon,Portland General Electric,2019,Nov,97038,6249,17
Oregon,Portland General Electric,2019,Nov,97042,1200,0
Oregon,Portland General Electric,2019,Nov,97045,21823,0
Oregon,Portland General Electric,2019,Nov,97049,1739,0
Oregon,Portland General Electric,2019,Nov,97055,7749,13
Oregon,Portland General Electric,2019,Nov,97056,30,0
Oregon,Portland General Electric,2019,Nov,97060,7576,0
Oregon,Portland General Electric,2019,Nov,97062,11323,0
Oregon,Portland General Electric,2019,Nov,97067,1240,0
Oregon,Portland General Electric,2019,Nov,97068,11585,2
Oregon,Portland General Electric,2019,Nov,97070,11190,20
Oregon,Portland General Electric,2019,Nov,97071,9480,11
Oregon,Portland General Electric,2019,Nov,97078,9131,36
Oregon,Portland General Electric,2019,Nov,97080,15964,38
Oregon,Portland General Electric,2019,Nov,97086,11843,24
Oregon,Portland General Electric,2019,Nov,97089,4765,6
Oregon,Portland General Electric,2019,Nov,97101,1513,1
Oregon,Portland General Electric,2019,Nov,97106,1529,0
Oregon,Portland General Electric,2019,Nov,97109,81,0
Oregon,Portland General Electric,2019,Nov,97111,1420,1
Oregon,Portland General Electric,2019,Nov,97113,4682,7
Oregon,Portland General Electric,2019,Nov,97114,1739,3
Oregon,Portland General Electric,2019,Nov,97115,1677,0
Oregon,Portland General Electric,2019,Nov,97116,831,0
Oregon,Portland General Electric,2019,Nov,97117,266,0
Oregon,Portland General Electric,2019,Nov,97119,1606,0
Oregon,Portland General Electric,2019,Nov,97123,16661,26
Oregon,Portland General Electric,2019,Nov,97124,21566,30
Oregon,Portland General Electric,2019,Nov,97125,18,0
Oregon,Portland General Electric,2019,Nov,97127,1427,0
Oregon,Portland General Electric,2019,Nov,97128,495,0
Oregon,Portland General Electric,2019,Nov,97132,11545,20
Oregon,Portland General Electric,2019,Nov,97133,2144,0
Oregon,Portland General Electric,2019,Nov,97137,483,0
Oregon,Portland General Electric,2019,Nov,97140,9466,8
Oregon,Portland General Electric,2019,Nov,97148,1272,0
Oregon,Portland General Electric,2019,Nov,97201,7260,3
Oregon,Portland General Electric,2019,Nov,97202,19362,30
Oregon,Portland General Electric,2019,Nov,97203,12634,40
Oregon,Portland General Electric,2019,Nov,97204,285,0
Oregon,Portland General Electric,2019,Nov,97205,2605,1
Oregon,Portland General Electric,2019,Nov,97206,21256,43
Oregon,Portland General Electric,2019,Nov,97209,14213,8
Oregon,Portland General Electric,2019,Nov,97210,7513,0
Oregon,Portland General Electric,2019,Nov,97211,1,0
Oregon,Portland General Electric,2019,Nov,97213,3013,1
Oregon,Portland General Electric,2019,Nov,97214,14494,19
Oregon,Portland General Electric,2019,Nov,97215,7541,10
Oregon,Portland General Electric,2019,Nov,97216,4180,12
Oregon,Portland General Electric,2019,Nov,97217,12067,19
Oregon,Portland General Electric,2019,Nov,97219,17386,19
Oregon,Portland General Electric,2019,Nov,97221,5260,3
Oregon,Portland General Electric,2019,Nov,97222,15423,38
Oregon,Portland General Electric,2019,Nov,97223,20306,34
Oregon,Portland General Electric,2019,Nov,97224,15580,32
Oregon,Portland General Electric,2019,Nov,97225,11535,24
Oregon,Portland General Electric,2019,Nov,97227,422,0
Oregon,Portland General Electric,2019,Nov,97229,27125,34
Oregon,Portland General Electric,2019,Nov,97230,15352,24
Oregon,Portland General Electric,2019,Nov,97231,2007,0
Oregon,Portland General Electric,2019,Nov,97232,4713,4
Oregon,Portland General Electric,2019,Nov,97233,14731,57
Oregon,Portland General Electric,2019,Nov,97236,13681,41
Oregon,Portland General Electric,2019,Nov,97239,9672,9
Oregon,Portland General Electric,2019,Nov,97266,13165,39
Oregon,Portland General Electric,2019,Nov,97267,12737,28
Oregon,Portland General Electric,2019,Nov,97301,18481,99
Oregon,Portland General Electric,2019,Nov,97302,16756,41
Oregon,Portland General Electric,2019,Nov,97303,10656,24
Oregon,Portland General Electric,2019,Nov,97304,1246,0
Oregon,Portland General Electric,2019,Nov,97305,14812,92
Oregon,Portland General Electric,2019,Nov,97306,13367,26
Oregon,Portland General Electric,2019,Nov,97317,8333,15
Oregon,Portland General Electric,2019,Nov,97325,154,0
Oregon,Portland General Electric,2019,Nov,97338,238,0
Oregon,Portland General Electric,2019,Nov,97347,783,0
Oregon,Portland General Electric,2019,Nov,97352,121,0
Oregon,Portland General Electric,2019,Nov,97362,1465,2
Oregon,Portland General Electric,2019,Nov,97371,101,0
Oregon,Portland General Electric,2019,Nov,97375,503,0
Oregon,Portland General Electric,2019,Nov,97378,2774,8
Oregon,Portland General Electric,2019,Nov,97381,6241,13
Oregon,Portland General Electric,2019,Nov,97385,137,0
Oregon,Portland General Electric,2019,Nov,97392,1686,0
Oregon,Portland General Electric,2019,Nov,97396,1332,2
Oregon,Northwest Natural Gas Company,2019,November,97002,762,3
Oregon,Northwest Natural Gas Company,2019,November,97003,6794,7
Oregon,Northwest Natural Gas Company,2019,November,97004,225,0
Oregon,Northwest Natural Gas Company,2019,November,97005,4299,4
Oregon,Northwest Natural Gas Company,2019,November,97006,9277,2
Oregon,Northwest Natural Gas Company,2019,November,97007,13424,2
Oregon,Northwest Natural Gas Company,2019,November,97008,6285,2
Oregon,Northwest Natural Gas Company,2019,November,97009,1029,0
Oregon,Northwest Natural Gas Company,2019,November,97013,3373,0
Oregon,Northwest Natural Gas Company,2019,November,97015,4553,4
Oregon,Northwest Natural Gas Company,2019,November,97016,108,0
Oregon,Northwest Natural Gas Company,2019,November,97018,651,0
Oregon,Northwest Natural Gas Company,2019,November,97020,158,1
Oregon,Northwest Natural Gas Company,2019,November,97024,2003,0
Oregon,Northwest Natural Gas Company,2019,November,97026,351,0
Oregon,Northwest Natural Gas Company,2019,November,97027,2924,2
Oregon,Northwest Natural Gas Company,2019,November,97030,6391,13
Oregon,Northwest Natural Gas Company,2019,November,97031,3543,2
Oregon,Northwest Natural Gas Company,2019,November,97032,868,0
Oregon,Northwest Natural Gas Company,2019,November,97034,6721,1
Oregon,Northwest Natural Gas Company,2019,November,97035,6980,6
Oregon,Northwest Natural Gas Company,2019,November,97036,1,0
Oregon,Northwest Natural Gas Company,2019,November,97038,2078,1
Oregon,Northwest Natural Gas Company,2019,November,97042,117,0
Oregon,Northwest Natural Gas Company,2019,November,97045,11178,7
Oregon,Northwest Natural Gas Company,2019,November,97048,386,0
Oregon,Northwest Natural Gas Company,2019,November,97051,3140,4
Oregon,Northwest Natural Gas Company,2019,November,97053,608,1
Oregon,Northwest Natural Gas Company,2019,November,97054,18,0
Oregon,Northwest Natural Gas Company,2019,November,97055,3309,6
Oregon,Northwest Natural Gas Company,2019,November,97056,2385,0
Oregon,Northwest Natural Gas Company,2019,November,97058,1571,0
Oregon,Northwest Natural Gas Company,2019,November,97060,4724,8
Oregon,Northwest Natural Gas Company,2019,November,97062,6084,2
Oregon,Northwest Natural Gas Company,2019,November,97064,680,0
Oregon,Northwest Natural Gas Company,2019,November,97068,9334,4
Oregon,Northwest Natural Gas Company,2019,November,97070,5988,4
Oregon,Northwest Natural Gas Company,2019,November,97071,5013,3
Oregon,Northwest Natural Gas Company,2019,November,97078,5751,9
Oregon,Northwest Natural Gas Company,2019,November,97080,10701,7
Oregon,Northwest Natural Gas Company,2019,November,97086,8330,3
Oregon,Northwest Natural Gas Company,2019,November,97089,3264,4
Oregon,Northwest Natural Gas Company,2019,November,97101,292,0
Oregon,Northwest Natural Gas Company,2019,November,97103,3980,0
Oregon,Northwest Natural Gas Company,2019,November,97106,426,1
Oregon,Northwest Natural Gas Company,2019,November,97110,1317,0
Oregon,Northwest Natural Gas Company,2019,November,97111,22,0
Oregon,Northwest Natural Gas Company,2019,November,97113,2127,6
Oregon,Northwest Natural Gas Company,2019,November,97114,17,0
Oregon,Northwest Natural Gas Company,2019,November,97115,939,0
Oregon,Northwest Natural Gas Company,2019,November,97116,3296,2
Oregon,Northwest Natural Gas Company,2019,November,97121,417,0
Oregon,Northwest Natural Gas Company,2019,November,97123,10535,8
Oregon,Northwest Natural Gas Company,2019,November,97124,10664,10
Oregon,Northwest Natural Gas Company,2019,November,97127,801,1
Oregon,Northwest Natural Gas Company,2019,November,97128,3000,1
Oregon,Northwest Natural Gas Company,2019,November,97132,5410,5
Oregon,Northwest Natural Gas Company,2019,November,97133,986,1
Oregon,Northwest Natural Gas Company,2019,November,97138,4172,1
Oregon,Northwest Natural Gas Company,2019,November,97140,6529,2
Oregon,Northwest Natural Gas Company,2019,November,97145,1,0
Oregon,Northwest Natural Gas Company,2019,November,97146,2060,4
Oregon,Northwest Natural Gas Company,2019,November,97201,2326,4
Oregon,Northwest Natural Gas Company,2019,November,97202,11315,3
Oregon,Northwest Natural Gas Company,2019,November,97203,7345,0
Oregon,Northwest Natural Gas Company,2019,November,97204,85,0
Oregon,Northwest Natural Gas Company,2019,November,97205,934,2
Oregon,Northwest Natural Gas Company,2019,November,97206,13520,11
Oregon,Northwest Natural Gas Company,2019,November,97209,1823,6
Oregon,Northwest Natural Gas Company,2019,November,97210,3929,2
Oregon,Northwest Natural Gas Company,2019,November,97211,10218,8
Oregon,Northwest Natural Gas Company,2019,November,97212,8453,3
Oregon,Northwest Natural Gas Company,2019,November,97213,9628,10
Oregon,Northwest Natural Gas Company,2019,November,97214,8089,7
Oregon,Northwest Natural Gas Company,2019,November,97215,5679,3
Oregon,Northwest Natural Gas Company,2019,November,97216,3390,5
Oregon,Northwest Natural Gas Company,2019,November,97217,10356,5
Oregon,Northwest Natural Gas Company,2019,November,97218,3566,3
Oregon,Northwest Natural Gas Company,2019,November,97219,12276,12
Oregon,Northwest Natural Gas Company,2019,November,97220,6563,9
Oregon,Northwest Natural Gas Company,2019,November,97221,3912,2
Oregon,Northwest Natural Gas Company,2019,November,97222,7914,3
Oregon,Northwest Natural Gas Company,2019,November,97223,12787,12
Oregon,Northwest Natural Gas Company,2019,November,97224,10340,1
Oregon,Northwest Natural Gas Company,2019,November,97225,7237,4
Oregon,Northwest Natural Gas Company,2019,November,97227,1366,0
Oregon,Northwest Natural Gas Company,2019,November,97229,20301,7
Oregon,Northwest Natural Gas Company,2019,November,97230,9311,13
Oregon,Northwest Natural Gas Company,2019,November,97231,773,2
Oregon,Northwest Natural Gas Company,2019,November,97232,2892,3
Oregon,Northwest Natural Gas Company,2019,November,97233,6158,14
Oregon,Northwest Natural Gas Company,2019,November,97236,7092,9
Oregon,Northwest Natural Gas Company,2019,November,97239,3958,3
Oregon,Northwest Natural Gas Company,2019,November,97266,7156,12
Oregon,Northwest Natural Gas Company,2019,November,97267,8605,5
Oregon,Northwest Natural Gas Company,2019,November,97301,8322,12
Oregon,Northwest Natural Gas Company,2019,November,97302,10072,5
Oregon,Northwest Natural Gas Company,2019,November,97303,8884,9
Oregon,Northwest Natural Gas Company,2019,November,97304,7086,6
Oregon,Northwest Natural Gas Company,2019,November,97305,6375,9
Oregon,Northwest Natural Gas Company,2019,November,97306,8286,5
Oregon,Northwest Natural Gas Company,2019,November,97310,9,0
Oregon,Northwest Natural Gas Company,2019,November,97317,3795,3
Oregon,Northwest Natural Gas Company,2019,November,97321,8334,5
Oregon,Northwest Natural Gas Company,2019,November,97322,7160,4
Oregon,Northwest Natural Gas Company,2019,November,97325,768,0
Oregon,Northwest Natural Gas Company,2019,November,97327,469,0
Oregon,Northwest Natural Gas Company,2019,November,97330,9078,0
Oregon,Northwest Natural Gas Company,2019,November,97333,4331,2
Oregon,Northwest Natural Gas Company,2019,November,97338,4172,1
Oregon,Northwest Natural Gas Company,2019,November,97341,1303,1
Oregon,Northwest Natural Gas Company,2019,November,97345,10,0
Oregon,Northwest Natural Gas Company,2019,November,97347,219,0
Oregon,Northwest Natural Gas Company,2019,November,97348,218,0
Oregon,Northwest Natural Gas Company,2019,November,97351,1649,4
Oregon,Northwest Natural Gas Company,2019,November,97352,757,2
Oregon,Northwest Natural Gas Company,2019,November,97355,5032,4
Oregon,Northwest Natural Gas Company,2019,November,97358,405,0
Oregon,Northwest Natural Gas Company,2019,November,97360,490,1
Oregon,Northwest Natural Gas Company,2019,November,97361,1260,1
Oregon,Northwest Natural Gas Company,2019,November,97362,697,0
Oregon,Northwest Natural Gas Company,2019,November,97364,215,0
Oregon,Northwest Natural Gas Company,2019,November,97365,1596,1
Oregon,Northwest Natural Gas Company,2019,November,97366,167,0
Oregon,Northwest Natural Gas Company,2019,November,97367,3998,6
Oregon,Northwest Natural Gas Company,2019,November,97368,934,2
Oregon,Northwest Natural Gas Company,2019,November,97370,1196,0
Oregon,Northwest Natural Gas Company,2019,November,97371,42,0
Oregon,Northwest Natural Gas Company,2019,November,97372,11,0
Oregon,Northwest Natural Gas Company,2019,November,97374,298,1
Oregon,Northwest Natural Gas Company,2019,November,97377,55,0
Oregon,Northwest Natural Gas Company,2019,November,97378,803,2
Oregon,Northwest Natural Gas Company,2019,November,97380,155,0
Oregon,Northwest Natural Gas Company,2019,November,97381,2801,0
Oregon,Northwest Natural Gas Company,2019,November,97383,1698,0
Oregon,Northwest Natural Gas Company,2019,November,97384,34,0
Oregon,Northwest Natural Gas Company,2019,November,97385,750,0
Oregon,Northwest Natural Gas Company,2019,November,97386,2131,1
Oregon,Northwest Natural Gas Company,2019,November,97388,1045,1
Oregon,Northwest Natural Gas Company,2019,November,97389,308,1
Oregon,Northwest Natural Gas Company,2019,November,97391,289,0
Oregon,Northwest Natural Gas Company,2019,November,97392,838,1
Oregon,Northwest Natural Gas Company,2019,November,97396,398,1
Oregon,Northwest Natural Gas Company,2019,November,97401,5430,2
Oregon,Northwest Natural Gas Company,2019,November,97402,4557,4
Oregon,Northwest Natural Gas Company,2019,November,97403,1463,3
Oregon,Northwest Natural Gas Company,2019,November,97404,6172,4
Oregon,Northwest Natural Gas Company,2019,November,97405,6836,4
Oregon,Northwest Natural Gas Company,2019,November,97408,2677,3
Oregon,Avista Utilities,2019,November,97417,306,1
Oregon,Northwest Natural Gas Company,2019,November,97420,744,1
Oregon,Northwest Natural Gas Company,2019,November,97423,184,0
Oregon,Northwest Natural Gas Company,2019,November,97424,2292,3
Oregon,Northwest Natural Gas Company,2019,November,97426,1246,0
Oregon,Avista Utilities,2019,November,97432,54,0
Oregon,Northwest Natural Gas Company,2019,November,97438,10,0
Oregon,Avista Utilities,2019,November,97442,148,1
Oregon,Northwest Natural Gas Company,2019,November,97446,579,0
Oregon,Northwest Natural Gas Company,2019,November,97448,1389,0
Oregon,Northwest Natural Gas Company,2019,November,97455,132,0
Oregon,Avista Utilities,2019,November,97457,1433,0
Oregon,Northwest Natural Gas Company,2019,November,97458,120,0
Oregon,Northwest Natural Gas Company,2019,November,97459,519,0
Oregon,Avista Utilities,2019,November,97462,269,0
Oregon,Avista Utilities,2019,November,97469,269,1
Oregon,Avista Utilities,2019,November,97470,3476,8
Oregon,Avista Utilities,2019,November,97471,4920,4
Oregon,Northwest Natural Gas Company,2019,November,97477,2850,1
Oregon,Northwest Natural Gas Company,2019,November,97478,2243,2
Oregon,Avista Utilities,2019,November,97479,1607,0
Oregon,Avista Utilities,2019,November,97495,492,0
Oregon,Avista Utilities,2019,November,97496,1102,1
Oregon,Avista Utilities,2019,November,97497,2,0
Oregon,Avista Utilities,2019,November,97501,9324,13
Oregon,Avista Utilities,2019,November,97502,6234,5
Oregon,Avista Utilities,2019,November,97503,1619,3
Oregon,Avista Utilities,2019,November,97504,12611,5
Oregon,Avista Utilities,2019,November,97520,7252,5
Oregon,Avista Utilities,2019,November,97524,2629,5
Oregon,Avista Utilities,2019,November,97525,572,1
Oregon,Avista Utilities,2019,November,97526,6225,4
Oregon,Avista Utilities,2019,November,97527,5429,7
Oregon,Avista Utilities,2019,November,97528,2,0
Oregon,Avista Utilities,2019,November,97530,1194,2
Oregon,Avista Utilities,2019,November,97535,1147,1
Oregon,Avista Utilities,2019,November,97537,530,0
Oregon,Avista Utilities,2019,November,97539,203,0
Oregon,Avista Utilities,2019,November,97540,1601,0
Oregon,Avista Utilities,2019,November,97601,6353,14
Oregon,Avista Utilities,2019,November,97603,8627,3
Oregon,Avista Utilities,2019,November,97623,49,0
Oregon,Avista Utilities,2019,November,97627,197,0
Oregon,Avista Utilities,2019,November,97632,125,0
Oregon,Avista Utilities,2019,November,97634,24,0
Oregon,Idaho Power,2019,November,97814,1,0
Oregon,Idaho Power,2019,November,97819,26,0
Oregon,Avista Utilities,2019,November,97824,305,0
Oregon,Avista Utilities,2019,November,97827,531,1
Oregon,Idaho Power,2019,November,97834,648,0
Oregon,Idaho Power,2019,November,97837,71,0
Oregon,Idaho Power,2019,November,97840,99,0
Oregon,Avista Utilities,2019,November,97841,129,0
Oregon,Avista Utilities,2019,November,97850,4918,3
Oregon,Avista Utilities,2019,November,97867,146,2
Oregon,Idaho Power,2019,November,97870,436,0
Oregon,Avista Utilities,2019,November,97876,50,0
Oregon,Avista Utilities,2019,November,97883,762,0
Oregon,Idaho Power,2019,November,97884,167,0
Oregon,Idaho Power,2019,November,97901,366,1
Oregon,Idaho Power,2019,November,97902,29,0
Oregon,Idaho Power,2019,November,97903,84,0
Oregon,Idaho Power,2019,November,97904,109,0
Oregon,Idaho Power,2019,November,97905,115,0
Oregon,Idaho Power,2019,November,97906,141,0
Oregon,Idaho Power,2019,November,97907,375,2
Oregon,Idaho Power,2019,November,97908,59,0
Oregon,Idaho Power,2019,November,97909,46,0
Oregon,Idaho Power,2019,November,97910,354,0
Oregon,Idaho Power,2019,November,97911,90,0
Oregon,Idaho Power,2019,November,97913,2132,14
Oregon,Idaho Power,2019,November,97914,6848,38
Oregon,Idaho Power,2019,November,97917,0,0
Oregon,Idaho Power,2019,November,97918,1964,3
Oregon,Idaho Power,2019,November,97920,34,0
Oregon,Northwest Natural Gas Company,2019,October,97002,757,0
Oregon,Northwest Natural Gas Company,2019,October,97003,6782,2
Oregon,Northwest Natural Gas Company,2019,October,97004,225,1
Oregon,Northwest Natural Gas Company,2019,October,97005,4290,3
Oregon,Northwest Natural Gas Company,2019,October,97006,9270,11
Oregon,Northwest Natural Gas Company,2019,October,97007,13400,13
Oregon,Northwest Natural Gas Company,2019,October,97008,6282,4
Oregon,Northwest Natural Gas Company,2019,October,97009,1026,1
Oregon,Northwest Natural Gas Company,2019,October,97013,3363,3
Oregon,Northwest Natural Gas Company,2019,October,97015,4547,2
Oregon,Northwest Natural Gas Company,2019,October,97016,108,0
Oregon,Northwest Natural Gas Company,2019,October,97018,650,0
Oregon,Northwest Natural Gas Company,2019,October,97020,157,0
Oregon,Northwest Natural Gas Company,2019,October,97024,1998,2
Oregon,Northwest Natural Gas Company,2019,October,97026,348,0
Oregon,Northwest Natural Gas Company,2019,October,97027,2924,2
Oregon,Northwest Natural Gas Company,2019,October,97030,6376,8
Oregon,Northwest Natural Gas Company,2019,October,97031,3536,1
Oregon,Northwest Natural Gas Company,2019,October,97032,862,0
Oregon,Northwest Natural Gas Company,2019,October,97034,6707,3
Oregon,Northwest Natural Gas Company,2019,October,97035,6957,2
Oregon,Northwest Natural Gas Company,2019,October,97036,1,0
Oregon,Northwest Natural Gas Company,2019,October,97038,2069,2
Oregon,Northwest Natural Gas Company,2019,October,97042,115,0
Oregon,Northwest Natural Gas Company,2019,October,97045,11160,7
Oregon,Northwest Natural Gas Company,2019,October,97048,384,0
Oregon,Northwest Natural Gas Company,2019,October,97051,3121,2
Oregon,Northwest Natural Gas Company,2019,October,97053,607,1
Oregon,Northwest Natural Gas Company,2019,October,97054,18,0
Oregon,Northwest Natural Gas Company,2019,October,97055,3296,1
Oregon,Northwest Natural Gas Company,2019,October,97056,2378,1
Oregon,Northwest Natural Gas Company,2019,October,97058,1558,3
Oregon,Northwest Natural Gas Company,2019,October,97060,4724,3
Oregon,Northwest Natural Gas Company,2019,October,97062,6076,3
Oregon,Northwest Natural Gas Company,2019,October,97064,676,1
Oregon,Northwest Natural Gas Company,2019,October,97068,9321,2
Oregon,Northwest Natural Gas Company,2019,October,97070,6005,2
Oregon,Northwest Natural Gas Company,2019,October,97071,5001,6
Oregon,Northwest Natural Gas Company,2019,October,97078,5749,3
Oregon,Northwest Natural Gas Company,2019,October,97080,10666,6
Oregon,Northwest Natural Gas Company,2019,October,97086,8305,4
Oregon,Northwest Natural Gas Company,2019,October,97089,3256,4
Oregon,Northwest Natural Gas Company,2019,October,97101,288,1
Oregon,Northwest Natural Gas Company,2019,October,97103,3966,10
Oregon,Northwest Natural Gas Company,2019,October,97106,425,0
Oregon,Northwest Natural Gas Company,2019,October,97110,1315,0
Oregon,Northwest Natural Gas Company,2019,October,97111,22,0
Oregon,Northwest Natural Gas Company,2019,October,97113,2119,2
Oregon,Northwest Natural Gas Company,2019,October,97114,16,0
Oregon,Northwest Natural Gas Company,2019,October,97115,934,0
Oregon,Northwest Natural Gas Company,2019,October,97116,3290,1
Oregon,Northwest Natural Gas Company,2019,October,97121,415,0
Oregon,Northwest Natural Gas Company,2019,October,97123,10495,9
Oregon,Northwest Natural Gas Company,2019,October,97124,10656,11
Oregon,Northwest Natural Gas Company,2019,October,97127,801,1
Oregon,Northwest Natural Gas Company,2019,October,97128,2982,2
Oregon,Northwest Natural Gas Company,2019,October,97132,5397,1
Oregon,Northwest Natural Gas Company,2019,October,97133,981,0
Oregon,Northwest Natural Gas Company,2019,October,97138,4170,0
Oregon,Northwest Natural Gas Company,2019,October,97140,6521,4
Oregon,Northwest Natural Gas Company,2019,October,97146,2051,1
Oregon,Northwest Natural Gas Company,2019,October,97201,2320,0
Oregon,Northwest Natural Gas Company,2019,October,97202,11281,7
Oregon,Northwest Natural Gas Company,2019,October,97203,7315,8
Oregon,Northwest Natural Gas Company,2019,October,97204,7,0
Oregon,Northwest Natural Gas Company,2019,October,97205,936,0
Oregon,Northwest Natural Gas Company,2019,October,97206,13469,11
Oregon,Northwest Natural Gas Company,2019,October,97209,1696,2
Oregon,Northwest Natural Gas Company,2019,October,97210,3910,3
Oregon,Northwest Natural Gas Company,2019,October,97211,10178,6
Oregon,Northwest Natural Gas Company,2019,October,97212,8439,5
Oregon,Northwest Natural Gas Company,2019,October,97213,9604,5
Oregon,Northwest Natural Gas Company,2019,October,97214,8057,3
Oregon,Northwest Natural Gas Company,2019,October,97215,5651,4
Oregon,Northwest Natural Gas Company,2019,October,97216,3372,4
Oregon,Northwest Natural Gas Company,2019,October,97217,10315,14
Oregon,Northwest Natural Gas Company,2019,October,97218,3547,3
Oregon,Northwest Natural Gas Company,2019,October,97219,12252,6
Oregon,Northwest Natural Gas Company,2019,October,97220,6542,3
Oregon,Northwest Natural Gas Company,2019,October,97221,3899,0
Oregon,Northwest Natural Gas Company,2019,October,97222,7890,3
Oregon,Northwest Natural Gas Company,2019,October,97223,12774,9
Oregon,Northwest Natural Gas Company,2019,October,97224,10332,9
Oregon,Northwest Natural Gas Company,2019,October,97225,7237,1
Oregon,Northwest Natural Gas Company,2019,October,97227,1315,2
Oregon,Northwest Natural Gas Company,2019,October,97229,20256,8
Oregon,Northwest Natural Gas Company,2019,October,97230,9287,4
Oregon,Northwest Natural Gas Company,2019,October,97231,768,0
Oregon,Northwest Natural Gas Company,2019,October,97232,2879,1
Oregon,Northwest Natural Gas Company,2019,October,97233,6135,11
Oregon,Northwest Natural Gas Company,2019,October,97236,7067,10
Oregon,Northwest Natural Gas Company,2019,October,97239,3950,1
Oregon,Northwest Natural Gas Company,2019,October,97266,7115,19
Oregon,Northwest Natural Gas Company,2019,October,97267,8596,8
Oregon,Northwest Natural Gas Company,2019,October,97301,8246,13
Oregon,Northwest Natural Gas Company,2019,October,97302,10046,2
Oregon,Northwest Natural Gas Company,2019,October,97303,8871,9
Oregon,Northwest Natural Gas Company,2019,October,97304,7060,2
Oregon,Northwest Natural Gas Company,2019,October,97305,6336,7
Oregon,Northwest Natural Gas Company,2019,October,97306,8266,4
Oregon,Northwest Natural Gas Company,2019,October,97310,9,0
Oregon,Northwest Natural Gas Company,2019,October,97317,3774,5
Oregon,Northwest Natural Gas Company,2019,October,97321,8309,6
Oregon,Northwest Natural Gas Company,2019,October,97322,7134,3
Oregon,Northwest Natural Gas Company,2019,October,97325,764,1
Oregon,Northwest Natural Gas Company,2019,October,97327,465,0
Oregon,Northwest Natural Gas Company,2019,October,97330,9031,4
Oregon,Northwest Natural Gas Company,2019,October,97333,4309,3
Oregon,Northwest Natural Gas Company,2019,October,97338,4129,4
Oregon,Northwest Natural Gas Company,2019,October,97341,1302,0
Oregon,Northwest Natural Gas Company,2019,October,97345,9,0
Oregon,Northwest Natural Gas Company,2019,October,97347,217,0
Oregon,Northwest Natural Gas Company,2019,October,97348,218,0
Oregon,Northwest Natural Gas Company,2019,October,97351,1642,1
Oregon,Northwest Natural Gas Company,2019,October,97352,754,0
Oregon,Northwest Natural Gas Company,2019,October,97355,5000,3
Oregon,Northwest Natural Gas Company,2019,October,97358,403,1
Oregon,Northwest Natural Gas Company,2019,October,97360,485,2
Oregon,Northwest Natural Gas Company,2019,October,97361,1258,1
Oregon,Northwest Natural Gas Company,2019,October,97362,697,1
Oregon,Northwest Natural Gas Company,2019,October,97364,217,0
Oregon,Northwest Natural Gas Company,2019,October,97365,1595,1
Oregon,Northwest Natural Gas Company,2019,October,97366,167,0
Oregon,Northwest Natural Gas Company,2019,October,97367,3997,2
Oregon,Northwest Natural Gas Company,2019,October,97368,930,0
Oregon,Northwest Natural Gas Company,2019,October,97370,1195,0
Oregon,Northwest Natural Gas Company,2019,October,97371,42,0
Oregon,Northwest Natural Gas Company,2019,October,97372,11,0
Oregon,Northwest Natural Gas Company,2019,October,97374,297,1
Oregon,Northwest Natural Gas Company,2019,October,97377,56,0
Oregon,Northwest Natural Gas Company,2019,October,97378,801,2
Oregon,Northwest Natural Gas Company,2019,October,97380,156,0
Oregon,Northwest Natural Gas Company,2019,October,97381,2784,1
Oregon,Northwest Natural Gas Company,2019,October,97383,1688,5
Oregon,Northwest Natural Gas Company,2019,October,97384,33,0
Oregon,Northwest Natural Gas Company,2019,October,97385,745,1
Oregon,Northwest Natural Gas Company,2019,October,97386,2124,3
Oregon,Northwest Natural Gas Company,2019,October,97388,1042,1
Oregon,Northwest Natural Gas Company,2019,October,97389,309,0
Oregon,Northwest Natural Gas Company,2019,October,97391,288,0
Oregon,Northwest Natural Gas Company,2019,October,97392,834,0
Oregon,Northwest Natural Gas Company,2019,October,97396,392,1
Oregon,Northwest Natural Gas Company,2019,October,97401,5406,2
Oregon,Northwest Natural Gas Company,2019,October,97402,4529,4
Oregon,Northwest Natural Gas Company,2019,October,97403,1457,0
Oregon,Northwest Natural Gas Company,2019,October,97404,6156,3
Oregon,Northwest Natural Gas Company,2019,October,97405,6796,2
Oregon,Northwest Natural Gas Company,2019,October,97408,2666,2
Oregon,Northwest Natural Gas Company,2019,October,97420,741,0
Oregon,Northwest Natural Gas Company,2019,October,97423,184,0
Oregon,Northwest Natural Gas Company,2019,October,97424,2276,2
Oregon,Northwest Natural Gas Company,2019,October,97426,1246,0
Oregon,Northwest Natural Gas Company,2019,October,97438,10,0
Oregon,Northwest Natural Gas Company,2019,October,97446,576,0
Oregon,Northwest Natural Gas Company,2019,October,97448,1383,0
Oregon,Northwest Natural Gas Company,2019,October,97455,133,0
Oregon,Northwest Natural Gas Company,2019,October,97458,117,0
Oregon,Northwest Natural Gas Company,2019,October,97459,512,1
Oregon,Northwest Natural Gas Company,2019,October,97477,2841,6
Oregon,Northwest Natural Gas Company,2019,October,97478,2240,0
Oregon,Idaho Power,2019,October,97814,2,0
Oregon,Idaho Power,2019,October,97819,25,0
Oregon,Idaho Power,2019,October,97834,658,1
Oregon,Idaho Power,2019,October,97837,71,0
Oregon,Idaho Power,2019,October,97840,98,2
Oregon,Idaho Power,2019,October,97870,432,3
Oregon,Idaho Power,2019,October,97884,167,0
Oregon,Idaho Power,2019,October,97901,358,0
Oregon,Idaho Power,2019,October,97902,30,0
Oregon,Idaho Power,2019,October,97903,83,0
Oregon,Idaho Power,2019,October,97904,110,0
Oregon,Idaho Power,2019,October,97905,116,0
Oregon,Idaho Power,2019,October,97906,139,1
Oregon,Idaho Power,2019,October,97907,379,1
Oregon,Idaho Power,2019,October,97908,59,0
Oregon,Idaho Power,2019,October,97909,46,0
Oregon,Idaho Power,2019,October,97910,359,0
Oregon,Idaho Power,2019,October,97911,91,0
Oregon,Idaho Power,2019,October,97913,2156,12
Oregon,Idaho Power,2019,October,97914,6869,47
Oregon,Idaho Power,2019,October,97918,1976,10
Oregon,Idaho Power,2019,October,97920,43,0
Oregon,Northwest Natural Gas Company,2019,September,97002,758,1
Oregon,Northwest Natural Gas Company,2019,September,97003,6783,16
Oregon,Northwest Natural Gas Company,2019,September,97004,222,0
Oregon,Northwest Natural Gas Company,2019,September,97005,4273,3
Oregon,Northwest Natural Gas Company,2019,September,97006,9265,2
Oregon,Northwest Natural Gas Company,2019,September,97007,13375,10
Oregon,Northwest Natural Gas Company,2019,September,97008,6275,2
Oregon,Northwest Natural Gas Company,2019,September,97009,1020,0
Oregon,Northwest Natural Gas Company,2019,September,97013,3355,5
Oregon,Northwest Natural Gas Company,2019,September,97015,4545,2
Oregon,Northwest Natural Gas Company,2019,September,97016,108,0
Oregon,Northwest Natural Gas Company,2019,September,97018,648,0
Oregon,Northwest Natural Gas Company,2019,September,97020,156,0
Oregon,Northwest Natural Gas Company,2019,September,97024,1993,1
Oregon,Northwest Natural Gas Company,2019,September,97026,347,3
Oregon,Northwest Natural Gas Company,2019,September,97027,2912,3
Oregon,Northwest Natural Gas Company,2019,September,97030,6359,11
Oregon,Northwest Natural Gas Company,2019,September,97031,3519,3
Oregon,Northwest Natural Gas Company,2019,September,97032,862,0
Oregon,Northwest Natural Gas Company,2019,September,97034,6698,1
Oregon,Northwest Natural Gas Company,2019,September,97035,6959,1
Oregon,Northwest Natural Gas Company,2019,September,97036,1,0
Oregon,Northwest Natural Gas Company,2019,September,97038,2059,2
Oregon,Northwest Natural Gas Company,2019,September,97042,115,0
Oregon,Northwest Natural Gas Company,2019,September,97045,11125,7
Oregon,Northwest Natural Gas Company,2019,September,97048,382,1
Oregon,Northwest Natural Gas Company,2019,September,97051,3117,4
Oregon,Northwest Natural Gas Company,2019,September,97053,607,0
Oregon,Northwest Natural Gas Company,2019,September,97054,18,0
Oregon,Northwest Natural Gas Company,2019,September,97055,3294,5
Oregon,Northwest Natural Gas Company,2019,September,97056,2378,0
Oregon,Northwest Natural Gas Company,2019,September,97058,1553,2
Oregon,Northwest Natural Gas Company,2019,September,97060,4714,5
Oregon,Northwest Natural Gas Company,2019,September,97062,6064,3
Oregon,Northwest Natural Gas Company,2019,September,97064,671,0
Oregon,Northwest Natural Gas Company,2019,September,97068,9307,6
Oregon,Northwest Natural Gas Company,2019,September,97070,5958,11
Oregon,Northwest Natural Gas Company,2019,September,97071,4996,6
Oregon,Northwest Natural Gas Company,2019,September,97078,5736,9
Oregon,Northwest Natural Gas Company,2019,September,97080,10641,9
Oregon,Northwest Natural Gas Company,2019,September,97086,8286,9
Oregon,Northwest Natural Gas Company,2019,September,97089,3250,4
Oregon,Northwest Natural Gas Company,2019,September,97101,286,0
Oregon,Northwest Natural Gas Company,2019,September,97103,3959,4
Oregon,Northwest Natural Gas Company,2019,September,97106,420,1
Oregon,Northwest Natural Gas Company,2019,September,97110,1305,0
Oregon,Northwest Natural Gas Company,2019,September,97111,22,0
Oregon,Northwest Natural Gas Company,2019,September,97113,2107,2
Oregon,Northwest Natural Gas Company,2019,September,97114,17,0
Oregon,Northwest Natural Gas Company,2019,September,97115,931,0
Oregon,Northwest Natural Gas Company,2019,September,97116,3277,4
Oregon,Northwest Natural Gas Company,2019,September,97121,414,1
Oregon,Northwest Natural Gas Company,2019,September,97123,10464,13
Oregon,Northwest Natural Gas Company,2019,September,97124,10643,8
Oregon,Northwest Natural Gas Company,2019,September,97127,801,0
Oregon,Northwest Natural Gas Company,2019,September,97128,2967,3
Oregon,Northwest Natural Gas Company,2019,September,97132,5387,7
Oregon,Northwest Natural Gas Company,2019,September,97133,972,1
Oregon,Northwest Natural Gas Company,2019,September,97138,4159,8
Oregon,Northwest Natural Gas Company,2019,September,97140,6517,7
Oregon,Northwest Natural Gas Company,2019,September,97146,2045,3
Oregon,Northwest Natural Gas Company,2019,September,97201,2320,2
Oregon,Northwest Natural Gas Company,2019,September,97202,11247,11
Oregon,Northwest Natural Gas Company,2019,September,97203,7311,10
Oregon,Northwest Natural Gas Company,2019,September,97204,7,0
Oregon,Northwest Natural Gas Company,2019,September,97205,937,4
Oregon,Northwest Natural Gas Company,2019,September,97206,13443,23
Oregon,Northwest Natural Gas Company,2019,September,97209,1644,2
Oregon,Northwest Natural Gas Company,2019,September,97210,3915,2
Oregon,Northwest Natural Gas Company,2019,September,97211,10157,10
Oregon,Northwest Natural Gas Company,2019,September,97212,8430,3
Oregon,Northwest Natural Gas Company,2019,September,97213,9580,6
Oregon,Northwest Natural Gas Company,2019,September,97214,8044,6
Oregon,Northwest Natural Gas Company,2019,September,97215,5633,4
Oregon,Northwest Natural Gas Company,2019,September,97216,3362,7
Oregon,Northwest Natural Gas Company,2019,September,97217,10289,9
Oregon,Northwest Natural Gas Company,2019,September,97218,3538,6
Oregon,Northwest Natural Gas Company,2019,September,97219,12234,5
Oregon,Northwest Natural Gas Company,2019,September,97220,6523,9
Oregon,Northwest Natural Gas Company,2019,September,97221,3895,0
Oregon,Northwest Natural Gas Company,2019,September,97222,7872,8
Oregon,Northwest Natural Gas Company,2019,September,97223,12762,10
Oregon,Northwest Natural Gas Company,2019,September,97224,10318,7
Oregon,Northwest Natural Gas Company,2019,September,97225,7235,4
Oregon,Northwest Natural Gas Company,2019,September,97227,1300,0
Oregon,Northwest Natural Gas Company,2019,September,97229,20206,6
Oregon,Northwest Natural Gas Company,2019,September,97230,9266,15
Oregon,Northwest Natural Gas Company,2019,September,97231,769,0
Oregon,Northwest Natural Gas Company,2019,September,97232,2863,1
Oregon,Northwest Natural Gas Company,2019,September,97233,6110,9
Oregon,Northwest Natural Gas Company,2019,September,97236,7039,13
Oregon,Northwest Natural Gas Company,2019,September,97239,3950,3
Oregon,Northwest Natural Gas Company,2019,September,97266,7090,14
Oregon,Northwest Natural Gas Company,2019,September,97267,8571,8
Oregon,Northwest Natural Gas Company,2019,September,97301,8246,14
Oregon,Northwest Natural Gas Company,2019,September,97302,10015,12
Oregon,Northwest Natural Gas Company,2019,September,97303,8865,10
Oregon,Northwest Natural Gas Company,2019,September,97304,7028,3
Oregon,Northwest Natural Gas Company,2019,September,97305,6311,11
Oregon,Northwest Natural Gas Company,2019,September,97306,8242,9
Oregon,Northwest Natural Gas Company,2019,September,97310,9,0
Oregon,Northwest Natural Gas Company,2019,September,97317,3765,4
Oregon,Northwest Natural Gas Company,2019,September,97321,8283,5
Oregon,Northwest Natural Gas Company,2019,September,97322,7105,2
Oregon,Northwest Natural Gas Company,2019,September,97325,759,1
Oregon,Northwest Natural Gas Company,2019,September,97327,465,1
Oregon,Northwest Natural Gas Company,2019,September,97330,8988,6
Oregon,Northwest Natural Gas Company,2019,September,97333,4278,3
Oregon,Northwest Natural Gas Company,2019,September,97338,4108,7
Oregon,Northwest Natural Gas Company,2019,September,97341,1302,0
Oregon,Northwest Natural Gas Company,2019,September,97345,9,0
Oregon,Northwest Natural Gas Company,2019,September,97347,216,1
Oregon,Northwest Natural Gas Company,2019,September,97348,216,0
Oregon,Northwest Natural Gas Company,2019,September,97351,1634,4
Oregon,Northwest Natural Gas Company,2019,September,97352,750,1
Oregon,Northwest Natural Gas Company,2019,September,97355,4985,8
Oregon,Northwest Natural Gas Company,2019,September,97358,402,0
Oregon,Northwest Natural Gas Company,2019,September,97360,481,3
Oregon,Northwest Natural Gas Company,2019,September,97361,1255,1
Oregon,Northwest Natural Gas Company,2019,September,97362,697,0
Oregon,Northwest Natural Gas Company,2019,September,97364,217,0
Oregon,Northwest Natural Gas Company,2019,September,97365,1595,0
Oregon,Northwest Natural Gas Company,2019,September,97366,167,0
Oregon,Northwest Natural Gas Company,2019,September,97367,3984,4
Oregon,Northwest Natural Gas Company,2019,September,97368,932,2
Oregon,Northwest Natural Gas Company,2019,September,97370,1191,3
Oregon,Northwest Natural Gas Company,2019,September,97371,41,0
Oregon,Northwest Natural Gas Company,2019,September,97372,11,0
Oregon,Northwest Natural Gas Company,2019,September,97374,293,0
Oregon,Northwest Natural Gas Company,2019,September,97377,56,0
Oregon,Northwest Natural Gas Company,2019,September,97378,800,2
Oregon,Northwest Natural Gas Company,2019,September,97380,155,1
Oregon,Northwest Natural Gas Company,2019,September,97381,2781,5
Oregon,Northwest Natural Gas Company,2019,September,97383,1683,2
Oregon,Northwest Natural Gas Company,2019,September,97384,33,0
Oregon,Northwest Natural Gas Company,2019,September,97385,740,0
Oregon,Northwest Natural Gas Company,2019,September,97386,2096,2
Oregon,Northwest Natural Gas Company,2019,September,97388,1040,0
Oregon,Northwest Natural Gas Company,2019,September,97389,310,1
Oregon,Northwest Natural Gas Company,2019,September,97391,283,0
Oregon,Northwest Natural Gas Company,2019,September,97392,820,0
Oregon,Northwest Natural Gas Company,2019,September,97396,390,0
Oregon,Northwest Natural Gas Company,2019,September,97401,5346,1
Oregon,Northwest Natural Gas Company,2019,September,97402,4519,3
Oregon,Northwest Natural Gas Company,2019,September,97403,1448,2
Oregon,Northwest Natural Gas Company,2019,September,97404,6134,2
Oregon,Northwest Natural Gas Company,2019,September,97405,6784,2
Oregon,Northwest Natural Gas Company,2019,September,97408,2654,0
Oregon,Northwest Natural Gas Company,2019,September,97420,736,0
Oregon,Northwest Natural Gas Company,2019,September,97423,182,0
Oregon,Northwest Natural Gas Company,2019,September,97424,2251,4
Oregon,Northwest Natural Gas Company,2019,September,97426,1244,0
Oregon,Northwest Natural Gas Company,2019,September,97438,10,0
Oregon,Northwest Natural Gas Company,2019,September,97446,577,1
Oregon,Northwest Natural Gas Company,2019,September,97448,1379,2
Oregon,Northwest Natural Gas Company,2019,September,97455,134,0
Oregon,Northwest Natural Gas Company,2019,September,97458,117,1
Oregon,Northwest Natural Gas Company,2019,September,97459,514,2
Oregon,Northwest Natural Gas Company,2019,September,97477,2828,2
Oregon,Northwest Natural Gas Company,2019,September,97478,2235,3
Oregon,Idaho Power,2019,September,97814,1,0
Oregon,Idaho Power,2019,September,97819,25,0
Oregon,Idaho Power,2019,September,97834,652,0
Oregon,Idaho Power,2019,September,97837,73,0
Oregon,Idaho Power,2019,September,97840,98,0
Oregon,Idaho Power,2019,September,97870,433,0
Oregon,Idaho Power,2019,September,97884,166,0
Oregon,Idaho Power,2019,September,97901,362,0
Oregon,Idaho Power,2019,September,97902,29,0
Oregon,Idaho Power,2019,September,97903,84,0
Oregon,Idaho Power,2019,September,97904,109,0
Oregon,Idaho Power,2019,September,97905,118,0
Oregon,Idaho Power,2019,September,97906,143,0
Oregon,Idaho Power,2019,September,97907,376,3
Oregon,Idaho Power,2019,September,97908,63,0
Oregon,Idaho Power,2019,September,97909,46,0
Oregon,Idaho Power,2019,September,97910,380,0
Oregon,Idaho Power,2019,September,97911,90,0
Oregon,Idaho Power,2019,September,97913,2146,9
Oregon,Idaho Power,2019,September,97914,6877,48
Oregon,Idaho Power,2019,September,97918,1963,9
Oregon,Idaho Power,2019,September,97920,34,0
Oregon,Portland General Electric,2020,Apr,97002,2226,0
Oregon,Portland General Electric,2020,Apr,97003,11087,0
Oregon,Portland General Electric,2020,Apr,97004,1755,0
Oregon,Portland General Electric,2020,Apr,97005,11668,0
Oregon,Portland General Electric,2020,Apr,97006,18588,0
Oregon,Portland General Electric,2020,Apr,97007,18013,0
Oregon,Portland General Electric,2020,Apr,97008,11968,0
Oregon,Portland General Electric,2020,Apr,97009,3387,0
Oregon,Portland General Electric,2020,Apr,97010,2,0
Oregon,Portland General Electric,2020,Apr,97011,498,0
Oregon,Portland General Electric,2020,Apr,97013,2356,0
Oregon,Portland General Electric,2020,Apr,97015,8762,0
Oregon,Portland General Electric,2020,Apr,97017,1110,0
Oregon,Portland General Electric,2020,Apr,97019,1211,0
Oregon,Portland General Electric,2020,Apr,97020,373,0
Oregon,Portland General Electric,2020,Apr,97022,1449,0
Oregon,Portland General Electric,2020,Apr,97023,4574,0
Oregon,Portland General Electric,2020,Apr,97024,4521,0
Oregon,Portland General Electric,2020,Apr,97026,1151,0
Oregon,Portland General Electric,2020,Apr,97027,4944,0
Oregon,Portland General Electric,2020,Apr,97028,718,0
Oregon,Portland General Electric,2020,Apr,97030,15018,0
Oregon,Portland General Electric,2020,Apr,97032,1737,0
Oregon,Portland General Electric,2020,Apr,97034,8450,0
Oregon,Portland General Electric,2020,Apr,97035,11171,0
Oregon,Portland General Electric,2020,Apr,97036,2,0
Oregon,Portland General Electric,2020,Apr,97038,6282,0
Oregon,Portland General Electric,2020,Apr,97042,1205,0
Oregon,Portland General Electric,2020,Apr,97045,21872,0
Oregon,Portland General Electric,2020,Apr,97049,1748,0
Oregon,Portland General Electric,2020,Apr,97055,7795,0
Oregon,Portland General Electric,2020,Apr,97056,30,0
Oregon,Portland General Electric,2020,Apr,97060,7650,0
Oregon,Portland General Electric,2020,Apr,97062,11329,0
Oregon,Portland General Electric,2020,Apr,97067,1233,0
Oregon,Portland General Electric,2020,Apr,97068,11620,0
Oregon,Portland General Electric,2020,Apr,97070,11239,0
Oregon,Portland General Electric,2020,Apr,97071,9490,0
Oregon,Portland General Electric,2020,Apr,97078,9277,0
Oregon,Portland General Electric,2020,Apr,97080,16121,0
Oregon,Portland General Electric,2020,Apr,97086,11984,0
Oregon,Portland General Electric,2020,Apr,97089,4773,0
Oregon,Portland General Electric,2020,Apr,97101,1522,0
Oregon,Portland General Electric,2020,Apr,97106,1541,0
Oregon,Portland General Electric,2020,Apr,97109,81,0
Oregon,Portland General Electric,2020,Apr,97111,1435,0
Oregon,Portland General Electric,2020,Apr,97113,4710,0
Oregon,Portland General Electric,2020,Apr,97114,1743,0
Oregon,Portland General Electric,2020,Apr,97115,1693,0
Oregon,Portland General Electric,2020,Apr,97116,833,0
Oregon,Portland General Electric,2020,Apr,97117,265,0
Oregon,Portland General Electric,2020,Apr,97119,1610,0
Oregon,Portland General Electric,2020,Apr,97123,16821,0
Oregon,Portland General Electric,2020,Apr,97124,21603,0
Oregon,Portland General Electric,2020,Apr,97125,18,0
Oregon,Portland General Electric,2020,Apr,97127,1431,0
Oregon,Portland General Electric,2020,Apr,97128,492,0
Oregon,Portland General Electric,2020,Apr,97132,11629,0
Oregon,Portland General Electric,2020,Apr,97133,2187,0
Oregon,Portland General Electric,2020,Apr,97137,482,0
Oregon,Portland General Electric,2020,Apr,97140,9421,0
Oregon,Portland General Electric,2020,Apr,97148,1273,0
Oregon,Portland General Electric,2020,Apr,97201,7259,0
Oregon,Portland General Electric,2020,Apr,97202,19531,0
Oregon,Portland General Electric,2020,Apr,97203,12697,0
Oregon,Portland General Electric,2020,Apr,97204,420,0
Oregon,Portland General Electric,2020,Apr,97205,2743,0
Oregon,Portland General Electric,2020,Apr,97206,21399,0
Oregon,Portland General Electric,2020,Apr,97209,14623,0
Oregon,Portland General Electric,2020,Apr,97210,7536,0
Oregon,Portland General Electric,2020,Apr,97211,.,0
Oregon,Portland General Electric,2020,Apr,97213,3036,0
Oregon,Portland General Electric,2020,Apr,97214,15306,0
Oregon,Portland General Electric,2020,Apr,97215,7577,0
Oregon,Portland General Electric,2020,Apr,97216,4195,0
Oregon,Portland General Electric,2020,Apr,97217,12150,0
Oregon,Portland General Electric,2020,Apr,97219,17434,0
Oregon,Portland General Electric,2020,Apr,97221,5269,0
Oregon,Portland General Electric,2020,Apr,97222,15462,0
Oregon,Portland General Electric,2020,Apr,97223,20417,0
Oregon,Portland General Electric,2020,Apr,97224,15713,0
Oregon,Portland General Electric,2020,Apr,97225,11551,0
Oregon,Portland General Electric,2020,Apr,97227,419,0
Oregon,Portland General Electric,2020,Apr,97229,27284,0
Oregon,Portland General Electric,2020,Apr,97230,15398,0
Oregon,Portland General Electric,2020,Apr,97231,2006,0
Oregon,Portland General Electric,2020,Apr,97232,4932,0
Oregon,Portland General Electric,2020,Apr,97233,14823,0
Oregon,Portland General Electric,2020,Apr,97236,13730,0
Oregon,Portland General Electric,2020,Apr,97239,9655,0
Oregon,Portland General Electric,2020,Apr,97266,13224,0
Oregon,Portland General Electric,2020,Apr,97267,12753,0
Oregon,Portland General Electric,2020,Apr,97301,18527,0
Oregon,Portland General Electric,2020,Apr,97302,16784,0
Oregon,Portland General Electric,2020,Apr,97303,10668,0
Oregon,Portland General Electric,2020,Apr,97304,1270,0
Oregon,Portland General Electric,2020,Apr,97305,14931,0
Oregon,Portland General Electric,2020,Apr,97306,13419,0
Oregon,Portland General Electric,2020,Apr,97317,8346,0
Oregon,Portland General Electric,2020,Apr,97325,154,0
Oregon,Portland General Electric,2020,Apr,97338,237,0
Oregon,Portland General Electric,2020,Apr,97347,791,0
Oregon,Portland General Electric,2020,Apr,97352,118,0
Oregon,Portland General Electric,2020,Apr,97362,1467,0
Oregon,Portland General Electric,2020,Apr,97371,102,0
Oregon,Portland General Electric,2020,Apr,97375,506,0
Oregon,Portland General Electric,2020,Apr,97378,2792,0
Oregon,Portland General Electric,2020,Apr,97381,6270,0
Oregon,Portland General Electric,2020,Apr,97385,140,0
Oregon,Portland General Electric,2020,Apr,97392,1730,0
Oregon,Portland General Electric,2020,Apr,97396,1340,0
Oregon,Northwest Natural Gas Company,2020,April,97002,768,0
Oregon,Northwest Natural Gas Company,2020,April,97003,6817,0
Oregon,Northwest Natural Gas Company,2020,April,97004,226,0
Oregon,Northwest Natural Gas Company,2020,April,97005,4299,0
Oregon,Northwest Natural Gas Company,2020,April,97006,9312,0
Oregon,Northwest Natural Gas Company,2020,April,97007,13527,0
Oregon,Northwest Natural Gas Company,2020,April,97008,6318,0
Oregon,Northwest Natural Gas Company,2020,April,97009,1040,0
Oregon,Northwest Natural Gas Company,2020,April,97013,3432,0
Oregon,Northwest Natural Gas Company,2020,April,97015,4577,0
Oregon,Northwest Natural Gas Company,2020,April,97016,110,0
Oregon,Northwest Natural Gas Company,2020,April,97018,651,0
Oregon,Northwest Natural Gas Company,2020,April,97020,159,0
Oregon,Northwest Natural Gas Company,2020,April,97024,2000,0
Oregon,Northwest Natural Gas Company,2020,April,97026,356,0
Oregon,Northwest Natural Gas Company,2020,April,97027,2940,0
Oregon,Northwest Natural Gas Company,2020,April,97030,6417,0
Oregon,Northwest Natural Gas Company,2020,April,97031,3578,0
Oregon,Northwest Natural Gas Company,2020,April,97032,883,0
Oregon,Northwest Natural Gas Company,2020,April,97034,6727,0
Oregon,Northwest Natural Gas Company,2020,April,97035,7000,0
Oregon,Northwest Natural Gas Company,2020,April,97036,1,0
Oregon,Northwest Natural Gas Company,2020,April,97038,2119,0
Oregon,Northwest Natural Gas Company,2020,April,97042,118,0
Oregon,Northwest Natural Gas Company,2020,April,97045,11255,0
Oregon,Northwest Natural Gas Company,2020,April,97048,386,0
Oregon,Northwest Natural Gas Company,2020,April,97051,3156,0
Oregon,Northwest Natural Gas Company,2020,April,97053,616,0
Oregon,Northwest Natural Gas Company,2020,April,97054,18,0
Oregon,Northwest Natural Gas Company,2020,April,97055,3331,0
Oregon,Northwest Natural Gas Company,2020,April,97056,2392,0
Oregon,Northwest Natural Gas Company,2020,April,97058,1591,0
Oregon,Northwest Natural Gas Company,2020,April,97060,4736,0
Oregon,Northwest Natural Gas Company,2020,April,97062,6089,0
Oregon,Northwest Natural Gas Company,2020,April,97064,691,0
Oregon,Northwest Natural Gas Company,2020,April,97068,9347,0
Oregon,Northwest Natural Gas Company,2020,April,97070,6035,0
Oregon,Northwest Natural Gas Company,2020,April,97071,5059,0
Oregon,Northwest Natural Gas Company,2020,April,97078,5772,0
Oregon,Northwest Natural Gas Company,2020,April,97080,10812,0
Oregon,Northwest Natural Gas Company,2020,April,97086,8404,0
Oregon,Northwest Natural Gas Company,2020,April,97089,3296,0
Oregon,Northwest Natural Gas Company,2020,April,97101,293,0
Oregon,Northwest Natural Gas Company,2020,April,97103,4004,0
Oregon,Northwest Natural Gas Company,2020,April,97106,444,0
Oregon,Northwest Natural Gas Company,2020,April,97110,1324,0
Oregon,Northwest Natural Gas Company,2020,April,97111,23,0
Oregon,Northwest Natural Gas Company,2020,April,97113,2192,0
Oregon,Northwest Natural Gas Company,2020,April,97114,17,0
Oregon,Northwest Natural Gas Company,2020,April,97115,948,0
Oregon,Northwest Natural Gas Company,2020,April,97116,3348,0
Oregon,Northwest Natural Gas Company,2020,April,97121,416,0
Oregon,Northwest Natural Gas Company,2020,April,97123,10722,0
Oregon,Northwest Natural Gas Company,2020,April,97124,10701,0
Oregon,Northwest Natural Gas Company,2020,April,97127,799,0
Oregon,Northwest Natural Gas Company,2020,April,97128,3084,0
Oregon,Northwest Natural Gas Company,2020,April,97132,5445,0
Oregon,Northwest Natural Gas Company,2020,April,97133,1037,0
Oregon,Northwest Natural Gas Company,2020,April,97138,4219,0
Oregon,Northwest Natural Gas Company,2020,April,97140,6547,0
Oregon,Northwest Natural Gas Company,2020,April,97145,1,0
Oregon,Northwest Natural Gas Company,2020,April,97146,2074,0
Oregon,Northwest Natural Gas Company,2020,April,97201,2325,0
Oregon,Northwest Natural Gas Company,2020,April,97202,11384,0
Oregon,Northwest Natural Gas Company,2020,April,97203,7409,0
Oregon,Northwest Natural Gas Company,2020,April,97204,140,0
Oregon,Northwest Natural Gas Company,2020,April,97205,935,0
Oregon,Northwest Natural Gas Company,2020,April,97206,13638,0
Oregon,Northwest Natural Gas Company,2020,April,97209,2124,0
Oregon,Northwest Natural Gas Company,2020,April,97210,4155,0
Oregon,Northwest Natural Gas Company,2020,April,97211,10350,0
Oregon,Northwest Natural Gas Company,2020,April,97212,8487,0
Oregon,Northwest Natural Gas Company,2020,April,97213,9684,0
Oregon,Northwest Natural Gas Company,2020,April,97214,8343,0
Oregon,Northwest Natural Gas Company,2020,April,97215,5715,0
Oregon,Northwest Natural Gas Company,2020,April,97216,3396,0
Oregon,Northwest Natural Gas Company,2020,April,97217,10438,0
Oregon,Northwest Natural Gas Company,2020,April,97218,3592,0
Oregon,Northwest Natural Gas Company,2020,April,97219,12368,0
Oregon,Northwest Natural Gas Company,2020,April,97220,6611,0
Oregon,Northwest Natural Gas Company,2020,April,97221,3930,0
Oregon,Northwest Natural Gas Company,2020,April,97222,7960,0
Oregon,Northwest Natural Gas Company,2020,April,97223,12851,0
Oregon,Northwest Natural Gas Company,2020,April,97224,10421,0
Oregon,Northwest Natural Gas Company,2020,April,97225,7256,0
Oregon,Northwest Natural Gas Company,2020,April,97227,1437,0
Oregon,Northwest Natural Gas Company,2020,April,97229,20481,0
Oregon,Northwest Natural Gas Company,2020,April,97230,9347,0
Oregon,Northwest Natural Gas Company,2020,April,97231,775,0
Oregon,Northwest Natural Gas Company,2020,April,97232,2923,0
Oregon,Northwest Natural Gas Company,2020,April,97233,6194,0
Oregon,Northwest Natural Gas Company,2020,April,97236,7131,0
Oregon,Northwest Natural Gas Company,2020,April,97239,3965,0
Oregon,Northwest Natural Gas Company,2020,April,97266,7212,0
Oregon,Northwest Natural Gas Company,2020,April,97267,8649,0
Oregon,Northwest Natural Gas Company,2020,April,97301,8417,0
Oregon,Northwest Natural Gas Company,2020,April,97302,10116,0
Oregon,Northwest Natural Gas Company,2020,April,97303,8930,0
Oregon,Northwest Natural Gas Company,2020,April,97304,7160,0
Oregon,Northwest Natural Gas Company,2020,April,97305,6485,0
Oregon,Northwest Natural Gas Company,2020,April,97306,8350,0
Oregon,Northwest Natural Gas Company,2020,April,97310,8,0
Oregon,Northwest Natural Gas Company,2020,April,97317,3815,0
Oregon,Northwest Natural Gas Company,2020,April,97321,8407,0
Oregon,Northwest Natural Gas Company,2020,April,97322,7217,0
Oregon,Northwest Natural Gas Company,2020,April,97325,782,0
Oregon,Northwest Natural Gas Company,2020,April,97327,477,0
Oregon,Northwest Natural Gas Company,2020,April,97330,9147,0
Oregon,Northwest Natural Gas Company,2020,April,97333,4363,0
Oregon,Northwest Natural Gas Company,2020,April,97338,4215,0
Oregon,Northwest Natural Gas Company,2020,April,97341,1311,0
Oregon,Northwest Natural Gas Company,2020,April,97345,13,0
Oregon,Northwest Natural Gas Company,2020,April,97347,217,0
Oregon,Northwest Natural Gas Company,2020,April,97348,219,0
Oregon,Northwest Natural Gas Company,2020,April,97351,1676,0
Oregon,Northwest Natural Gas Company,2020,April,97352,764,0
Oregon,Northwest Natural Gas Company,2020,April,97355,5055,0
Oregon,Northwest Natural Gas Company,2020,April,97358,409,0
Oregon,Northwest Natural Gas Company,2020,April,97360,490,0
Oregon,Northwest Natural Gas Company,2020,April,97361,1277,0
Oregon,Northwest Natural Gas Company,2020,April,97362,705,0
Oregon,Northwest Natural Gas Company,2020,April,97364,218,0
Oregon,Northwest Natural Gas Company,2020,April,97365,1611,0
Oregon,Northwest Natural Gas Company,2020,April,97366,175,0
Oregon,Northwest Natural Gas Company,2020,April,97367,4033,0
Oregon,Northwest Natural Gas Company,2020,April,97368,941,0
Oregon,Northwest Natural Gas Company,2020,April,97370,1196,0
Oregon,Northwest Natural Gas Company,2020,April,97371,43,0
Oregon,Northwest Natural Gas Company,2020,April,97372,11,0
Oregon,Northwest Natural Gas Company,2020,April,97374,300,0
Oregon,Northwest Natural Gas Company,2020,April,97377,55,0
Oregon,Northwest Natural Gas Company,2020,April,97378,807,0
Oregon,Northwest Natural Gas Company,2020,April,97380,155,0
Oregon,Northwest Natural Gas Company,2020,April,97381,2837,0
Oregon,Northwest Natural Gas Company,2020,April,97383,1708,0
Oregon,Northwest Natural Gas Company,2020,April,97384,34,0
Oregon,Northwest Natural Gas Company,2020,April,97385,774,0
Oregon,Northwest Natural Gas Company,2020,April,97386,2147,0
Oregon,Northwest Natural Gas Company,2020,April,97388,1047,0
Oregon,Northwest Natural Gas Company,2020,April,97389,310,0
Oregon,Northwest Natural Gas Company,2020,April,97391,288,0
Oregon,Northwest Natural Gas Company,2020,April,97392,871,0
Oregon,Northwest Natural Gas Company,2020,April,97396,402,0
Oregon,Northwest Natural Gas Company,2020,April,97401,5472,0
Oregon,Northwest Natural Gas Company,2020,April,97402,4603,0
Oregon,Northwest Natural Gas Company,2020,April,97403,1483,0
Oregon,Northwest Natural Gas Company,2020,April,97404,6214,0
Oregon,Northwest Natural Gas Company,2020,April,97405,6883,0
Oregon,Northwest Natural Gas Company,2020,April,97408,2725,0
Oregon,Northwest Natural Gas Company,2020,April,97420,769,0
Oregon,Northwest Natural Gas Company,2020,April,97423,201,0
Oregon,Northwest Natural Gas Company,2020,April,97424,2323,0
Oregon,Northwest Natural Gas Company,2020,April,97426,1259,0
Oregon,Northwest Natural Gas Company,2020,April,97438,9,0
Oregon,Northwest Natural Gas Company,2020,April,97446,582,0
Oregon,Northwest Natural Gas Company,2020,April,97448,1398,0
Oregon,Northwest Natural Gas Company,2020,April,97455,134,0
Oregon,Northwest Natural Gas Company,2020,April,97458,126,0
Oregon,Northwest Natural Gas Company,2020,April,97459,536,0
Oregon,Northwest Natural Gas Company,2020,April,97477,2871,0
Oregon,Northwest Natural Gas Company,2020,April,97478,2261,0
Oregon,Portland General Electric,2020,Feb,97002,2221,0
Oregon,Portland General Electric,2020,Feb,97003,11059,45
Oregon,Portland General Electric,2020,Feb,97004,1751,1
Oregon,Portland General Electric,2020,Feb,97005,11663,39
Oregon,Portland General Electric,2020,Feb,97006,18480,42
Oregon,Portland General Electric,2020,Feb,97007,17968,38
Oregon,Portland General Electric,2020,Feb,97008,11957,32
Oregon,Portland General Electric,2020,Feb,97009,3382,4
Oregon,Portland General Electric,2020,Feb,97010,2,0
Oregon,Portland General Electric,2020,Feb,97011,499,1
Oregon,Portland General Electric,2020,Feb,97013,2357,2
Oregon,Portland General Electric,2020,Feb,97015,8692,9
Oregon,Portland General Electric,2020,Feb,97017,1112,2
Oregon,Portland General Electric,2020,Feb,97019,1210,1
Oregon,Portland General Electric,2020,Feb,97020,374,1
Oregon,Portland General Electric,2020,Feb,97022,1445,2
Oregon,Portland General Electric,2020,Feb,97023,4544,5
Oregon,Portland General Electric,2020,Feb,97024,4498,1
Oregon,Portland General Electric,2020,Feb,97026,1154,2
Oregon,Portland General Electric,2020,Feb,97027,4943,16
Oregon,Portland General Electric,2020,Feb,97028,701,1
Oregon,Portland General Electric,2020,Feb,97030,14998,27
Oregon,Portland General Electric,2020,Feb,97032,1735,9
Oregon,Portland General Electric,2020,Feb,97034,8445,6
Oregon,Portland General Electric,2020,Feb,97035,11166,8
Oregon,Portland General Electric,2020,Feb,97036,2,0
Oregon,Portland General Electric,2020,Feb,97038,6274,3
Oregon,Portland General Electric,2020,Feb,97042,1207,2
Oregon,Portland General Electric,2020,Feb,97045,21855,7
Oregon,Portland General Electric,2020,Feb,97049,1750,7
Oregon,Portland General Electric,2020,Feb,97055,7764,1
Oregon,Portland General Electric,2020,Feb,97056,27,0
Oregon,Portland General Electric,2020,Feb,97060,7584,3
Oregon,Portland General Electric,2020,Feb,97062,11334,12
Oregon,Portland General Electric,2020,Feb,97067,1244,1
Oregon,Portland General Electric,2020,Feb,97068,11616,1
Oregon,Portland General Electric,2020,Feb,97070,11223,5
Oregon,Portland General Electric,2020,Feb,97071,9488,3
Oregon,Portland General Electric,2020,Feb,97078,9193,6
Oregon,Portland General Electric,2020,Feb,97080,16092,12
Oregon,Portland General Electric,2020,Feb,97086,11911,15
Oregon,Portland General Electric,2020,Feb,97089,4773,5
Oregon,Portland General Electric,2020,Feb,97101,1523,3
Oregon,Portland General Electric,2020,Feb,97106,1534,5
Oregon,Portland General Electric,2020,Feb,97109,81,0
Oregon,Portland General Electric,2020,Feb,97111,1429,2
Oregon,Portland General Electric,2020,Feb,97113,4714,9
Oregon,Portland General Electric,2020,Feb,97114,1740,5
Oregon,Portland General Electric,2020,Feb,97115,1688,1
Oregon,Portland General Electric,2020,Feb,97116,834,0
Oregon,Portland General Electric,2020,Feb,97117,265,2
Oregon,Portland General Electric,2020,Feb,97119,1612,3
Oregon,Portland General Electric,2020,Feb,97123,16764,7
Oregon,Portland General Electric,2020,Feb,97124,21594,12
Oregon,Portland General Electric,2020,Feb,97125,18,0
Oregon,Portland General Electric,2020,Feb,97127,1429,2
Oregon,Portland General Electric,2020,Feb,97128,491,1
Oregon,Portland General Electric,2020,Feb,97132,11611,2
Oregon,Portland General Electric,2020,Feb,97133,2168,3
Oregon,Portland General Electric,2020,Feb,97137,483,1
Oregon,Portland General Electric,2020,Feb,97140,9413,3
Oregon,Portland General Electric,2020,Feb,97148,1272,2
Oregon,Portland General Electric,2020,Feb,97201,7260,10
Oregon,Portland General Electric,2020,Feb,97202,19437,1
Oregon,Portland General Electric,2020,Feb,97203,12665,23
Oregon,Portland General Electric,2020,Feb,97204,420,6
Oregon,Portland General Electric,2020,Feb,97205,2739,2
Oregon,Portland General Electric,2020,Feb,97206,21332,3
Oregon,Portland General Electric,2020,Feb,97209,14345,22
Oregon,Portland General Electric,2020,Feb,97210,7533,4
Oregon,Portland General Electric,2020,Feb,97211,.,0
Oregon,Portland General Electric,2020,Feb,97213,3014,2
Oregon,Portland General Electric,2020,Feb,97214,14877,4
Oregon,Portland General Electric,2020,Feb,97215,7584,1
Oregon,Portland General Electric,2020,Feb,97216,4193,4
Oregon,Portland General Electric,2020,Feb,97217,12136,8
Oregon,Portland General Electric,2020,Feb,97219,17391,6
Oregon,Portland General Electric,2020,Feb,97221,5266,2
Oregon,Portland General Electric,2020,Feb,97222,15437,5
Oregon,Portland General Electric,2020,Feb,97223,20404,19
Oregon,Portland General Electric,2020,Feb,97224,15666,14
Oregon,Portland General Electric,2020,Feb,97225,11543,2
Oregon,Portland General Electric,2020,Feb,97227,420,0
Oregon,Portland General Electric,2020,Feb,97229,27224,5
Oregon,Portland General Electric,2020,Feb,97230,15397,26
Oregon,Portland General Electric,2020,Feb,97231,2001,5
Oregon,Portland General Electric,2020,Feb,97232,4722,3
Oregon,Portland General Electric,2020,Feb,97233,14773,79
Oregon,Portland General Electric,2020,Feb,97236,13729,50
Oregon,Portland General Electric,2020,Feb,97239,9668,6
Oregon,Portland General Electric,2020,Feb,97266,13219,22
Oregon,Portland General Electric,2020,Feb,97267,12746,9
Oregon,Portland General Electric,2020,Feb,97301,18506,34
Oregon,Portland General Electric,2020,Feb,97302,16789,20
Oregon,Portland General Electric,2020,Feb,97303,10659,2
Oregon,Portland General Electric,2020,Feb,97304,1262,2
Oregon,Portland General Electric,2020,Feb,97305,14876,14
Oregon,Portland General Electric,2020,Feb,97306,13398,17
Oregon,Portland General Electric,2020,Feb,97317,8341,27
Oregon,Portland General Electric,2020,Feb,97325,154,0
Oregon,Portland General Electric,2020,Feb,97338,238,0
Oregon,Portland General Electric,2020,Feb,97347,792,5
Oregon,Portland General Electric,2020,Feb,97352,119,0
Oregon,Portland General Electric,2020,Feb,97362,1466,1
Oregon,Portland General Electric,2020,Feb,97371,101,0
Oregon,Portland General Electric,2020,Feb,97375,506,0
Oregon,Portland General Electric,2020,Feb,97378,2785,3
Oregon,Portland General Electric,2020,Feb,97381,6269,1
Oregon,Portland General Electric,2020,Feb,97385,138,1
Oregon,Portland General Electric,2020,Feb,97392,1717,6
Oregon,Portland General Electric,2020,Feb,97396,1340,1
Oregon,Northwest Natural Gas Company,2020,February,97002,768,2
Oregon,Northwest Natural Gas Company,2020,February,97003,6802,26
Oregon,Northwest Natural Gas Company,2020,February,97004,225,1
Oregon,Northwest Natural Gas Company,2020,February,97005,4304,9
Oregon,Northwest Natural Gas Company,2020,February,97006,9286,27
Oregon,Northwest Natural Gas Company,2020,February,97007,13496,27
Oregon,Northwest Natural Gas Company,2020,February,97008,6314,6
Oregon,Northwest Natural Gas Company,2020,February,97009,1039,4
Oregon,Northwest Natural Gas Company,2020,February,97013,3416,5
Oregon,Northwest Natural Gas Company,2020,February,97015,4581,11
Oregon,Northwest Natural Gas Company,2020,February,97016,111,0
Oregon,Northwest Natural Gas Company,2020,February,97018,651,1
Oregon,Northwest Natural Gas Company,2020,February,97020,159,0
Oregon,Northwest Natural Gas Company,2020,February,97024,1999,4
Oregon,Northwest Natural Gas Company,2020,February,97026,354,3
Oregon,Northwest Natural Gas Company,2020,February,97027,2942,12
Oregon,Northwest Natural Gas Company,2020,February,97030,6417,13
Oregon,Northwest Natural Gas Company,2020,February,97031,3568,2
Oregon,Northwest Natural Gas Company,2020,February,97032,874,5
Oregon,Northwest Natural Gas Company,2020,February,97034,6741,5
Oregon,Northwest Natural Gas Company,2020,February,97035,6997,12
Oregon,Northwest Natural Gas Company,2020,February,97036,1,0
Oregon,Northwest Natural Gas Company,2020,February,97038,2105,15
Oregon,Northwest Natural Gas Company,2020,February,97042,117,1
Oregon,Northwest Natural Gas Company,2020,February,97045,11228,25
Oregon,Northwest Natural Gas Company,2020,February,97048,387,1
Oregon,Northwest Natural Gas Company,2020,February,97051,3152,3
Oregon,Northwest Natural Gas Company,2020,February,97053,615,0
Oregon,Northwest Natural Gas Company,2020,February,97054,18,0
Oregon,Northwest Natural Gas Company,2020,February,97055,3326,17
Oregon,Northwest Natural Gas Company,2020,February,97056,2391,1
Oregon,Northwest Natural Gas Company,2020,February,97058,1596,4
Oregon,Northwest Natural Gas Company,2020,February,97060,4735,18
Oregon,Northwest Natural Gas Company,2020,February,97062,6087,9
Oregon,Northwest Natural Gas Company,2020,February,97064,687,0
Oregon,Northwest Natural Gas Company,2020,February,97068,9349,13
Oregon,Northwest Natural Gas Company,2020,February,97070,6019,9
Oregon,Northwest Natural Gas Company,2020,February,97071,5054,13
Oregon,Northwest Natural Gas Company,2020,February,97078,5773,15
Oregon,Northwest Natural Gas Company,2020,February,97080,10778,30
Oregon,Northwest Natural Gas Company,2020,February,97086,8382,22
Oregon,Northwest Natural Gas Company,2020,February,97089,3280,11
Oregon,Northwest Natural Gas Company,2020,February,97101,294,2
Oregon,Northwest Natural Gas Company,2020,February,97103,4002,13
Oregon,Northwest Natural Gas Company,2020,February,97106,442,1
Oregon,Northwest Natural Gas Company,2020,February,97110,1325,0
Oregon,Northwest Natural Gas Company,2020,February,97111,23,0
Oregon,Northwest Natural Gas Company,2020,February,97113,2164,5
Oregon,Northwest Natural Gas Company,2020,February,97114,17,0
Oregon,Northwest Natural Gas Company,2020,February,97115,948,2
Oregon,Northwest Natural Gas Company,2020,February,97116,3330,6
Oregon,Northwest Natural Gas Company,2020,February,97121,417,1
Oregon,Northwest Natural Gas Company,2020,February,97123,10667,35
Oregon,Northwest Natural Gas Company,2020,February,97124,10700,30
Oregon,Northwest Natural Gas Company,2020,February,97127,799,5
Oregon,Northwest Natural Gas Company,2020,February,97128,3044,7
Oregon,Northwest Natural Gas Company,2020,February,97132,5426,6
Oregon,Northwest Natural Gas Company,2020,February,97133,1026,0
Oregon,Northwest Natural Gas Company,2020,February,97138,4201,6
Oregon,Northwest Natural Gas Company,2020,February,97140,6546,13
Oregon,Northwest Natural Gas Company,2020,February,97145,1,0
Oregon,Northwest Natural Gas Company,2020,February,97146,2068,5
Oregon,Northwest Natural Gas Company,2020,February,97201,2321,3
Oregon,Northwest Natural Gas Company,2020,February,97202,11374,30
Oregon,Northwest Natural Gas Company,2020,February,97203,7386,30
Oregon,Northwest Natural Gas Company,2020,February,97204,139,0
Oregon,Northwest Natural Gas Company,2020,February,97205,939,2
Oregon,Northwest Natural Gas Company,2020,February,97206,13620,36
Oregon,Northwest Natural Gas Company,2020,February,97209,2098,8
Oregon,Northwest Natural Gas Company,2020,February,97210,4080,6
Oregon,Northwest Natural Gas Company,2020,February,97211,10311,40
Oregon,Northwest Natural Gas Company,2020,February,97212,8476,9
Oregon,Northwest Natural Gas Company,2020,February,97213,9672,30
Oregon,Northwest Natural Gas Company,2020,February,97214,8204,30
Oregon,Northwest Natural Gas Company,2020,February,97215,5708,24
Oregon,Northwest Natural Gas Company,2020,February,97216,3400,14
Oregon,Northwest Natural Gas Company,2020,February,97217,10426,32
Oregon,Northwest Natural Gas Company,2020,February,97218,3589,15
Oregon,Northwest Natural Gas Company,2020,February,97219,12365,21
Oregon,Northwest Natural Gas Company,2020,February,97220,6606,29
Oregon,Northwest Natural Gas Company,2020,February,97221,3930,9
Oregon,Northwest Natural Gas Company,2020,February,97222,7949,22
Oregon,Northwest Natural Gas Company,2020,February,97223,12832,29
Oregon,Northwest Natural Gas Company,2020,February,97224,10392,12
Oregon,Northwest Natural Gas Company,2020,February,97225,7249,10
Oregon,Northwest Natural Gas Company,2020,February,97227,1427,8
Oregon,Northwest Natural Gas Company,2020,February,97229,20438,23
Oregon,Northwest Natural Gas Company,2020,February,97230,9344,39
Oregon,Northwest Natural Gas Company,2020,February,97231,775,1
Oregon,Northwest Natural Gas Company,2020,February,97232,2915,7
Oregon,Northwest Natural Gas Company,2020,February,97233,6182,32
Oregon,Northwest Natural Gas Company,2020,February,97236,7134,40
Oregon,Northwest Natural Gas Company,2020,February,97239,3970,4
Oregon,Northwest Natural Gas Company,2020,February,97266,7202,47
Oregon,Northwest Natural Gas Company,2020,February,97267,8630,14
Oregon,Northwest Natural Gas Company,2020,February,97301,8392,21
Oregon,Northwest Natural Gas Company,2020,February,97302,10115,30
Oregon,Northwest Natural Gas Company,2020,February,97303,8920,26
Oregon,Northwest Natural Gas Company,2020,February,97304,7126,14
Oregon,Northwest Natural Gas Company,2020,February,97305,6454,3
Oregon,Northwest Natural Gas Company,2020,February,97306,8331,18
Oregon,Northwest Natural Gas Company,2020,February,97310,9,0
Oregon,Northwest Natural Gas Company,2020,February,97317,3816,4
Oregon,Northwest Natural Gas Company,2020,February,97321,8378,23
Oregon,Northwest Natural Gas Company,2020,February,97322,7200,10
Oregon,Northwest Natural Gas Company,2020,February,97325,773,4
Oregon,Northwest Natural Gas Company,2020,February,97327,476,3
Oregon,Northwest Natural Gas Company,2020,February,97330,9147,17
Oregon,Northwest Natural Gas Company,2020,February,97333,4370,11
Oregon,Northwest Natural Gas Company,2020,February,97338,4213,16
Oregon,Northwest Natural Gas Company,2020,February,97341,1312,2
Oregon,Northwest Natural Gas Company,2020,February,97345,11,0
Oregon,Northwest Natural Gas Company,2020,February,97347,219,3
Oregon,Northwest Natural Gas Company,2020,February,97348,218,0
Oregon,Northwest Natural Gas Company,2020,February,97351,1658,3
Oregon,Northwest Natural Gas Company,2020,February,97352,764,3
Oregon,Northwest Natural Gas Company,2020,February,97355,5052,5
Oregon,Northwest Natural Gas Company,2020,February,97358,408,2
Oregon,Northwest Natural Gas Company,2020,February,97360,493,3
Oregon,Northwest Natural Gas Company,2020,February,97361,1274,2
Oregon,Northwest Natural Gas Company,2020,February,97362,704,0
Oregon,Northwest Natural Gas Company,2020,February,97364,217,0
Oregon,Northwest Natural Gas Company,2020,February,97365,1609,1
Oregon,Northwest Natural Gas Company,2020,February,97366,171,0
Oregon,Northwest Natural Gas Company,2020,February,97367,4027,5
Oregon,Northwest Natural Gas Company,2020,February,97368,939,1
Oregon,Northwest Natural Gas Company,2020,February,97370,1197,1
Oregon,Northwest Natural Gas Company,2020,February,97371,42,1
Oregon,Northwest Natural Gas Company,2020,February,97372,11,0
Oregon,Northwest Natural Gas Company,2020,February,97374,299,0
Oregon,Northwest Natural Gas Company,2020,February,97377,55,0
Oregon,Northwest Natural Gas Company,2020,February,97378,806,1
Oregon,Northwest Natural Gas Company,2020,February,97380,155,0
Oregon,Northwest Natural Gas Company,2020,February,97381,2832,5
Oregon,Northwest Natural Gas Company,2020,February,97383,1712,5
Oregon,Northwest Natural Gas Company,2020,February,97384,34,0
Oregon,Northwest Natural Gas Company,2020,February,97385,768,2
Oregon,Northwest Natural Gas Company,2020,February,97386,2142,6
Oregon,Northwest Natural Gas Company,2020,February,97388,1044,0
Oregon,Northwest Natural Gas Company,2020,February,97389,311,0
Oregon,Northwest Natural Gas Company,2020,February,97391,291,1
Oregon,Northwest Natural Gas Company,2020,February,97392,858,0
Oregon,Northwest Natural Gas Company,2020,February,97396,400,1
Oregon,Northwest Natural Gas Company,2020,February,97401,5473,7
Oregon,Northwest Natural Gas Company,2020,February,97402,4598,4
Oregon,Northwest Natural Gas Company,2020,February,97403,1477,0
Oregon,Northwest Natural Gas Company,2020,February,97404,6203,6
Oregon,Northwest Natural Gas Company,2020,February,97405,6875,10
Oregon,Northwest Natural Gas Company,2020,February,97408,2708,3
Oregon,Avista Utilities,2020,February,97417,315,1
Oregon,Northwest Natural Gas Company,2020,February,97420,762,4
Oregon,Northwest Natural Gas Company,2020,February,97423,198,2
Oregon,Northwest Natural Gas Company,2020,February,97424,2305,4
Oregon,Northwest Natural Gas Company,2020,February,97426,1257,3
Oregon,Avista Utilities,2020,February,97432,52,0
Oregon,Northwest Natural Gas Company,2020,February,97438,9,0
Oregon,Avista Utilities,2020,February,97442,153,0
Oregon,Northwest Natural Gas Company,2020,February,97446,582,1
Oregon,Northwest Natural Gas Company,2020,February,97448,1398,2
Oregon,Northwest Natural Gas Company,2020,February,97455,133,1
Oregon,Avista Utilities,2020,February,97457,1453,3
Oregon,Northwest Natural Gas Company,2020,February,97458,121,1
Oregon,Northwest Natural Gas Company,2020,February,97459,532,1
Oregon,Avista Utilities,2020,February,97462,270,0
Oregon,Avista Utilities,2020,February,97469,270,0
Oregon,Avista Utilities,2020,February,97470,3537,23
Oregon,Avista Utilities,2020,February,97471,4975,14
Oregon,Northwest Natural Gas Company,2020,February,97477,2861,1
Oregon,Northwest Natural Gas Company,2020,February,97478,2261,3
Oregon,Avista Utilities,2020,February,97479,1639,6
Oregon,Avista Utilities,2020,February,97495,501,1
Oregon,Avista Utilities,2020,February,97496,1125,11
Oregon,Avista Utilities,2020,February,97497,2,0
Oregon,Avista Utilities,2020,February,97501,9438,18
Oregon,Avista Utilities,2020,February,97502,6321,2
Oregon,Avista Utilities,2020,February,97503,1647,5
Oregon,Avista Utilities,2020,February,97504,12792,26
Oregon,Avista Utilities,2020,February,97520,7308,6
Oregon,Avista Utilities,2020,February,97524,2664,9
Oregon,Avista Utilities,2020,February,97525,583,3
Oregon,Avista Utilities,2020,February,97526,6320,13
Oregon,Avista Utilities,2020,February,97527,5486,20
Oregon,Avista Utilities,2020,February,97528,2,0
Oregon,Avista Utilities,2020,February,97530,1213,1
Oregon,Avista Utilities,2020,February,97535,1150,0
Oregon,Avista Utilities,2020,February,97537,554,3
Oregon,Avista Utilities,2020,February,97539,211,1
Oregon,Avista Utilities,2020,February,97540,1626,1
Oregon,Avista Utilities,2020,February,97601,6400,28
Oregon,Avista Utilities,2020,February,97603,8723,23
Oregon,Avista Utilities,2020,February,97623,52,0
Oregon,Avista Utilities,2020,February,97627,197,0
Oregon,Avista Utilities,2020,February,97632,127,0
Oregon,Avista Utilities,2020,February,97634,24,0
Oregon,Idaho Power,2020,February,97814,1,0
Oregon,Idaho Power,2020,February,97819,25,0
Oregon,Avista Utilities,2020,February,97824,307,0
Oregon,Avista Utilities,2020,February,97827,531,3
Oregon,Idaho Power,2020,February,97834,644,0
Oregon,Idaho Power,2020,February,97837,70,0
Oregon,Idaho Power,2020,February,97840,93,0
Oregon,Avista Utilities,2020,February,97841,130,0
Oregon,Avista Utilities,2020,February,97850,4965,8
Oregon,Avista Utilities,2020,February,97867,144,0
Oregon,Idaho Power,2020,February,97870,130,0
Oregon,Avista Utilities,2020,February,97876,50,0
Oregon,Avista Utilities,2020,February,97883,769,3
Oregon,Idaho Power,2020,February,97884,166,0
Oregon,Idaho Power,2020,February,97901,359,0
Oregon,Idaho Power,2020,February,97902,30,0
Oregon,Idaho Power,2020,February,97903,83,2
Oregon,Idaho Power,2020,February,97904,110,0
Oregon,Idaho Power,2020,February,97905,120,0
Oregon,Idaho Power,2020,February,97906,139,0
Oregon,Idaho Power,2020,February,97907,375,1
Oregon,Idaho Power,2020,February,97908,62,0
Oregon,Idaho Power,2020,February,97909,46,1
Oregon,Idaho Power,2020,February,97910,332,0
Oregon,Idaho Power,2020,February,97911,90,0
Oregon,Idaho Power,2020,February,97913,2127,16
Oregon,Idaho Power,2020,February,97914,6814,32
Oregon,Idaho Power,2020,February,97917,0,0
Oregon,Idaho Power,2020,February,97918,1981,5
Oregon,Idaho Power,2020,February,97920,38,0
Oregon,Portland General Electric,2020,Jan,97002,2223,1
Oregon,Portland General Electric,2020,Jan,97003,11045,34
Oregon,Portland General Electric,2020,Jan,97004,1750,7
Oregon,Portland General Electric,2020,Jan,97005,11661,58
Oregon,Portland General Electric,2020,Jan,97006,18460,48
Oregon,Portland General Electric,2020,Jan,97007,17897,23
Oregon,Portland General Electric,2020,Jan,97008,11955,42
Oregon,Portland General Electric,2020,Jan,97009,3385,4
Oregon,Portland General Electric,2020,Jan,97010,2,0
Oregon,Portland General Electric,2020,Jan,97011,496,1
Oregon,Portland General Electric,2020,Jan,97013,2354,8
Oregon,Portland General Electric,2020,Jan,97015,8707,29
Oregon,Portland General Electric,2020,Jan,97017,1112,1
Oregon,Portland General Electric,2020,Jan,97019,1215,1
Oregon,Portland General Electric,2020,Jan,97020,375,1
Oregon,Portland General Electric,2020,Jan,97022,1445,9
Oregon,Portland General Electric,2020,Jan,97023,4533,11
Oregon,Portland General Electric,2020,Jan,97024,4502,12
Oregon,Portland General Electric,2020,Jan,97026,1153,2
Oregon,Portland General Electric,2020,Jan,97027,4940,15
Oregon,Portland General Electric,2020,Jan,97028,718,0
Oregon,Portland General Electric,2020,Jan,97030,14972,73
Oregon,Portland General Electric,2020,Jan,97032,1727,5
Oregon,Portland General Electric,2020,Jan,97034,8447,4
Oregon,Portland General Electric,2020,Jan,97035,11161,16
Oregon,Portland General Electric,2020,Jan,97036,2,0
Oregon,Portland General Electric,2020,Jan,97038,6263,8
Oregon,Portland General Electric,2020,Jan,97042,1203,3
Oregon,Portland General Electric,2020,Jan,97045,21856,39
Oregon,Portland General Electric,2020,Jan,97049,1737,0
Oregon,Portland General Electric,2020,Jan,97055,7775,11
Oregon,Portland General Electric,2020,Jan,97056,30,0
Oregon,Portland General Electric,2020,Jan,97060,7582,13
Oregon,Portland General Electric,2020,Jan,97062,11342,37
Oregon,Portland General Electric,2020,Jan,97067,1245,1
Oregon,Portland General Electric,2020,Jan,97068,11607,5
Oregon,Portland General Electric,2020,Jan,97070,11216,22
Oregon,Portland General Electric,2020,Jan,97071,9495,27
Oregon,Portland General Electric,2020,Jan,97078,9185,34
Oregon,Portland General Electric,2020,Jan,97080,16083,46
Oregon,Portland General Electric,2020,Jan,97086,11900,24
Oregon,Portland General Electric,2020,Jan,97089,4765,9
Oregon,Portland General Electric,2020,Jan,97101,1520,7
Oregon,Portland General Electric,2020,Jan,97106,1534,2
Oregon,Portland General Electric,2020,Jan,97109,81,0
Oregon,Portland General Electric,2020,Jan,97111,1433,6
Oregon,Portland General Electric,2020,Jan,97113,4708,12
Oregon,Portland General Electric,2020,Jan,97114,1744,3
Oregon,Portland General Electric,2020,Jan,97115,1687,5
Oregon,Portland General Electric,2020,Jan,97116,833,0
Oregon,Portland General Electric,2020,Jan,97117,265,2
Oregon,Portland General Electric,2020,Jan,97119,1612,2
Oregon,Portland General Electric,2020,Jan,97123,16731,37
Oregon,Portland General Electric,2020,Jan,97124,21607,44
Oregon,Portland General Electric,2020,Jan,97125,18,0
Oregon,Portland General Electric,2020,Jan,97127,1426,3
Oregon,Portland General Electric,2020,Jan,97128,495,2
Oregon,Portland General Electric,2020,Jan,97132,11603,15
Oregon,Portland General Electric,2020,Jan,97133,2166,1
Oregon,Portland General Electric,2020,Jan,97137,482,1
Oregon,Portland General Electric,2020,Jan,97140,9459,16
Oregon,Portland General Electric,2020,Jan,97148,1272,1
Oregon,Portland General Electric,2020,Jan,97201,7264,19
Oregon,Portland General Electric,2020,Jan,97202,19439,19
Oregon,Portland General Electric,2020,Jan,97203,12657,35
Oregon,Portland General Electric,2020,Jan,97204,420,1
Oregon,Portland General Electric,2020,Jan,97205,2741,2
Oregon,Portland General Electric,2020,Jan,97206,21306,39
Oregon,Portland General Electric,2020,Jan,97209,14354,34
Oregon,Portland General Electric,2020,Jan,97210,7524,8
Oregon,Portland General Electric,2020,Jan,97211,.,0
Oregon,Portland General Electric,2020,Jan,97213,3015,1
Oregon,Portland General Electric,2020,Jan,97214,14708,13
Oregon,Portland General Electric,2020,Jan,97215,7588,8
Oregon,Portland General Electric,2020,Jan,97216,4186,5
Oregon,Portland General Electric,2020,Jan,97217,12151,16
Oregon,Portland General Electric,2020,Jan,97219,17398,33
Oregon,Portland General Electric,2020,Jan,97221,5268,4
Oregon,Portland General Electric,2020,Jan,97222,15465,37
Oregon,Portland General Electric,2020,Jan,97223,20395,59
Oregon,Portland General Electric,2020,Jan,97224,15659,23
Oregon,Portland General Electric,2020,Jan,97225,11555,25
Oregon,Portland General Electric,2020,Jan,97227,421,0
Oregon,Portland General Electric,2020,Jan,97229,27240,18
Oregon,Portland General Electric,2020,Jan,97230,15393,67
Oregon,Portland General Electric,2020,Jan,97231,2010,4
Oregon,Portland General Electric,2020,Jan,97232,4721,4
Oregon,Portland General Electric,2020,Jan,97233,14764,119
Oregon,Portland General Electric,2020,Jan,97236,13723,71
Oregon,Portland General Electric,2020,Jan,97239,9678,14
Oregon,Portland General Electric,2020,Jan,97266,13214,57
Oregon,Portland General Electric,2020,Jan,97267,12745,27
Oregon,Portland General Electric,2020,Jan,97301,18496,83
Oregon,Portland General Electric,2020,Jan,97302,16768,64
Oregon,Portland General Electric,2020,Jan,97303,10657,25
Oregon,Portland General Electric,2020,Jan,97304,1253,2
Oregon,Portland General Electric,2020,Jan,97305,14843,89
Oregon,Portland General Electric,2020,Jan,97306,13389,29
Oregon,Portland General Electric,2020,Jan,97317,8342,25
Oregon,Portland General Electric,2020,Jan,97325,154,0
Oregon,Portland General Electric,2020,Jan,97338,238,1
Oregon,Portland General Electric,2020,Jan,97347,793,3
Oregon,Portland General Electric,2020,Jan,97352,120,0
Oregon,Portland General Electric,2020,Jan,97362,1469,2
Oregon,Portland General Electric,2020,Jan,97371,101,0
Oregon,Portland General Electric,2020,Jan,97375,502,1
Oregon,Portland General Electric,2020,Jan,97378,2784,10
Oregon,Portland General Electric,2020,Jan,97381,6253,14
Oregon,Portland General Electric,2020,Jan,97385,137,1
Oregon,Portland General Electric,2020,Jan,97392,1703,3
Oregon,Portland General Electric,2020,Jan,97396,1337,7
Oregon,Northwest Natural Gas Company,2020,January,97002,768,0
Oregon,Northwest Natural Gas Company,2020,January,97003,6806,11
Oregon,Northwest Natural Gas Company,2020,January,97004,225,0
Oregon,Northwest Natural Gas Company,2020,January,97005,4301,6
Oregon,Northwest Natural Gas Company,2020,January,97006,9302,12
Oregon,Northwest Natural Gas Company,2020,January,97007,13471,7
Oregon,Northwest Natural Gas Company,2020,January,97008,6316,6
Oregon,Northwest Natural Gas Company,2020,January,97009,1034,3
Oregon,Northwest Natural Gas Company,2020,January,97013,3405,16
Oregon,Northwest Natural Gas Company,2020,January,97015,4576,7
Oregon,Northwest Natural Gas Company,2020,January,97016,110,0
Oregon,Northwest Natural Gas Company,2020,January,97018,651,0
Oregon,Northwest Natural Gas Company,2020,January,97020,158,2
Oregon,Northwest Natural Gas Company,2020,January,97024,2003,4
Oregon,Northwest Natural Gas Company,2020,January,97026,355,0
Oregon,Northwest Natural Gas Company,2020,January,97027,2934,0
Oregon,Northwest Natural Gas Company,2020,January,97030,6407,29
Oregon,Northwest Natural Gas Company,2020,January,97031,3562,6
Oregon,Northwest Natural Gas Company,2020,January,97032,872,2
Oregon,Northwest Natural Gas Company,2020,January,97034,6742,4
Oregon,Northwest Natural Gas Company,2020,January,97035,6998,13
Oregon,Northwest Natural Gas Company,2020,January,97036,1,0
Oregon,Northwest Natural Gas Company,2020,January,97038,2098,5
Oregon,Northwest Natural Gas Company,2020,January,97042,117,0
Oregon,Northwest Natural Gas Company,2020,January,97045,11222,22
Oregon,Northwest Natural Gas Company,2020,January,97048,389,2
Oregon,Northwest Natural Gas Company,2020,January,97051,3148,3
Oregon,Northwest Natural Gas Company,2020,January,97053,615,0
Oregon,Northwest Natural Gas Company,2020,January,97054,18,0
Oregon,Northwest Natural Gas Company,2020,January,97055,3322,7
Oregon,Northwest Natural Gas Company,2020,January,97056,2386,4
Oregon,Northwest Natural Gas Company,2020,January,97058,1590,2
Oregon,Northwest Natural Gas Company,2020,January,97060,4734,14
Oregon,Northwest Natural Gas Company,2020,January,97062,6091,3
Oregon,Northwest Natural Gas Company,2020,January,97064,684,2
Oregon,Northwest Natural Gas Company,2020,January,97068,9352,7
Oregon,Northwest Natural Gas Company,2020,January,97070,6011,16
Oregon,Northwest Natural Gas Company,2020,January,97071,5044,12
Oregon,Northwest Natural Gas Company,2020,January,97078,5771,13
Oregon,Northwest Natural Gas Company,2020,January,97080,10772,18
Oregon,Northwest Natural Gas Company,2020,January,97086,8372,14
Oregon,Northwest Natural Gas Company,2020,January,97089,3279,4
Oregon,Northwest Natural Gas Company,2020,January,97101,292,0
Oregon,Northwest Natural Gas Company,2020,January,97103,3995,5
Oregon,Northwest Natural Gas Company,2020,January,97106,441,0
Oregon,Northwest Natural Gas Company,2020,January,97110,1317,0
Oregon,Northwest Natural Gas Company,2020,January,97111,23,0
Oregon,Northwest Natural Gas Company,2020,January,97113,2150,9
Oregon,Northwest Natural Gas Company,2020,January,97114,17,0
Oregon,Northwest Natural Gas Company,2020,January,97115,945,1
Oregon,Northwest Natural Gas Company,2020,January,97116,3315,0
Oregon,Northwest Natural Gas Company,2020,January,97121,417,0
Oregon,Northwest Natural Gas Company,2020,January,97123,10631,18
Oregon,Northwest Natural Gas Company,2020,January,97124,10696,12
Oregon,Northwest Natural Gas Company,2020,January,97127,800,1
Oregon,Northwest Natural Gas Company,2020,January,97128,3028,6
Oregon,Northwest Natural Gas Company,2020,January,97132,5424,10
Oregon,Northwest Natural Gas Company,2020,January,97133,1013,0
Oregon,Northwest Natural Gas Company,2020,January,97138,4199,8
Oregon,Northwest Natural Gas Company,2020,January,97140,6543,13
Oregon,Northwest Natural Gas Company,2020,January,97145,1,0
Oregon,Northwest Natural Gas Company,2020,January,97146,2065,13
Oregon,Northwest Natural Gas Company,2020,January,97201,2328,14
Oregon,Northwest Natural Gas Company,2020,January,97202,11371,30
Oregon,Northwest Natural Gas Company,2020,January,97203,7370,8
Oregon,Northwest Natural Gas Company,2020,January,97204,140,0
Oregon,Northwest Natural Gas Company,2020,January,97205,935,1
Oregon,Northwest Natural Gas Company,2020,January,97206,13612,43
Oregon,Northwest Natural Gas Company,2020,January,97209,1981,1
Oregon,Northwest Natural Gas Company,2020,January,97210,4082,3
Oregon,Northwest Natural Gas Company,2020,January,97211,10278,28
Oregon,Northwest Natural Gas Company,2020,January,97212,8470,7
Oregon,Northwest Natural Gas Company,2020,January,97213,9670,12
Oregon,Northwest Natural Gas Company,2020,January,97214,8114,17
Oregon,Northwest Natural Gas Company,2020,January,97215,5700,9
Oregon,Northwest Natural Gas Company,2020,January,97216,3399,12
Oregon,Northwest Natural Gas Company,2020,January,97217,10407,19
Oregon,Northwest Natural Gas Company,2020,January,97218,3586,10
Oregon,Northwest Natural Gas Company,2020,January,97219,12321,18
Oregon,Northwest Natural Gas Company,2020,January,97220,6598,17
Oregon,Northwest Natural Gas Company,2020,January,97221,3924,7
Oregon,Northwest Natural Gas Company,2020,January,97222,7943,10
Oregon,Northwest Natural Gas Company,2020,January,97223,12835,24
Oregon,Northwest Natural Gas Company,2020,January,97224,10369,9
Oregon,Northwest Natural Gas Company,2020,January,97225,7255,4
Oregon,Northwest Natural Gas Company,2020,January,97227,1394,1
Oregon,Northwest Natural Gas Company,2020,January,97229,20423,15
Oregon,Northwest Natural Gas Company,2020,January,97230,9332,16
Oregon,Northwest Natural Gas Company,2020,January,97231,776,1
Oregon,Northwest Natural Gas Company,2020,January,97232,2921,7
Oregon,Northwest Natural Gas Company,2020,January,97233,6187,16
Oregon,Northwest Natural Gas Company,2020,January,97236,7130,17
Oregon,Northwest Natural Gas Company,2020,January,97239,3973,9
Oregon,Northwest Natural Gas Company,2020,January,97266,7201,33
Oregon,Northwest Natural Gas Company,2020,January,97267,8626,6
Oregon,Northwest Natural Gas Company,2020,January,97301,8396,49
Oregon,Northwest Natural Gas Company,2020,January,97302,10104,10
Oregon,Northwest Natural Gas Company,2020,January,97303,8923,33
Oregon,Northwest Natural Gas Company,2020,January,97304,7125,8
Oregon,Northwest Natural Gas Company,2020,January,97305,6428,23
Oregon,Northwest Natural Gas Company,2020,January,97306,8319,15
Oregon,Northwest Natural Gas Company,2020,January,97310,9,0
Oregon,Northwest Natural Gas Company,2020,January,97317,3811,21
Oregon,Northwest Natural Gas Company,2020,January,97321,8369,8
Oregon,Northwest Natural Gas Company,2020,January,97322,7195,19
Oregon,Northwest Natural Gas Company,2020,January,97325,770,1
Oregon,Northwest Natural Gas Company,2020,January,97327,475,2
Oregon,Northwest Natural Gas Company,2020,January,97330,9141,9
Oregon,Northwest Natural Gas Company,2020,January,97333,4365,3
Oregon,Northwest Natural Gas Company,2020,January,97338,4205,5
Oregon,Northwest Natural Gas Company,2020,January,97341,1313,2
Oregon,Northwest Natural Gas Company,2020,January,97345,10,0
Oregon,Northwest Natural Gas Company,2020,January,97347,221,0
Oregon,Northwest Natural Gas Company,2020,January,97348,218,0
Oregon,Northwest Natural Gas Company,2020,January,97351,1653,4
Oregon,Northwest Natural Gas Company,2020,January,97352,763,1
Oregon,Northwest Natural Gas Company,2020,January,97355,5053,7
Oregon,Northwest Natural Gas Company,2020,January,97358,408,0
Oregon,Northwest Natural Gas Company,2020,January,97360,491,4
Oregon,Northwest Natural Gas Company,2020,January,97361,1267,1
Oregon,Northwest Natural Gas Company,2020,January,97362,701,3
Oregon,Northwest Natural Gas Company,2020,January,97364,217,0
Oregon,Northwest Natural Gas Company,2020,January,97365,1603,0
Oregon,Northwest Natural Gas Company,2020,January,97366,168,1
Oregon,Northwest Natural Gas Company,2020,January,97367,4015,11
Oregon,Northwest Natural Gas Company,2020,January,97368,940,3
Oregon,Northwest Natural Gas Company,2020,January,97370,1197,1
Oregon,Northwest Natural Gas Company,2020,January,97371,43,0
Oregon,Northwest Natural Gas Company,2020,January,97372,11,0
Oregon,Northwest Natural Gas Company,2020,January,97374,300,0
Oregon,Northwest Natural Gas Company,2020,January,97377,55,0
Oregon,Northwest Natural Gas Company,2020,January,97378,806,2
Oregon,Northwest Natural Gas Company,2020,January,97380,155,0
Oregon,Northwest Natural Gas Company,2020,January,97381,2823,6
Oregon,Northwest Natural Gas Company,2020,January,97383,1713,6
Oregon,Northwest Natural Gas Company,2020,January,97384,34,0
Oregon,Northwest Natural Gas Company,2020,January,97385,757,0
Oregon,Northwest Natural Gas Company,2020,January,97386,2141,5
Oregon,Northwest Natural Gas Company,2020,January,97388,1045,2
Oregon,Northwest Natural Gas Company,2020,January,97389,311,2
Oregon,Northwest Natural Gas Company,2020,January,97391,292,0
Oregon,Northwest Natural Gas Company,2020,January,97392,857,0
Oregon,Northwest Natural Gas Company,2020,January,97396,399,1
Oregon,Northwest Natural Gas Company,2020,January,97401,5470,9
Oregon,Northwest Natural Gas Company,2020,January,97402,4591,11
Oregon,Northwest Natural Gas Company,2020,January,97403,1472,1
Oregon,Northwest Natural Gas Company,2020,January,97404,6194,3
Oregon,Northwest Natural Gas Company,2020,January,97405,6857,11
Oregon,Northwest Natural Gas Company,2020,January,97408,2701,2
Oregon,Avista Utilities,2020,January,97417,313,4
Oregon,Northwest Natural Gas Company,2020,January,97420,757,2
Oregon,Northwest Natural Gas Company,2020,January,97423,196,0
Oregon,Northwest Natural Gas Company,2020,January,97424,2302,1
Oregon,Northwest Natural Gas Company,2020,January,97426,1253,5
Oregon,Avista Utilities,2020,January,97432,53,0
Oregon,Northwest Natural Gas Company,2020,January,97438,10,0
Oregon,Avista Utilities,2020,January,97442,153,0
Oregon,Northwest Natural Gas Company,2020,January,97446,582,0
Oregon,Northwest Natural Gas Company,2020,January,97448,1398,3
Oregon,Northwest Natural Gas Company,2020,January,97455,134,0
Oregon,Avista Utilities,2020,January,97457,1444,5
Oregon,Northwest Natural Gas Company,2020,January,97458,121,0
Oregon,Northwest Natural Gas Company,2020,January,97459,521,2
Oregon,Avista Utilities,2020,January,97462,269,1
Oregon,Avista Utilities,2020,January,97469,272,4
Oregon,Avista Utilities,2020,January,97470,3512,25
Oregon,Avista Utilities,2020,January,97471,4955,17
Oregon,Northwest Natural Gas Company,2020,January,97477,2859,4
Oregon,Northwest Natural Gas Company,2020,January,97478,2260,2
Oregon,Avista Utilities,2020,January,97479,1617,1
Oregon,Avista Utilities,2020,January,97495,499,1
Oregon,Avista Utilities,2020,January,97496,1116,4
Oregon,Avista Utilities,2020,January,97497,2,0
Oregon,Avista Utilities,2020,January,97501,9401,13
Oregon,Avista Utilities,2020,January,97502,6302,8
Oregon,Avista Utilities,2020,January,97503,1634,4
Oregon,Avista Utilities,2020,January,97504,12728,17
Oregon,Avista Utilities,2020,January,97520,7274,6
Oregon,Avista Utilities,2020,January,97524,2640,6
Oregon,Avista Utilities,2020,January,97525,575,1
Oregon,Avista Utilities,2020,January,97526,6296,4
Oregon,Avista Utilities,2020,January,97527,5468,11
Oregon,Avista Utilities,2020,January,97528,2,0
Oregon,Avista Utilities,2020,January,97530,1206,0
Oregon,Avista Utilities,2020,January,97535,1151,1
Oregon,Avista Utilities,2020,January,97537,538,1
Oregon,Avista Utilities,2020,January,97539,205,0
Oregon,Avista Utilities,2020,January,97540,1619,4
Oregon,Avista Utilities,2020,January,97601,6384,26
Oregon,Avista Utilities,2020,January,97603,8695,36
Oregon,Avista Utilities,2020,January,97623,51,0
Oregon,Avista Utilities,2020,January,97627,197,0
Oregon,Avista Utilities,2020,January,97632,127,0
Oregon,Avista Utilities,2020,January,97634,24,0
Oregon,Idaho Power,2020,January,97814,1,0
Oregon,Idaho Power,2020,January,97819,27,0
Oregon,Avista Utilities,2020,January,97824,306,1
Oregon,Avista Utilities,2020,January,97827,533,0
Oregon,Idaho Power,2020,January,97834,647,1
Oregon,Idaho Power,2020,January,97837,70,0
Oregon,Idaho Power,2020,January,97840,98,0
Oregon,Avista Utilities,2020,January,97841,129,0
Oregon,Avista Utilities,2020,January,97850,4975,11
Oregon,Avista Utilities,2020,January,97867,147,1
Oregon,Idaho Power,2020,January,97870,438,1
Oregon,Avista Utilities,2020,January,97876,50,0
Oregon,Avista Utilities,2020,January,97883,763,1
Oregon,Idaho Power,2020,January,97884,164,0
Oregon,Idaho Power,2020,January,97901,359,0
Oregon,Idaho Power,2020,January,97902,30,0
Oregon,Idaho Power,2020,January,97903,83,0
Oregon,Idaho Power,2020,January,97904,110,0
Oregon,Idaho Power,2020,January,97905,116,0
Oregon,Idaho Power,2020,January,97906,139,0
Oregon,Idaho Power,2020,January,97907,371,3
Oregon,Idaho Power,2020,January,97908,59,0
Oregon,Idaho Power,2020,January,97909,46,0
Oregon,Idaho Power,2020,January,97910,346,0
Oregon,Idaho Power,2020,January,97911,92,0
Oregon,Idaho Power,2020,January,97913,2141,15
Oregon,Idaho Power,2020,January,97914,6848,47
Oregon,Idaho Power,2020,January,97917,0,0
Oregon,Idaho Power,2020,January,97918,1969,6
Oregon,Idaho Power,2020,January,97920,34,0
Oregon,Portland General Electric,2020,Mar,97002,2221,0
Oregon,Portland General Electric,2020,Mar,97003,11043,6
Oregon,Portland General Electric,2020,Mar,97004,1755,2
Oregon,Portland General Electric,2020,Mar,97005,11660,9
Oregon,Portland General Electric,2020,Mar,97006,18584,12
Oregon,Portland General Electric,2020,Mar,97007,17991,25
Oregon,Portland General Electric,2020,Mar,97008,11961,3
Oregon,Portland General Electric,2020,Mar,97009,3384,4
Oregon,Portland General Electric,2020,Mar,97010,2,0
Oregon,Portland General Electric,2020,Mar,97011,501,0
Oregon,Portland General Electric,2020,Mar,97013,2360,1
Oregon,Portland General Electric,2020,Mar,97015,8710,21
Oregon,Portland General Electric,2020,Mar,97017,1111,3
Oregon,Portland General Electric,2020,Mar,97019,1209,0
Oregon,Portland General Electric,2020,Mar,97020,373,1
Oregon,Portland General Electric,2020,Mar,97022,1448,0
Oregon,Portland General Electric,2020,Mar,97023,4555,12
Oregon,Portland General Electric,2020,Mar,97024,4507,20
Oregon,Portland General Electric,2020,Mar,97026,1152,0
Oregon,Portland General Electric,2020,Mar,97027,4938,2
Oregon,Portland General Electric,2020,Mar,97028,706,0
Oregon,Portland General Electric,2020,Mar,97030,15005,93
Oregon,Portland General Electric,2020,Mar,97032,1729,0
Oregon,Portland General Electric,2020,Mar,97034,8451,5
Oregon,Portland General Electric,2020,Mar,97035,11170,6
Oregon,Portland General Electric,2020,Mar,97036,2,0
Oregon,Portland General Electric,2020,Mar,97038,6265,17
Oregon,Portland General Electric,2020,Mar,97042,1206,2
Oregon,Portland General Electric,2020,Mar,97045,21866,40
Oregon,Portland General Electric,2020,Mar,97049,1744,0
Oregon,Portland General Electric,2020,Mar,97055,7777,15
Oregon,Portland General Electric,2020,Mar,97056,30,0
Oregon,Portland General Electric,2020,Mar,97060,7586,25
Oregon,Portland General Electric,2020,Mar,97062,11333,39
Oregon,Portland General Electric,2020,Mar,97067,1243,0
Oregon,Portland General Electric,2020,Mar,97068,11614,9
Oregon,Portland General Electric,2020,Mar,97070,11222,40
Oregon,Portland General Electric,2020,Mar,97071,9472,26
Oregon,Portland General Electric,2020,Mar,97078,9208,33
Oregon,Portland General Electric,2020,Mar,97080,16102,45
Oregon,Portland General Electric,2020,Mar,97086,11924,24
Oregon,Portland General Electric,2020,Mar,97089,4771,7
Oregon,Portland General Electric,2020,Mar,97101,1524,0
Oregon,Portland General Electric,2020,Mar,97106,1538,0
Oregon,Portland General Electric,2020,Mar,97109,81,0
Oregon,Portland General Electric,2020,Mar,97111,1432,0
Oregon,Portland General Electric,2020,Mar,97113,4716,9
Oregon,Portland General Electric,2020,Mar,97114,1743,3
Oregon,Portland General Electric,2020,Mar,97115,1687,0
Oregon,Portland General Electric,2020,Mar,97116,834,0
Oregon,Portland General Electric,2020,Mar,97117,265,0
Oregon,Portland General Electric,2020,Mar,97119,1608,1
Oregon,Portland General Electric,2020,Mar,97123,16786,62
Oregon,Portland General Electric,2020,Mar,97124,21612,50
Oregon,Portland General Electric,2020,Mar,97125,18,0
Oregon,Portland General Electric,2020,Mar,97127,1430,8
Oregon,Portland General Electric,2020,Mar,97128,492,0
Oregon,Portland General Electric,2020,Mar,97132,11618,29
Oregon,Portland General Electric,2020,Mar,97133,2177,0
Oregon,Portland General Electric,2020,Mar,97137,483,1
Oregon,Portland General Electric,2020,Mar,97140,9406,9
Oregon,Portland General Electric,2020,Mar,97148,1272,2
Oregon,Portland General Electric,2020,Mar,97201,7259,10
Oregon,Portland General Electric,2020,Mar,97202,19521,29
Oregon,Portland General Electric,2020,Mar,97203,12694,49
Oregon,Portland General Electric,2020,Mar,97204,420,0
Oregon,Portland General Electric,2020,Mar,97205,2743,7
Oregon,Portland General Electric,2020,Mar,97206,21392,39
Oregon,Portland General Electric,2020,Mar,97209,14448,34
Oregon,Portland General Electric,2020,Mar,97210,7533,8
Oregon,Portland General Electric,2020,Mar,97211,.,0
Oregon,Portland General Electric,2020,Mar,97213,3034,2
Oregon,Portland General Electric,2020,Mar,97214,15236,22
Oregon,Portland General Electric,2020,Mar,97215,7585,8
Oregon,Portland General Electric,2020,Mar,97216,4193,7
Oregon,Portland General Electric,2020,Mar,97217,12135,24
Oregon,Portland General Electric,2020,Mar,97219,17439,18
Oregon,Portland General Electric,2020,Mar,97221,5267,5
Oregon,Portland General Electric,2020,Mar,97222,15427,28
Oregon,Portland General Electric,2020,Mar,97223,20417,78
Oregon,Portland General Electric,2020,Mar,97224,15703,43
Oregon,Portland General Electric,2020,Mar,97225,11536,19
Oregon,Portland General Electric,2020,Mar,97227,420,0
Oregon,Portland General Electric,2020,Mar,97229,27234,28
Oregon,Portland General Electric,2020,Mar,97230,15389,48
Oregon,Portland General Electric,2020,Mar,97231,2006,0
Oregon,Portland General Electric,2020,Mar,97232,4782,0
Oregon,Portland General Electric,2020,Mar,97233,14789,93
Oregon,Portland General Electric,2020,Mar,97236,13733,75
Oregon,Portland General Electric,2020,Mar,97239,9665,1
Oregon,Portland General Electric,2020,Mar,97266,13219,28
Oregon,Portland General Electric,2020,Mar,97267,12751,23
Oregon,Portland General Electric,2020,Mar,97301,18521,107
Oregon,Portland General Electric,2020,Mar,97302,16797,31
Oregon,Portland General Electric,2020,Mar,97303,10661,0
Oregon,Portland General Electric,2020,Mar,97304,1267,0
Oregon,Portland General Electric,2020,Mar,97305,14900,82
Oregon,Portland General Electric,2020,Mar,97306,13421,12
Oregon,Portland General Electric,2020,Mar,97317,8349,35
Oregon,Portland General Electric,2020,Mar,97325,154,0
Oregon,Portland General Electric,2020,Mar,97338,238,0
Oregon,Portland General Electric,2020,Mar,97347,791,0
Oregon,Portland General Electric,2020,Mar,97352,118,0
Oregon,Portland General Electric,2020,Mar,97362,1465,3
Oregon,Portland General Electric,2020,Mar,97371,101,0
Oregon,Portland General Electric,2020,Mar,97375,506,0
Oregon,Portland General Electric,2020,Mar,97378,2786,3
Oregon,Portland General Electric,2020,Mar,97381,6270,11
Oregon,Portland General Electric,2020,Mar,97385,138,0
Oregon,Portland General Electric,2020,Mar,97392,1723,0
Oregon,Portland General Electric,2020,Mar,97396,1337,4
Oregon,Northwest Natural Gas Company,2020,March,97002,768,0
Oregon,Northwest Natural Gas Company,2020,March,97003,6808,19
Oregon,Northwest Natural Gas Company,2020,March,97004,227,0
Oregon,Northwest Natural Gas Company,2020,March,97005,4302,8
Oregon,Northwest Natural Gas Company,2020,March,97006,9292,8
Oregon,Northwest Natural Gas Company,2020,March,97007,13512,26
Oregon,Northwest Natural Gas Company,2020,March,97008,6317,14
Oregon,Northwest Natural Gas Company,2020,March,97009,1042,1
Oregon,Northwest Natural Gas Company,2020,March,97013,3423,0
Oregon,Northwest Natural Gas Company,2020,March,97015,4583,11
Oregon,Northwest Natural Gas Company,2020,March,97016,111,0
Oregon,Northwest Natural Gas Company,2020,March,97018,651,0
Oregon,Northwest Natural Gas Company,2020,March,97020,159,0
Oregon,Northwest Natural Gas Company,2020,March,97024,1996,2
Oregon,Northwest Natural Gas Company,2020,March,97026,355,0
Oregon,Northwest Natural Gas Company,2020,March,97027,2942,2
Oregon,Northwest Natural Gas Company,2020,March,97030,6420,10
Oregon,Northwest Natural Gas Company,2020,March,97031,3575,9
Oregon,Northwest Natural Gas Company,2020,March,97032,883,0
Oregon,Northwest Natural Gas Company,2020,March,97034,6737,0
Oregon,Northwest Natural Gas Company,2020,March,97035,6996,0
Oregon,Northwest Natural Gas Company,2020,March,97036,1,0
Oregon,Northwest Natural Gas Company,2020,March,97038,2117,8
Oregon,Northwest Natural Gas Company,2020,March,97042,118,0
Oregon,Northwest Natural Gas Company,2020,March,97045,11239,0
Oregon,Northwest Natural Gas Company,2020,March,97048,386,2
Oregon,Northwest Natural Gas Company,2020,March,97051,3154,7
Oregon,Northwest Natural Gas Company,2020,March,97053,616,0
Oregon,Northwest Natural Gas Company,2020,March,97054,18,0
Oregon,Northwest Natural Gas Company,2020,March,97055,3332,10
Oregon,Northwest Natural Gas Company,2020,March,97056,2392,5
Oregon,Northwest Natural Gas Company,2020,March,97058,1593,0
Oregon,Northwest Natural Gas Company,2020,March,97060,4734,15
Oregon,Northwest Natural Gas Company,2020,March,97062,6090,8
Oregon,Northwest Natural Gas Company,2020,March,97064,692,0
Oregon,Northwest Natural Gas Company,2020,March,97068,9355,0
Oregon,Northwest Natural Gas Company,2020,March,97070,6010,0
Oregon,Northwest Natural Gas Company,2020,March,97071,5055,0
Oregon,Northwest Natural Gas Company,2020,March,97078,5780,20
Oregon,Northwest Natural Gas Company,2020,March,97080,10800,11
Oregon,Northwest Natural Gas Company,2020,March,97086,8396,1
Oregon,Northwest Natural Gas Company,2020,March,97089,3290,4
Oregon,Northwest Natural Gas Company,2020,March,97101,294,0
Oregon,Northwest Natural Gas Company,2020,March,97103,4001,16
Oregon,Northwest Natural Gas Company,2020,March,97106,443,0
Oregon,Northwest Natural Gas Company,2020,March,97110,1326,0
Oregon,Northwest Natural Gas Company,2020,March,97111,23,0
Oregon,Northwest Natural Gas Company,2020,March,97113,2173,0
Oregon,Northwest Natural Gas Company,2020,March,97114,17,0
Oregon,Northwest Natural Gas Company,2020,March,97115,947,0
Oregon,Northwest Natural Gas Company,2020,March,97116,3335,0
Oregon,Northwest Natural Gas Company,2020,March,97121,416,1
Oregon,Northwest Natural Gas Company,2020,March,97123,10701,1
Oregon,Northwest Natural Gas Company,2020,March,97124,10706,2
Oregon,Northwest Natural Gas Company,2020,March,97127,798,0
Oregon,Northwest Natural Gas Company,2020,March,97128,3067,0
Oregon,Northwest Natural Gas Company,2020,March,97132,5438,4
Oregon,Northwest Natural Gas Company,2020,March,97133,1033,0
Oregon,Northwest Natural Gas Company,2020,March,97138,4203,2
Oregon,Northwest Natural Gas Company,2020,March,97140,6547,14
Oregon,Northwest Natural Gas Company,2020,March,97145,1,0
Oregon,Northwest Natural Gas Company,2020,March,97146,2069,9
Oregon,Northwest Natural Gas Company,2020,March,97201,2324,1
Oregon,Northwest Natural Gas Company,2020,March,97202,11371,16
Oregon,Northwest Natural Gas Company,2020,March,97203,7402,31
Oregon,Northwest Natural Gas Company,2020,March,97204,140,0
Oregon,Northwest Natural Gas Company,2020,March,97205,939,7
Oregon,Northwest Natural Gas Company,2020,March,97206,13635,37
Oregon,Northwest Natural Gas Company,2020,March,97209,2128,6
Oregon,Northwest Natural Gas Company,2020,March,97210,4099,4
Oregon,Northwest Natural Gas Company,2020,March,97211,10314,0
Oregon,Northwest Natural Gas Company,2020,March,97212,8483,1
Oregon,Northwest Natural Gas Company,2020,March,97213,9682,12
Oregon,Northwest Natural Gas Company,2020,March,97214,8343,23
Oregon,Northwest Natural Gas Company,2020,March,97215,5714,9
Oregon,Northwest Natural Gas Company,2020,March,97216,3397,7
Oregon,Northwest Natural Gas Company,2020,March,97217,10428,25
Oregon,Northwest Natural Gas Company,2020,March,97218,3590,16
Oregon,Northwest Natural Gas Company,2020,March,97219,12367,1
Oregon,Northwest Natural Gas Company,2020,March,97220,6616,4
Oregon,Northwest Natural Gas Company,2020,March,97221,3933,2
Oregon,Northwest Natural Gas Company,2020,March,97222,7956,1
Oregon,Northwest Natural Gas Company,2020,March,97223,12844,16
Oregon,Northwest Natural Gas Company,2020,March,97224,10405,17
Oregon,Northwest Natural Gas Company,2020,March,97225,7254,1
Oregon,Northwest Natural Gas Company,2020,March,97227,1430,0
Oregon,Northwest Natural Gas Company,2020,March,97229,20459,0
Oregon,Northwest Natural Gas Company,2020,March,97230,9339,11
Oregon,Northwest Natural Gas Company,2020,March,97231,775,1
Oregon,Northwest Natural Gas Company,2020,March,97232,2917,6
Oregon,Northwest Natural Gas Company,2020,March,97233,6199,1
Oregon,Northwest Natural Gas Company,2020,March,97236,7134,2
Oregon,Northwest Natural Gas Company,2020,March,97239,3967,3
Oregon,Northwest Natural Gas Company,2020,March,97266,7216,22
Oregon,Northwest Natural Gas Company,2020,March,97267,8642,0
Oregon,Northwest Natural Gas Company,2020,March,97301,8417,28
Oregon,Northwest Natural Gas Company,2020,March,97302,10122,34
Oregon,Northwest Natural Gas Company,2020,March,97303,8933,0
Oregon,Northwest Natural Gas Company,2020,March,97304,7143,0
Oregon,Northwest Natural Gas Company,2020,March,97305,6464,28
Oregon,Northwest Natural Gas Company,2020,March,97306,8343,13
Oregon,Northwest Natural Gas Company,2020,March,97310,8,0
Oregon,Northwest Natural Gas Company,2020,March,97317,3813,16
Oregon,Northwest Natural Gas Company,2020,March,97321,8384,19
Oregon,Northwest Natural Gas Company,2020,March,97322,7206,26
Oregon,Northwest Natural Gas Company,2020,March,97325,776,0
Oregon,Northwest Natural Gas Company,2020,March,97327,476,5
Oregon,Northwest Natural Gas Company,2020,March,97330,9149,10
Oregon,Northwest Natural Gas Company,2020,March,97333,4366,4
Oregon,Northwest Natural Gas Company,2020,March,97338,4214,0
Oregon,Northwest Natural Gas Company,2020,March,97341,1310,3
Oregon,Northwest Natural Gas Company,2020,March,97345,11,0
Oregon,Northwest Natural Gas Company,2020,March,97347,218,0
Oregon,Northwest Natural Gas Company,2020,March,97348,219,1
Oregon,Northwest Natural Gas Company,2020,March,97351,1673,6
Oregon,Northwest Natural Gas Company,2020,March,97352,764,3
Oregon,Northwest Natural Gas Company,2020,March,97355,5054,3
Oregon,Northwest Natural Gas Company,2020,March,97358,408,3
Oregon,Northwest Natural Gas Company,2020,March,97360,493,3
Oregon,Northwest Natural Gas Company,2020,March,97361,1276,1
Oregon,Northwest Natural Gas Company,2020,March,97362,706,3
Oregon,Northwest Natural Gas Company,2020,March,97364,218,0
Oregon,Northwest Natural Gas Company,2020,March,97365,1612,3
Oregon,Northwest Natural Gas Company,2020,March,97366,174,0
Oregon,Northwest Natural Gas Company,2020,March,97367,4034,0
Oregon,Northwest Natural Gas Company,2020,March,97368,940,0
Oregon,Northwest Natural Gas Company,2020,March,97370,1196,2
Oregon,Northwest Natural Gas Company,2020,March,97371,43,0
Oregon,Northwest Natural Gas Company,2020,March,97372,11,0
Oregon,Northwest Natural Gas Company,2020,March,97374,301,0
Oregon,Northwest Natural Gas Company,2020,March,97377,55,0
Oregon,Northwest Natural Gas Company,2020,March,97378,806,0
Oregon,Northwest Natural Gas Company,2020,March,97380,155,0
Oregon,Northwest Natural Gas Company,2020,March,97381,2835,6
Oregon,Northwest Natural Gas Company,2020,March,97383,1709,5
Oregon,Northwest Natural Gas Company,2020,March,97384,34,0
Oregon,Northwest Natural Gas Company,2020,March,97385,769,0
Oregon,Northwest Natural Gas Company,2020,March,97386,2147,0
Oregon,Northwest Natural Gas Company,2020,March,97388,1046,0
Oregon,Northwest Natural Gas Company,2020,March,97389,310,2
Oregon,Northwest Natural Gas Company,2020,March,97391,290,1
Oregon,Northwest Natural Gas Company,2020,March,97392,866,1
Oregon,Northwest Natural Gas Company,2020,March,97396,401,0
Oregon,Northwest Natural Gas Company,2020,March,97401,5478,0
Oregon,Northwest Natural Gas Company,2020,March,97402,4605,12
Oregon,Northwest Natural Gas Company,2020,March,97403,1481,0
Oregon,Northwest Natural Gas Company,2020,March,97404,6208,6
Oregon,Northwest Natural Gas Company,2020,March,97405,6877,0
Oregon,Northwest Natural Gas Company,2020,March,97408,2720,0
Oregon,Avista Utilities,2020,March,97417,316,1
Oregon,Northwest Natural Gas Company,2020,March,97420,766,1
Oregon,Northwest Natural Gas Company,2020,March,97423,199,0
Oregon,Northwest Natural Gas Company,2020,March,97424,2314,0
Oregon,Northwest Natural Gas Company,2020,March,97426,1257,0
Oregon,Avista Utilities,2020,March,97432,52,0
Oregon,Northwest Natural Gas Company,2020,March,97438,9,0
Oregon,Avista Utilities,2020,March,97442,155,0
Oregon,Northwest Natural Gas Company,2020,March,97446,580,1
Oregon,Northwest Natural Gas Company,2020,March,97448,1398,4
Oregon,Northwest Natural Gas Company,2020,March,97455,133,0
Oregon,Avista Utilities,2020,March,97457,1458,5
Oregon,Northwest Natural Gas Company,2020,March,97458,126,0
Oregon,Northwest Natural Gas Company,2020,March,97459,536,0
Oregon,Avista Utilities,2020,March,97462,271,2
Oregon,Avista Utilities,2020,March,97469,274,2
Oregon,Avista Utilities,2020,March,97470,3529,13
Oregon,Avista Utilities,2020,March,97471,4977,3
Oregon,Northwest Natural Gas Company,2020,March,97477,2868,0
Oregon,Northwest Natural Gas Company,2020,March,97478,2262,1
Oregon,Avista Utilities,2020,March,97479,1634,6
Oregon,Avista Utilities,2020,March,97495,501,0
Oregon,Avista Utilities,2020,March,97496,1122,0
Oregon,Avista Utilities,2020,March,97497,2,0
Oregon,Avista Utilities,2020,March,97501,9451,24
Oregon,Avista Utilities,2020,March,97502,6327,1
Oregon,Avista Utilities,2020,March,97503,1641,0
Oregon,Avista Utilities,2020,March,97504,12850,2
Oregon,Avista Utilities,2020,March,97520,7327,8
Oregon,Avista Utilities,2020,March,97524,2671,0
Oregon,Avista Utilities,2020,March,97525,587,1
Oregon,Avista Utilities,2020,March,97526,6347,22
Oregon,Avista Utilities,2020,March,97527,5511,13
Oregon,Avista Utilities,2020,March,97528,2,0
Oregon,Avista Utilities,2020,March,97530,1220,0
Oregon,Avista Utilities,2020,March,97535,1163,0
Oregon,Avista Utilities,2020,March,97537,550,1
Oregon,Avista Utilities,2020,March,97539,208,0
Oregon,Avista Utilities,2020,March,97540,1628,0
Oregon,Avista Utilities,2020,March,97601,6405,9
Oregon,Avista Utilities,2020,March,97603,8749,35
Oregon,Avista Utilities,2020,March,97623,50,0
Oregon,Avista Utilities,2020,March,97627,197,1
Oregon,Avista Utilities,2020,March,97632,127,1
Oregon,Avista Utilities,2020,March,97634,24,0
Oregon,Idaho Power,2020,March,97814,1,0
Oregon,Idaho Power,2020,March,97819,25,0
Oregon,Avista Utilities,2020,March,97824,310,0
Oregon,Avista Utilities,2020,March,97827,535,0
Oregon,Idaho Power,2020,March,97834,643,0
Oregon,Idaho Power,2020,March,97837,70,0
Oregon,Idaho Power,2020,March,97840,95,0
Oregon,Avista Utilities,2020,March,97841,129,0
Oregon,Avista Utilities,2020,March,97850,4974,3
Oregon,Avista Utilities,2020,March,97867,144,3
Oregon,Idaho Power,2020,March,97870,433,0
Oregon,Avista Utilities,2020,March,97876,50,0
Oregon,Avista Utilities,2020,March,97883,764,0
Oregon,Idaho Power,2020,March,97884,166,0
Oregon,Idaho Power,2020,March,97901,359,0
Oregon,Idaho Power,2020,March,97902,29,0
Oregon,Idaho Power,2020,March,97903,87,0
Oregon,Idaho Power,2020,March,97904,110,0
Oregon,Idaho Power,2020,March,97905,115,0
Oregon,Idaho Power,2020,March,97906,144,0
Oregon,Idaho Power,2020,March,97907,379,0
Oregon,Idaho Power,2020,March,97908,59,0
Oregon,Idaho Power,2020,March,97909,46,0
Oregon,Idaho Power,2020,March,97910,333,0
Oregon,Idaho Power,2020,March,97911,91,0
Oregon,Idaho Power,2020,March,97913,2131,4
Oregon,Idaho Power,2020,March,97914,6840,6
Oregon,Idaho Power,2020,March,97917,1,0
Oregon,Idaho Power,2020,March,97918,1984,6
Oregon,Idaho Power,2020,March,97920,34,0
Oregon,Portland General Electric,2021,Aug,97002,"2,229",0
Oregon,Portland General Electric,2021,Aug,97003,"11,203",0
Oregon,Portland General Electric,2021,Aug,97004,"1,767",0
Oregon,Portland General Electric,2021,Aug,97005,"11,951",0
Oregon,Portland General Electric,2021,Aug,97006,"18,631",1
Oregon,Portland General Electric,2021,Aug,97007,"18,403",1
Oregon,Portland General Electric,2021,Aug,97008,"11,952",0
Oregon,Portland General Electric,2021,Aug,97009,"3,377",2
Oregon,Portland General Electric,2021,Aug,97010,2,0
Oregon,Portland General Electric,2021,Aug,97011,499,0
Oregon,Portland General Electric,2021,Aug,97013,"2,357",0
Oregon,Portland General Electric,2021,Aug,97015,"9,083",0
Oregon,Portland General Electric,2021,Aug,97017,"1,118",0
Oregon,Portland General Electric,2021,Aug,97019,"1,221",0
Oregon,Portland General Electric,2021,Aug,97020,375,0
Oregon,Portland General Electric,2021,Aug,97022,"1,450",0
Oregon,Portland General Electric,2021,Aug,97023,"4,695",0
Oregon,Portland General Electric,2021,Aug,97024,"4,582",0
Oregon,Portland General Electric,2021,Aug,97026,"1,160",0
Oregon,Portland General Electric,2021,Aug,97027,"4,937",1
Oregon,Portland General Electric,2021,Aug,97028,723,0
Oregon,Portland General Electric,2021,Aug,97030,"15,244",1
Oregon,Portland General Electric,2021,Aug,97032,"1,737",0
Oregon,Portland General Electric,2021,Aug,97034,"8,428",0
Oregon,Portland General Electric,2021,Aug,97035,"11,369",1
Oregon,Portland General Electric,2021,Aug,97036,2,0
Oregon,Portland General Electric,2021,Aug,97038,"6,297",0
Oregon,Portland General Electric,2021,Aug,97042,"1,205",0
Oregon,Portland General Electric,2021,Aug,97045,"22,127",1
Oregon,Portland General Electric,2021,Aug,97049,"1,759",0
Oregon,Portland General Electric,2021,Aug,97055,"7,916",0
Oregon,Portland General Electric,2021,Aug,97056,28,0
Oregon,Portland General Electric,2021,Aug,97060,"7,930",0
Oregon,Portland General Electric,2021,Aug,97062,"11,313",0
Oregon,Portland General Electric,2021,Aug,97067,"1,259",0
Oregon,Portland General Electric,2021,Aug,97068,"11,625",1
Oregon,Portland General Electric,2021,Aug,97070,"11,390",0
Oregon,Portland General Electric,2021,Aug,97071,"9,665",0
Oregon,Portland General Electric,2021,Aug,97078,"9,411",1
Oregon,Portland General Electric,2021,Aug,97080,"16,192",0
Oregon,Portland General Electric,2021,Aug,97086,"12,694",0
Oregon,Portland General Electric,2021,Aug,97089,"4,810",0
Oregon,Portland General Electric,2021,Aug,97101,"1,542",0
Oregon,Portland General Electric,2021,Aug,97106,"1,550",0
Oregon,Portland General Electric,2021,Aug,97109,82,0
Oregon,Portland General Electric,2021,Aug,97111,"1,459",0
Oregon,Portland General Electric,2021,Aug,97113,"4,971",1
Oregon,Portland General Electric,2021,Aug,97114,"1,755",0
Oregon,Portland General Electric,2021,Aug,97115,"1,697",0
Oregon,Portland General Electric,2021,Aug,97116,835,0
Oregon,Portland General Electric,2021,Aug,97117,263,0
Oregon,Portland General Electric,2021,Aug,97119,"1,608",0
Oregon,Portland General Electric,2021,Aug,97123,"17,589",1
Oregon,Portland General Electric,2021,Aug,97124,"21,653",0
Oregon,Portland General Electric,2021,Aug,97125,18,0
Oregon,Portland General Electric,2021,Aug,97127,"1,440",0
Oregon,Portland General Electric,2021,Aug,97128,492,0
Oregon,Portland General Electric,2021,Aug,97132,"11,783",2
Oregon,Portland General Electric,2021,Aug,97133,"2,264",0
Oregon,Portland General Electric,2021,Aug,97137,485,0
Oregon,Portland General Electric,2021,Aug,97140,"9,395",0
Oregon,Portland General Electric,2021,Aug,97148,"1,317",0
Oregon,Portland General Electric,2021,Aug,97201,"7,351",0
Oregon,Portland General Electric,2021,Aug,97202,"19,933",0
Oregon,Portland General Electric,2021,Aug,97203,"12,845",1
Oregon,Portland General Electric,2021,Aug,97204,419,0
Oregon,Portland General Electric,2021,Aug,97205,"2,955",0
Oregon,Portland General Electric,2021,Aug,97206,"21,603",0
Oregon,Portland General Electric,2021,Aug,97209,"14,915",0
Oregon,Portland General Electric,2021,Aug,97210,"7,926",0
Oregon,Portland General Electric,2021,Aug,97213,"3,101",0
Oregon,Portland General Electric,2021,Aug,97214,"15,270",0
Oregon,Portland General Electric,2021,Aug,97215,"7,595",0
Oregon,Portland General Electric,2021,Aug,97216,"4,185",0
Oregon,Portland General Electric,2021,Aug,97217,"12,761",1
Oregon,Portland General Electric,2021,Aug,97219,"17,449",0
Oregon,Portland General Electric,2021,Aug,97221,"5,535",0
Oregon,Portland General Electric,2021,Aug,97222,"15,548",0
Oregon,Portland General Electric,2021,Aug,97223,"20,741",0
Oregon,Portland General Electric,2021,Aug,97224,"15,810",1
Oregon,Portland General Electric,2021,Aug,97225,"11,560",0
Oregon,Portland General Electric,2021,Aug,97227,418,0
Oregon,Portland General Electric,2021,Aug,97229,"27,788",0
Oregon,Portland General Electric,2021,Aug,97230,"15,514",0
Oregon,Portland General Electric,2021,Aug,97231,"1,983",0
Oregon,Portland General Electric,2021,Aug,97232,"5,295",0
Oregon,Portland General Electric,2021,Aug,97233,"15,045",8
Oregon,Portland General Electric,2021,Aug,97236,"13,772",9
Oregon,Portland General Electric,2021,Aug,97239,"9,673",0
Oregon,Portland General Electric,2021,Aug,97266,"13,256",7
Oregon,Portland General Electric,2021,Aug,97267,"12,805",1
Oregon,Portland General Electric,2021,Aug,97301,"18,779",3
Oregon,Portland General Electric,2021,Aug,97302,"17,099",0
Oregon,Portland General Electric,2021,Aug,97303,"10,690",1
Oregon,Portland General Electric,2021,Aug,97304,"1,322",0
Oregon,Portland General Electric,2021,Aug,97305,"15,403",3
Oregon,Portland General Electric,2021,Aug,97306,"13,710",0
Oregon,Portland General Electric,2021,Aug,97317,"8,348",0
Oregon,Portland General Electric,2021,Aug,97325,150,0
Oregon,Portland General Electric,2021,Aug,97338,241,0
Oregon,Portland General Electric,2021,Aug,97347,793,0
Oregon,Portland General Electric,2021,Aug,97352,120,0
Oregon,Portland General Electric,2021,Aug,97362,"1,506",0
Oregon,Portland General Electric,2021,Aug,97371,105,0
Oregon,Portland General Electric,2021,Aug,97375,513,0
Oregon,Portland General Electric,2021,Aug,97378,"2,799",0
Oregon,Portland General Electric,2021,Aug,97381,"6,361",0
Oregon,Portland General Electric,2021,Aug,97385,141,0
Oregon,Portland General Electric,2021,Aug,97392,"1,926",0
Oregon,Portland General Electric,2021,Aug,97396,"1,340",0
Oregon,Northwest Natural Gas Company,2021,August,97002,782,0
Oregon,Northwest Natural Gas Company,2021,August,97003,6860,0
Oregon,Northwest Natural Gas Company,2021,August,97004,233,0
Oregon,Northwest Natural Gas Company,2021,August,97005,4326,0
Oregon,Northwest Natural Gas Company,2021,August,97006,9351,0
Oregon,Northwest Natural Gas Company,2021,August,97007,13823,0
Oregon,Northwest Natural Gas Company,2021,August,97008,6337,0
Oregon,Northwest Natural Gas Company,2021,August,97009,1072,0
Oregon,Northwest Natural Gas Company,2021,August,97013,3656,1
Oregon,Northwest Natural Gas Company,2021,August,97015,4639,0
Oregon,Northwest Natural Gas Company,2021,August,97016,111,0
Oregon,Northwest Natural Gas Company,2021,August,97018,653,0
Oregon,Northwest Natural Gas Company,2021,August,97020,160,0
Oregon,Northwest Natural Gas Company,2021,August,97024,2006,0
Oregon,Northwest Natural Gas Company,2021,August,97026,359,1
Oregon,Northwest Natural Gas Company,2021,August,97027,2954,0
Oregon,Northwest Natural Gas Company,2021,August,97030,6474,0
Oregon,Northwest Natural Gas Company,2021,August,97031,3659,0
Oregon,Northwest Natural Gas Company,2021,August,97032,895,0
Oregon,Northwest Natural Gas Company,2021,August,97034,6769,0
Oregon,Northwest Natural Gas Company,2021,August,97035,7244,0
Oregon,Northwest Natural Gas Company,2021,August,97036,1,0
Oregon,Northwest Natural Gas Company,2021,August,97038,2177,0
Oregon,Northwest Natural Gas Company,2021,August,97042,121,1
Oregon,Northwest Natural Gas Company,2021,August,97045,11399,0
Oregon,Northwest Natural Gas Company,2021,August,97048,389,0
Oregon,Northwest Natural Gas Company,2021,August,97051,3245,0
Oregon,Northwest Natural Gas Company,2021,August,97053,623,0
Oregon,Northwest Natural Gas Company,2021,August,97054,19,0
Oregon,Northwest Natural Gas Company,2021,August,97055,3460,0
Oregon,Northwest Natural Gas Company,2021,August,97056,2421,0
Oregon,Northwest Natural Gas Company,2021,August,97058,1634,2
Oregon,Northwest Natural Gas Company,2021,August,97060,4792,0
Oregon,Northwest Natural Gas Company,2021,August,97062,6117,0
Oregon,Northwest Natural Gas Company,2021,August,97064,703,0
Oregon,Northwest Natural Gas Company,2021,August,97068,9428,0
Oregon,Northwest Natural Gas Company,2021,August,97070,6185,1
Oregon,Northwest Natural Gas Company,2021,August,97071,5180,5
Oregon,Northwest Natural Gas Company,2021,August,97078,5916,0
Oregon,Northwest Natural Gas Company,2021,August,97080,10973,0
Oregon,Northwest Natural Gas Company,2021,August,97086,8919,0
Oregon,Northwest Natural Gas Company,2021,August,97089,3358,0
Oregon,Northwest Natural Gas Company,2021,August,97101,310,0
Oregon,Northwest Natural Gas Company,2021,August,97103,4051,0
Oregon,Northwest Natural Gas Company,2021,August,97106,457,1
Oregon,Northwest Natural Gas Company,2021,August,97110,1350,0
Oregon,Northwest Natural Gas Company,2021,August,97111,23,0
Oregon,Northwest Natural Gas Company,2021,August,97113,2429,1
Oregon,Northwest Natural Gas Company,2021,August,97114,17,0
Oregon,Northwest Natural Gas Company,2021,August,97115,953,0
Oregon,Northwest Natural Gas Company,2021,August,97116,3490,1
Oregon,Northwest Natural Gas Company,2021,August,97121,425,0
Oregon,Northwest Natural Gas Company,2021,August,97123,11311,0
Oregon,Northwest Natural Gas Company,2021,August,97124,10783,3
Oregon,Northwest Natural Gas Company,2021,August,97127,801,0
Oregon,Northwest Natural Gas Company,2021,August,97128,3250,0
Oregon,Northwest Natural Gas Company,2021,August,97132,5546,0
Oregon,Northwest Natural Gas Company,2021,August,97133,1133,0
Oregon,Northwest Natural Gas Company,2021,August,97138,4298,0
Oregon,Northwest Natural Gas Company,2021,August,97140,6620,0
Oregon,Northwest Natural Gas Company,2021,August,97145,1,0
Oregon,Northwest Natural Gas Company,2021,August,97146,2140,0
Oregon,Northwest Natural Gas Company,2021,August,97201,2364,4
Oregon,Northwest Natural Gas Company,2021,August,97202,11554,0
Oregon,Northwest Natural Gas Company,2021,August,97203,7483,1
Oregon,Northwest Natural Gas Company,2021,August,97204,135,0
Oregon,Northwest Natural Gas Company,2021,August,97205,1139,1
Oregon,Northwest Natural Gas Company,2021,August,97206,13814,0
Oregon,Northwest Natural Gas Company,2021,August,97209,2460,6
Oregon,Northwest Natural Gas Company,2021,August,97210,4254,3
Oregon,Northwest Natural Gas Company,2021,August,97211,10479,8
Oregon,Northwest Natural Gas Company,2021,August,97212,8525,3
Oregon,Northwest Natural Gas Company,2021,August,97213,9848,0
Oregon,Northwest Natural Gas Company,2021,August,97214,8329,0
Oregon,Northwest Natural Gas Company,2021,August,97215,5745,0
Oregon,Northwest Natural Gas Company,2021,August,97216,3437,0
Oregon,Northwest Natural Gas Company,2021,August,97217,10516,2
Oregon,Northwest Natural Gas Company,2021,August,97218,3632,0
Oregon,Northwest Natural Gas Company,2021,August,97219,12440,2
Oregon,Northwest Natural Gas Company,2021,August,97220,6689,0
Oregon,Northwest Natural Gas Company,2021,August,97221,3948,0
Oregon,Northwest Natural Gas Company,2021,August,97222,8050,0
Oregon,Northwest Natural Gas Company,2021,August,97223,12903,0
Oregon,Northwest Natural Gas Company,2021,August,97224,10576,0
Oregon,Northwest Natural Gas Company,2021,August,97225,7292,0
Oregon,Northwest Natural Gas Company,2021,August,97227,1616,0
Oregon,Northwest Natural Gas Company,2021,August,97229,20961,0
Oregon,Northwest Natural Gas Company,2021,August,97230,9392,0
Oregon,Northwest Natural Gas Company,2021,August,97231,776,0
Oregon,Northwest Natural Gas Company,2021,August,97232,2934,0
Oregon,Northwest Natural Gas Company,2021,August,97233,6234,0
Oregon,Northwest Natural Gas Company,2021,August,97236,7188,0
Oregon,Northwest Natural Gas Company,2021,August,97239,3962,1
Oregon,Northwest Natural Gas Company,2021,August,97266,7270,0
Oregon,Northwest Natural Gas Company,2021,August,97267,8742,0
Oregon,Northwest Natural Gas Company,2021,August,97301,8515,8
Oregon,Northwest Natural Gas Company,2021,August,97302,10216,0
Oregon,Northwest Natural Gas Company,2021,August,97303,8981,10
Oregon,Northwest Natural Gas Company,2021,August,97304,7270,0
Oregon,Northwest Natural Gas Company,2021,August,97305,6809,9
Oregon,Northwest Natural Gas Company,2021,August,97306,8572,0
Oregon,Northwest Natural Gas Company,2021,August,97310,11,0
Oregon,Northwest Natural Gas Company,2021,August,97317,3852,2
Oregon,Northwest Natural Gas Company,2021,August,97321,8672,0
Oregon,Northwest Natural Gas Company,2021,August,97322,7386,0
Oregon,Northwest Natural Gas Company,2021,August,97325,807,0
Oregon,Northwest Natural Gas Company,2021,August,97327,486,0
Oregon,Northwest Natural Gas Company,2021,August,97330,9141,0
Oregon,Northwest Natural Gas Company,2021,August,97333,4389,0
Oregon,Northwest Natural Gas Company,2021,August,97338,4425,0
Oregon,Northwest Natural Gas Company,2021,August,97341,1335,0
Oregon,Northwest Natural Gas Company,2021,August,97345,12,0
Oregon,Northwest Natural Gas Company,2021,August,97347,221,0
Oregon,Northwest Natural Gas Company,2021,August,97348,218,0
Oregon,Northwest Natural Gas Company,2021,August,97351,1775,0
Oregon,Northwest Natural Gas Company,2021,August,97352,762,0
Oregon,Northwest Natural Gas Company,2021,August,97355,5088,0
Oregon,Northwest Natural Gas Company,2021,August,97358,392,0
Oregon,Northwest Natural Gas Company,2021,August,97360,494,0
Oregon,Northwest Natural Gas Company,2021,August,97361,1286,0
Oregon,Northwest Natural Gas Company,2021,August,97362,727,0
Oregon,Northwest Natural Gas Company,2021,August,97364,230,0
Oregon,Northwest Natural Gas Company,2021,August,97365,1644,0
Oregon,Northwest Natural Gas Company,2021,August,97366,179,0
Oregon,Northwest Natural Gas Company,2021,August,97367,4133,0
Oregon,Northwest Natural Gas Company,2021,August,97368,854,0
Oregon,Northwest Natural Gas Company,2021,August,97370,1229,0
Oregon,Northwest Natural Gas Company,2021,August,97371,43,0
Oregon,Northwest Natural Gas Company,2021,August,97372,11,0
Oregon,Northwest Natural Gas Company,2021,August,97374,301,0
Oregon,Northwest Natural Gas Company,2021,August,97377,53,0
Oregon,Northwest Natural Gas Company,2021,August,97378,810,0
Oregon,Northwest Natural Gas Company,2021,August,97380,155,0
Oregon,Northwest Natural Gas Company,2021,August,97381,2913,5
Oregon,Northwest Natural Gas Company,2021,August,97383,1737,0
Oregon,Northwest Natural Gas Company,2021,August,97384,33,0
Oregon,Northwest Natural Gas Company,2021,August,97385,848,0
Oregon,Northwest Natural Gas Company,2021,August,97386,2159,0
Oregon,Northwest Natural Gas Company,2021,August,97388,1054,0
Oregon,Northwest Natural Gas Company,2021,August,97389,314,0
Oregon,Northwest Natural Gas Company,2021,August,97391,283,0
Oregon,Northwest Natural Gas Company,2021,August,97392,964,0
Oregon,Northwest Natural Gas Company,2021,August,97396,417,0
Oregon,Northwest Natural Gas Company,2021,August,97401,5574,3
Oregon,Northwest Natural Gas Company,2021,August,97402,4609,1
Oregon,Northwest Natural Gas Company,2021,August,97403,1512,1
Oregon,Northwest Natural Gas Company,2021,August,97404,6286,0
Oregon,Northwest Natural Gas Company,2021,August,97405,6961,5
Oregon,Northwest Natural Gas Company,2021,August,97408,2915,0
Oregon,Avista Utilities,2021,August,97417,323,5
Oregon,Northwest Natural Gas Company,2021,August,97420,813,0
Oregon,Northwest Natural Gas Company,2021,August,97423,212,0
Oregon,Northwest Natural Gas Company,2021,August,97424,2314,0
Oregon,Northwest Natural Gas Company,2021,August,97426,1278,0
Oregon,Avista Utilities,2021,August,97432,55,0
Oregon,Northwest Natural Gas Company,2021,August,97438,9,0
Oregon,Avista Utilities,2021,August,97442,158,1
Oregon,Northwest Natural Gas Company,2021,August,97446,582,0
Oregon,Northwest Natural Gas Company,2021,August,97448,1405,0
Oregon,Northwest Natural Gas Company,2021,August,97455,137,0
Oregon,Avista Utilities,2021,August,97457,1482,3
Oregon,Northwest Natural Gas Company,2021,August,97458,132,0
Oregon,Northwest Natural Gas Company,2021,August,97459,566,0
Oregon,Avista Utilities,2021,August,97462,275,3
Oregon,Avista Utilities,2021,August,97469,267,7
Oregon,Avista Utilities,2021,August,97470,3533,21
Oregon,Avista Utilities,2021,August,97471,5071,18
Oregon,Northwest Natural Gas Company,2021,August,97477,2919,0
Oregon,Northwest Natural Gas Company,2021,August,97478,2346,0
Oregon,Avista Utilities,2021,August,97479,1657,0
Oregon,Avista Utilities,2021,August,97495,506,2
Oregon,Avista Utilities,2021,August,97496,1147,9
Oregon,Avista Utilities,2021,August,97497,2,0
Oregon,Avista Utilities,2021,August,97501,9167,26
Oregon,Avista Utilities,2021,August,97502,6440,0
Oregon,Avista Utilities,2021,August,97503,1680,0
Oregon,Avista Utilities,2021,August,97504,13106,10
Oregon,Avista Utilities,2021,August,97520,7374,0
Oregon,Avista Utilities,2021,August,97524,2770,0
Oregon,Avista Utilities,2021,August,97525,592,4
Oregon,Avista Utilities,2021,August,97526,6415,13
Oregon,Avista Utilities,2021,August,97527,5563,15
Oregon,Avista Utilities,2021,August,97528,2,0
Oregon,Avista Utilities,2021,August,97530,1243,0
Oregon,Avista Utilities,2021,August,97535,1071,1
Oregon,Avista Utilities,2021,August,97537,557,7
Oregon,Avista Utilities,2021,August,97539,221,0
Oregon,Avista Utilities,2021,August,97540,1295,0
Oregon,Avista Utilities,2021,August,97601,6483,3
Oregon,Avista Utilities,2021,August,97603,8830,27
Oregon,Avista Utilities,2021,August,97623,56,0
Oregon,Avista Utilities,2021,August,97627,207,0
Oregon,Avista Utilities,2021,August,97632,125,0
Oregon,Avista Utilities,2021,August,97634,26,0
Oregon,Cascade Natural Gas,2021,August,97701,10376,0
Oregon,Cascade Natural Gas,2021,August,97702,13392,4
Oregon,Cascade Natural Gas,2021,August,97703,9217,18
Oregon,Cascade Natural Gas,2021,August,97707,3748,0
Oregon,Cascade Natural Gas,2021,August,97731,24,0
Oregon,Cascade Natural Gas,2021,August,97733,68,0
Oregon,Cascade Natural Gas,2021,August,97737,123,1
Oregon,Cascade Natural Gas,2021,August,97739,313,0
Oregon,Cascade Natural Gas,2021,August,97741,1342,0
Oregon,Cascade Natural Gas,2021,August,97753,358,0
Oregon,Cascade Natural Gas,2021,August,97754,2748,13
Oregon,Cascade Natural Gas,2021,August,97756,8835,0
Oregon,Cascade Natural Gas,2021,August,97801,4861,14
Oregon,Cascade Natural Gas,2021,August,97813,344,0
Oregon,Cascade Natural Gas,2021,August,97814,3407,39
Oregon,Idaho Power,2021,August,97814,3,0
Oregon,Cascade Natural Gas,2021,August,97818,262,1
Oregon,Idaho Power,2021,August,97819,26,0
Oregon,Avista Utilities,2021,August,97824,315,0
Oregon,Cascade Natural Gas,2021,August,97826,23,0
Oregon,Avista Utilities,2021,August,97827,551,3
Oregon,Idaho Power,2021,August,97834,660,0
Oregon,Idaho Power,2021,August,97837,72,0
Oregon,Cascade Natural Gas,2021,August,97838,3979,0
Oregon,Idaho Power,2021,August,97840,97,0
Oregon,Avista Utilities,2021,August,97841,129,0
Oregon,Cascade Natural Gas,2021,August,97844,180,4
Oregon,Avista Utilities,2021,August,97850,5012,33
Oregon,Cascade Natural Gas,2021,August,97862,246,0
Oregon,Avista Utilities,2021,August,97867,143,2
Oregon,Cascade Natural Gas,2021,August,97868,466,10
Oregon,Idaho Power,2021,August,97870,433,0
Oregon,Cascade Natural Gas,2021,August,97875,360,3
Oregon,Avista Utilities,2021,August,97876,52,0
Oregon,Cascade Natural Gas,2021,August,97882,906,2
Oregon,Avista Utilities,2021,August,97883,776,5
Oregon,Idaho Power,2021,August,97884,171,0
Oregon,Cascade Natural Gas,2021,August,97886,184,0
Oregon,Idaho Power,2021,August,97901,365,0
Oregon,Idaho Power,2021,August,97902,29,0
Oregon,Idaho Power,2021,August,97903,83,1
Oregon,Idaho Power,2021,August,97904,111,0
Oregon,Idaho Power,2021,August,97905,116,0
Oregon,Idaho Power,2021,August,97906,140,1
Oregon,Cascade Natural Gas,2021,August,97907,131,2
Oregon,Idaho Power,2021,August,97907,375,0
Oregon,Idaho Power,2021,August,97908,61,0
Oregon,Idaho Power,2021,August,97909,49,0
Oregon,Idaho Power,2021,August,97910,384,0
Oregon,Idaho Power,2021,August,97911,93,0
Oregon,Cascade Natural Gas,2021,August,97913,748,10
Oregon,Idaho Power,2021,August,97913,2160,10
Oregon,Idaho Power,2021,August,97914,6927,35
Oregon,Cascade Natural Gas,2021,August,97914,2688,0
Oregon,Idaho Power,2021,August,97917,1,0
Oregon,Cascade Natural Gas,2021,August,97918,412,7
Oregon,Idaho Power,2021,August,97918,1989,8
Oregon,Idaho Power,2021,August,97920,35,0
Oregon,Portland General Electric,2021,Dec,97002,"2,225",3
Oregon,Portland General Electric,2021,Dec,97003,"11,220",25
Oregon,Portland General Electric,2021,Dec,97004,"1,770",0
Oregon,Portland General Electric,2021,Dec,97005,"11,994",20
Oregon,Portland General Electric,2021,Dec,97006,"18,680",29
Oregon,Portland General Electric,2021,Dec,97007,"18,628",10
Oregon,Portland General Electric,2021,Dec,97008,"11,966",16
Oregon,Portland General Electric,2021,Dec,97009,"3,384",3
Oregon,Portland General Electric,2021,Dec,97010,2,0
Oregon,Portland General Electric,2021,Dec,97011,498,0
Oregon,Portland General Electric,2021,Dec,97013,"2,353",0
Oregon,Portland General Electric,2021,Dec,97015,"9,101",11
Oregon,Portland General Electric,2021,Dec,97017,"1,127",0
Oregon,Portland General Electric,2021,Dec,97019,"1,221",1
Oregon,Portland General Electric,2021,Dec,97020,377,1
Oregon,Portland General Electric,2021,Dec,97022,"1,448",0
Oregon,Portland General Electric,2021,Dec,97023,"4,807",3
Oregon,Portland General Electric,2021,Dec,97024,"4,590",2
Oregon,Portland General Electric,2021,Dec,97026,"1,168",2
Oregon,Portland General Electric,2021,Dec,97027,"4,936",2
Oregon,Portland General Electric,2021,Dec,97028,721,0
Oregon,Portland General Electric,2021,Dec,97030,"15,325",42
Oregon,Portland General Electric,2021,Dec,97032,"1,728",2
Oregon,Portland General Electric,2021,Dec,97034,"8,452",0
Oregon,Portland General Electric,2021,Dec,97035,"11,404",4
Oregon,Portland General Electric,2021,Dec,97036,2,0
Oregon,Portland General Electric,2021,Dec,97038,"6,307",8
Oregon,Portland General Electric,2021,Dec,97042,"1,208",0
Oregon,Portland General Electric,2021,Dec,97045,"22,078",18
Oregon,Portland General Electric,2021,Dec,97049,"1,767",0
Oregon,Portland General Electric,2021,Dec,97055,"7,931",6
Oregon,Portland General Electric,2021,Dec,97056,28,0
Oregon,Portland General Electric,2021,Dec,97060,"8,014",10
Oregon,Portland General Electric,2021,Dec,97062,"11,333",16
Oregon,Portland General Electric,2021,Dec,97067,"1,258",0
Oregon,Portland General Electric,2021,Dec,97068,"11,658",0
Oregon,Portland General Electric,2021,Dec,97070,"11,465",6
Oregon,Portland General Electric,2021,Dec,97071,"9,757",7
Oregon,Portland General Electric,2021,Dec,97078,"9,475",16
Oregon,Portland General Electric,2021,Dec,97080,"16,242",26
Oregon,Portland General Electric,2021,Dec,97086,"12,858",11
Oregon,Portland General Electric,2021,Dec,97089,"4,808",6
Oregon,Portland General Electric,2021,Dec,97101,"1,549",0
Oregon,Portland General Electric,2021,Dec,97106,"1,552",0
Oregon,Portland General Electric,2021,Dec,97109,81,0
Oregon,Portland General Electric,2021,Dec,97111,"1,475",0
Oregon,Portland General Electric,2021,Dec,97113,"5,112",0
Oregon,Portland General Electric,2021,Dec,97114,"1,757",0
Oregon,Portland General Electric,2021,Dec,97115,"1,699",1
Oregon,Portland General Electric,2021,Dec,97116,834,0
Oregon,Portland General Electric,2021,Dec,97117,261,0
Oregon,Portland General Electric,2021,Dec,97119,"1,606",0
Oregon,Portland General Electric,2021,Dec,97123,"17,742",10
Oregon,Portland General Electric,2021,Dec,97124,"21,679",26
Oregon,Portland General Electric,2021,Dec,97125,18,0
Oregon,Portland General Electric,2021,Dec,97127,"1,441",0
Oregon,Portland General Electric,2021,Dec,97128,493,0
Oregon,Portland General Electric,2021,Dec,97132,"11,848",5
Oregon,Portland General Electric,2021,Dec,97133,"2,273",0
Oregon,Portland General Electric,2021,Dec,97137,486,0
Oregon,Portland General Electric,2021,Dec,97140,"9,418",4
Oregon,Portland General Electric,2021,Dec,97148,"1,352",0
Oregon,Portland General Electric,2021,Dec,97201,"7,377",4
Oregon,Portland General Electric,2021,Dec,97202,"19,975",15
Oregon,Portland General Electric,2021,Dec,97203,"12,879",31
Oregon,Portland General Electric,2021,Dec,97204,418,0
Oregon,Portland General Electric,2021,Dec,97205,"3,007",2
Oregon,Portland General Electric,2021,Dec,97206,"21,701",20
Oregon,Portland General Electric,2021,Dec,97209,"15,208",13
Oregon,Portland General Electric,2021,Dec,97210,"7,949",7
Oregon,Portland General Electric,2021,Dec,97213,"3,097",4
Oregon,Portland General Electric,2021,Dec,97214,"15,308",15
Oregon,Portland General Electric,2021,Dec,97215,"7,588",1
Oregon,Portland General Electric,2021,Dec,97216,"4,192",0
Oregon,Portland General Electric,2021,Dec,97217,"12,790",14
Oregon,Portland General Electric,2021,Dec,97219,"17,488",8
Oregon,Portland General Electric,2021,Dec,97221,"5,548",1
Oregon,Portland General Electric,2021,Dec,97222,"15,548",14
Oregon,Portland General Electric,2021,Dec,97223,"20,877",31
Oregon,Portland General Electric,2021,Dec,97224,"15,857",16
Oregon,Portland General Electric,2021,Dec,97225,"11,582",3
Oregon,Portland General Electric,2021,Dec,97227,418,0
Oregon,Portland General Electric,2021,Dec,97229,"27,932",13
Oregon,Portland General Electric,2021,Dec,97230,"15,537",16
Oregon,Portland General Electric,2021,Dec,97231,"1,986",1
Oregon,Portland General Electric,2021,Dec,97232,"5,149",3
Oregon,Portland General Electric,2021,Dec,97233,"15,159",47
Oregon,Portland General Electric,2021,Dec,97236,"13,800",37
Oregon,Portland General Electric,2021,Dec,97239,"9,974",4
Oregon,Portland General Electric,2021,Dec,97266,"13,286",17
Oregon,Portland General Electric,2021,Dec,97267,"12,808",6
Oregon,Portland General Electric,2021,Dec,97301,"18,816",38
Oregon,Portland General Electric,2021,Dec,97302,"17,161",15
Oregon,Portland General Electric,2021,Dec,97303,"10,706",5
Oregon,Portland General Electric,2021,Dec,97304,"1,326",0
Oregon,Portland General Electric,2021,Dec,97305,"15,470",26
Oregon,Portland General Electric,2021,Dec,97306,"13,753",7
Oregon,Portland General Electric,2021,Dec,97317,"8,365",11
Oregon,Portland General Electric,2021,Dec,97325,150,0
Oregon,Portland General Electric,2021,Dec,97338,240,0
Oregon,Portland General Electric,2021,Dec,97346,1,0
Oregon,Portland General Electric,2021,Dec,97347,801,0
Oregon,Portland General Electric,2021,Dec,97352,121,0
Oregon,Portland General Electric,2021,Dec,97362,"1,510",1
Oregon,Portland General Electric,2021,Dec,97371,104,0
Oregon,Portland General Electric,2021,Dec,97375,512,0
Oregon,Portland General Electric,2021,Dec,97378,"2,801",2
Oregon,Portland General Electric,2021,Dec,97381,"6,377",7
Oregon,Portland General Electric,2021,Dec,97385,140,0
Oregon,Portland General Electric,2021,Dec,97392,"1,934",2
Oregon,Portland General Electric,2021,Dec,97396,"1,348",1
Oregon,Northwest Natural Gas Company,2021,December,97002,782,0
Oregon,Northwest Natural Gas Company,2021,December,97003,6845,6
Oregon,Northwest Natural Gas Company,2021,December,97004,234,0
Oregon,Northwest Natural Gas Company,2021,December,97005,4321,0
Oregon,Northwest Natural Gas Company,2021,December,97006,9352,0
Oregon,Northwest Natural Gas Company,2021,December,97007,13874,10
Oregon,Northwest Natural Gas Company,2021,December,97008,6352,0
Oregon,Northwest Natural Gas Company,2021,December,97009,1080,0
Oregon,Northwest Natural Gas Company,2021,December,97013,3699,0
Oregon,Northwest Natural Gas Company,2021,December,97015,4645,1
Oregon,Northwest Natural Gas Company,2021,December,97016,112,0
Oregon,Northwest Natural Gas Company,2021,December,97018,653,1
Oregon,Northwest Natural Gas Company,2021,December,97020,160,0
Oregon,Northwest Natural Gas Company,2021,December,97024,2008,0
Oregon,Northwest Natural Gas Company,2021,December,97026,365,0
Oregon,Northwest Natural Gas Company,2021,December,97027,2963,0
Oregon,Northwest Natural Gas Company,2021,December,97030,6485,1
Oregon,Northwest Natural Gas Company,2021,December,97031,3665,2
Oregon,Northwest Natural Gas Company,2021,December,97032,897,0
Oregon,Northwest Natural Gas Company,2021,December,97034,6779,0
Oregon,Northwest Natural Gas Company,2021,December,97035,7251,0
Oregon,Northwest Natural Gas Company,2021,December,97036,1,0
Oregon,Northwest Natural Gas Company,2021,December,97038,2182,0
Oregon,Northwest Natural Gas Company,2021,December,97042,119,0
Oregon,Northwest Natural Gas Company,2021,December,97045,11425,5
Oregon,Northwest Natural Gas Company,2021,December,97048,388,0
Oregon,Northwest Natural Gas Company,2021,December,97051,3308,0
Oregon,Northwest Natural Gas Company,2021,December,97053,624,0
Oregon,Northwest Natural Gas Company,2021,December,97054,19,0
Oregon,Northwest Natural Gas Company,2021,December,97055,3470,5
Oregon,Northwest Natural Gas Company,2021,December,97056,2422,1
Oregon,Northwest Natural Gas Company,2021,December,97058,1642,0
Oregon,Northwest Natural Gas Company,2021,December,97060,4797,0
Oregon,Northwest Natural Gas Company,2021,December,97062,6121,0
Oregon,Northwest Natural Gas Company,2021,December,97064,707,0
Oregon,Northwest Natural Gas Company,2021,December,97068,9421,1
Oregon,Northwest Natural Gas Company,2021,December,97070,6249,0
Oregon,Northwest Natural Gas Company,2021,December,97071,5301,0
Oregon,Northwest Natural Gas Company,2021,December,97078,5975,5
Oregon,Northwest Natural Gas Company,2021,December,97080,10998,4
Oregon,Northwest Natural Gas Company,2021,December,97086,9034,13
Oregon,Northwest Natural Gas Company,2021,December,97089,3372,1
Oregon,Northwest Natural Gas Company,2021,December,97101,310,0
Oregon,Northwest Natural Gas Company,2021,December,97103,4047,3
Oregon,Northwest Natural Gas Company,2021,December,97106,456,0
Oregon,Northwest Natural Gas Company,2021,December,97110,1349,0
Oregon,Northwest Natural Gas Company,2021,December,97111,23,0
Oregon,Northwest Natural Gas Company,2021,December,97113,2548,0
Oregon,Northwest Natural Gas Company,2021,December,97114,17,0
Oregon,Northwest Natural Gas Company,2021,December,97115,952,0
Oregon,Northwest Natural Gas Company,2021,December,97116,3544,0
Oregon,Northwest Natural Gas Company,2021,December,97121,427,1
Oregon,Northwest Natural Gas Company,2021,December,97123,11459,3
Oregon,Northwest Natural Gas Company,2021,December,97124,10792,1
Oregon,Northwest Natural Gas Company,2021,December,97127,800,1
Oregon,Northwest Natural Gas Company,2021,December,97128,3280,3
Oregon,Northwest Natural Gas Company,2021,December,97132,5565,0
Oregon,Northwest Natural Gas Company,2021,December,97133,1145,0
Oregon,Northwest Natural Gas Company,2021,December,97138,4302,0
Oregon,Northwest Natural Gas Company,2021,December,97140,6625,2
Oregon,Northwest Natural Gas Company,2021,December,97145,1,0
Oregon,Northwest Natural Gas Company,2021,December,97146,2162,3
Oregon,Northwest Natural Gas Company,2021,December,97201,2462,0
Oregon,Northwest Natural Gas Company,2021,December,97202,11619,6
Oregon,Northwest Natural Gas Company,2021,December,97203,7511,4
Oregon,Northwest Natural Gas Company,2021,December,97204,128,0
Oregon,Northwest Natural Gas Company,2021,December,97205,1315,0
Oregon,Northwest Natural Gas Company,2021,December,97206,13876,9
Oregon,Northwest Natural Gas Company,2021,December,97209,2452,0
Oregon,Northwest Natural Gas Company,2021,December,97210,4289,0
Oregon,Northwest Natural Gas Company,2021,December,97211,10504,1
Oregon,Northwest Natural Gas Company,2021,December,97212,8545,0
Oregon,Northwest Natural Gas Company,2021,December,97213,9877,6
Oregon,Northwest Natural Gas Company,2021,December,97214,8340,15
Oregon,Northwest Natural Gas Company,2021,December,97215,5756,2
Oregon,Northwest Natural Gas Company,2021,December,97216,3458,3
Oregon,Northwest Natural Gas Company,2021,December,97217,10555,4
Oregon,Northwest Natural Gas Company,2021,December,97218,3628,5
Oregon,Northwest Natural Gas Company,2021,December,97219,12469,0
Oregon,Northwest Natural Gas Company,2021,December,97220,6731,6
Oregon,Northwest Natural Gas Company,2021,December,97221,3955,0
Oregon,Northwest Natural Gas Company,2021,December,97222,8085,8
Oregon,Northwest Natural Gas Company,2021,December,97223,12947,1
Oregon,Northwest Natural Gas Company,2021,December,97224,10615,1
Oregon,Northwest Natural Gas Company,2021,December,97225,7296,0
Oregon,Northwest Natural Gas Company,2021,December,97227,1630,0
Oregon,Northwest Natural Gas Company,2021,December,97229,21057,3
Oregon,Northwest Natural Gas Company,2021,December,97230,9415,0
Oregon,Northwest Natural Gas Company,2021,December,97231,776,1
Oregon,Northwest Natural Gas Company,2021,December,97232,2937,2
Oregon,Northwest Natural Gas Company,2021,December,97233,6248,4
Oregon,Northwest Natural Gas Company,2021,December,97236,7201,12
Oregon,Northwest Natural Gas Company,2021,December,97239,3963,0
Oregon,Northwest Natural Gas Company,2021,December,97266,7287,16
Oregon,Northwest Natural Gas Company,2021,December,97267,8750,4
Oregon,Northwest Natural Gas Company,2021,December,97301,8540,0
Oregon,Northwest Natural Gas Company,2021,December,97302,10244,16
Oregon,Northwest Natural Gas Company,2021,December,97303,9002,1
Oregon,Northwest Natural Gas Company,2021,December,97304,7298,4
Oregon,Northwest Natural Gas Company,2021,December,97305,6880,0
Oregon,Northwest Natural Gas Company,2021,December,97306,8619,6
Oregon,Northwest Natural Gas Company,2021,December,97310,9,0
Oregon,Northwest Natural Gas Company,2021,December,97317,3859,0
Oregon,Northwest Natural Gas Company,2021,December,97321,8692,3
Oregon,Northwest Natural Gas Company,2021,December,97322,7403,3
Oregon,Northwest Natural Gas Company,2021,December,97325,808,0
Oregon,Northwest Natural Gas Company,2021,December,97327,501,1
Oregon,Northwest Natural Gas Company,2021,December,97330,9235,3
Oregon,Northwest Natural Gas Company,2021,December,97333,4426,0
Oregon,Northwest Natural Gas Company,2021,December,97338,4466,0
Oregon,Northwest Natural Gas Company,2021,December,97341,1340,0
Oregon,Northwest Natural Gas Company,2021,December,97345,12,0
Oregon,Northwest Natural Gas Company,2021,December,97347,221,1
Oregon,Northwest Natural Gas Company,2021,December,97348,218,2
Oregon,Northwest Natural Gas Company,2021,December,97351,1782,0
Oregon,Northwest Natural Gas Company,2021,December,97352,769,0
Oregon,Northwest Natural Gas Company,2021,December,97355,5124,5
Oregon,Northwest Natural Gas Company,2021,December,97358,400,0
Oregon,Northwest Natural Gas Company,2021,December,97360,500,0
Oregon,Northwest Natural Gas Company,2021,December,97361,1301,0
Oregon,Northwest Natural Gas Company,2021,December,97362,733,0
Oregon,Northwest Natural Gas Company,2021,December,97364,230,0
Oregon,Northwest Natural Gas Company,2021,December,97365,1647,0
Oregon,Northwest Natural Gas Company,2021,December,97366,182,0
Oregon,Northwest Natural Gas Company,2021,December,97367,4170,0
Oregon,Northwest Natural Gas Company,2021,December,97368,870,2
Oregon,Northwest Natural Gas Company,2021,December,97370,1251,0
Oregon,Northwest Natural Gas Company,2021,December,97371,42,0
Oregon,Northwest Natural Gas Company,2021,December,97372,10,0
Oregon,Northwest Natural Gas Company,2021,December,97374,301,0
Oregon,Northwest Natural Gas Company,2021,December,97377,55,0
Oregon,Northwest Natural Gas Company,2021,December,97378,812,2
Oregon,Northwest Natural Gas Company,2021,December,97380,153,0
Oregon,Northwest Natural Gas Company,2021,December,97381,2934,0
Oregon,Northwest Natural Gas Company,2021,December,97383,1765,2
Oregon,Northwest Natural Gas Company,2021,December,97384,32,0
Oregon,Northwest Natural Gas Company,2021,December,97385,858,0
Oregon,Northwest Natural Gas Company,2021,December,97386,2167,0
Oregon,Northwest Natural Gas Company,2021,December,97388,1045,0
Oregon,Northwest Natural Gas Company,2021,December,97389,314,0
Oregon,Northwest Natural Gas Company,2021,December,97391,284,0
Oregon,Northwest Natural Gas Company,2021,December,97392,977,0
Oregon,Northwest Natural Gas Company,2021,December,97396,418,2
Oregon,Northwest Natural Gas Company,2021,December,97401,5621,2
Oregon,Northwest Natural Gas Company,2021,December,97402,4613,0
Oregon,Northwest Natural Gas Company,2021,December,97403,1523,0
Oregon,Northwest Natural Gas Company,2021,December,97404,6304,0
Oregon,Northwest Natural Gas Company,2021,December,97405,6980,3
Oregon,Northwest Natural Gas Company,2021,December,97408,2938,2
Oregon,Avista Utilities,2021,December,97417,315,0
Oregon,Northwest Natural Gas Company,2021,December,97420,821,1
Oregon,Northwest Natural Gas Company,2021,December,97423,214,0
Oregon,Northwest Natural Gas Company,2021,December,97424,2336,0
Oregon,Northwest Natural Gas Company,2021,December,97426,1281,0
Oregon,Avista Utilities,2021,December,97432,56,0
Oregon,Northwest Natural Gas Company,2021,December,97438,9,0
Oregon,Avista Utilities,2021,December,97442,156,0
Oregon,Northwest Natural Gas Company,2021,December,97446,583,1
Oregon,Northwest Natural Gas Company,2021,December,97448,1414,0
Oregon,Northwest Natural Gas Company,2021,December,97455,137,0
Oregon,Avista Utilities,2021,December,97457,1486,2
Oregon,Northwest Natural Gas Company,2021,December,97458,134,0
Oregon,Northwest Natural Gas Company,2021,December,97459,579,0
Oregon,Avista Utilities,2021,December,97462,274,0
Oregon,Avista Utilities,2021,December,97469,274,1
Oregon,Avista Utilities,2021,December,97470,3556,3
Oregon,Avista Utilities,2021,December,97471,5060,2
Oregon,Northwest Natural Gas Company,2021,December,97477,2942,1
Oregon,Northwest Natural Gas Company,2021,December,97478,2370,3
Oregon,Avista Utilities,2021,December,97479,1679,2
Oregon,Avista Utilities,2021,December,97495,506,0
Oregon,Avista Utilities,2021,December,97496,1155,2
Oregon,Avista Utilities,2021,December,97497,2,0
Oregon,Avista Utilities,2021,December,97501,9162,2
Oregon,Avista Utilities,2021,December,97502,6431,1
Oregon,Avista Utilities,2021,December,97503,1678,2
Oregon,Avista Utilities,2021,December,97504,13119,8
Oregon,Avista Utilities,2021,December,97520,7320,0
Oregon,Avista Utilities,2021,December,97524,2769,1
Oregon,Avista Utilities,2021,December,97525,590,0
Oregon,Avista Utilities,2021,December,97526,6435,3
Oregon,Avista Utilities,2021,December,97527,5560,5
Oregon,Avista Utilities,2021,December,97528,2,0
Oregon,Avista Utilities,2021,December,97530,1239,1
Oregon,Avista Utilities,2021,December,97535,1086,0
Oregon,Avista Utilities,2021,December,97537,561,0
Oregon,Avista Utilities,2021,December,97539,221,0
Oregon,Avista Utilities,2021,December,97540,1347,5
Oregon,Avista Utilities,2021,December,97601,6519,9
Oregon,Avista Utilities,2021,December,97603,8846,9
Oregon,Avista Utilities,2021,December,97623,56,0
Oregon,Avista Utilities,2021,December,97627,203,0
Oregon,Avista Utilities,2021,December,97632,127,0
Oregon,Avista Utilities,2021,December,97634,27,0
Oregon,Cascade Natural Gas,2021,December,97701,10397,4
Oregon,Cascade Natural Gas,2021,December,97702,13535,2
Oregon,Cascade Natural Gas,2021,December,97703,9286,1
Oregon,Cascade Natural Gas,2021,December,97707,3752,0
Oregon,Cascade Natural Gas,2021,December,97731,23,0
Oregon,Cascade Natural Gas,2021,December,97733,68,0
Oregon,Cascade Natural Gas,2021,December,97737,123,0
Oregon,Cascade Natural Gas,2021,December,97739,339,0
Oregon,Cascade Natural Gas,2021,December,97741,1395,4
Oregon,Cascade Natural Gas,2021,December,97753,377,0
Oregon,Cascade Natural Gas,2021,December,97754,2776,0
Oregon,Cascade Natural Gas,2021,December,97756,8976,7
Oregon,Cascade Natural Gas,2021,December,97801,4883,9
Oregon,Cascade Natural Gas,2021,December,97813,346,1
Oregon,Idaho Power,2021,December,97814,3,0
Oregon,Cascade Natural Gas,2021,December,97814,3438,0
Oregon,Cascade Natural Gas,2021,December,97818,289,0
Oregon,Idaho Power,2021,December,97819,25,0
Oregon,Avista Utilities,2021,December,97824,316,0
Oregon,Cascade Natural Gas,2021,December,97826,23,0
Oregon,Avista Utilities,2021,December,97827,543,0
Oregon,Idaho Power,2021,December,97834,663,0
Oregon,Idaho Power,2021,December,97837,77,0
Oregon,Cascade Natural Gas,2021,December,97838,4033,4
Oregon,Idaho Power,2021,December,97840,96,0
Oregon,Avista Utilities,2021,December,97841,134,0
Oregon,Cascade Natural Gas,2021,December,97844,180,0
Oregon,Avista Utilities,2021,December,97850,4995,7
Oregon,Cascade Natural Gas,2021,December,97862,244,0
Oregon,Avista Utilities,2021,December,97867,146,0
Oregon,Cascade Natural Gas,2021,December,97868,468,0
Oregon,Idaho Power,2021,December,97870,434,0
Oregon,Cascade Natural Gas,2021,December,97875,381,0
Oregon,Avista Utilities,2021,December,97876,52,0
Oregon,Cascade Natural Gas,2021,December,97882,915,0
Oregon,Avista Utilities,2021,December,97883,776,0
Oregon,Idaho Power,2021,December,97884,170,1
Oregon,Cascade Natural Gas,2021,December,97886,183,0
Oregon,Idaho Power,2021,December,97901,371,1
Oregon,Idaho Power,2021,December,97902,29,0
Oregon,Idaho Power,2021,December,97903,85,0
Oregon,Idaho Power,2021,December,97904,112,0
Oregon,Idaho Power,2021,December,97905,111,0
Oregon,Idaho Power,2021,December,97906,138,0
Oregon,Cascade Natural Gas,2021,December,97907,131,0
Oregon,Idaho Power,2021,December,97907,385,0
Oregon,Idaho Power,2021,December,97908,62,0
Oregon,Idaho Power,2021,December,97909,49,0
Oregon,Idaho Power,2021,December,97910,384,0
Oregon,Idaho Power,2021,December,97911,94,0
Oregon,Cascade Natural Gas,2021,December,97913,756,1
Oregon,Idaho Power,2021,December,97913,2148,0
Oregon,Idaho Power,2021,December,97914,6958,7
Oregon,Cascade Natural Gas,2021,December,97914,2708,6
Oregon,Idaho Power,2021,December,97917,1,0
Oregon,Cascade Natural Gas,2021,December,97918,415,0
Oregon,Idaho Power,2021,December,97918,1990,2
Oregon,Idaho Power,2021,December,97920,35,0
Oregon,Avista Utilities,2021,July,97417,321,0
Oregon,Avista Utilities,2021,July,97432,55,0
Oregon,Avista Utilities,2021,July,97442,155,0
Oregon,Avista Utilities,2021,July,97457,1484,0
Oregon,Avista Utilities,2021,July,97462,276,0
Oregon,Avista Utilities,2021,July,97469,270,0
Oregon,Avista Utilities,2021,July,97470,3548,0
Oregon,Avista Utilities,2021,July,97471,5051,0
Oregon,Avista Utilities,2021,July,97479,1662,0
Oregon,Avista Utilities,2021,July,97495,505,0
Oregon,Avista Utilities,2021,July,97496,1150,0
Oregon,Avista Utilities,2021,July,97497,2,0
Oregon,Avista Utilities,2021,July,97501,9180,0
Oregon,Avista Utilities,2021,July,97502,6438,0
Oregon,Avista Utilities,2021,July,97503,1682,0
Oregon,Avista Utilities,2021,July,97504,13067,0
Oregon,Avista Utilities,2021,July,97520,7352,0
Oregon,Avista Utilities,2021,July,97524,2753,0
Oregon,Avista Utilities,2021,July,97525,590,0
Oregon,Avista Utilities,2021,July,97526,6415,0
Oregon,Avista Utilities,2021,July,97527,5556,0
Oregon,Avista Utilities,2021,July,97528,2,0
Oregon,Avista Utilities,2021,July,97530,1242,0
Oregon,Avista Utilities,2021,July,97535,1061,0
Oregon,Avista Utilities,2021,July,97537,557,0
Oregon,Avista Utilities,2021,July,97539,220,0
Oregon,Avista Utilities,2021,July,97540,1286,0
Oregon,Avista Utilities,2021,July,97601,6481,0
Oregon,Avista Utilities,2021,July,97603,8797,0
Oregon,Avista Utilities,2021,July,97623,57,0
Oregon,Avista Utilities,2021,July,97627,205,0
Oregon,Avista Utilities,2021,July,97632,126,0
Oregon,Avista Utilities,2021,July,97634,25,0
Oregon,Avista Utilities,2021,July,97824,316,0
Oregon,Avista Utilities,2021,July,97827,545,0
Oregon,Avista Utilities,2021,July,97841,133,0
Oregon,Avista Utilities,2021,July,97850,5009,0
Oregon,Avista Utilities,2021,July,97867,143,0
Oregon,Avista Utilities,2021,July,97876,52,0
Oregon,Avista Utilities,2021,July,97883,773,0
Oregon,Avista Utilities,2021,June,97417,317,0
Oregon,Avista Utilities,2021,June,97432,54,0
Oregon,Avista Utilities,2021,June,97442,156,0
Oregon,Avista Utilities,2021,June,97457,1486,0
Oregon,Avista Utilities,2021,June,97462,277,0
Oregon,Avista Utilities,2021,June,97469,274,0
Oregon,Avista Utilities,2021,June,97470,3549,0
Oregon,Avista Utilities,2021,June,97471,5051,0
Oregon,Avista Utilities,2021,June,97479,1657,0
Oregon,Avista Utilities,2021,June,97495,508,0
Oregon,Avista Utilities,2021,June,97496,1143,0
Oregon,Avista Utilities,2021,June,97497,2,0
Oregon,Avista Utilities,2021,June,97501,9177,0
Oregon,Avista Utilities,2021,June,97502,6437,0
Oregon,Avista Utilities,2021,June,97503,1685,0
Oregon,Avista Utilities,2021,June,97504,13117,0
Oregon,Avista Utilities,2021,June,97520,7365,0
Oregon,Avista Utilities,2021,June,97524,2749,0
Oregon,Avista Utilities,2021,June,97525,587,0
Oregon,Avista Utilities,2021,June,97526,6420,0
Oregon,Avista Utilities,2021,June,97527,5578,0
Oregon,Avista Utilities,2021,June,97528,2,0
Oregon,Avista Utilities,2021,June,97530,1253,0
Oregon,Avista Utilities,2021,June,97535,1050,0
Oregon,Avista Utilities,2021,June,97537,554,0
Oregon,Avista Utilities,2021,June,97539,217,0
Oregon,Avista Utilities,2021,June,97540,1283,0
Oregon,Avista Utilities,2021,June,97601,6515,0
Oregon,Avista Utilities,2021,June,97603,8839,0
Oregon,Avista Utilities,2021,June,97623,57,0
Oregon,Avista Utilities,2021,June,97627,202,0
Oregon,Avista Utilities,2021,June,97632,127,0
Oregon,Avista Utilities,2021,June,97634,25,0
Oregon,Avista Utilities,2021,June,97824,318,0
Oregon,Avista Utilities,2021,June,97827,548,0
Oregon,Avista Utilities,2021,June,97841,133,0
Oregon,Avista Utilities,2021,June,97850,5001,0
Oregon,Avista Utilities,2021,June,97867,144,0
Oregon,Avista Utilities,2021,June,97876,52,0
Oregon,Avista Utilities,2021,June,97883,778,0
Oregon,Avista Utilities,2021,May,97417,319,0
Oregon,Avista Utilities,2021,May,97432,54,0
Oregon,Avista Utilities,2021,May,97442,155,0
Oregon,Avista Utilities,2021,May,97457,1486,0
Oregon,Avista Utilities,2021,May,97462,276,0
Oregon,Avista Utilities,2021,May,97469,271,0
Oregon,Avista Utilities,2021,May,97470,3549,0
Oregon,Avista Utilities,2021,May,97471,5054,0
Oregon,Avista Utilities,2021,May,97479,1659,0
Oregon,Avista Utilities,2021,May,97495,505,0
Oregon,Avista Utilities,2021,May,97496,1144,0
Oregon,Avista Utilities,2021,May,97497,2,0
Oregon,Avista Utilities,2021,May,97501,9159,0
Oregon,Avista Utilities,2021,May,97502,6400,0
Oregon,Avista Utilities,2021,May,97503,1688,0
Oregon,Avista Utilities,2021,May,97504,13085,0
Oregon,Avista Utilities,2021,May,97520,7348,0
Oregon,Avista Utilities,2021,May,97524,2742,0
Oregon,Avista Utilities,2021,May,97525,585,0
Oregon,Avista Utilities,2021,May,97526,6413,0
Oregon,Avista Utilities,2021,May,97527,5554,0
Oregon,Avista Utilities,2021,May,97528,2,0
Oregon,Avista Utilities,2021,May,97530,1244,0
Oregon,Avista Utilities,2021,May,97535,1053,0
Oregon,Avista Utilities,2021,May,97537,555,0
Oregon,Avista Utilities,2021,May,97539,217,0
Oregon,Avista Utilities,2021,May,97540,1278,0
Oregon,Avista Utilities,2021,May,97601,6487,0
Oregon,Avista Utilities,2021,May,97603,8822,0
Oregon,Avista Utilities,2021,May,97623,56,0
Oregon,Avista Utilities,2021,May,97627,202,0
Oregon,Avista Utilities,2021,May,97632,128,0
Oregon,Avista Utilities,2021,May,97634,27,0
Oregon,Avista Utilities,2021,May,97824,315,0
Oregon,Avista Utilities,2021,May,97827,547,0
Oregon,Avista Utilities,2021,May,97841,131,0
Oregon,Avista Utilities,2021,May,97850,5015,0
Oregon,Avista Utilities,2021,May,97867,145,0
Oregon,Avista Utilities,2021,May,97876,52,0
Oregon,Avista Utilities,2021,May,97883,777,0
Oregon,Portland General Electric,2021,Nov,97002,2231,3
Oregon,Portland General Electric,2021,Nov,97003,11199,2
Oregon,Portland General Electric,2021,Nov,97004,1771,1
Oregon,Portland General Electric,2021,Nov,97005,12025,13
Oregon,Portland General Electric,2021,Nov,97006,18693,10
Oregon,Portland General Electric,2021,Nov,97007,18594,5
Oregon,Portland General Electric,2021,Nov,97008,11963,3
Oregon,Portland General Electric,2021,Nov,97009,3382,1
Oregon,Portland General Electric,2021,Nov,97010,2,0
Oregon,Portland General Electric,2021,Nov,97011,499,0
Oregon,Portland General Electric,2021,Nov,97013,2349,1
Oregon,Portland General Electric,2021,Nov,97015,9103,9
Oregon,Portland General Electric,2021,Nov,97017,1128,0
Oregon,Portland General Electric,2021,Nov,97019,1221,0
Oregon,Portland General Electric,2021,Nov,97020,377,2
Oregon,Portland General Electric,2021,Nov,97022,1449,0
Oregon,Portland General Electric,2021,Nov,97023,4768,1
Oregon,Portland General Electric,2021,Nov,97024,4592,1
Oregon,Portland General Electric,2021,Nov,97026,1167,0
Oregon,Portland General Electric,2021,Nov,97027,4935,0
Oregon,Portland General Electric,2021,Nov,97028,726,0
Oregon,Portland General Electric,2021,Nov,97030,15332,8
Oregon,Portland General Electric,2021,Nov,97032,1737,0
Oregon,Portland General Electric,2021,Nov,97034,8445,0
Oregon,Portland General Electric,2021,Nov,97035,11408,0
Oregon,Portland General Electric,2021,Nov,97036,2,0
Oregon,Portland General Electric,2021,Nov,97038,6300,7
Oregon,Portland General Electric,2021,Nov,97042,1206,0
Oregon,Portland General Electric,2021,Nov,97045,22082,7
Oregon,Portland General Electric,2021,Nov,97049,1768,0
Oregon,Portland General Electric,2021,Nov,97055,7935,0
Oregon,Portland General Electric,2021,Nov,97056,29,0
Oregon,Portland General Electric,2021,Nov,97060,7999,2
Oregon,Portland General Electric,2021,Nov,97062,11333,3
Oregon,Portland General Electric,2021,Nov,97067,1258,1
Oregon,Portland General Electric,2021,Nov,97068,11649,0
Oregon,Portland General Electric,2021,Nov,97070,11480,4
Oregon,Portland General Electric,2021,Nov,97071,9767,6
Oregon,Portland General Electric,2021,Nov,97078,9461,4
Oregon,Portland General Electric,2021,Nov,97080,16223,4
Oregon,Portland General Electric,2021,Nov,97086,12822,8
Oregon,Portland General Electric,2021,Nov,97089,4812,5
Oregon,Portland General Electric,2021,Nov,97101,1529,0
Oregon,Portland General Electric,2021,Nov,97106,1551,0
Oregon,Portland General Electric,2021,Nov,97109,81,0
Oregon,Portland General Electric,2021,Nov,97111,1467,0
Oregon,Portland General Electric,2021,Nov,97113,5095,2
Oregon,Portland General Electric,2021,Nov,97114,1755,1
Oregon,Portland General Electric,2021,Nov,97115,1698,0
Oregon,Portland General Electric,2021,Nov,97116,834,0
Oregon,Portland General Electric,2021,Nov,97117,262,0
Oregon,Portland General Electric,2021,Nov,97119,1610,0
Oregon,Portland General Electric,2021,Nov,97123,17665,7
Oregon,Portland General Electric,2021,Nov,97124,21705,6
Oregon,Portland General Electric,2021,Nov,97125,18,0
Oregon,Portland General Electric,2021,Nov,97127,1439,0
Oregon,Portland General Electric,2021,Nov,97128,494,1
Oregon,Portland General Electric,2021,Nov,97132,11835,0
Oregon,Portland General Electric,2021,Nov,97133,2274,0
Oregon,Portland General Electric,2021,Nov,97137,483,2
Oregon,Portland General Electric,2021,Nov,97140,9418,7
Oregon,Portland General Electric,2021,Nov,97148,1342,0
Oregon,Portland General Electric,2021,Nov,97201,7372,5
Oregon,Portland General Electric,2021,Nov,97202,19976,9
Oregon,Portland General Electric,2021,Nov,97203,12878,4
Oregon,Portland General Electric,2021,Nov,97204,417,0
Oregon,Portland General Electric,2021,Nov,97205,2975,2
Oregon,Portland General Electric,2021,Nov,97206,21693,7
Oregon,Portland General Electric,2021,Nov,97209,15203,3
Oregon,Portland General Electric,2021,Nov,97210,7952,0
Oregon,Portland General Electric,2021,Nov,97213,3089,2
Oregon,Portland General Electric,2021,Nov,97214,15322,5
Oregon,Portland General Electric,2021,Nov,97215,7585,4
Oregon,Portland General Electric,2021,Nov,97216,4185,1
Oregon,Portland General Electric,2021,Nov,97217,12789,0
Oregon,Portland General Electric,2021,Nov,97219,17461,5
Oregon,Portland General Electric,2021,Nov,97221,5546,2
Oregon,Portland General Electric,2021,Nov,97222,15549,6
Oregon,Portland General Electric,2021,Nov,97223,20820,11
Oregon,Portland General Electric,2021,Nov,97224,15843,3
Oregon,Portland General Electric,2021,Nov,97225,11591,1
Oregon,Portland General Electric,2021,Nov,97227,420,1
Oregon,Portland General Electric,2021,Nov,97229,27886,0
Oregon,Portland General Electric,2021,Nov,97230,15543,8
Oregon,Portland General Electric,2021,Nov,97231,1983,0
Oregon,Portland General Electric,2021,Nov,97232,5303,1
Oregon,Portland General Electric,2021,Nov,97233,15105,33
Oregon,Portland General Electric,2021,Nov,97236,13781,4
Oregon,Portland General Electric,2021,Nov,97239,9947,1
Oregon,Portland General Electric,2021,Nov,97266,13286,13
Oregon,Portland General Electric,2021,Nov,97267,12812,3
Oregon,Portland General Electric,2021,Nov,97301,18818,9
Oregon,Portland General Electric,2021,Nov,97302,17138,7
Oregon,Portland General Electric,2021,Nov,97303,10700,1
Oregon,Portland General Electric,2021,Nov,97304,1310,0
Oregon,Portland General Electric,2021,Nov,97305,15450,12
Oregon,Portland General Electric,2021,Nov,97306,13763,4
Oregon,Portland General Electric,2021,Nov,97317,8368,6
Oregon,Portland General Electric,2021,Nov,97325,150,0
Oregon,Portland General Electric,2021,Nov,97338,239,0
Oregon,Portland General Electric,2021,Nov,97346,.,0
Oregon,Portland General Electric,2021,Nov,97347,790,2
Oregon,Portland General Electric,2021,Nov,97352,120,0
Oregon,Portland General Electric,2021,Nov,97362,1509,0
Oregon,Portland General Electric,2021,Nov,97371,104,0
Oregon,Portland General Electric,2021,Nov,97375,514,3
Oregon,Portland General Electric,2021,Nov,97378,2802,1
Oregon,Portland General Electric,2021,Nov,97381,6363,2
Oregon,Portland General Electric,2021,Nov,97385,140,1
Oregon,Portland General Electric,2021,Nov,97392,1931,0
Oregon,Portland General Electric,2021,Nov,97396,1346,0
Oregon,Northwest Natural Gas Company,2021,November,97002,780,0
Oregon,Northwest Natural Gas Company,2021,November,97003,6828,5
Oregon,Northwest Natural Gas Company,2021,November,97004,233,0
Oregon,Northwest Natural Gas Company,2021,November,97005,4323,11
Oregon,Northwest Natural Gas Company,2021,November,97006,9331,6
Oregon,Northwest Natural Gas Company,2021,November,97007,13849,18
Oregon,Northwest Natural Gas Company,2021,November,97008,6345,7
Oregon,Northwest Natural Gas Company,2021,November,97009,1079,1
Oregon,Northwest Natural Gas Company,2021,November,97013,3688,3
Oregon,Northwest Natural Gas Company,2021,November,97015,4646,6
Oregon,Northwest Natural Gas Company,2021,November,97016,111,0
Oregon,Northwest Natural Gas Company,2021,November,97018,652,1
Oregon,Northwest Natural Gas Company,2021,November,97020,160,0
Oregon,Northwest Natural Gas Company,2021,November,97024,2003,4
Oregon,Northwest Natural Gas Company,2021,November,97026,365,0
Oregon,Northwest Natural Gas Company,2021,November,97027,2961,4
Oregon,Northwest Natural Gas Company,2021,November,97030,6478,15
Oregon,Northwest Natural Gas Company,2021,November,97031,3664,3
Oregon,Northwest Natural Gas Company,2021,November,97032,897,0
Oregon,Northwest Natural Gas Company,2021,November,97034,6763,3
Oregon,Northwest Natural Gas Company,2021,November,97035,7251,3
Oregon,Northwest Natural Gas Company,2021,November,97036,1,0
Oregon,Northwest Natural Gas Company,2021,November,97038,2178,4
Oregon,Northwest Natural Gas Company,2021,November,97042,120,0
Oregon,Northwest Natural Gas Company,2021,November,97045,11402,9
Oregon,Northwest Natural Gas Company,2021,November,97048,388,2
Oregon,Northwest Natural Gas Company,2021,November,97051,3286,3
Oregon,Northwest Natural Gas Company,2021,November,97053,623,0
Oregon,Northwest Natural Gas Company,2021,November,97054,18,0
Oregon,Northwest Natural Gas Company,2021,November,97055,3469,6
Oregon,Northwest Natural Gas Company,2021,November,97056,2421,0
Oregon,Northwest Natural Gas Company,2021,November,97058,1639,1
Oregon,Northwest Natural Gas Company,2021,November,97060,4795,4
Oregon,Northwest Natural Gas Company,2021,November,97062,6111,1
Oregon,Northwest Natural Gas Company,2021,November,97064,708,0
Oregon,Northwest Natural Gas Company,2021,November,97068,9419,6
Oregon,Northwest Natural Gas Company,2021,November,97070,6224,6
Oregon,Northwest Natural Gas Company,2021,November,97071,5268,0
Oregon,Northwest Natural Gas Company,2021,November,97078,5945,15
Oregon,Northwest Natural Gas Company,2021,November,97080,10989,17
Oregon,Northwest Natural Gas Company,2021,November,97086,8997,14
Oregon,Northwest Natural Gas Company,2021,November,97089,3368,7
Oregon,Northwest Natural Gas Company,2021,November,97101,309,1
Oregon,Northwest Natural Gas Company,2021,November,97103,4052,20
Oregon,Northwest Natural Gas Company,2021,November,97106,455,1
Oregon,Northwest Natural Gas Company,2021,November,97110,1349,0
Oregon,Northwest Natural Gas Company,2021,November,97111,23,0
Oregon,Northwest Natural Gas Company,2021,November,97113,2519,2
Oregon,Northwest Natural Gas Company,2021,November,97114,17,0
Oregon,Northwest Natural Gas Company,2021,November,97115,954,2
Oregon,Northwest Natural Gas Company,2021,November,97116,3523,2
Oregon,Northwest Natural Gas Company,2021,November,97121,425,0
Oregon,Northwest Natural Gas Company,2021,November,97123,11397,7
Oregon,Northwest Natural Gas Company,2021,November,97124,10782,3
Oregon,Northwest Natural Gas Company,2021,November,97127,800,1
Oregon,Northwest Natural Gas Company,2021,November,97128,3276,1
Oregon,Northwest Natural Gas Company,2021,November,97132,5549,11
Oregon,Northwest Natural Gas Company,2021,November,97133,1141,1
Oregon,Northwest Natural Gas Company,2021,November,97138,4303,7
Oregon,Northwest Natural Gas Company,2021,November,97140,6624,8
Oregon,Northwest Natural Gas Company,2021,November,97145,1,0
Oregon,Northwest Natural Gas Company,2021,November,97146,2155,2
Oregon,Northwest Natural Gas Company,2021,November,97201,2414,1
Oregon,Northwest Natural Gas Company,2021,November,97202,11570,12
Oregon,Northwest Natural Gas Company,2021,November,97203,7506,25
Oregon,Northwest Natural Gas Company,2021,November,97204,128,0
Oregon,Northwest Natural Gas Company,2021,November,97205,1293,0
Oregon,Northwest Natural Gas Company,2021,November,97206,13836,33
Oregon,Northwest Natural Gas Company,2021,November,97209,2457,15
Oregon,Northwest Natural Gas Company,2021,November,97210,4266,6
Oregon,Northwest Natural Gas Company,2021,November,97211,10475,10
Oregon,Northwest Natural Gas Company,2021,November,97212,8539,7
Oregon,Northwest Natural Gas Company,2021,November,97213,9859,22
Oregon,Northwest Natural Gas Company,2021,November,97214,8324,3
Oregon,Northwest Natural Gas Company,2021,November,97215,5751,7
Oregon,Northwest Natural Gas Company,2021,November,97216,3448,8
Oregon,Northwest Natural Gas Company,2021,November,97217,10531,11
Oregon,Northwest Natural Gas Company,2021,November,97218,3623,12
Oregon,Northwest Natural Gas Company,2021,November,97219,12459,9
Oregon,Northwest Natural Gas Company,2021,November,97220,6710,18
Oregon,Northwest Natural Gas Company,2021,November,97221,3951,1
Oregon,Northwest Natural Gas Company,2021,November,97222,8083,19
Oregon,Northwest Natural Gas Company,2021,November,97223,12910,4
Oregon,Northwest Natural Gas Company,2021,November,97224,10595,5
Oregon,Northwest Natural Gas Company,2021,November,97225,7289,1
Oregon,Northwest Natural Gas Company,2021,November,97227,1631,4
Oregon,Northwest Natural Gas Company,2021,November,97229,20989,10
Oregon,Northwest Natural Gas Company,2021,November,97230,9390,18
Oregon,Northwest Natural Gas Company,2021,November,97231,778,3
Oregon,Northwest Natural Gas Company,2021,November,97232,2932,1
Oregon,Northwest Natural Gas Company,2021,November,97233,6237,19
Oregon,Northwest Natural Gas Company,2021,November,97236,7193,20
Oregon,Northwest Natural Gas Company,2021,November,97239,3960,2
Oregon,Northwest Natural Gas Company,2021,November,97266,7268,27
Oregon,Northwest Natural Gas Company,2021,November,97267,8755,17
Oregon,Northwest Natural Gas Company,2021,November,97301,8527,19
Oregon,Northwest Natural Gas Company,2021,November,97302,10236,29
Oregon,Northwest Natural Gas Company,2021,November,97303,8998,5
Oregon,Northwest Natural Gas Company,2021,November,97304,7287,0
Oregon,Northwest Natural Gas Company,2021,November,97305,6868,6
Oregon,Northwest Natural Gas Company,2021,November,97306,8602,3
Oregon,Northwest Natural Gas Company,2021,November,97310,12,0
Oregon,Northwest Natural Gas Company,2021,November,97317,3854,7
Oregon,Northwest Natural Gas Company,2021,November,97321,8681,4
Oregon,Northwest Natural Gas Company,2021,November,97322,7382,19
Oregon,Northwest Natural Gas Company,2021,November,97325,808,3
Oregon,Northwest Natural Gas Company,2021,November,97327,495,1
Oregon,Northwest Natural Gas Company,2021,November,97330,9213,5
Oregon,Northwest Natural Gas Company,2021,November,97333,4418,8
Oregon,Northwest Natural Gas Company,2021,November,97338,4458,2
Oregon,Northwest Natural Gas Company,2021,November,97341,1335,0
Oregon,Northwest Natural Gas Company,2021,November,97345,12,0
Oregon,Northwest Natural Gas Company,2021,November,97347,219,0
Oregon,Northwest Natural Gas Company,2021,November,97348,219,1
Oregon,Northwest Natural Gas Company,2021,November,97351,1773,0
Oregon,Northwest Natural Gas Company,2021,November,97352,769,1
Oregon,Northwest Natural Gas Company,2021,November,97355,5113,5
Oregon,Northwest Natural Gas Company,2021,November,97358,398,0
Oregon,Northwest Natural Gas Company,2021,November,97360,501,1
Oregon,Northwest Natural Gas Company,2021,November,97361,1295,1
Oregon,Northwest Natural Gas Company,2021,November,97362,727,0
Oregon,Northwest Natural Gas Company,2021,November,97364,229,0
Oregon,Northwest Natural Gas Company,2021,November,97365,1649,2
Oregon,Northwest Natural Gas Company,2021,November,97366,181,0
Oregon,Northwest Natural Gas Company,2021,November,97367,4159,0
Oregon,Northwest Natural Gas Company,2021,November,97368,866,1
Oregon,Northwest Natural Gas Company,2021,November,97370,1249,0
Oregon,Northwest Natural Gas Company,2021,November,97371,43,0
Oregon,Northwest Natural Gas Company,2021,November,97372,10,0
Oregon,Northwest Natural Gas Company,2021,November,97374,303,1
Oregon,Northwest Natural Gas Company,2021,November,97377,55,0
Oregon,Northwest Natural Gas Company,2021,November,97378,808,1
Oregon,Northwest Natural Gas Company,2021,November,97380,151,0
Oregon,Northwest Natural Gas Company,2021,November,97381,2929,5
Oregon,Northwest Natural Gas Company,2021,November,97383,1757,3
Oregon,Northwest Natural Gas Company,2021,November,97384,32,0
Oregon,Northwest Natural Gas Company,2021,November,97385,855,0
Oregon,Northwest Natural Gas Company,2021,November,97386,2166,7
Oregon,Northwest Natural Gas Company,2021,November,97388,1041,0
Oregon,Northwest Natural Gas Company,2021,November,97389,314,1
Oregon,Northwest Natural Gas Company,2021,November,97391,285,0
Oregon,Northwest Natural Gas Company,2021,November,97392,973,5
Oregon,Northwest Natural Gas Company,2021,November,97396,417,2
Oregon,Northwest Natural Gas Company,2021,November,97401,5590,1
Oregon,Northwest Natural Gas Company,2021,November,97402,4613,1
Oregon,Northwest Natural Gas Company,2021,November,97403,1518,0
Oregon,Northwest Natural Gas Company,2021,November,97404,6303,0
Oregon,Northwest Natural Gas Company,2021,November,97405,6973,8
Oregon,Northwest Natural Gas Company,2021,November,97408,2917,0
Oregon,Avista Utilities,2021,November,97417,317,0
Oregon,Northwest Natural Gas Company,2021,November,97420,815,0
Oregon,Northwest Natural Gas Company,2021,November,97423,215,0
Oregon,Northwest Natural Gas Company,2021,November,97424,2334,6
Oregon,Northwest Natural Gas Company,2021,November,97426,1276,1
Oregon,Avista Utilities,2021,November,97432,55,0
Oregon,Northwest Natural Gas Company,2021,November,97438,9,0
Oregon,Avista Utilities,2021,November,97442,154,0
Oregon,Northwest Natural Gas Company,2021,November,97446,579,0
Oregon,Northwest Natural Gas Company,2021,November,97448,1411,0
Oregon,Northwest Natural Gas Company,2021,November,97455,137,0
Oregon,Avista Utilities,2021,November,97457,1471,0
Oregon,Northwest Natural Gas Company,2021,November,97458,133,1
Oregon,Northwest Natural Gas Company,2021,November,97459,574,1
Oregon,Avista Utilities,2021,November,97462,273,0
Oregon,Avista Utilities,2021,November,97469,272,0
Oregon,Avista Utilities,2021,November,97470,3541,5
Oregon,Avista Utilities,2021,November,97471,5052,4
Oregon,Northwest Natural Gas Company,2021,November,97477,2939,1
Oregon,Northwest Natural Gas Company,2021,November,97478,2364,1
Oregon,Avista Utilities,2021,November,97479,1670,3
Oregon,Avista Utilities,2021,November,97495,503,1
Oregon,Avista Utilities,2021,November,97496,1153,1
Oregon,Avista Utilities,2021,November,97497,2,0
Oregon,Avista Utilities,2021,November,97501,9155,4
Oregon,Avista Utilities,2021,November,97502,6420,9
Oregon,Avista Utilities,2021,November,97503,1667,1
Oregon,Avista Utilities,2021,November,97504,13059,5
Oregon,Avista Utilities,2021,November,97520,7286,3
Oregon,Avista Utilities,2021,November,97524,2770,1
Oregon,Avista Utilities,2021,November,97525,582,0
Oregon,Avista Utilities,2021,November,97526,6398,4
Oregon,Avista Utilities,2021,November,97527,5542,4
Oregon,Avista Utilities,2021,November,97528,2,0
Oregon,Avista Utilities,2021,November,97530,1239,0
Oregon,Avista Utilities,2021,November,97535,1074,1
Oregon,Avista Utilities,2021,November,97537,562,0
Oregon,Avista Utilities,2021,November,97539,220,0
Oregon,Avista Utilities,2021,November,97540,1324,0
Oregon,Avista Utilities,2021,November,97601,6491,19
Oregon,Avista Utilities,2021,November,97603,8807,16
Oregon,Avista Utilities,2021,November,97623,56,0
Oregon,Avista Utilities,2021,November,97627,203,0
Oregon,Avista Utilities,2021,November,97632,127,0
Oregon,Avista Utilities,2021,November,97634,28,0
Oregon,Cascade Natural Gas,2021,November,97701,10379,15
Oregon,Cascade Natural Gas,2021,November,97702,13507,13
Oregon,Cascade Natural Gas,2021,November,97703,9258,10
Oregon,Cascade Natural Gas,2021,November,97707,3758,0
Oregon,Cascade Natural Gas,2021,November,97731,23,0
Oregon,Cascade Natural Gas,2021,November,97733,68,0
Oregon,Cascade Natural Gas,2021,November,97737,125,1
Oregon,Cascade Natural Gas,2021,November,97739,334,0
Oregon,Cascade Natural Gas,2021,November,97741,1379,2
Oregon,Cascade Natural Gas,2021,November,97753,371,0
Oregon,Cascade Natural Gas,2021,November,97754,2764,3
Oregon,Cascade Natural Gas,2021,November,97756,8925,12
Oregon,Cascade Natural Gas,2021,November,97801,4850,16
Oregon,Cascade Natural Gas,2021,November,97813,343,1
Oregon,Idaho Power,2021,November,97814,3,0
Oregon,Cascade Natural Gas,2021,November,97814,3417,5
Oregon,Cascade Natural Gas,2021,November,97818,282,2
Oregon,Idaho Power,2021,November,97819,25,0
Oregon,Avista Utilities,2021,November,97824,315,0
Oregon,Cascade Natural Gas,2021,November,97826,23,0
Oregon,Avista Utilities,2021,November,97827,536,0
Oregon,Idaho Power,2021,November,97834,659,0
Oregon,Idaho Power,2021,November,97837,72,0
Oregon,Cascade Natural Gas,2021,November,97838,4016,3
Oregon,Idaho Power,2021,November,97840,94,0
Oregon,Avista Utilities,2021,November,97841,132,0
Oregon,Cascade Natural Gas,2021,November,97844,178,0
Oregon,Avista Utilities,2021,November,97850,4984,0
Oregon,Cascade Natural Gas,2021,November,97862,244,1
Oregon,Avista Utilities,2021,November,97867,145,0
Oregon,Cascade Natural Gas,2021,November,97868,468,0
Oregon,Idaho Power,2021,November,97870,430,0
Oregon,Cascade Natural Gas,2021,November,97875,380,0
Oregon,Avista Utilities,2021,November,97876,52,0
Oregon,Cascade Natural Gas,2021,November,97882,912,4
Oregon,Avista Utilities,2021,November,97883,773,0
Oregon,Idaho Power,2021,November,97884,172,0
Oregon,Cascade Natural Gas,2021,November,97886,183,1
Oregon,Idaho Power,2021,November,97901,369,0
Oregon,Idaho Power,2021,November,97902,29,0
Oregon,Idaho Power,2021,November,97903,82,0
Oregon,Idaho Power,2021,November,97904,112,0
Oregon,Idaho Power,2021,November,97905,115,0
Oregon,Idaho Power,2021,November,97906,138,0
Oregon,Idaho Power,2021,November,97907,379,0
Oregon,Cascade Natural Gas,2021,November,97907,132,0
Oregon,Idaho Power,2021,November,97908,60,0
Oregon,Idaho Power,2021,November,97909,51,0
Oregon,Idaho Power,2021,November,97910,386,0
Oregon,Idaho Power,2021,November,97911,93,0
Oregon,Idaho Power,2021,November,97913,2149,7
Oregon,Cascade Natural Gas,2021,November,97913,750,2
Oregon,Cascade Natural Gas,2021,November,97914,2684,4
Oregon,Idaho Power,2021,November,97914,6896,15
Oregon,Idaho Power,2021,November,97917,1,0
Oregon,Cascade Natural Gas,2021,November,97918,414,0
Oregon,Idaho Power,2021,November,97918,1983,7
Oregon,Idaho Power,2021,November,97920,35,0
Oregon,Portland General Electric,2021,Oct,97002,"2,229",1
Oregon,Portland General Electric,2021,Oct,97003,"11,201",11
Oregon,Portland General Electric,2021,Oct,97004,"1,774",1
Oregon,Portland General Electric,2021,Oct,97005,"11,970",11
Oregon,Portland General Electric,2021,Oct,97006,"18,670",16
Oregon,Portland General Electric,2021,Oct,97007,"18,573",6
Oregon,Portland General Electric,2021,Oct,97008,"11,963",7
Oregon,Portland General Electric,2021,Oct,97009,"3,381",1
Oregon,Portland General Electric,2021,Oct,97010,2,0
Oregon,Portland General Electric,2021,Oct,97011,498,0
Oregon,Portland General Electric,2021,Oct,97013,"2,353",1
Oregon,Portland General Electric,2021,Oct,97015,"9,107",14
Oregon,Portland General Electric,2021,Oct,97017,"1,127",0
Oregon,Portland General Electric,2021,Oct,97019,"1,219",2
Oregon,Portland General Electric,2021,Oct,97020,377,1
Oregon,Portland General Electric,2021,Oct,97022,"1,450",2
Oregon,Portland General Electric,2021,Oct,97023,"4,760",5
Oregon,Portland General Electric,2021,Oct,97024,"4,577",11
Oregon,Portland General Electric,2021,Oct,97026,"1,159",0
Oregon,Portland General Electric,2021,Oct,97027,"4,936",3
Oregon,Portland General Electric,2021,Oct,97028,724,1
Oregon,Portland General Electric,2021,Oct,97030,"15,325",21
Oregon,Portland General Electric,2021,Oct,97032,"1,735",1
Oregon,Portland General Electric,2021,Oct,97034,"8,446",1
Oregon,Portland General Electric,2021,Oct,97035,"11,383",1
Oregon,Portland General Electric,2021,Oct,97036,2,0
Oregon,Portland General Electric,2021,Oct,97038,"6,301",1
Oregon,Portland General Electric,2021,Oct,97042,"1,205",1
Oregon,Portland General Electric,2021,Oct,97045,"22,072",8
Oregon,Portland General Electric,2021,Oct,97049,"1,766",1
Oregon,Portland General Electric,2021,Oct,97055,"7,939",2
Oregon,Portland General Electric,2021,Oct,97056,29,0
Oregon,Portland General Electric,2021,Oct,97060,"7,996",2
Oregon,Portland General Electric,2021,Oct,97062,"11,322",2
Oregon,Portland General Electric,2021,Oct,97067,"1,263",1
Oregon,Portland General Electric,2021,Oct,97068,"11,645",2
Oregon,Portland General Electric,2021,Oct,97070,"11,440",3
Oregon,Portland General Electric,2021,Oct,97071,"9,716",4
Oregon,Portland General Electric,2021,Oct,97078,"9,447",3
Oregon,Portland General Electric,2021,Oct,97080,"16,236",3
Oregon,Portland General Electric,2021,Oct,97086,"12,801",2
Oregon,Portland General Electric,2021,Oct,97089,"4,812",2
Oregon,Portland General Electric,2021,Oct,97101,"1,545",1
Oregon,Portland General Electric,2021,Oct,97106,"1,552",0
Oregon,Portland General Electric,2021,Oct,97109,82,0
Oregon,Portland General Electric,2021,Oct,97111,"1,461",0
Oregon,Portland General Electric,2021,Oct,97113,"5,050",2
Oregon,Portland General Electric,2021,Oct,97114,"1,752",1
Oregon,Portland General Electric,2021,Oct,97115,"1,701",1
Oregon,Portland General Electric,2021,Oct,97116,833,2
Oregon,Portland General Electric,2021,Oct,97117,262,0
Oregon,Portland General Electric,2021,Oct,97119,"1,607",1
Oregon,Portland General Electric,2021,Oct,97123,"17,670",9
Oregon,Portland General Electric,2021,Oct,97124,"21,670",6
Oregon,Portland General Electric,2021,Oct,97125,18,0
Oregon,Portland General Electric,2021,Oct,97127,"1,441",5
Oregon,Portland General Electric,2021,Oct,97128,494,1
Oregon,Portland General Electric,2021,Oct,97132,"11,817",3
Oregon,Portland General Electric,2021,Oct,97133,"2,275",1
Oregon,Portland General Electric,2021,Oct,97137,483,1
Oregon,Portland General Electric,2021,Oct,97140,"9,412",1
Oregon,Portland General Electric,2021,Oct,97148,"1,336",1
Oregon,Portland General Electric,2021,Oct,97201,"7,370",0
Oregon,Portland General Electric,2021,Oct,97202,"19,964",3
Oregon,Portland General Electric,2021,Oct,97203,"12,874",4
Oregon,Portland General Electric,2021,Oct,97204,419,0
Oregon,Portland General Electric,2021,Oct,97205,"2,975",0
Oregon,Portland General Electric,2021,Oct,97206,"21,659",12
Oregon,Portland General Electric,2021,Oct,97209,"15,128",3
Oregon,Portland General Electric,2021,Oct,97210,"7,955",2
Oregon,Portland General Electric,2021,Oct,97213,"3,094",1
Oregon,Portland General Electric,2021,Oct,97214,"15,306",2
Oregon,Portland General Electric,2021,Oct,97215,"7,594",1
Oregon,Portland General Electric,2021,Oct,97216,"4,185",1
Oregon,Portland General Electric,2021,Oct,97217,"12,786",3
Oregon,Portland General Electric,2021,Oct,97219,"17,462",10
Oregon,Portland General Electric,2021,Oct,97221,"5,545",1
Oregon,Portland General Electric,2021,Oct,97222,"15,546",10
Oregon,Portland General Electric,2021,Oct,97223,"20,764",8
Oregon,Portland General Electric,2021,Oct,97224,"15,833",1
Oregon,Portland General Electric,2021,Oct,97225,"11,581",3
Oregon,Portland General Electric,2021,Oct,97227,419,0
Oregon,Portland General Electric,2021,Oct,97229,"27,849",5
Oregon,Portland General Electric,2021,Oct,97230,"15,516",17
Oregon,Portland General Electric,2021,Oct,97231,"1,985",0
Oregon,Portland General Electric,2021,Oct,97232,"5,308",1
Oregon,Portland General Electric,2021,Oct,97233,"15,106",22
Oregon,Portland General Electric,2021,Oct,97236,"13,783",17
Oregon,Portland General Electric,2021,Oct,97239,"9,719",1
Oregon,Portland General Electric,2021,Oct,97266,"13,275",10
Oregon,Portland General Electric,2021,Oct,97267,"12,804",7
Oregon,Portland General Electric,2021,Oct,97301,"18,790",21
Oregon,Portland General Electric,2021,Oct,97302,"17,127",3
Oregon,Portland General Electric,2021,Oct,97303,"10,703",1
Oregon,Portland General Electric,2021,Oct,97304,"1,322",1
Oregon,Portland General Electric,2021,Oct,97305,"15,433",7
Oregon,Portland General Electric,2021,Oct,97306,"13,744",6
Oregon,Portland General Electric,2021,Oct,97317,"8,369",5
Oregon,Portland General Electric,2021,Oct,97325,150,0
Oregon,Portland General Electric,2021,Oct,97338,239,0
Oregon,Portland General Electric,2021,Oct,97347,794,1
Oregon,Portland General Electric,2021,Oct,97352,120,0
Oregon,Portland General Electric,2021,Oct,97362,"1,508",3
Oregon,Portland General Electric,2021,Oct,97371,105,0
Oregon,Portland General Electric,2021,Oct,97375,512,0
Oregon,Portland General Electric,2021,Oct,97378,"2,804",3
Oregon,Portland General Electric,2021,Oct,97381,"6,363",2
Oregon,Portland General Electric,2021,Oct,97385,140,0
Oregon,Portland General Electric,2021,Oct,97392,"1,933",1
Oregon,Portland General Electric,2021,Oct,97396,"1,345",2
Oregon,Northwest Natural Gas Company,2021,October,97002,783,0
Oregon,Northwest Natural Gas Company,2021,October,97003,6845,21
Oregon,Northwest Natural Gas Company,2021,October,97004,233,0
Oregon,Northwest Natural Gas Company,2021,October,97005,4317,10
Oregon,Northwest Natural Gas Company,2021,October,97006,9334,26
Oregon,Northwest Natural Gas Company,2021,October,97007,13830,10
Oregon,Northwest Natural Gas Company,2021,October,97008,6337,1
Oregon,Northwest Natural Gas Company,2021,October,97009,1077,0
Oregon,Northwest Natural Gas Company,2021,October,97013,3679,4
Oregon,Northwest Natural Gas Company,2021,October,97015,4643,10
Oregon,Northwest Natural Gas Company,2021,October,97016,111,0
Oregon,Northwest Natural Gas Company,2021,October,97018,653,1
Oregon,Northwest Natural Gas Company,2021,October,97020,160,0
Oregon,Northwest Natural Gas Company,2021,October,97024,2006,1
Oregon,Northwest Natural Gas Company,2021,October,97026,359,0
Oregon,Northwest Natural Gas Company,2021,October,97027,2951,1
Oregon,Northwest Natural Gas Company,2021,October,97030,6473,16
Oregon,Northwest Natural Gas Company,2021,October,97031,3659,17
Oregon,Northwest Natural Gas Company,2021,October,97032,895,5
Oregon,Northwest Natural Gas Company,2021,October,97034,6769,4
Oregon,Northwest Natural Gas Company,2021,October,97035,7235,5
Oregon,Northwest Natural Gas Company,2021,October,97036,1,0
Oregon,Northwest Natural Gas Company,2021,October,97038,2177,7
Oregon,Northwest Natural Gas Company,2021,October,97042,120,1
Oregon,Northwest Natural Gas Company,2021,October,97045,11404,19
Oregon,Northwest Natural Gas Company,2021,October,97048,388,0
Oregon,Northwest Natural Gas Company,2021,October,97051,3277,12
Oregon,Northwest Natural Gas Company,2021,October,97053,623,1
Oregon,Northwest Natural Gas Company,2021,October,97054,18,0
Oregon,Northwest Natural Gas Company,2021,October,97055,3468,12
Oregon,Northwest Natural Gas Company,2021,October,97056,2422,3
Oregon,Northwest Natural Gas Company,2021,October,97058,1634,5
Oregon,Northwest Natural Gas Company,2021,October,97060,4793,19
Oregon,Northwest Natural Gas Company,2021,October,97062,6118,6
Oregon,Northwest Natural Gas Company,2021,October,97064,705,0
Oregon,Northwest Natural Gas Company,2021,October,97068,9419,12
Oregon,Northwest Natural Gas Company,2021,October,97070,6212,12
Oregon,Northwest Natural Gas Company,2021,October,97071,5235,20
Oregon,Northwest Natural Gas Company,2021,October,97078,5938,18
Oregon,Northwest Natural Gas Company,2021,October,97080,10976,13
Oregon,Northwest Natural Gas Company,2021,October,97086,8964,3
Oregon,Northwest Natural Gas Company,2021,October,97089,3366,1
Oregon,Northwest Natural Gas Company,2021,October,97101,308,0
Oregon,Northwest Natural Gas Company,2021,October,97103,4046,3
Oregon,Northwest Natural Gas Company,2021,October,97106,455,1
Oregon,Northwest Natural Gas Company,2021,October,97110,1344,0
Oregon,Northwest Natural Gas Company,2021,October,97111,23,1
Oregon,Northwest Natural Gas Company,2021,October,97113,2486,1
Oregon,Northwest Natural Gas Company,2021,October,97114,17,0
Oregon,Northwest Natural Gas Company,2021,October,97115,955,0
Oregon,Northwest Natural Gas Company,2021,October,97116,3500,6
Oregon,Northwest Natural Gas Company,2021,October,97121,426,0
Oregon,Northwest Natural Gas Company,2021,October,97123,11358,44
Oregon,Northwest Natural Gas Company,2021,October,97124,10772,17
Oregon,Northwest Natural Gas Company,2021,October,97127,799,3
Oregon,Northwest Natural Gas Company,2021,October,97128,3274,2
Oregon,Northwest Natural Gas Company,2021,October,97132,5552,5
Oregon,Northwest Natural Gas Company,2021,October,97133,1141,2
Oregon,Northwest Natural Gas Company,2021,October,97138,4295,2
Oregon,Northwest Natural Gas Company,2021,October,97140,6622,15
Oregon,Northwest Natural Gas Company,2021,October,97145,1,0
Oregon,Northwest Natural Gas Company,2021,October,97146,2151,3
Oregon,Northwest Natural Gas Company,2021,October,97201,2393,13
Oregon,Northwest Natural Gas Company,2021,October,97202,11572,15
Oregon,Northwest Natural Gas Company,2021,October,97203,7498,16
Oregon,Northwest Natural Gas Company,2021,October,97204,136,1
Oregon,Northwest Natural Gas Company,2021,October,97205,1289,5
Oregon,Northwest Natural Gas Company,2021,October,97206,13811,25
Oregon,Northwest Natural Gas Company,2021,October,97209,2461,3
Oregon,Northwest Natural Gas Company,2021,October,97210,4261,7
Oregon,Northwest Natural Gas Company,2021,October,97211,10472,37
Oregon,Northwest Natural Gas Company,2021,October,97212,8518,8
Oregon,Northwest Natural Gas Company,2021,October,97213,9860,36
Oregon,Northwest Natural Gas Company,2021,October,97214,8334,42
Oregon,Northwest Natural Gas Company,2021,October,97215,5746,9
Oregon,Northwest Natural Gas Company,2021,October,97216,3433,4
Oregon,Northwest Natural Gas Company,2021,October,97217,10537,65
Oregon,Northwest Natural Gas Company,2021,October,97218,3619,14
Oregon,Northwest Natural Gas Company,2021,October,97219,12435,18
Oregon,Northwest Natural Gas Company,2021,October,97220,6707,22
Oregon,Northwest Natural Gas Company,2021,October,97221,3942,12
Oregon,Northwest Natural Gas Company,2021,October,97222,8070,8
Oregon,Northwest Natural Gas Company,2021,October,97223,12911,21
Oregon,Northwest Natural Gas Company,2021,October,97224,10589,11
Oregon,Northwest Natural Gas Company,2021,October,97225,7290,4
Oregon,Northwest Natural Gas Company,2021,October,97227,1621,7
Oregon,Northwest Natural Gas Company,2021,October,97229,20968,19
Oregon,Northwest Natural Gas Company,2021,October,97230,9394,27
Oregon,Northwest Natural Gas Company,2021,October,97231,777,1
Oregon,Northwest Natural Gas Company,2021,October,97232,2933,11
Oregon,Northwest Natural Gas Company,2021,October,97233,6227,10
Oregon,Northwest Natural Gas Company,2021,October,97236,7183,18
Oregon,Northwest Natural Gas Company,2021,October,97239,3957,9
Oregon,Northwest Natural Gas Company,2021,October,97266,7274,33
Oregon,Northwest Natural Gas Company,2021,October,97267,8742,9
Oregon,Northwest Natural Gas Company,2021,October,97301,8500,40
Oregon,Northwest Natural Gas Company,2021,October,97302,10228,6
Oregon,Northwest Natural Gas Company,2021,October,97303,8986,15
Oregon,Northwest Natural Gas Company,2021,October,97304,7277,7
Oregon,Northwest Natural Gas Company,2021,October,97305,6853,15
Oregon,Northwest Natural Gas Company,2021,October,97306,8599,27
Oregon,Northwest Natural Gas Company,2021,October,97310,11,0
Oregon,Northwest Natural Gas Company,2021,October,97317,3849,6
Oregon,Northwest Natural Gas Company,2021,October,97321,8670,20
Oregon,Northwest Natural Gas Company,2021,October,97322,7388,20
Oregon,Northwest Natural Gas Company,2021,October,97325,808,0
Oregon,Northwest Natural Gas Company,2021,October,97327,488,0
Oregon,Northwest Natural Gas Company,2021,October,97330,9202,7
Oregon,Northwest Natural Gas Company,2021,October,97333,4405,9
Oregon,Northwest Natural Gas Company,2021,October,97338,4444,10
Oregon,Northwest Natural Gas Company,2021,October,97341,1339,3
Oregon,Northwest Natural Gas Company,2021,October,97345,12,0
Oregon,Northwest Natural Gas Company,2021,October,97347,219,3
Oregon,Northwest Natural Gas Company,2021,October,97348,219,1
Oregon,Northwest Natural Gas Company,2021,October,97351,1779,6
Oregon,Northwest Natural Gas Company,2021,October,97352,765,3
Oregon,Northwest Natural Gas Company,2021,October,97355,5104,9
Oregon,Northwest Natural Gas Company,2021,October,97358,394,0
Oregon,Northwest Natural Gas Company,2021,October,97360,499,0
Oregon,Northwest Natural Gas Company,2021,October,97361,1295,2
Oregon,Northwest Natural Gas Company,2021,October,97362,728,1
Oregon,Northwest Natural Gas Company,2021,October,97364,230,0
Oregon,Northwest Natural Gas Company,2021,October,97365,1644,5
Oregon,Northwest Natural Gas Company,2021,October,97366,180,1
Oregon,Northwest Natural Gas Company,2021,October,97367,4155,12
Oregon,Northwest Natural Gas Company,2021,October,97368,866,4
Oregon,Northwest Natural Gas Company,2021,October,97370,1241,2
Oregon,Northwest Natural Gas Company,2021,October,97371,43,0
Oregon,Northwest Natural Gas Company,2021,October,97372,10,0
Oregon,Northwest Natural Gas Company,2021,October,97374,301,0
Oregon,Northwest Natural Gas Company,2021,October,97377,55,0
Oregon,Northwest Natural Gas Company,2021,October,97378,812,10
Oregon,Northwest Natural Gas Company,2021,October,97380,154,5
Oregon,Northwest Natural Gas Company,2021,October,97381,2918,14
Oregon,Northwest Natural Gas Company,2021,October,97383,1749,0
Oregon,Northwest Natural Gas Company,2021,October,97384,31,0
Oregon,Northwest Natural Gas Company,2021,October,97385,854,0
Oregon,Northwest Natural Gas Company,2021,October,97386,2161,14
Oregon,Northwest Natural Gas Company,2021,October,97388,1045,3
Oregon,Northwest Natural Gas Company,2021,October,97389,314,0
Oregon,Northwest Natural Gas Company,2021,October,97391,286,3
Oregon,Northwest Natural Gas Company,2021,October,97392,970,0
Oregon,Northwest Natural Gas Company,2021,October,97396,418,4
Oregon,Northwest Natural Gas Company,2021,October,97401,5580,10
Oregon,Northwest Natural Gas Company,2021,October,97402,4601,14
Oregon,Northwest Natural Gas Company,2021,October,97403,1514,4
Oregon,Northwest Natural Gas Company,2021,October,97404,6295,8
Oregon,Northwest Natural Gas Company,2021,October,97405,6959,9
Oregon,Northwest Natural Gas Company,2021,October,97408,2931,3
Oregon,Avista Utilities,2021,October,97417,319,0
Oregon,Northwest Natural Gas Company,2021,October,97420,811,5
Oregon,Northwest Natural Gas Company,2021,October,97423,215,0
Oregon,Northwest Natural Gas Company,2021,October,97424,2326,9
Oregon,Northwest Natural Gas Company,2021,October,97426,1276,2
Oregon,Avista Utilities,2021,October,97432,55,0
Oregon,Northwest Natural Gas Company,2021,October,97438,9,0
Oregon,Avista Utilities,2021,October,97442,155,0
Oregon,Northwest Natural Gas Company,2021,October,97446,579,0
Oregon,Northwest Natural Gas Company,2021,October,97448,1410,0
Oregon,Northwest Natural Gas Company,2021,October,97455,136,0
Oregon,Avista Utilities,2021,October,97457,1481,0
Oregon,Northwest Natural Gas Company,2021,October,97458,132,0
Oregon,Northwest Natural Gas Company,2021,October,97459,571,1
Oregon,Avista Utilities,2021,October,97462,275,1
Oregon,Avista Utilities,2021,October,97469,268,0
Oregon,Avista Utilities,2021,October,97470,3554,9
Oregon,Avista Utilities,2021,October,97471,5079,9
Oregon,Northwest Natural Gas Company,2021,October,97477,2936,5
Oregon,Northwest Natural Gas Company,2021,October,97478,2359,4
Oregon,Avista Utilities,2021,October,97479,1669,1
Oregon,Avista Utilities,2021,October,97495,508,0
Oregon,Avista Utilities,2021,October,97496,1153,5
Oregon,Avista Utilities,2021,October,97497,2,0
Oregon,Avista Utilities,2021,October,97501,9183,5
Oregon,Avista Utilities,2021,October,97502,6453,2
Oregon,Avista Utilities,2021,October,97503,1683,2
Oregon,Avista Utilities,2021,October,97504,13102,6
Oregon,Avista Utilities,2021,October,97520,7349,5
Oregon,Avista Utilities,2021,October,97524,2781,1
Oregon,Avista Utilities,2021,October,97525,587,1
Oregon,Avista Utilities,2021,October,97526,6443,14
Oregon,Avista Utilities,2021,October,97527,5576,6
Oregon,Avista Utilities,2021,October,97528,2,0
Oregon,Avista Utilities,2021,October,97530,1245,0
Oregon,Avista Utilities,2021,October,97535,1082,1
Oregon,Avista Utilities,2021,October,97537,557,0
Oregon,Avista Utilities,2021,October,97539,221,0
Oregon,Avista Utilities,2021,October,97540,1339,1
Oregon,Avista Utilities,2021,October,97601,6512,4
Oregon,Avista Utilities,2021,October,97603,8851,7
Oregon,Avista Utilities,2021,October,97623,54,0
Oregon,Avista Utilities,2021,October,97627,203,0
Oregon,Avista Utilities,2021,October,97632,125,0
Oregon,Avista Utilities,2021,October,97634,27,0
Oregon,Cascade Natural Gas,2021,October,97701,10365,1
Oregon,Cascade Natural Gas,2021,October,97702,13457,7
Oregon,Cascade Natural Gas,2021,October,97703,9234,4
Oregon,Cascade Natural Gas,2021,October,97707,3758,0
Oregon,Cascade Natural Gas,2021,October,97731,23,0
Oregon,Cascade Natural Gas,2021,October,97733,68,0
Oregon,Cascade Natural Gas,2021,October,97737,123,0
Oregon,Cascade Natural Gas,2021,October,97739,328,0
Oregon,Cascade Natural Gas,2021,October,97741,1356,0
Oregon,Cascade Natural Gas,2021,October,97753,373,0
Oregon,Cascade Natural Gas,2021,October,97754,2770,0
Oregon,Cascade Natural Gas,2021,October,97756,8901,1
Oregon,Cascade Natural Gas,2021,October,97801,4850,8
Oregon,Cascade Natural Gas,2021,October,97813,342,0
Oregon,Idaho Power,2021,October,97814,4,0
Oregon,Cascade Natural Gas,2021,October,97814,3414,1
Oregon,Cascade Natural Gas,2021,October,97818,280,0
Oregon,Idaho Power,2021,October,97819,26,0
Oregon,Avista Utilities,2021,October,97824,318,0
Oregon,Cascade Natural Gas,2021,October,97826,23,0
Oregon,Avista Utilities,2021,October,97827,541,1
Oregon,Idaho Power,2021,October,97834,666,0
Oregon,Idaho Power,2021,October,97837,73,0
Oregon,Cascade Natural Gas,2021,October,97838,3988,8
Oregon,Idaho Power,2021,October,97840,95,0
Oregon,Avista Utilities,2021,October,97841,134,0
Oregon,Cascade Natural Gas,2021,October,97844,177,0
Oregon,Avista Utilities,2021,October,97850,5028,4
Oregon,Cascade Natural Gas,2021,October,97862,244,1
Oregon,Avista Utilities,2021,October,97867,145,0
Oregon,Cascade Natural Gas,2021,October,97868,465,1
Oregon,Idaho Power,2021,October,97870,435,1
Oregon,Cascade Natural Gas,2021,October,97875,370,0
Oregon,Avista Utilities,2021,October,97876,52,0
Oregon,Cascade Natural Gas,2021,October,97882,912,0
Oregon,Avista Utilities,2021,October,97883,778,0
Oregon,Idaho Power,2021,October,97884,174,0
Oregon,Cascade Natural Gas,2021,October,97886,182,0
Oregon,Idaho Power,2021,October,97901,368,0
Oregon,Idaho Power,2021,October,97902,29,0
Oregon,Idaho Power,2021,October,97903,84,0
Oregon,Idaho Power,2021,October,97904,111,0
Oregon,Idaho Power,2021,October,97905,114,0
Oregon,Idaho Power,2021,October,97906,140,0
Oregon,Idaho Power,2021,October,97907,380,0
Oregon,Cascade Natural Gas,2021,October,97907,132,0
Oregon,Idaho Power,2021,October,97908,59,0
Oregon,Idaho Power,2021,October,97909,49,0
Oregon,Idaho Power,2021,October,97910,388,0
Oregon,Idaho Power,2021,October,97911,93,0
Oregon,Idaho Power,2021,October,97913,2155,5
Oregon,Cascade Natural Gas,2021,October,97913,746,1
Oregon,Idaho Power,2021,October,97914,6899,19
Oregon,Cascade Natural Gas,2021,October,97914,2685,0
Oregon,Idaho Power,2021,October,97917,1,0
Oregon,Idaho Power,2021,October,97918,1975,0
Oregon,Cascade Natural Gas,2021,October,97918,411,1
Oregon,Idaho Power,2021,October,97920,35,0
Oregon,Portland General Electric,2021,Sep,97002,"2,232",1
Oregon,Portland General Electric,2021,Sep,97003,"11,210",9
Oregon,Portland General Electric,2021,Sep,97004,"1,773",0
Oregon,Portland General Electric,2021,Sep,97005,"11,972",10
Oregon,Portland General Electric,2021,Sep,97006,"18,669",7
Oregon,Portland General Electric,2021,Sep,97007,"18,453",3
Oregon,Portland General Electric,2021,Sep,97008,"11,962",3
Oregon,Portland General Electric,2021,Sep,97009,"3,376",4
Oregon,Portland General Electric,2021,Sep,97010,2,0
Oregon,Portland General Electric,2021,Sep,97011,499,0
Oregon,Portland General Electric,2021,Sep,97013,"2,356",1
Oregon,Portland General Electric,2021,Sep,97015,"9,104",6
Oregon,Portland General Electric,2021,Sep,97017,"1,125",0
Oregon,Portland General Electric,2021,Sep,97019,"1,222",0
Oregon,Portland General Electric,2021,Sep,97020,376,0
Oregon,Portland General Electric,2021,Sep,97022,"1,452",1
Oregon,Portland General Electric,2021,Sep,97023,"4,725",0
Oregon,Portland General Electric,2021,Sep,97024,"4,584",8
Oregon,Portland General Electric,2021,Sep,97026,"1,159",0
Oregon,Portland General Electric,2021,Sep,97027,"4,938",5
Oregon,Portland General Electric,2021,Sep,97028,724,0
Oregon,Portland General Electric,2021,Sep,97030,"15,313",18
Oregon,Portland General Electric,2021,Sep,97032,"1,734",0
Oregon,Portland General Electric,2021,Sep,97034,"8,448",0
Oregon,Portland General Electric,2021,Sep,97035,"11,386",3
Oregon,Portland General Electric,2021,Sep,97036,2,0
Oregon,Portland General Electric,2021,Sep,97038,"6,307",1
Oregon,Portland General Electric,2021,Sep,97042,"1,207",0
Oregon,Portland General Electric,2021,Sep,97045,"22,139",15
Oregon,Portland General Electric,2021,Sep,97049,"1,767",0
Oregon,Portland General Electric,2021,Sep,97055,"7,916",6
Oregon,Portland General Electric,2021,Sep,97056,29,0
Oregon,Portland General Electric,2021,Sep,97060,"7,945",5
Oregon,Portland General Electric,2021,Sep,97062,"11,319",7
Oregon,Portland General Electric,2021,Sep,97067,"1,262",0
Oregon,Portland General Electric,2021,Sep,97068,"11,642",2
Oregon,Portland General Electric,2021,Sep,97070,"11,410",4
Oregon,Portland General Electric,2021,Sep,97071,"9,692",9
Oregon,Portland General Electric,2021,Sep,97078,"9,430",7
Oregon,Portland General Electric,2021,Sep,97080,"16,220",11
Oregon,Portland General Electric,2021,Sep,97086,"12,758",11
Oregon,Portland General Electric,2021,Sep,97089,"4,803",0
Oregon,Portland General Electric,2021,Sep,97101,"1,542",0
Oregon,Portland General Electric,2021,Sep,97106,"1,551",0
Oregon,Portland General Electric,2021,Sep,97109,82,0
Oregon,Portland General Electric,2021,Sep,97111,"1,459",0
Oregon,Portland General Electric,2021,Sep,97113,"4,995",1
Oregon,Portland General Electric,2021,Sep,97114,"1,758",1
Oregon,Portland General Electric,2021,Sep,97115,"1,700",0
Oregon,Portland General Electric,2021,Sep,97116,834,0
Oregon,Portland General Electric,2021,Sep,97117,263,0
Oregon,Portland General Electric,2021,Sep,97119,"1,603",1
Oregon,Portland General Electric,2021,Sep,97123,"17,620",9
Oregon,Portland General Electric,2021,Sep,97124,"21,664",2
Oregon,Portland General Electric,2021,Sep,97125,19,0
Oregon,Portland General Electric,2021,Sep,97127,"1,440",1
Oregon,Portland General Electric,2021,Sep,97128,493,0
Oregon,Portland General Electric,2021,Sep,97132,"11,807",9
Oregon,Portland General Electric,2021,Sep,97133,"2,271",1
Oregon,Portland General Electric,2021,Sep,97137,484,0
Oregon,Portland General Electric,2021,Sep,97140,"9,414",2
Oregon,Portland General Electric,2021,Sep,97148,"1,327",2
Oregon,Portland General Electric,2021,Sep,97201,"7,367",0
Oregon,Portland General Electric,2021,Sep,97202,"19,950",6
Oregon,Portland General Electric,2021,Sep,97203,"12,872",5
Oregon,Portland General Electric,2021,Sep,97204,419,0
Oregon,Portland General Electric,2021,Sep,97205,"2,976",0
Oregon,Portland General Electric,2021,Sep,97206,"21,672",8
Oregon,Portland General Electric,2021,Sep,97209,"15,063",4
Oregon,Portland General Electric,2021,Sep,97210,"7,944",0
Oregon,Portland General Electric,2021,Sep,97213,"3,103",3
Oregon,Portland General Electric,2021,Sep,97214,"15,316",3
Oregon,Portland General Electric,2021,Sep,97215,"7,594",0
Oregon,Portland General Electric,2021,Sep,97216,"4,193",2
Oregon,Portland General Electric,2021,Sep,97217,"12,787",1
Oregon,Portland General Electric,2021,Sep,97219,"17,453",3
Oregon,Portland General Electric,2021,Sep,97221,"5,542",0
Oregon,Portland General Electric,2021,Sep,97222,"15,564",13
Oregon,Portland General Electric,2021,Sep,97223,"20,773",9
Oregon,Portland General Electric,2021,Sep,97224,"15,841",8
Oregon,Portland General Electric,2021,Sep,97225,"11,579",4
Oregon,Portland General Electric,2021,Sep,97227,420,0
Oregon,Portland General Electric,2021,Sep,97229,"27,820",12
Oregon,Portland General Electric,2021,Sep,97230,"15,537",22
Oregon,Portland General Electric,2021,Sep,97231,"1,991",0
Oregon,Portland General Electric,2021,Sep,97232,"5,311",0
Oregon,Portland General Electric,2021,Sep,97233,"15,099",13
Oregon,Portland General Electric,2021,Sep,97236,"13,789",18
Oregon,Portland General Electric,2021,Sep,97239,"9,699",0
Oregon,Portland General Electric,2021,Sep,97266,"13,285",17
Oregon,Portland General Electric,2021,Sep,97267,"12,820",7
Oregon,Portland General Electric,2021,Sep,97301,"18,806",19
Oregon,Portland General Electric,2021,Sep,97302,"17,133",24
Oregon,Portland General Electric,2021,Sep,97303,"10,704",9
Oregon,Portland General Electric,2021,Sep,97304,"1,320",0
Oregon,Portland General Electric,2021,Sep,97305,"15,456",28
Oregon,Portland General Electric,2021,Sep,97306,"13,740",8
Oregon,Portland General Electric,2021,Sep,97317,"8,366",2
Oregon,Portland General Electric,2021,Sep,97325,150,0
Oregon,Portland General Electric,2021,Sep,97338,241,0
Oregon,Portland General Electric,2021,Sep,97347,794,0
Oregon,Portland General Electric,2021,Sep,97352,120,0
Oregon,Portland General Electric,2021,Sep,97362,"1,508",1
Oregon,Portland General Electric,2021,Sep,97371,105,0
Oregon,Portland General Electric,2021,Sep,97375,513,0
Oregon,Portland General Electric,2021,Sep,97378,"2,799",1
Oregon,Portland General Electric,2021,Sep,97381,"6,371",4
Oregon,Portland General Electric,2021,Sep,97385,141,0
Oregon,Portland General Electric,2021,Sep,97392,"1,934",0
Oregon,Portland General Electric,2021,Sep,97396,"1,346",0
Oregon,Northwest Natural Gas Company,2021,September,97002,781,0
Oregon,Northwest Natural Gas Company,2021,September,97003,6853,1
Oregon,Northwest Natural Gas Company,2021,September,97004,233,0
Oregon,Northwest Natural Gas Company,2021,September,97005,4316,0
Oregon,Northwest Natural Gas Company,2021,September,97006,9345,1
Oregon,Northwest Natural Gas Company,2021,September,97007,13826,4
Oregon,Northwest Natural Gas Company,2021,September,97008,6332,0
Oregon,Northwest Natural Gas Company,2021,September,97009,1073,0
Oregon,Northwest Natural Gas Company,2021,September,97013,3668,0
Oregon,Northwest Natural Gas Company,2021,September,97015,4637,0
Oregon,Northwest Natural Gas Company,2021,September,97016,111,0
Oregon,Northwest Natural Gas Company,2021,September,97018,654,0
Oregon,Northwest Natural Gas Company,2021,September,97020,160,0
Oregon,Northwest Natural Gas Company,2021,September,97024,2006,0
Oregon,Northwest Natural Gas Company,2021,September,97026,357,0
Oregon,Northwest Natural Gas Company,2021,September,97027,2953,0
Oregon,Northwest Natural Gas Company,2021,September,97030,6468,0
Oregon,Northwest Natural Gas Company,2021,September,97031,3660,1
Oregon,Northwest Natural Gas Company,2021,September,97032,894,0
Oregon,Northwest Natural Gas Company,2021,September,97034,6765,3
Oregon,Northwest Natural Gas Company,2021,September,97035,7239,1
Oregon,Northwest Natural Gas Company,2021,September,97036,1,0
Oregon,Northwest Natural Gas Company,2021,September,97038,2180,0
Oregon,Northwest Natural Gas Company,2021,September,97042,121,0
Oregon,Northwest Natural Gas Company,2021,September,97045,11395,0
Oregon,Northwest Natural Gas Company,2021,September,97048,389,0
Oregon,Northwest Natural Gas Company,2021,September,97051,3264,4
Oregon,Northwest Natural Gas Company,2021,September,97053,623,0
Oregon,Northwest Natural Gas Company,2021,September,97054,18,0
Oregon,Northwest Natural Gas Company,2021,September,97055,3465,0
Oregon,Northwest Natural Gas Company,2021,September,97056,2421,0
Oregon,Northwest Natural Gas Company,2021,September,97058,1633,2
Oregon,Northwest Natural Gas Company,2021,September,97060,4789,0
Oregon,Northwest Natural Gas Company,2021,September,97062,6117,1
Oregon,Northwest Natural Gas Company,2021,September,97064,704,1
Oregon,Northwest Natural Gas Company,2021,September,97068,9427,4
Oregon,Northwest Natural Gas Company,2021,September,97070,6201,2
Oregon,Northwest Natural Gas Company,2021,September,97071,5212,1
Oregon,Northwest Natural Gas Company,2021,September,97078,5927,0
Oregon,Northwest Natural Gas Company,2021,September,97080,10967,1
Oregon,Northwest Natural Gas Company,2021,September,97086,8931,8
Oregon,Northwest Natural Gas Company,2021,September,97089,3361,0
Oregon,Northwest Natural Gas Company,2021,September,97101,307,0
Oregon,Northwest Natural Gas Company,2021,September,97103,4049,2
Oregon,Northwest Natural Gas Company,2021,September,97106,454,0
Oregon,Northwest Natural Gas Company,2021,September,97110,1343,0
Oregon,Northwest Natural Gas Company,2021,September,97111,23,0
Oregon,Northwest Natural Gas Company,2021,September,97113,2459,1
Oregon,Northwest Natural Gas Company,2021,September,97114,17,0
Oregon,Northwest Natural Gas Company,2021,September,97115,954,1
Oregon,Northwest Natural Gas Company,2021,September,97116,3493,0
Oregon,Northwest Natural Gas Company,2021,September,97121,426,0
Oregon,Northwest Natural Gas Company,2021,September,97123,11344,8
Oregon,Northwest Natural Gas Company,2021,September,97124,10779,3
Oregon,Northwest Natural Gas Company,2021,September,97127,800,0
Oregon,Northwest Natural Gas Company,2021,September,97128,3259,1
Oregon,Northwest Natural Gas Company,2021,September,97132,5551,0
Oregon,Northwest Natural Gas Company,2021,September,97133,1138,0
Oregon,Northwest Natural Gas Company,2021,September,97138,4299,1
Oregon,Northwest Natural Gas Company,2021,September,97140,6625,1
Oregon,Northwest Natural Gas Company,2021,September,97145,1,0
Oregon,Northwest Natural Gas Company,2021,September,97146,2149,0
Oregon,Northwest Natural Gas Company,2021,September,97201,2392,0
Oregon,Northwest Natural Gas Company,2021,September,97202,11559,0
Oregon,Northwest Natural Gas Company,2021,September,97203,7485,2
Oregon,Northwest Natural Gas Company,2021,September,97204,135,0
Oregon,Northwest Natural Gas Company,2021,September,97205,1223,0
Oregon,Northwest Natural Gas Company,2021,September,97206,13812,0
Oregon,Northwest Natural Gas Company,2021,September,97209,2462,1
Oregon,Northwest Natural Gas Company,2021,September,97210,4257,1
Oregon,Northwest Natural Gas Company,2021,September,97211,10474,1
Oregon,Northwest Natural Gas Company,2021,September,97212,8520,0
Oregon,Northwest Natural Gas Company,2021,September,97213,9849,2
Oregon,Northwest Natural Gas Company,2021,September,97214,8332,0
Oregon,Northwest Natural Gas Company,2021,September,97215,5738,0
Oregon,Northwest Natural Gas Company,2021,September,97216,3433,0
Oregon,Northwest Natural Gas Company,2021,September,97217,10527,8
Oregon,Northwest Natural Gas Company,2021,September,97218,3622,0
Oregon,Northwest Natural Gas Company,2021,September,97219,12437,2
Oregon,Northwest Natural Gas Company,2021,September,97220,6696,4
Oregon,Northwest Natural Gas Company,2021,September,97221,3942,2
Oregon,Northwest Natural Gas Company,2021,September,97222,8058,1
Oregon,Northwest Natural Gas Company,2021,September,97223,12901,3
Oregon,Northwest Natural Gas Company,2021,September,97224,10585,0
Oregon,Northwest Natural Gas Company,2021,September,97225,7289,2
Oregon,Northwest Natural Gas Company,2021,September,97227,1625,0
Oregon,Northwest Natural Gas Company,2021,September,97229,20965,6
Oregon,Northwest Natural Gas Company,2021,September,97230,9397,1
Oregon,Northwest Natural Gas Company,2021,September,97231,775,0
Oregon,Northwest Natural Gas Company,2021,September,97232,2929,1
Oregon,Northwest Natural Gas Company,2021,September,97233,6224,0
Oregon,Northwest Natural Gas Company,2021,September,97236,7177,1
Oregon,Northwest Natural Gas Company,2021,September,97239,3956,0
Oregon,Northwest Natural Gas Company,2021,September,97266,7265,0
Oregon,Northwest Natural Gas Company,2021,September,97267,8753,0
Oregon,Northwest Natural Gas Company,2021,September,97301,8508,4
Oregon,Northwest Natural Gas Company,2021,September,97302,10210,0
Oregon,Northwest Natural Gas Company,2021,September,97303,8978,0
Oregon,Northwest Natural Gas Company,2021,September,97304,7275,2
Oregon,Northwest Natural Gas Company,2021,September,97305,6826,5
Oregon,Northwest Natural Gas Company,2021,September,97306,8582,1
Oregon,Northwest Natural Gas Company,2021,September,97310,11,0
Oregon,Northwest Natural Gas Company,2021,September,97317,3854,0
Oregon,Northwest Natural Gas Company,2021,September,97321,8665,4
Oregon,Northwest Natural Gas Company,2021,September,97322,7383,1
Oregon,Northwest Natural Gas Company,2021,September,97325,807,0
Oregon,Northwest Natural Gas Company,2021,September,97327,488,1
Oregon,Northwest Natural Gas Company,2021,September,97330,9165,0
Oregon,Northwest Natural Gas Company,2021,September,97333,4391,2
Oregon,Northwest Natural Gas Company,2021,September,97338,4424,1
Oregon,Northwest Natural Gas Company,2021,September,97341,1335,1
Oregon,Northwest Natural Gas Company,2021,September,97345,12,0
Oregon,Northwest Natural Gas Company,2021,September,97347,220,0
Oregon,Northwest Natural Gas Company,2021,September,97348,219,0
Oregon,Northwest Natural Gas Company,2021,September,97351,1778,2
Oregon,Northwest Natural Gas Company,2021,September,97352,762,0
Oregon,Northwest Natural Gas Company,2021,September,97355,5087,1
Oregon,Northwest Natural Gas Company,2021,September,97358,392,0
Oregon,Northwest Natural Gas Company,2021,September,97360,493,0
Oregon,Northwest Natural Gas Company,2021,September,97361,1288,0
Oregon,Northwest Natural Gas Company,2021,September,97362,726,1
Oregon,Northwest Natural Gas Company,2021,September,97364,230,0
Oregon,Northwest Natural Gas Company,2021,September,97365,1647,0
Oregon,Northwest Natural Gas Company,2021,September,97366,179,0
Oregon,Northwest Natural Gas Company,2021,September,97367,4150,0
Oregon,Northwest Natural Gas Company,2021,September,97368,859,0
Oregon,Northwest Natural Gas Company,2021,September,97370,1236,1
Oregon,Northwest Natural Gas Company,2021,September,97371,43,0
Oregon,Northwest Natural Gas Company,2021,September,97372,10,0
Oregon,Northwest Natural Gas Company,2021,September,97374,300,0
Oregon,Northwest Natural Gas Company,2021,September,97377,55,0
Oregon,Northwest Natural Gas Company,2021,September,97378,811,0
Oregon,Northwest Natural Gas Company,2021,September,97380,154,0
Oregon,Northwest Natural Gas Company,2021,September,97381,2915,2
Oregon,Northwest Natural Gas Company,2021,September,97383,1739,0
Oregon,Northwest Natural Gas Company,2021,September,97384,34,0
Oregon,Northwest Natural Gas Company,2021,September,97385,852,0
Oregon,Northwest Natural Gas Company,2021,September,97386,2154,0
Oregon,Northwest Natural Gas Company,2021,September,97388,1044,0
Oregon,Northwest Natural Gas Company,2021,September,97389,314,0
Oregon,Northwest Natural Gas Company,2021,September,97391,284,0
Oregon,Northwest Natural Gas Company,2021,September,97392,969,0
Oregon,Northwest Natural Gas Company,2021,September,97396,417,1
Oregon,Northwest Natural Gas Company,2021,September,97401,5574,0
Oregon,Northwest Natural Gas Company,2021,September,97402,4608,1
Oregon,Northwest Natural Gas Company,2021,September,97403,1511,0
Oregon,Northwest Natural Gas Company,2021,September,97404,6289,0
Oregon,Northwest Natural Gas Company,2021,September,97405,6956,4
Oregon,Northwest Natural Gas Company,2021,September,97408,2927,0
Oregon,Avista Utilities,2021,September,97417,317,3
Oregon,Northwest Natural Gas Company,2021,September,97420,813,2
Oregon,Northwest Natural Gas Company,2021,September,97423,215,0
Oregon,Northwest Natural Gas Company,2021,September,97424,2324,0
Oregon,Northwest Natural Gas Company,2021,September,97426,1274,0
Oregon,Avista Utilities,2021,September,97432,55,0
Oregon,Northwest Natural Gas Company,2021,September,97438,9,0
Oregon,Avista Utilities,2021,September,97442,154,0
Oregon,Northwest Natural Gas Company,2021,September,97446,579,1
Oregon,Northwest Natural Gas Company,2021,September,97448,1402,0
Oregon,Northwest Natural Gas Company,2021,September,97455,137,0
Oregon,Avista Utilities,2021,September,97457,1480,12
Oregon,Northwest Natural Gas Company,2021,September,97458,132,0
Oregon,Northwest Natural Gas Company,2021,September,97459,570,1
Oregon,Avista Utilities,2021,September,97462,278,1
Oregon,Avista Utilities,2021,September,97469,266,1
Oregon,Avista Utilities,2021,September,97470,3523,11
Oregon,Avista Utilities,2021,September,97471,5031,7
Oregon,Northwest Natural Gas Company,2021,September,97477,2928,1
Oregon,Northwest Natural Gas Company,2021,September,97478,2352,1
Oregon,Avista Utilities,2021,September,97479,1657,6
Oregon,Avista Utilities,2021,September,97495,505,3
Oregon,Avista Utilities,2021,September,97496,1149,0
Oregon,Avista Utilities,2021,September,97497,2,0
Oregon,Avista Utilities,2021,September,97501,9167,38
Oregon,Avista Utilities,2021,September,97502,6446,6
Oregon,Avista Utilities,2021,September,97503,1684,8
Oregon,Avista Utilities,2021,September,97504,13106,33
Oregon,Avista Utilities,2021,September,97520,7349,9
Oregon,Avista Utilities,2021,September,97524,2759,2
Oregon,Avista Utilities,2021,September,97525,590,0
Oregon,Avista Utilities,2021,September,97526,6417,12
Oregon,Avista Utilities,2021,September,97527,5558,11
Oregon,Avista Utilities,2021,September,97528,2,0
Oregon,Avista Utilities,2021,September,97530,1243,0
Oregon,Avista Utilities,2021,September,97535,1064,0
Oregon,Avista Utilities,2021,September,97537,555,0
Oregon,Avista Utilities,2021,September,97539,218,0
Oregon,Avista Utilities,2021,September,97540,1325,0
Oregon,Avista Utilities,2021,September,97601,6507,57
Oregon,Avista Utilities,2021,September,97603,8829,25
Oregon,Avista Utilities,2021,September,97623,55,1
Oregon,Avista Utilities,2021,September,97627,205,1
Oregon,Avista Utilities,2021,September,97632,127,3
Oregon,Avista Utilities,2021,September,97634,26,0
Oregon,Cascade Natural Gas,2021,September,97701,10361,41
Oregon,Cascade Natural Gas,2021,September,97702,13412,40
Oregon,Cascade Natural Gas,2021,September,97703,9220,20
Oregon,Cascade Natural Gas,2021,September,97707,3755,6
Oregon,Cascade Natural Gas,2021,September,97731,24,1
Oregon,Cascade Natural Gas,2021,September,97733,68,0
Oregon,Cascade Natural Gas,2021,September,97737,123,0
Oregon,Cascade Natural Gas,2021,September,97739,320,2
Oregon,Cascade Natural Gas,2021,September,97741,1348,14
Oregon,Cascade Natural Gas,2021,September,97753,366,0
Oregon,Cascade Natural Gas,2021,September,97754,2754,11
Oregon,Cascade Natural Gas,2021,September,97756,8823,34
Oregon,Cascade Natural Gas,2021,September,97801,4848,94
Oregon,Cascade Natural Gas,2021,September,97813,343,5
Oregon,Idaho Power,2021,September,97814,3,0
Oregon,Cascade Natural Gas,2021,September,97814,3381,13
Oregon,Cascade Natural Gas,2021,September,97818,267,2
Oregon,Idaho Power,2021,September,97819,25,0
Oregon,Avista Utilities,2021,September,97824,314,0
Oregon,Cascade Natural Gas,2021,September,97826,23,0
Oregon,Avista Utilities,2021,September,97827,537,1
Oregon,Idaho Power,2021,September,97834,666,0
Oregon,Idaho Power,2021,September,97837,72,0
Oregon,Cascade Natural Gas,2021,September,97838,3970,24
Oregon,Idaho Power,2021,September,97840,98,0
Oregon,Avista Utilities,2021,September,97841,131,0
Oregon,Cascade Natural Gas,2021,September,97844,179,1
Oregon,Avista Utilities,2021,September,97850,5006,5
Oregon,Cascade Natural Gas,2021,September,97862,246,2
Oregon,Avista Utilities,2021,September,97867,146,0
Oregon,Cascade Natural Gas,2021,September,97868,460,3
Oregon,Idaho Power,2021,September,97870,434,1
Oregon,Cascade Natural Gas,2021,September,97875,363,0
Oregon,Avista Utilities,2021,September,97876,54,0
Oregon,Cascade Natural Gas,2021,September,97882,911,12
Oregon,Avista Utilities,2021,September,97883,767,0
Oregon,Idaho Power,2021,September,97884,169,1
Oregon,Cascade Natural Gas,2021,September,97886,184,2
Oregon,Idaho Power,2021,September,97901,368,0
Oregon,Idaho Power,2021,September,97902,29,0
Oregon,Idaho Power,2021,September,97903,84,0
Oregon,Idaho Power,2021,September,97904,113,0
Oregon,Idaho Power,2021,September,97905,117,1
Oregon,Idaho Power,2021,September,97906,138,0
Oregon,Cascade Natural Gas,2021,September,97907,128,0
Oregon,Idaho Power,2021,September,97907,383,2
Oregon,Idaho Power,2021,September,97908,59,0
Oregon,Idaho Power,2021,September,97909,49,0
Oregon,Idaho Power,2021,September,97910,386,0
Oregon,Idaho Power,2021,September,97911,93,0
Oregon,Idaho Power,2021,September,97913,2149,4
Oregon,Cascade Natural Gas,2021,September,97913,752,3
Oregon,Idaho Power,2021,September,97914,6893,14
Oregon,Cascade Natural Gas,2021,September,97914,2686,38
Oregon,Idaho Power,2021,September,97917,1,0
Oregon,Idaho Power,2021,September,97918,1985,3
Oregon,Cascade Natural Gas,2021,September,97918,411,1
Oregon,Idaho Power,2021,September,97920,36,0
Oregon,Portland General Electric,2022,Apr,97002,2245,2
Oregon,Portland General Electric,2022,Apr,97003,11110,33
Oregon,Portland General Electric,2022,Apr,97004,1765,2
Oregon,Portland General Electric,2022,Apr,97005,12324,36
Oregon,Portland General Electric,2022,Apr,97006,19008,34
Oregon,Portland General Electric,2022,Apr,97007,18729,27
Oregon,Portland General Electric,2022,Apr,97008,11960,23
Oregon,Portland General Electric,2022,Apr,97009,3419,2
Oregon,Portland General Electric,2022,Apr,97010,.,0
Oregon,Portland General Electric,2022,Apr,97011,495,1
Oregon,Portland General Electric,2022,Apr,97013,2351,3
Oregon,Portland General Electric,2022,Apr,97015,9093,22
Oregon,Portland General Electric,2022,Apr,97017,1129,1
Oregon,Portland General Electric,2022,Apr,97019,1231,1
Oregon,Portland General Electric,2022,Apr,97020,375,0
Oregon,Portland General Electric,2022,Apr,97022,1459,0
Oregon,Portland General Electric,2022,Apr,97023,4928,5
Oregon,Portland General Electric,2022,Apr,97024,4652,21
Oregon,Portland General Electric,2022,Apr,97026,1187,0
Oregon,Portland General Electric,2022,Apr,97027,4947,4
Oregon,Portland General Electric,2022,Apr,97028,730,0
Oregon,Portland General Electric,2022,Apr,97030,15356,89
Oregon,Portland General Electric,2022,Apr,97032,1739,3
Oregon,Portland General Electric,2022,Apr,97034,8436,4
Oregon,Portland General Electric,2022,Apr,97035,11396,8
Oregon,Portland General Electric,2022,Apr,97036,2,0
Oregon,Portland General Electric,2022,Apr,97038,6330,10
Oregon,Portland General Electric,2022,Apr,97042,1214,1
Oregon,Portland General Electric,2022,Apr,97045,22160,36
Oregon,Portland General Electric,2022,Apr,97049,1779,2
Oregon,Portland General Electric,2022,Apr,97055,7978,1
Oregon,Portland General Electric,2022,Apr,97056,29,0
Oregon,Portland General Electric,2022,Apr,97060,8054,14
Oregon,Portland General Electric,2022,Apr,97062,11315,26
Oregon,Portland General Electric,2022,Apr,97067,1271,4
Oregon,Portland General Electric,2022,Apr,97068,11675,11
Oregon,Portland General Electric,2022,Apr,97070,11482,30
Oregon,Portland General Electric,2022,Apr,97071,9860,24
Oregon,Portland General Electric,2022,Apr,97078,9115,26
Oregon,Portland General Electric,2022,Apr,97080,16362,42
Oregon,Portland General Electric,2022,Apr,97086,12836,23
Oregon,Portland General Electric,2022,Apr,97089,5006,2
Oregon,Portland General Electric,2022,Apr,97101,1546,1
Oregon,Portland General Electric,2022,Apr,97106,1549,2
Oregon,Portland General Electric,2022,Apr,97109,81,0
Oregon,Portland General Electric,2022,Apr,97111,1471,2
Oregon,Portland General Electric,2022,Apr,97113,5247,9
Oregon,Portland General Electric,2022,Apr,97114,1759,1
Oregon,Portland General Electric,2022,Apr,97115,1705,0
Oregon,Portland General Electric,2022,Apr,97116,838,1
Oregon,Portland General Electric,2022,Apr,97117,263,0
Oregon,Portland General Electric,2022,Apr,97119,1614,2
Oregon,Portland General Electric,2022,Apr,97123,18223,33
Oregon,Portland General Electric,2022,Apr,97124,21609,42
Oregon,Portland General Electric,2022,Apr,97125,18,0
Oregon,Portland General Electric,2022,Apr,97127,1478,3
Oregon,Portland General Electric,2022,Apr,97128,493,0
Oregon,Portland General Electric,2022,Apr,97132,11915,9
Oregon,Portland General Electric,2022,Apr,97133,2282,1
Oregon,Portland General Electric,2022,Apr,97137,485,0
Oregon,Portland General Electric,2022,Apr,97140,9441,4
Oregon,Portland General Electric,2022,Apr,97148,1351,0
Oregon,Portland General Electric,2022,Apr,97201,7354,14
Oregon,Portland General Electric,2022,Apr,97202,20125,26
Oregon,Portland General Electric,2022,Apr,97203,12957,52
Oregon,Portland General Electric,2022,Apr,97204,415,3
Oregon,Portland General Electric,2022,Apr,97205,3259,6
Oregon,Portland General Electric,2022,Apr,97206,21974,40
Oregon,Portland General Electric,2022,Apr,97209,15077,45
Oregon,Portland General Electric,2022,Apr,97210,7959,7
Oregon,Portland General Electric,2022,Apr,97211,22,0
Oregon,Portland General Electric,2022,Apr,97213,3121,3
Oregon,Portland General Electric,2022,Apr,97214,15341,16
Oregon,Portland General Electric,2022,Apr,97215,7620,11
Oregon,Portland General Electric,2022,Apr,97216,4229,10
Oregon,Portland General Electric,2022,Apr,97217,12899,32
Oregon,Portland General Electric,2022,Apr,97219,17508,31
Oregon,Portland General Electric,2022,Apr,97221,5538,6
Oregon,Portland General Electric,2022,Apr,97222,15595,22
Oregon,Portland General Electric,2022,Apr,97223,20888,35
Oregon,Portland General Electric,2022,Apr,97224,15899,20
Oregon,Portland General Electric,2022,Apr,97225,11577,18
Oregon,Portland General Electric,2022,Apr,97227,419,0
Oregon,Portland General Electric,2022,Apr,97229,28131,19
Oregon,Portland General Electric,2022,Apr,97230,15552,71
Oregon,Portland General Electric,2022,Apr,97231,1992,2
Oregon,Portland General Electric,2022,Apr,97232,5311,12
Oregon,Portland General Electric,2022,Apr,97233,15328,130
Oregon,Portland General Electric,2022,Apr,97236,13827,88
Oregon,Portland General Electric,2022,Apr,97239,9973,15
Oregon,Portland General Electric,2022,Apr,97266,13421,46
Oregon,Portland General Electric,2022,Apr,97267,12828,21
Oregon,Portland General Electric,2022,Apr,97301,19096,66
Oregon,Portland General Electric,2022,Apr,97302,17191,49
Oregon,Portland General Electric,2022,Apr,97303,10713,20
Oregon,Portland General Electric,2022,Apr,97304,1333,0
Oregon,Portland General Electric,2022,Apr,97305,15677,59
Oregon,Portland General Electric,2022,Apr,97306,13811,35
Oregon,Portland General Electric,2022,Apr,97317,8431,27
Oregon,Portland General Electric,2022,Apr,97325,154,1
Oregon,Portland General Electric,2022,Apr,97338,242,1
Oregon,Portland General Electric,2022,Apr,97346,.,0
Oregon,Portland General Electric,2022,Apr,97347,804,2
Oregon,Portland General Electric,2022,Apr,97352,119,0
Oregon,Portland General Electric,2022,Apr,97362,1509,2
Oregon,Portland General Electric,2022,Apr,97371,103,0
Oregon,Portland General Electric,2022,Apr,97375,518,0
Oregon,Portland General Electric,2022,Apr,97378,2834,2
Oregon,Portland General Electric,2022,Apr,97381,6403,8
Oregon,Portland General Electric,2022,Apr,97385,141,0
Oregon,Portland General Electric,2022,Apr,97392,1947,4
Oregon,Portland General Electric,2022,Apr,97396,1362,1
Oregon,Northwest Natural Gas Company,2022,April,97002,785,0
Oregon,Northwest Natural Gas Company,2022,April,97003,6864,7
Oregon,Northwest Natural Gas Company,2022,April,97004,233,2
Oregon,Northwest Natural Gas Company,2022,April,97005,4334,2
Oregon,Northwest Natural Gas Company,2022,April,97006,9366,8
Oregon,Northwest Natural Gas Company,2022,April,97007,13945,7
Oregon,Northwest Natural Gas Company,2022,April,97008,6347,0
Oregon,Northwest Natural Gas Company,2022,April,97009,1087,0
Oregon,Northwest Natural Gas Company,2022,April,97013,3733,0
Oregon,Northwest Natural Gas Company,2022,April,97015,4665,5
Oregon,Northwest Natural Gas Company,2022,April,97016,114,0
Oregon,Northwest Natural Gas Company,2022,April,97018,652,0
Oregon,Northwest Natural Gas Company,2022,April,97020,161,0
Oregon,Northwest Natural Gas Company,2022,April,97024,2008,0
Oregon,Northwest Natural Gas Company,2022,April,97026,384,0
Oregon,Northwest Natural Gas Company,2022,April,97027,2974,8
Oregon,Northwest Natural Gas Company,2022,April,97030,6488,10
Oregon,Northwest Natural Gas Company,2022,April,97031,3680,1
Oregon,Northwest Natural Gas Company,2022,April,97032,902,4
Oregon,Northwest Natural Gas Company,2022,April,97034,6794,5
Oregon,Northwest Natural Gas Company,2022,April,97035,7267,9
Oregon,Northwest Natural Gas Company,2022,April,97036,1,0
Oregon,Northwest Natural Gas Company,2022,April,97038,2185,4
Oregon,Northwest Natural Gas Company,2022,April,97042,120,0
Oregon,Northwest Natural Gas Company,2022,April,97045,11446,10
Oregon,Northwest Natural Gas Company,2022,April,97048,392,0
Oregon,Northwest Natural Gas Company,2022,April,97051,3344,5
Oregon,Northwest Natural Gas Company,2022,April,97053,624,0
Oregon,Northwest Natural Gas Company,2022,April,97054,19,0
Oregon,Northwest Natural Gas Company,2022,April,97055,3500,3
Oregon,Northwest Natural Gas Company,2022,April,97056,2428,1
Oregon,Northwest Natural Gas Company,2022,April,97058,1647,0
Oregon,Northwest Natural Gas Company,2022,April,97060,4811,2
Oregon,Northwest Natural Gas Company,2022,April,97062,6127,3
Oregon,Northwest Natural Gas Company,2022,April,97064,707,0
Oregon,Northwest Natural Gas Company,2022,April,97068,9469,6
Oregon,Northwest Natural Gas Company,2022,April,97070,6282,3
Oregon,Northwest Natural Gas Company,2022,April,97071,5393,15
Oregon,Northwest Natural Gas Company,2022,April,97078,5983,5
Oregon,Northwest Natural Gas Company,2022,April,97080,11055,11
Oregon,Northwest Natural Gas Company,2022,April,97086,9164,9
Oregon,Northwest Natural Gas Company,2022,April,97089,3381,3
Oregon,Northwest Natural Gas Company,2022,April,97101,311,1
Oregon,Northwest Natural Gas Company,2022,April,97103,4061,2
Oregon,Northwest Natural Gas Company,2022,April,97106,457,0
Oregon,Northwest Natural Gas Company,2022,April,97110,1351,0
Oregon,Northwest Natural Gas Company,2022,April,97111,28,0
Oregon,Northwest Natural Gas Company,2022,April,97113,2681,0
Oregon,Northwest Natural Gas Company,2022,April,97114,17,0
Oregon,Northwest Natural Gas Company,2022,April,97115,954,0
Oregon,Northwest Natural Gas Company,2022,April,97116,3576,0
Oregon,Northwest Natural Gas Company,2022,April,97121,428,0
Oregon,Northwest Natural Gas Company,2022,April,97123,11657,9
Oregon,Northwest Natural Gas Company,2022,April,97124,10797,14
Oregon,Northwest Natural Gas Company,2022,April,97127,810,2
Oregon,Northwest Natural Gas Company,2022,April,97128,3318,3
Oregon,Northwest Natural Gas Company,2022,April,97132,5631,6
Oregon,Northwest Natural Gas Company,2022,April,97133,1147,0
Oregon,Northwest Natural Gas Company,2022,April,97138,4328,4
Oregon,Northwest Natural Gas Company,2022,April,97140,6640,7
Oregon,Northwest Natural Gas Company,2022,April,97145,1,0
Oregon,Northwest Natural Gas Company,2022,April,97146,2167,0
Oregon,Northwest Natural Gas Company,2022,April,97201,2501,2
Oregon,Northwest Natural Gas Company,2022,April,97202,11659,10
Oregon,Northwest Natural Gas Company,2022,April,97203,7516,9
Oregon,Northwest Natural Gas Company,2022,April,97204,133,0
Oregon,Northwest Natural Gas Company,2022,April,97205,1311,4
Oregon,Northwest Natural Gas Company,2022,April,97206,13905,24
Oregon,Northwest Natural Gas Company,2022,April,97209,2462,4
Oregon,Northwest Natural Gas Company,2022,April,97210,4296,4
Oregon,Northwest Natural Gas Company,2022,April,97211,10516,14
Oregon,Northwest Natural Gas Company,2022,April,97212,8555,10
Oregon,Northwest Natural Gas Company,2022,April,97213,9881,8
Oregon,Northwest Natural Gas Company,2022,April,97214,8364,21
Oregon,Northwest Natural Gas Company,2022,April,97215,5770,2
Oregon,Northwest Natural Gas Company,2022,April,97216,3457,6
Oregon,Northwest Natural Gas Company,2022,April,97217,10576,15
Oregon,Northwest Natural Gas Company,2022,April,97218,3631,9
Oregon,Northwest Natural Gas Company,2022,April,97219,12490,8
Oregon,Northwest Natural Gas Company,2022,April,97220,6735,18
Oregon,Northwest Natural Gas Company,2022,April,97221,3956,2
Oregon,Northwest Natural Gas Company,2022,April,97222,8095,6
Oregon,Northwest Natural Gas Company,2022,April,97223,12978,8
Oregon,Northwest Natural Gas Company,2022,April,97224,10658,1
Oregon,Northwest Natural Gas Company,2022,April,97225,7309,4
Oregon,Northwest Natural Gas Company,2022,April,97227,1617,3
Oregon,Northwest Natural Gas Company,2022,April,97229,21168,4
Oregon,Northwest Natural Gas Company,2022,April,97230,9436,16
Oregon,Northwest Natural Gas Company,2022,April,97231,780,4
Oregon,Northwest Natural Gas Company,2022,April,97232,2934,3
Oregon,Northwest Natural Gas Company,2022,April,97233,6254,14
Oregon,Northwest Natural Gas Company,2022,April,97236,7219,12
Oregon,Northwest Natural Gas Company,2022,April,97239,3966,1
Oregon,Northwest Natural Gas Company,2022,April,97266,7286,37
Oregon,Northwest Natural Gas Company,2022,April,97267,8754,10
Oregon,Northwest Natural Gas Company,2022,April,97301,8557,14
Oregon,Northwest Natural Gas Company,2022,April,97302,10266,11
Oregon,Northwest Natural Gas Company,2022,April,97303,9008,6
Oregon,Northwest Natural Gas Company,2022,April,97304,7323,7
Oregon,Northwest Natural Gas Company,2022,April,97305,6897,2
Oregon,Northwest Natural Gas Company,2022,April,97306,8664,9
Oregon,Northwest Natural Gas Company,2022,April,97310,9,0
Oregon,Northwest Natural Gas Company,2022,April,97317,3861,7
Oregon,Northwest Natural Gas Company,2022,April,97321,8740,7
Oregon,Northwest Natural Gas Company,2022,April,97322,7427,2
Oregon,Northwest Natural Gas Company,2022,April,97325,810,1
Oregon,Northwest Natural Gas Company,2022,April,97327,530,0
Oregon,Northwest Natural Gas Company,2022,April,97330,9296,7
Oregon,Northwest Natural Gas Company,2022,April,97333,4453,3
Oregon,Northwest Natural Gas Company,2022,April,97338,4503,4
Oregon,Northwest Natural Gas Company,2022,April,97341,1350,0
Oregon,Northwest Natural Gas Company,2022,April,97345,12,0
Oregon,Northwest Natural Gas Company,2022,April,97347,224,0
Oregon,Northwest Natural Gas Company,2022,April,97348,219,0
Oregon,Northwest Natural Gas Company,2022,April,97351,1798,3
Oregon,Northwest Natural Gas Company,2022,April,97352,771,1
Oregon,Northwest Natural Gas Company,2022,April,97355,5159,7
Oregon,Northwest Natural Gas Company,2022,April,97358,400,1
Oregon,Northwest Natural Gas Company,2022,April,97360,500,4
Oregon,Northwest Natural Gas Company,2022,April,97361,1318,1
Oregon,Northwest Natural Gas Company,2022,April,97362,731,0
Oregon,Northwest Natural Gas Company,2022,April,97364,231,0
Oregon,Northwest Natural Gas Company,2022,April,97365,1655,0
Oregon,Northwest Natural Gas Company,2022,April,97366,181,0
Oregon,Northwest Natural Gas Company,2022,April,97367,4186,3
Oregon,Northwest Natural Gas Company,2022,April,97368,872,0
Oregon,Northwest Natural Gas Company,2022,April,97370,1258,1
Oregon,Northwest Natural Gas Company,2022,April,97371,43,0
Oregon,Northwest Natural Gas Company,2022,April,97372,10,0
Oregon,Northwest Natural Gas Company,2022,April,97374,301,0
Oregon,Northwest Natural Gas Company,2022,April,97377,54,0
Oregon,Northwest Natural Gas Company,2022,April,97378,812,2
Oregon,Northwest Natural Gas Company,2022,April,97380,154,0
Oregon,Northwest Natural Gas Company,2022,April,97381,2940,0
Oregon,Northwest Natural Gas Company,2022,April,97383,1779,2
Oregon,Northwest Natural Gas Company,2022,April,97384,31,0
Oregon,Northwest Natural Gas Company,2022,April,97385,871,0
Oregon,Northwest Natural Gas Company,2022,April,97386,2184,1
Oregon,Northwest Natural Gas Company,2022,April,97388,1041,2
Oregon,Northwest Natural Gas Company,2022,April,97389,313,0
Oregon,Northwest Natural Gas Company,2022,April,97391,285,0
Oregon,Northwest Natural Gas Company,2022,April,97392,983,0
Oregon,Northwest Natural Gas Company,2022,April,97396,420,2
Oregon,Northwest Natural Gas Company,2022,April,97401,5659,0
Oregon,Northwest Natural Gas Company,2022,April,97402,4619,0
Oregon,Northwest Natural Gas Company,2022,April,97403,1547,0
Oregon,Northwest Natural Gas Company,2022,April,97404,6331,1
Oregon,Northwest Natural Gas Company,2022,April,97405,7000,1
Oregon,Northwest Natural Gas Company,2022,April,97408,2962,1
Oregon,Avista Utilities,2022,April,97417,318,2
Oregon,Northwest Natural Gas Company,2022,April,97420,826,1
Oregon,Northwest Natural Gas Company,2022,April,97423,217,0
Oregon,Northwest Natural Gas Company,2022,April,97424,2350,0
Oregon,Northwest Natural Gas Company,2022,April,97426,1293,2
Oregon,Avista Utilities,2022,April,97432,57,0
Oregon,Northwest Natural Gas Company,2022,April,97438,8,0
Oregon,Avista Utilities,2022,April,97442,153,0
Oregon,Northwest Natural Gas Company,2022,April,97446,590,0
Oregon,Northwest Natural Gas Company,2022,April,97448,1425,0
Oregon,Northwest Natural Gas Company,2022,April,97455,138,0
Oregon,Avista Utilities,2022,April,97457,1480,2
Oregon,Northwest Natural Gas Company,2022,April,97458,135,0
Oregon,Northwest Natural Gas Company,2022,April,97459,592,1
Oregon,Avista Utilities,2022,April,97462,282,2
Oregon,Avista Utilities,2022,April,97469,274,1
Oregon,Avista Utilities,2022,April,97470,3532,16
Oregon,Avista Utilities,2022,April,97471,5073,11
Oregon,Northwest Natural Gas Company,2022,April,97477,2987,0
Oregon,Northwest Natural Gas Company,2022,April,97478,2397,0
Oregon,Avista Utilities,2022,April,97479,1700,5
Oregon,Avista Utilities,2022,April,97495,501,2
Oregon,Avista Utilities,2022,April,97496,1152,5
Oregon,Avista Utilities,2022,April,97497,2,0
Oregon,Avista Utilities,2022,April,97501,9240,25
Oregon,Avista Utilities,2022,April,97502,6454,14
Oregon,Avista Utilities,2022,April,97503,1686,7
Oregon,Avista Utilities,2022,April,97504,13148,31
Oregon,Avista Utilities,2022,April,97520,7346,11
Oregon,Avista Utilities,2022,April,97524,2808,1
Oregon,Avista Utilities,2022,April,97525,584,1
Oregon,Avista Utilities,2022,April,97526,6423,28
Oregon,Avista Utilities,2022,April,97527,5592,20
Oregon,Avista Utilities,2022,April,97528,2,0
Oregon,Avista Utilities,2022,April,97530,1248,1
Oregon,Avista Utilities,2022,April,97535,1095,6
Oregon,Avista Utilities,2022,April,97537,564,3
Oregon,Avista Utilities,2022,April,97539,222,0
Oregon,Avista Utilities,2022,April,97540,1376,0
Oregon,Avista Utilities,2022,April,97601,6510,24
Oregon,Avista Utilities,2022,April,97603,8845,25
Oregon,Avista Utilities,2022,April,97623,58,0
Oregon,Avista Utilities,2022,April,97627,203,1
Oregon,Avista Utilities,2022,April,97632,132,1
Oregon,Avista Utilities,2022,April,97634,29,0
Oregon,Cascade Natural Gas,2022,April,97701,10455,2
Oregon,Cascade Natural Gas,2022,April,97702,13609,3
Oregon,Cascade Natural Gas,2022,April,97703,9357,1
Oregon,Cascade Natural Gas,2022,April,97707,3775,0
Oregon,Cascade Natural Gas,2022,April,97731,24,0
Oregon,Cascade Natural Gas,2022,April,97733,71,0
Oregon,Cascade Natural Gas,2022,April,97737,123,0
Oregon,Cascade Natural Gas,2022,April,97739,356,1
Oregon,Cascade Natural Gas,2022,April,97741,1432,1
Oregon,Cascade Natural Gas,2022,April,97753,394,0
Oregon,Cascade Natural Gas,2022,April,97754,2787,0
Oregon,Cascade Natural Gas,2022,April,97756,9073,6
Oregon,Cascade Natural Gas,2022,April,97801,4919,11
Oregon,Cascade Natural Gas,2022,April,97813,345,0
Oregon,Idaho Power,2022,April,97814,3,0
Oregon,Cascade Natural Gas,2022,April,97814,3443,0
Oregon,Cascade Natural Gas,2022,April,97818,297,0
Oregon,Idaho Power,2022,April,97819,25,0
Oregon,Avista Utilities,2022,April,97824,318,0
Oregon,Cascade Natural Gas,2022,April,97826,23,0
Oregon,Avista Utilities,2022,April,97827,538,2
Oregon,Idaho Power,2022,April,97834,666,0
Oregon,Idaho Power,2022,April,97837,73,0
Oregon,Cascade Natural Gas,2022,April,97838,4069,0
Oregon,Idaho Power,2022,April,97840,99,0
Oregon,Avista Utilities,2022,April,97841,134,1
Oregon,Cascade Natural Gas,2022,April,97844,181,1
Oregon,Avista Utilities,2022,April,97850,4991,13
Oregon,Cascade Natural Gas,2022,April,97862,243,0
Oregon,Avista Utilities,2022,April,97867,146,2
Oregon,Cascade Natural Gas,2022,April,97868,473,0
Oregon,Idaho Power,2022,April,97870,432,0
Oregon,Cascade Natural Gas,2022,April,97875,378,0
Oregon,Avista Utilities,2022,April,97876,51,0
Oregon,Cascade Natural Gas,2022,April,97882,942,1
Oregon,Avista Utilities,2022,April,97883,767,1
Oregon,Idaho Power,2022,April,97884,172,0
Oregon,Cascade Natural Gas,2022,April,97886,182,0
Oregon,Idaho Power,2022,April,97901,365,1
Oregon,Idaho Power,2022,April,97902,31,0
Oregon,Idaho Power,2022,April,97903,82,0
Oregon,Idaho Power,2022,April,97904,113,0
Oregon,Idaho Power,2022,April,97905,102,0
Oregon,Idaho Power,2022,April,97906,140,0
Oregon,Cascade Natural Gas,2022,April,97907,133,0
Oregon,Idaho Power,2022,April,97907,381,0
Oregon,Idaho Power,2022,April,97908,60,0
Oregon,Idaho Power,2022,April,97909,49,0
Oregon,Idaho Power,2022,April,97910,385,0
Oregon,Idaho Power,2022,April,97911,94,0
Oregon,Cascade Natural Gas,2022,April,97913,755,0
Oregon,Idaho Power,2022,April,97913,2166,15
Oregon,Cascade Natural Gas,2022,April,97914,2715,0
Oregon,Idaho Power,2022,April,97914,6978,18
Oregon,Idaho Power,2022,April,97917,1,0
Oregon,Idaho Power,2022,April,97918,1986,12
Oregon,Cascade Natural Gas,2022,April,97918,417,0
Oregon,Idaho Power,2022,April,97920,35,0
Oregon,Portland General Electric,2022,Aug,97002,"2,247",3
Oregon,Portland General Electric,2022,Aug,97003,170,44
Oregon,Portland General Electric,2022,Aug,97004,"1,774",3
Oregon,Portland General Electric,2022,Aug,97005,"12,300",69
Oregon,Portland General Electric,2022,Aug,97006,36,66
Oregon,Portland General Electric,2022,Aug,97007,24,29
Oregon,Portland General Electric,2022,Aug,97008,"11,957",46
Oregon,Portland General Electric,2022,Aug,97009,"3,398",9
Oregon,Portland General Electric,2022,Aug,97011,492,0
Oregon,Portland General Electric,2022,Aug,97013,"2,353",2
Oregon,Portland General Electric,2022,Aug,97015,"8,231",48
Oregon,Portland General Electric,2022,Aug,97017,"1,127",3
Oregon,Portland General Electric,2022,Aug,97019,"1,230",0
Oregon,Portland General Electric,2022,Aug,97020,376,0
Oregon,Portland General Electric,2022,Aug,97022,"1,451",11
Oregon,Portland General Electric,2022,Aug,97023,"4,957",16
Oregon,Portland General Electric,2022,Aug,97024,"4,662",21
Oregon,Portland General Electric,2022,Aug,97026,"1,197",6
Oregon,Portland General Electric,2022,Aug,97027,"4,951",8
Oregon,Portland General Electric,2022,Aug,97028,730,0
Oregon,Portland General Electric,2022,Aug,97030,"15,518",113
Oregon,Portland General Electric,2022,Aug,97032,"1,742",5
Oregon,Portland General Electric,2022,Aug,97034,"8,450",2
Oregon,Portland General Electric,2022,Aug,97035,432,11
Oregon,Portland General Electric,2022,Aug,97036,2,0
Oregon,Portland General Electric,2022,Aug,97038,"6,365",11
Oregon,Portland General Electric,2022,Aug,97042,"1,215",0
Oregon,Portland General Electric,2022,Aug,97045,"22,226",50
Oregon,Portland General Electric,2022,Aug,97049,"1,759",3
Oregon,Portland General Electric,2022,Aug,97055,"7,988",20
Oregon,Portland General Electric,2022,Aug,97060,"6,645",24
Oregon,Portland General Electric,2022,Aug,97062,"11,306",47
Oregon,Portland General Electric,2022,Aug,97067,"1,313",2
Oregon,Portland General Electric,2022,Aug,97068,"11,694",6
Oregon,Portland General Electric,2022,Aug,97070,"11,486",26
Oregon,Portland General Electric,2022,Aug,97071,"9,977",28
Oregon,Portland General Electric,2022,Aug,97078,"8,996",49
Oregon,Portland General Electric,2022,Aug,97080,"16,522",58
Oregon,Portland General Electric,2022,Aug,97086,"1,254",44
Oregon,Portland General Electric,2022,Aug,97089,"4,740",10
Oregon,Portland General Electric,2022,Aug,97101,"1,550",3
Oregon,Portland General Electric,2022,Aug,97106,"1,550",0
Oregon,Portland General Electric,2022,Aug,97109,81,0
Oregon,Portland General Electric,2022,Aug,97111,"1,471",4
Oregon,Portland General Electric,2022,Aug,97113,"5,308",12
Oregon,Portland General Electric,2022,Aug,97114,"1,765",2
Oregon,Portland General Electric,2022,Aug,97115,"1,705",1
Oregon,Portland General Electric,2022,Aug,97116,836,2
Oregon,Portland General Electric,2022,Aug,97117,267,1
Oregon,Portland General Electric,2022,Aug,97119,"1,618",1
Oregon,Portland General Electric,2022,Aug,97123,"18,348",44
Oregon,Portland General Electric,2022,Aug,97124,"21,573",52
Oregon,Portland General Electric,2022,Aug,97125,10,0
Oregon,Portland General Electric,2022,Aug,97127,"1,499",1
Oregon,Portland General Electric,2022,Aug,97128,495,1
Oregon,Portland General Electric,2022,Aug,97132,"12,033",23
Oregon,Portland General Electric,2022,Aug,97133,"2,308",1
Oregon,Portland General Electric,2022,Aug,97137,488,2
Oregon,Portland General Electric,2022,Aug,97140,"9,482",12
Oregon,Portland General Electric,2022,Aug,97148,"1,356",2
Oregon,Portland General Electric,2022,Aug,97201,"7,351",18
Oregon,Portland General Electric,2022,Aug,97202,"20,172",44
Oregon,Portland General Electric,2022,Aug,97203,"13,052",57
Oregon,Portland General Electric,2022,Aug,97204,413,4
Oregon,Portland General Electric,2022,Aug,97205,"3,262",13
Oregon,Portland General Electric,2022,Aug,97206,"22,008",70
Oregon,Portland General Electric,2022,Aug,97209,"15,237",58
Oregon,Portland General Electric,2022,Aug,97210,"7,966",12
Oregon,Portland General Electric,2022,Aug,97211,19,0
Oregon,Portland General Electric,2022,Aug,97213,"3,117",3
Oregon,Portland General Electric,2022,Aug,97214,"15,357",43
Oregon,Portland General Electric,2022,Aug,97215,"7,658",14
Oregon,Portland General Electric,2022,Aug,97216,"4,223",15
Oregon,Portland General Electric,2022,Aug,97217,"13,011",51
Oregon,Portland General Electric,2022,Aug,97219,"17,517",29
Oregon,Portland General Electric,2022,Aug,97221,"5,554",10
Oregon,Portland General Electric,2022,Aug,97222,"13,503",41
Oregon,Portland General Electric,2022,Aug,97223,"7,439",83
Oregon,Portland General Electric,2022,Aug,97224,"1,909",33
Oregon,Portland General Electric,2022,Aug,97225,"11,580",24
Oregon,Portland General Electric,2022,Aug,97227,427,0
Oregon,Portland General Electric,2022,Aug,97229,"28,257",50
Oregon,Portland General Electric,2022,Aug,97230,"15,687",98
Oregon,Portland General Electric,2022,Aug,97231,"1,989",3
Oregon,Portland General Electric,2022,Aug,97232,"5,350",8
Oregon,Portland General Electric,2022,Aug,97233,"15,320",184
Oregon,Portland General Electric,2022,Aug,97236,"13,818",126
Oregon,Portland General Electric,2022,Aug,97239,"9,975",22
Oregon,Portland General Electric,2022,Aug,97266,"13,397",83
Oregon,Portland General Electric,2022,Aug,97267,"11,442",40
Oregon,Portland General Electric,2022,Aug,97301,"19,203",110
Oregon,Portland General Electric,2022,Aug,97302,"17,222",69
Oregon,Portland General Electric,2022,Aug,97303,"10,439",30
Oregon,Portland General Electric,2022,Aug,97304,"1,335",1
Oregon,Portland General Electric,2022,Aug,97305,"15,708",86
Oregon,Portland General Electric,2022,Aug,97306,"13,850",31
Oregon,Portland General Electric,2022,Aug,97317,"8,434",38
Oregon,Portland General Electric,2022,Aug,97325,153,0
Oregon,Portland General Electric,2022,Aug,97338,240,0
Oregon,Portland General Electric,2022,Aug,97347,806,2
Oregon,Portland General Electric,2022,Aug,97352,120,0
Oregon,Portland General Electric,2022,Aug,97362,"1,510",4
Oregon,Portland General Electric,2022,Aug,97371,103,0
Oregon,Portland General Electric,2022,Aug,97375,517,1
Oregon,Portland General Electric,2022,Aug,97378,"2,832",13
Oregon,Portland General Electric,2022,Aug,97381,"6,398",16
Oregon,Portland General Electric,2022,Aug,97385,142,0
Oregon,Portland General Electric,2022,Aug,97392,"1,950",3
Oregon,Portland General Electric,2022,Aug,97396,"1,363",6
Oregon,Northwest Natural Gas Company,2022,August,97002,789,0
Oregon,Northwest Natural Gas Company,2022,August,97003,6874,0
Oregon,Northwest Natural Gas Company,2022,August,97004,233,0
Oregon,Northwest Natural Gas Company,2022,August,97005,4320,1
Oregon,Northwest Natural Gas Company,2022,August,97006,9343,2
Oregon,Northwest Natural Gas Company,2022,August,97007,13985,5
Oregon,Northwest Natural Gas Company,2022,August,97008,6335,1
Oregon,Northwest Natural Gas Company,2022,August,97009,1091,1
Oregon,Northwest Natural Gas Company,2022,August,97013,3756,0
Oregon,Northwest Natural Gas Company,2022,August,97015,4671,0
Oregon,Northwest Natural Gas Company,2022,August,97016,113,0
Oregon,Northwest Natural Gas Company,2022,August,97018,653,0
Oregon,Northwest Natural Gas Company,2022,August,97020,161,0
Oregon,Northwest Natural Gas Company,2022,August,97024,2009,0
Oregon,Northwest Natural Gas Company,2022,August,97026,407,0
Oregon,Northwest Natural Gas Company,2022,August,97027,2976,0
Oregon,Northwest Natural Gas Company,2022,August,97030,6473,1
Oregon,Northwest Natural Gas Company,2022,August,97031,3689,2
Oregon,Northwest Natural Gas Company,2022,August,97032,901,0
Oregon,Northwest Natural Gas Company,2022,August,97034,6788,0
Oregon,Northwest Natural Gas Company,2022,August,97035,7254,0
Oregon,Northwest Natural Gas Company,2022,August,97036,1,0
Oregon,Northwest Natural Gas Company,2022,August,97038,2178,0
Oregon,Northwest Natural Gas Company,2022,August,97042,121,0
Oregon,Northwest Natural Gas Company,2022,August,97045,11475,2
Oregon,Northwest Natural Gas Company,2022,August,97048,391,0
Oregon,Northwest Natural Gas Company,2022,August,97051,3363,0
Oregon,Northwest Natural Gas Company,2022,August,97053,625,0
Oregon,Northwest Natural Gas Company,2022,August,97054,19,0
Oregon,Northwest Natural Gas Company,2022,August,97055,3517,0
Oregon,Northwest Natural Gas Company,2022,August,97056,2435,1
Oregon,Northwest Natural Gas Company,2022,August,97058,1647,0
Oregon,Northwest Natural Gas Company,2022,August,97060,4813,0
Oregon,Northwest Natural Gas Company,2022,August,97062,6128,0
Oregon,Northwest Natural Gas Company,2022,August,97064,707,1
Oregon,Northwest Natural Gas Company,2022,August,97068,9456,4
Oregon,Northwest Natural Gas Company,2022,August,97070,6328,0
Oregon,Northwest Natural Gas Company,2022,August,97071,5453,1
Oregon,Northwest Natural Gas Company,2022,August,97078,5979,1
Oregon,Northwest Natural Gas Company,2022,August,97080,11124,2
Oregon,Northwest Natural Gas Company,2022,August,97086,9236,5
Oregon,Northwest Natural Gas Company,2022,August,97089,3385,0
Oregon,Northwest Natural Gas Company,2022,August,97101,312,0
Oregon,Northwest Natural Gas Company,2022,August,97103,4050,2
Oregon,Northwest Natural Gas Company,2022,August,97106,458,0
Oregon,Northwest Natural Gas Company,2022,August,97110,1344,0
Oregon,Northwest Natural Gas Company,2022,August,97111,39,0
Oregon,Northwest Natural Gas Company,2022,August,97113,2735,3
Oregon,Northwest Natural Gas Company,2022,August,97114,17,0
Oregon,Northwest Natural Gas Company,2022,August,97115,955,0
Oregon,Northwest Natural Gas Company,2022,August,97116,3630,0
Oregon,Northwest Natural Gas Company,2022,August,97121,428,0
Oregon,Northwest Natural Gas Company,2022,August,97123,11811,0
Oregon,Northwest Natural Gas Company,2022,August,97124,10772,0
Oregon,Northwest Natural Gas Company,2022,August,97127,819,0
Oregon,Northwest Natural Gas Company,2022,August,97128,3361,0
Oregon,Northwest Natural Gas Company,2022,August,97132,5645,0
Oregon,Northwest Natural Gas Company,2022,August,97133,1151,0
Oregon,Northwest Natural Gas Company,2022,August,97138,4342,0
Oregon,Northwest Natural Gas Company,2022,August,97140,6665,0
Oregon,Northwest Natural Gas Company,2022,August,97145,1,0
Oregon,Northwest Natural Gas Company,2022,August,97146,2162,0
Oregon,Northwest Natural Gas Company,2022,August,97201,2555,0
Oregon,Northwest Natural Gas Company,2022,August,97202,11660,1
Oregon,Northwest Natural Gas Company,2022,August,97203,7520,3
Oregon,Northwest Natural Gas Company,2022,August,97204,139,0
Oregon,Northwest Natural Gas Company,2022,August,97205,1363,0
Oregon,Northwest Natural Gas Company,2022,August,97206,13867,2
Oregon,Northwest Natural Gas Company,2022,August,97209,2467,0
Oregon,Northwest Natural Gas Company,2022,August,97210,4295,1
Oregon,Northwest Natural Gas Company,2022,August,97211,10507,3
Oregon,Northwest Natural Gas Company,2022,August,97212,8543,1
Oregon,Northwest Natural Gas Company,2022,August,97213,9860,1
Oregon,Northwest Natural Gas Company,2022,August,97214,8321,2
Oregon,Northwest Natural Gas Company,2022,August,97215,5761,0
Oregon,Northwest Natural Gas Company,2022,August,97216,3435,2
Oregon,Northwest Natural Gas Company,2022,August,97217,10531,1
Oregon,Northwest Natural Gas Company,2022,August,97218,3625,1
Oregon,Northwest Natural Gas Company,2022,August,97219,12482,3
Oregon,Northwest Natural Gas Company,2022,August,97220,6706,5
Oregon,Northwest Natural Gas Company,2022,August,97221,3955,1
Oregon,Northwest Natural Gas Company,2022,August,97222,8081,3
Oregon,Northwest Natural Gas Company,2022,August,97223,12977,1
Oregon,Northwest Natural Gas Company,2022,August,97224,10686,2
Oregon,Northwest Natural Gas Company,2022,August,97225,7322,5
Oregon,Northwest Natural Gas Company,2022,August,97227,1614,2
Oregon,Northwest Natural Gas Company,2022,August,97229,21234,1
Oregon,Northwest Natural Gas Company,2022,August,97230,9413,5
Oregon,Northwest Natural Gas Company,2022,August,97231,777,0
Oregon,Northwest Natural Gas Company,2022,August,97232,2930,0
Oregon,Northwest Natural Gas Company,2022,August,97233,6227,2
Oregon,Northwest Natural Gas Company,2022,August,97236,7206,5
Oregon,Northwest Natural Gas Company,2022,August,97239,3966,1
Oregon,Northwest Natural Gas Company,2022,August,97266,7242,5
Oregon,Northwest Natural Gas Company,2022,August,97267,8749,1
Oregon,Northwest Natural Gas Company,2022,August,97301,8548,9
Oregon,Northwest Natural Gas Company,2022,August,97302,10270,4
Oregon,Northwest Natural Gas Company,2022,August,97303,8993,1
Oregon,Northwest Natural Gas Company,2022,August,97304,7326,0
Oregon,Northwest Natural Gas Company,2022,August,97305,6898,2
Oregon,Northwest Natural Gas Company,2022,August,97306,8693,2
Oregon,Northwest Natural Gas Company,2022,August,97310,9,0
Oregon,Northwest Natural Gas Company,2022,August,97317,3863,0
Oregon,Northwest Natural Gas Company,2022,August,97321,8758,0
Oregon,Northwest Natural Gas Company,2022,August,97322,7416,0
Oregon,Northwest Natural Gas Company,2022,August,97325,807,0
Oregon,Northwest Natural Gas Company,2022,August,97327,550,0
Oregon,Northwest Natural Gas Company,2022,August,97330,9247,2
Oregon,Northwest Natural Gas Company,2022,August,97333,4444,0
Oregon,Northwest Natural Gas Company,2022,August,97338,4519,2
Oregon,Northwest Natural Gas Company,2022,August,97341,1352,0
Oregon,Northwest Natural Gas Company,2022,August,97345,12,0
Oregon,Northwest Natural Gas Company,2022,August,97347,225,0
Oregon,Northwest Natural Gas Company,2022,August,97348,218,0
Oregon,Northwest Natural Gas Company,2022,August,97351,1807,0
Oregon,Northwest Natural Gas Company,2022,August,97352,768,1
Oregon,Northwest Natural Gas Company,2022,August,97355,5127,2
Oregon,Northwest Natural Gas Company,2022,August,97358,401,1
Oregon,Northwest Natural Gas Company,2022,August,97360,496,2
Oregon,Northwest Natural Gas Company,2022,August,97361,1337,0
Oregon,Northwest Natural Gas Company,2022,August,97362,731,0
Oregon,Northwest Natural Gas Company,2022,August,97364,230,0
Oregon,Northwest Natural Gas Company,2022,August,97365,1659,2
Oregon,Northwest Natural Gas Company,2022,August,97366,179,0
Oregon,Northwest Natural Gas Company,2022,August,97367,4198,1
Oregon,Northwest Natural Gas Company,2022,August,97368,884,0
Oregon,Northwest Natural Gas Company,2022,August,97370,1259,0
Oregon,Northwest Natural Gas Company,2022,August,97371,43,0
Oregon,Northwest Natural Gas Company,2022,August,97372,9,0
Oregon,Northwest Natural Gas Company,2022,August,97374,303,1
Oregon,Northwest Natural Gas Company,2022,August,97377,54,0
Oregon,Northwest Natural Gas Company,2022,August,97378,808,0
Oregon,Northwest Natural Gas Company,2022,August,97380,153,0
Oregon,Northwest Natural Gas Company,2022,August,97381,2939,2
Oregon,Northwest Natural Gas Company,2022,August,97383,1779,0
Oregon,Northwest Natural Gas Company,2022,August,97384,32,0
Oregon,Northwest Natural Gas Company,2022,August,97385,884,0
Oregon,Northwest Natural Gas Company,2022,August,97386,2177,1
Oregon,Northwest Natural Gas Company,2022,August,97388,1046,0
Oregon,Northwest Natural Gas Company,2022,August,97389,312,0
Oregon,Northwest Natural Gas Company,2022,August,97391,284,0
Oregon,Northwest Natural Gas Company,2022,August,97392,984,0
Oregon,Northwest Natural Gas Company,2022,August,97396,419,0
Oregon,Northwest Natural Gas Company,2022,August,97401,5636,0
Oregon,Northwest Natural Gas Company,2022,August,97402,4597,0
Oregon,Northwest Natural Gas Company,2022,August,97403,1557,0
Oregon,Northwest Natural Gas Company,2022,August,97404,6343,0
Oregon,Northwest Natural Gas Company,2022,August,97405,6998,0
Oregon,Northwest Natural Gas Company,2022,August,97408,2975,0
Oregon,Northwest Natural Gas Company,2022,August,97420,826,0
Oregon,Northwest Natural Gas Company,2022,August,97423,215,0
Oregon,Northwest Natural Gas Company,2022,August,97424,2347,0
Oregon,Northwest Natural Gas Company,2022,August,97426,1293,1
Oregon,Northwest Natural Gas Company,2022,August,97438,8,0
Oregon,Northwest Natural Gas Company,2022,August,97446,585,1
Oregon,Northwest Natural Gas Company,2022,August,97448,1420,0
Oregon,Northwest Natural Gas Company,2022,August,97455,137,0
Oregon,Northwest Natural Gas Company,2022,August,97458,138,0
Oregon,Northwest Natural Gas Company,2022,August,97459,596,0
Oregon,Northwest Natural Gas Company,2022,August,97477,3015,0
Oregon,Northwest Natural Gas Company,2022,August,97478,2423,0
Oregon,Cascade Natural Gas,2022,August,97701,10484,9
Oregon,Cascade Natural Gas,2022,August,97702,13708,9
Oregon,Cascade Natural Gas,2022,August,97703,9455,4
Oregon,Cascade Natural Gas,2022,August,97707,3786,2
Oregon,Cascade Natural Gas,2022,August,97731,24,0
Oregon,Cascade Natural Gas,2022,August,97733,70,0
Oregon,Cascade Natural Gas,2022,August,97737,123,0
Oregon,Cascade Natural Gas,2022,August,97739,377,0
Oregon,Cascade Natural Gas,2022,August,97741,1464,6
Oregon,Cascade Natural Gas,2022,August,97753,407,0
Oregon,Cascade Natural Gas,2022,August,97754,2793,11
Oregon,Cascade Natural Gas,2022,August,97756,9164,7
Oregon,Cascade Natural Gas,2022,August,97801,4835,12
Oregon,Cascade Natural Gas,2022,August,97813,344,0
Oregon,Cascade Natural Gas,2022,August,97814,3429,17
Oregon,Idaho Power,2022,August,97814,4,0
Oregon,Cascade Natural Gas,2022,August,97818,303,3
Oregon,Idaho Power,2022,August,97819,25,0
Oregon,Cascade Natural Gas,2022,August,97826,23,0
Oregon,Idaho Power,2022,August,97834,665,0
Oregon,Idaho Power,2022,August,97837,75,0
Oregon,Cascade Natural Gas,2022,August,97838,4063,6
Oregon,Idaho Power,2022,August,97840,111,0
Oregon,Cascade Natural Gas,2022,August,97844,179,0
Oregon,Cascade Natural Gas,2022,August,97862,240,0
Oregon,Cascade Natural Gas,2022,August,97868,465,4
Oregon,Idaho Power,2022,August,97870,440,0
Oregon,Cascade Natural Gas,2022,August,97875,373,1
Oregon,Cascade Natural Gas,2022,August,97882,949,2
Oregon,Idaho Power,2022,August,97884,171,0
Oregon,Cascade Natural Gas,2022,August,97886,182,3
Oregon,Idaho Power,2022,August,97901,369,1
Oregon,Idaho Power,2022,August,97902,31,0
Oregon,Idaho Power,2022,August,97903,84,0
Oregon,Idaho Power,2022,August,97904,114,0
Oregon,Idaho Power,2022,August,97905,109,0
Oregon,Idaho Power,2022,August,97906,142,0
Oregon,Cascade Natural Gas,2022,August,97907,129,1
Oregon,Idaho Power,2022,August,97907,383,0
Oregon,Idaho Power,2022,August,97908,60,0
Oregon,Idaho Power,2022,August,97909,50,0
Oregon,Idaho Power,2022,August,97910,385,0
Oregon,Idaho Power,2022,August,97911,95,0
Oregon,Idaho Power,2022,August,97913,2218,3
Oregon,Cascade Natural Gas,2022,August,97913,749,2
Oregon,Idaho Power,2022,August,97914,7043,7
Oregon,Cascade Natural Gas,2022,August,97914,2679,6
Oregon,Idaho Power,2022,August,97917,1,0
Oregon,Idaho Power,2022,August,97918,1983,3
Oregon,Cascade Natural Gas,2022,August,97918,418,1
Oregon,Idaho Power,2022,August,97920,35,0
Oregon,Portland General Electric,2022,Dec,97002,"2,245",3
Oregon,Portland General Electric,2022,Dec,97003,171,31
Oregon,Portland General Electric,2022,Dec,97004,"1,771",0
Oregon,Portland General Electric,2022,Dec,97005,"12,318",44
Oregon,Portland General Electric,2022,Dec,97006,36,45
Oregon,Portland General Electric,2022,Dec,97007,25,21
Oregon,Portland General Electric,2022,Dec,97008,"11,972",25
Oregon,Portland General Electric,2022,Dec,97009,"3,397",5
Oregon,Portland General Electric,2022,Dec,97011,491,1
Oregon,Portland General Electric,2022,Dec,97013,"2,353",2
Oregon,Portland General Electric,2022,Dec,97015,"8,238",19
Oregon,Portland General Electric,2022,Dec,97017,"1,126",0
Oregon,Portland General Electric,2022,Dec,97019,"1,229",1
Oregon,Portland General Electric,2022,Dec,97020,376,0
Oregon,Portland General Electric,2022,Dec,97022,"1,456",5
Oregon,Portland General Electric,2022,Dec,97023,"4,985",8
Oregon,Portland General Electric,2022,Dec,97024,"4,650",15
Oregon,Portland General Electric,2022,Dec,97026,"1,208",3
Oregon,Portland General Electric,2022,Dec,97027,"4,952",9
Oregon,Portland General Electric,2022,Dec,97028,804,0
Oregon,Portland General Electric,2022,Dec,97030,"15,496",49
Oregon,Portland General Electric,2022,Dec,97032,"1,747",4
Oregon,Portland General Electric,2022,Dec,97034,"8,464",0
Oregon,Portland General Electric,2022,Dec,97035,430,3
Oregon,Portland General Electric,2022,Dec,97036,2,0
Oregon,Portland General Electric,2022,Dec,97038,"6,380",9
Oregon,Portland General Electric,2022,Dec,97042,"1,218",0
Oregon,Portland General Electric,2022,Dec,97045,"22,301",39
Oregon,Portland General Electric,2022,Dec,97049,"1,643",0
Oregon,Portland General Electric,2022,Dec,97055,"8,012",10
Oregon,Portland General Electric,2022,Dec,97056,29,0
Oregon,Portland General Electric,2022,Dec,97060,"6,652",14
Oregon,Portland General Electric,2022,Dec,97062,"11,351",21
Oregon,Portland General Electric,2022,Dec,97067,"1,366",2
Oregon,Portland General Electric,2022,Dec,97068,"11,681",3
Oregon,Portland General Electric,2022,Dec,97070,"11,487",22
Oregon,Portland General Electric,2022,Dec,97071,"10,324",21
Oregon,Portland General Electric,2022,Dec,97078,133,20
Oregon,Portland General Electric,2022,Dec,97080,"16,576",31
Oregon,Portland General Electric,2022,Dec,97086,"1,254",30
Oregon,Portland General Electric,2022,Dec,97089,267,6
Oregon,Portland General Electric,2022,Dec,97101,"1,549",4
Oregon,Portland General Electric,2022,Dec,97106,"1,584",0
Oregon,Portland General Electric,2022,Dec,97109,82,0
Oregon,Portland General Electric,2022,Dec,97111,"1,483",0
Oregon,Portland General Electric,2022,Dec,97113,"5,368",10
Oregon,Portland General Electric,2022,Dec,97114,"1,775",2
Oregon,Portland General Electric,2022,Dec,97115,"1,705",3
Oregon,Portland General Electric,2022,Dec,97116,834,0
Oregon,Portland General Electric,2022,Dec,97117,267,0
Oregon,Portland General Electric,2022,Dec,97119,"1,620",1
Oregon,Portland General Electric,2022,Dec,97123,"18,439",28
Oregon,Portland General Electric,2022,Dec,97124,82,30
Oregon,Portland General Electric,2022,Dec,97125,8,10
Oregon,Portland General Electric,2022,Dec,97127,"1,529",0
Oregon,Portland General Electric,2022,Dec,97128,499,0
Oregon,Portland General Electric,2022,Dec,97132,"12,081",24
Oregon,Portland General Electric,2022,Dec,97133,"2,346",2
Oregon,Portland General Electric,2022,Dec,97137,487,0
Oregon,Portland General Electric,2022,Dec,97140,"9,505",6
Oregon,Portland General Electric,2022,Dec,97148,"1,357",1
Oregon,Portland General Electric,2022,Dec,97201,"7,358",8
Oregon,Portland General Electric,2022,Dec,97202,"20,232",22
Oregon,Portland General Electric,2022,Dec,97203,"13,149",11
Oregon,Portland General Electric,2022,Dec,97204,413,0
Oregon,Portland General Electric,2022,Dec,97205,"3,276",3
Oregon,Portland General Electric,2022,Dec,97206,"22,134",28
Oregon,Portland General Electric,2022,Dec,97209,"15,360",15
Oregon,Portland General Electric,2022,Dec,97210,"7,981",10
Oregon,Portland General Electric,2022,Dec,97211,7,0
Oregon,Portland General Electric,2022,Dec,97213,"3,124",3
Oregon,Portland General Electric,2022,Dec,97214,"15,505",25
Oregon,Portland General Electric,2022,Dec,97215,"7,698",5
Oregon,Portland General Electric,2022,Dec,97216,"4,242",4
Oregon,Portland General Electric,2022,Dec,97217,"13,045",15
Oregon,Portland General Electric,2022,Dec,97219,"17,519",18
Oregon,Portland General Electric,2022,Dec,97221,"5,561",8
Oregon,Portland General Electric,2022,Dec,97222,"13,554",29
Oregon,Portland General Electric,2022,Dec,97223,"7,457",42
Oregon,Portland General Electric,2022,Dec,97224,3,11
Oregon,Portland General Electric,2022,Dec,97225,"11,583",8
Oregon,Portland General Electric,2022,Dec,97227,427,0
Oregon,Portland General Electric,2022,Dec,97229,"28,383",22
Oregon,Portland General Electric,2022,Dec,97230,"15,675",32
Oregon,Portland General Electric,2022,Dec,97231,"1,992",2
Oregon,Portland General Electric,2022,Dec,97232,"5,345",5
Oregon,Portland General Electric,2022,Dec,97233,"15,346",45
Oregon,Portland General Electric,2022,Dec,97236,7,28
Oregon,Portland General Electric,2022,Dec,97239,"10,002",3
Oregon,Portland General Electric,2022,Dec,97266,"13,420",30
Oregon,Portland General Electric,2022,Dec,97267,"11,452",18
Oregon,Portland General Electric,2022,Dec,97301,"19,248",83
Oregon,Portland General Electric,2022,Dec,97302,"17,273",26
Oregon,Portland General Electric,2022,Dec,97303,"10,438",9
Oregon,Portland General Electric,2022,Dec,97304,"1,337",0
Oregon,Portland General Electric,2022,Dec,97305,"15,697",65
Oregon,Portland General Electric,2022,Dec,97306,"13,886",12
Oregon,Portland General Electric,2022,Dec,97317,"8,422",13
Oregon,Portland General Electric,2022,Dec,97325,151,0
Oregon,Portland General Electric,2022,Dec,97338,243,0
Oregon,Portland General Electric,2022,Dec,97347,803,3
Oregon,Portland General Electric,2022,Dec,97352,119,0
Oregon,Portland General Electric,2022,Dec,97362,"1,526",3
Oregon,Portland General Electric,2022,Dec,97371,104,0
Oregon,Portland General Electric,2022,Dec,97375,520,0
Oregon,Portland General Electric,2022,Dec,97378,"2,845",3
Oregon,Portland General Electric,2022,Dec,97381,"6,420",8
Oregon,Portland General Electric,2022,Dec,97385,143,1
Oregon,Portland General Electric,2022,Dec,97392,"1,953",0
Oregon,Portland General Electric,2022,Dec,97396,"1,377",3
Oregon,Northwest Natural Gas Company,2022,December,97002,790,0
Oregon,Northwest Natural Gas Company,2022,December,97003,6898,1
Oregon,Northwest Natural Gas Company,2022,December,97004,234,0
Oregon,Northwest Natural Gas Company,2022,December,97005,4329,1
Oregon,Northwest Natural Gas Company,2022,December,97006,9362,1
Oregon,Northwest Natural Gas Company,2022,December,97007,14023,3
Oregon,Northwest Natural Gas Company,2022,December,97008,6340,0
Oregon,Northwest Natural Gas Company,2022,December,97009,1096,0
Oregon,Northwest Natural Gas Company,2022,December,97013,3820,0
Oregon,Northwest Natural Gas Company,2022,December,97015,4681,1
Oregon,Northwest Natural Gas Company,2022,December,97016,116,0
Oregon,Northwest Natural Gas Company,2022,December,97018,653,0
Oregon,Northwest Natural Gas Company,2022,December,97020,161,0
Oregon,Northwest Natural Gas Company,2022,December,97024,2005,0
Oregon,Northwest Natural Gas Company,2022,December,97026,419,0
Oregon,Northwest Natural Gas Company,2022,December,97027,2982,0
Oregon,Northwest Natural Gas Company,2022,December,97030,6485,1
Oregon,Northwest Natural Gas Company,2022,December,97031,3715,0
Oregon,Northwest Natural Gas Company,2022,December,97032,909,0
Oregon,Northwest Natural Gas Company,2022,December,97034,6794,2
Oregon,Northwest Natural Gas Company,2022,December,97035,7275,3
Oregon,Northwest Natural Gas Company,2022,December,97036,1,0
Oregon,Northwest Natural Gas Company,2022,December,97038,2183,1
Oregon,Northwest Natural Gas Company,2022,December,97042,124,0
Oregon,Northwest Natural Gas Company,2022,December,97045,11497,2
Oregon,Northwest Natural Gas Company,2022,December,97048,396,0
Oregon,Northwest Natural Gas Company,2022,December,97051,3375,0
Oregon,Northwest Natural Gas Company,2022,December,97053,625,0
Oregon,Northwest Natural Gas Company,2022,December,97054,19,0
Oregon,Northwest Natural Gas Company,2022,December,97055,3541,1
Oregon,Northwest Natural Gas Company,2022,December,97056,2436,0
Oregon,Northwest Natural Gas Company,2022,December,97058,1662,0
Oregon,Northwest Natural Gas Company,2022,December,97060,4820,0
Oregon,Northwest Natural Gas Company,2022,December,97062,6125,1
Oregon,Northwest Natural Gas Company,2022,December,97064,714,1
Oregon,Northwest Natural Gas Company,2022,December,97068,9423,3
Oregon,Northwest Natural Gas Company,2022,December,97070,6350,1
Oregon,Northwest Natural Gas Company,2022,December,97071,5525,0
Oregon,Northwest Natural Gas Company,2022,December,97078,5987,1
Oregon,Northwest Natural Gas Company,2022,December,97080,11235,4
Oregon,Northwest Natural Gas Company,2022,December,97086,9307,2
Oregon,Northwest Natural Gas Company,2022,December,97089,3391,0
Oregon,Northwest Natural Gas Company,2022,December,97101,311,0
Oregon,Northwest Natural Gas Company,2022,December,97103,4060,1
Oregon,Northwest Natural Gas Company,2022,December,97106,458,0
Oregon,Northwest Natural Gas Company,2022,December,97110,1357,0
Oregon,Northwest Natural Gas Company,2022,December,97111,56,0
Oregon,Northwest Natural Gas Company,2022,December,97113,2752,0
Oregon,Northwest Natural Gas Company,2022,December,97114,17,0
Oregon,Northwest Natural Gas Company,2022,December,97115,957,0
Oregon,Northwest Natural Gas Company,2022,December,97116,3686,0
Oregon,Northwest Natural Gas Company,2022,December,97121,429,0
Oregon,Northwest Natural Gas Company,2022,December,97123,11925,0
Oregon,Northwest Natural Gas Company,2022,December,97124,10789,2
Oregon,Northwest Natural Gas Company,2022,December,97127,830,0
Oregon,Northwest Natural Gas Company,2022,December,97128,3402,1
Oregon,Northwest Natural Gas Company,2022,December,97132,5672,0
Oregon,Northwest Natural Gas Company,2022,December,97133,1188,0
Oregon,Northwest Natural Gas Company,2022,December,97138,4357,0
Oregon,Northwest Natural Gas Company,2022,December,97140,6699,2
Oregon,Northwest Natural Gas Company,2022,December,97146,2168,1
Oregon,Northwest Natural Gas Company,2022,December,97201,2589,0
Oregon,Northwest Natural Gas Company,2022,December,97202,11703,0
Oregon,Northwest Natural Gas Company,2022,December,97203,7564,0
Oregon,Northwest Natural Gas Company,2022,December,97204,138,0
Oregon,Northwest Natural Gas Company,2022,December,97205,1507,0
Oregon,Northwest Natural Gas Company,2022,December,97206,14018,6
Oregon,Northwest Natural Gas Company,2022,December,97209,2464,0
Oregon,Northwest Natural Gas Company,2022,December,97210,4328,0
Oregon,Northwest Natural Gas Company,2022,December,97211,10521,0
Oregon,Northwest Natural Gas Company,2022,December,97212,8566,1
Oregon,Northwest Natural Gas Company,2022,December,97213,9903,1
Oregon,Northwest Natural Gas Company,2022,December,97214,8342,0
Oregon,Northwest Natural Gas Company,2022,December,97215,5781,0
Oregon,Northwest Natural Gas Company,2022,December,97216,3454,0
Oregon,Northwest Natural Gas Company,2022,December,97217,10584,3
Oregon,Northwest Natural Gas Company,2022,December,97218,3645,0
Oregon,Northwest Natural Gas Company,2022,December,97219,12520,1
Oregon,Northwest Natural Gas Company,2022,December,97220,6731,1
Oregon,Northwest Natural Gas Company,2022,December,97221,3957,0
Oregon,Northwest Natural Gas Company,2022,December,97222,8116,2
Oregon,Northwest Natural Gas Company,2022,December,97223,12997,1
Oregon,Northwest Natural Gas Company,2022,December,97224,10738,1
Oregon,Northwest Natural Gas Company,2022,December,97225,7328,0
Oregon,Northwest Natural Gas Company,2022,December,97227,1634,0
Oregon,Northwest Natural Gas Company,2022,December,97229,21380,1
Oregon,Northwest Natural Gas Company,2022,December,97230,9438,5
Oregon,Northwest Natural Gas Company,2022,December,97231,776,0
Oregon,Northwest Natural Gas Company,2022,December,97232,2942,0
Oregon,Northwest Natural Gas Company,2022,December,97233,6247,2
Oregon,Northwest Natural Gas Company,2022,December,97236,7242,4
Oregon,Northwest Natural Gas Company,2022,December,97239,3967,0
Oregon,Northwest Natural Gas Company,2022,December,97248,1,0
Oregon,Northwest Natural Gas Company,2022,December,97266,7290,5
Oregon,Northwest Natural Gas Company,2022,December,97267,8759,0
Oregon,Northwest Natural Gas Company,2022,December,97301,8618,2
Oregon,Northwest Natural Gas Company,2022,December,97302,10318,0
Oregon,Northwest Natural Gas Company,2022,December,97303,9030,1
Oregon,Northwest Natural Gas Company,2022,December,97304,7335,1
Oregon,Northwest Natural Gas Company,2022,December,97305,6917,1
Oregon,Northwest Natural Gas Company,2022,December,97306,8720,2
Oregon,Northwest Natural Gas Company,2022,December,97310,9,0
Oregon,Northwest Natural Gas Company,2022,December,97317,3884,0
Oregon,Northwest Natural Gas Company,2022,December,97321,8814,0
Oregon,Northwest Natural Gas Company,2022,December,97322,7431,1
Oregon,Northwest Natural Gas Company,2022,December,97325,808,0
Oregon,Northwest Natural Gas Company,2022,December,97327,552,0
Oregon,Northwest Natural Gas Company,2022,December,97330,9356,1
Oregon,Northwest Natural Gas Company,2022,December,97333,4483,0
Oregon,Northwest Natural Gas Company,2022,December,97338,4577,0
Oregon,Northwest Natural Gas Company,2022,December,97341,1351,0
Oregon,Northwest Natural Gas Company,2022,December,97345,12,0
Oregon,Northwest Natural Gas Company,2022,December,97347,225,0
Oregon,Northwest Natural Gas Company,2022,December,97348,219,0
Oregon,Northwest Natural Gas Company,2022,December,97351,1818,0
Oregon,Northwest Natural Gas Company,2022,December,97352,773,0
Oregon,Northwest Natural Gas Company,2022,December,97355,5155,0
Oregon,Northwest Natural Gas Company,2022,December,97358,406,0
Oregon,Northwest Natural Gas Company,2022,December,97360,503,0
Oregon,Northwest Natural Gas Company,2022,December,97361,1355,0
Oregon,Northwest Natural Gas Company,2022,December,97362,732,0
Oregon,Northwest Natural Gas Company,2022,December,97364,230,0
Oregon,Northwest Natural Gas Company,2022,December,97365,1667,0
Oregon,Northwest Natural Gas Company,2022,December,97366,179,0
Oregon,Northwest Natural Gas Company,2022,December,97367,4223,0
Oregon,Northwest Natural Gas Company,2022,December,97368,889,0
Oregon,Northwest Natural Gas Company,2022,December,97370,1261,0
Oregon,Northwest Natural Gas Company,2022,December,97371,43,0
Oregon,Northwest Natural Gas Company,2022,December,97372,9,0
Oregon,Northwest Natural Gas Company,2022,December,97374,303,0
Oregon,Northwest Natural Gas Company,2022,December,97377,53,0
Oregon,Northwest Natural Gas Company,2022,December,97378,811,0
Oregon,Northwest Natural Gas Company,2022,December,97380,153,0
Oregon,Northwest Natural Gas Company,2022,December,97381,2958,0
Oregon,Northwest Natural Gas Company,2022,December,97383,1791,0
Oregon,Northwest Natural Gas Company,2022,December,97384,33,0
Oregon,Northwest Natural Gas Company,2022,December,97385,890,0
Oregon,Northwest Natural Gas Company,2022,December,97386,2185,0
Oregon,Northwest Natural Gas Company,2022,December,97388,1051,0
Oregon,Northwest Natural Gas Company,2022,December,97389,312,0
Oregon,Northwest Natural Gas Company,2022,December,97391,288,0
Oregon,Northwest Natural Gas Company,2022,December,97392,987,0
Oregon,Northwest Natural Gas Company,2022,December,97396,419,0
Oregon,Northwest Natural Gas Company,2022,December,97401,5665,0
Oregon,Northwest Natural Gas Company,2022,December,97402,4620,1
Oregon,Northwest Natural Gas Company,2022,December,97403,1573,0
Oregon,Northwest Natural Gas Company,2022,December,97404,6350,3
Oregon,Northwest Natural Gas Company,2022,December,97405,7017,0
Oregon,Northwest Natural Gas Company,2022,December,97408,2992,0
Oregon,Avista Utilities,2022,December,97417,311,1
Oregon,Northwest Natural Gas Company,2022,December,97420,827,0
Oregon,Northwest Natural Gas Company,2022,December,97423,218,0
Oregon,Northwest Natural Gas Company,2022,December,97424,2344,0
Oregon,Northwest Natural Gas Company,2022,December,97426,1295,0
Oregon,Avista Utilities,2022,December,97432,52,0
Oregon,Northwest Natural Gas Company,2022,December,97438,8,0
Oregon,Avista Utilities,2022,December,97442,148,0
Oregon,Northwest Natural Gas Company,2022,December,97446,586,0
Oregon,Northwest Natural Gas Company,2022,December,97448,1437,0
Oregon,Northwest Natural Gas Company,2022,December,97455,138,0
Oregon,Avista Utilities,2022,December,97457,1470,2
Oregon,Northwest Natural Gas Company,2022,December,97458,140,0
Oregon,Northwest Natural Gas Company,2022,December,97459,602,0
Oregon,Avista Utilities,2022,December,97462,273,0
Oregon,Avista Utilities,2022,December,97469,267,0
Oregon,Avista Utilities,2022,December,97470,3504,0
Oregon,Avista Utilities,2022,December,97471,5060,1
Oregon,Northwest Natural Gas Company,2022,December,97477,3077,0
Oregon,Northwest Natural Gas Company,2022,December,97478,2450,0
Oregon,Avista Utilities,2022,December,97479,1685,0
Oregon,Avista Utilities,2022,December,97495,504,0
Oregon,Avista Utilities,2022,December,97496,1141,2
Oregon,Avista Utilities,2022,December,97497,2,0
Oregon,Avista Utilities,2022,December,97501,9126,4
Oregon,Avista Utilities,2022,December,97502,6430,1
Oregon,Avista Utilities,2022,December,97503,1679,0
Oregon,Avista Utilities,2022,December,97504,13202,4
Oregon,Avista Utilities,2022,December,97520,7257,4
Oregon,Avista Utilities,2022,December,97524,2810,1
Oregon,Avista Utilities,2022,December,97525,569,0
Oregon,Avista Utilities,2022,December,97526,6388,3
Oregon,Avista Utilities,2022,December,97527,5579,3
Oregon,Avista Utilities,2022,December,97528,2,0
Oregon,Avista Utilities,2022,December,97530,1240,0
Oregon,Avista Utilities,2022,December,97535,1133,2
Oregon,Avista Utilities,2022,December,97537,558,0
Oregon,Avista Utilities,2022,December,97539,227,0
Oregon,Avista Utilities,2022,December,97540,1413,1
Oregon,Avista Utilities,2022,December,97601,6441,2
Oregon,Avista Utilities,2022,December,97603,8783,1
Oregon,Avista Utilities,2022,December,97623,59,0
Oregon,Avista Utilities,2022,December,97627,204,1
Oregon,Avista Utilities,2022,December,97632,127,0
Oregon,Avista Utilities,2022,December,97634,30,0
Oregon,Idaho Power,2022,December,97814,4,0
Oregon,Idaho Power,2022,December,97819,25,0
Oregon,Avista Utilities,2022,December,97824,319,0
Oregon,Avista Utilities,2022,December,97827,531,0
Oregon,Idaho Power,2022,December,97834,665,0
Oregon,Idaho Power,2022,December,97837,73,0
Oregon,Idaho Power,2022,December,97840,110,0
Oregon,Avista Utilities,2022,December,97841,134,0
Oregon,Avista Utilities,2022,December,97850,4959,0
Oregon,Avista Utilities,2022,December,97867,145,0
Oregon,Idaho Power,2022,December,97870,439,0
Oregon,Avista Utilities,2022,December,97876,50,0
Oregon,Avista Utilities,2022,December,97883,768,0
Oregon,Idaho Power,2022,December,97884,171,0
Oregon,Idaho Power,2022,December,97901,369,1
Oregon,Idaho Power,2022,December,97902,31,0
Oregon,Idaho Power,2022,December,97903,82,0
Oregon,Idaho Power,2022,December,97904,115,0
Oregon,Idaho Power,2022,December,97905,104,0
Oregon,Idaho Power,2022,December,97906,143,0
Oregon,Idaho Power,2022,December,97907,383,0
Oregon,Idaho Power,2022,December,97908,60,0
Oregon,Idaho Power,2022,December,97909,54,0
Oregon,Idaho Power,2022,December,97910,368,0
Oregon,Idaho Power,2022,December,97911,94,0
Oregon,Idaho Power,2022,December,97913,2185,3
Oregon,Idaho Power,2022,December,97914,7044,18
Oregon,Idaho Power,2022,December,97917,1,0
Oregon,Idaho Power,2022,December,97918,1975,1
Oregon,Idaho Power,2022,December,97920,35,0
Oregon,Portland General Electric,2022,Feb,97002,2238,2
Oregon,Portland General Electric,2022,Feb,97003,11289,9
Oregon,Portland General Electric,2022,Feb,97004,1773,2
Oregon,Portland General Electric,2022,Feb,97005,12073,14
Oregon,Portland General Electric,2022,Feb,97006,18800,22
Oregon,Portland General Electric,2022,Feb,97007,18622,12
Oregon,Portland General Electric,2022,Feb,97008,11962,14
Oregon,Portland General Electric,2022,Feb,97009,3412,4
Oregon,Portland General Electric,2022,Feb,97010,2,0
Oregon,Portland General Electric,2022,Feb,97011,500,2
Oregon,Portland General Electric,2022,Feb,97013,2361,0
Oregon,Portland General Electric,2022,Feb,97015,9104,33
Oregon,Portland General Electric,2022,Feb,97017,1130,1
Oregon,Portland General Electric,2022,Feb,97019,1225,0
Oregon,Portland General Electric,2022,Feb,97020,376,1
Oregon,Portland General Electric,2022,Feb,97022,1458,2
Oregon,Portland General Electric,2022,Feb,97023,4874,2
Oregon,Portland General Electric,2022,Feb,97024,4661,2
Oregon,Portland General Electric,2022,Feb,97026,1181,0
Oregon,Portland General Electric,2022,Feb,97027,4948,2
Oregon,Portland General Electric,2022,Feb,97028,729,0
Oregon,Portland General Electric,2022,Feb,97030,15392,57
Oregon,Portland General Electric,2022,Feb,97032,1741,4
Oregon,Portland General Electric,2022,Feb,97034,8445,1
Oregon,Portland General Electric,2022,Feb,97035,11385,3
Oregon,Portland General Electric,2022,Feb,97036,2,0
Oregon,Portland General Electric,2022,Feb,97038,6311,15
Oregon,Portland General Electric,2022,Feb,97042,1208,1
Oregon,Portland General Electric,2022,Feb,97045,22153,19
Oregon,Portland General Electric,2022,Feb,97049,1777,1
Oregon,Portland General Electric,2022,Feb,97055,7971,5
Oregon,Portland General Electric,2022,Feb,97056,29,0
Oregon,Portland General Electric,2022,Feb,97060,8044,6
Oregon,Portland General Electric,2022,Feb,97062,11307,11
Oregon,Portland General Electric,2022,Feb,97067,1266,2
Oregon,Portland General Electric,2022,Feb,97068,11670,5
Oregon,Portland General Electric,2022,Feb,97070,11466,5
Oregon,Portland General Electric,2022,Feb,97071,9847,4
Oregon,Portland General Electric,2022,Feb,97078,9527,6
Oregon,Portland General Electric,2022,Feb,97080,16289,21
Oregon,Portland General Electric,2022,Feb,97086,12932,35
Oregon,Portland General Electric,2022,Feb,97089,4827,6
Oregon,Portland General Electric,2022,Feb,97101,1552,3
Oregon,Portland General Electric,2022,Feb,97106,1550,0
Oregon,Portland General Electric,2022,Feb,97109,81,0
Oregon,Portland General Electric,2022,Feb,97111,1489,1
Oregon,Portland General Electric,2022,Feb,97113,5221,2
Oregon,Portland General Electric,2022,Feb,97114,1762,0
Oregon,Portland General Electric,2022,Feb,97115,1704,2
Oregon,Portland General Electric,2022,Feb,97116,838,0
Oregon,Portland General Electric,2022,Feb,97117,262,1
Oregon,Portland General Electric,2022,Feb,97119,1611,2
Oregon,Portland General Electric,2022,Feb,97123,17842,12
Oregon,Portland General Electric,2022,Feb,97124,21620,11
Oregon,Portland General Electric,2022,Feb,97125,18,0
Oregon,Portland General Electric,2022,Feb,97127,1447,1
Oregon,Portland General Electric,2022,Feb,97128,493,0
Oregon,Portland General Electric,2022,Feb,97132,11877,8
Oregon,Portland General Electric,2022,Feb,97133,2278,1
Oregon,Portland General Electric,2022,Feb,97137,486,0
Oregon,Portland General Electric,2022,Feb,97140,9425,4
Oregon,Portland General Electric,2022,Feb,97148,1354,0
Oregon,Portland General Electric,2022,Feb,97201,7344,2
Oregon,Portland General Electric,2022,Feb,97202,20090,31
Oregon,Portland General Electric,2022,Feb,97203,12952,31
Oregon,Portland General Electric,2022,Feb,97204,415,4
Oregon,Portland General Electric,2022,Feb,97205,3270,1
Oregon,Portland General Electric,2022,Feb,97206,21953,37
Oregon,Portland General Electric,2022,Feb,97209,15058,40
Oregon,Portland General Electric,2022,Feb,97210,7943,6
Oregon,Portland General Electric,2022,Feb,97211,.,0
Oregon,Portland General Electric,2022,Feb,97213,3131,0
Oregon,Portland General Electric,2022,Feb,97214,15293,8
Oregon,Portland General Electric,2022,Feb,97215,7613,9
Oregon,Portland General Electric,2022,Feb,97216,4203,2
Oregon,Portland General Electric,2022,Feb,97217,12893,30
Oregon,Portland General Electric,2022,Feb,97219,17481,7
Oregon,Portland General Electric,2022,Feb,97221,5537,3
Oregon,Portland General Electric,2022,Feb,97222,15600,12
Oregon,Portland General Electric,2022,Feb,97223,20886,24
Oregon,Portland General Electric,2022,Feb,97224,15877,15
Oregon,Portland General Electric,2022,Feb,97225,11579,5
Oregon,Portland General Electric,2022,Feb,97227,420,1
Oregon,Portland General Electric,2022,Feb,97229,28068,9
Oregon,Portland General Electric,2022,Feb,97230,15540,26
Oregon,Portland General Electric,2022,Feb,97231,1989,1
Oregon,Portland General Electric,2022,Feb,97232,5141,3
Oregon,Portland General Electric,2022,Feb,97233,15201,48
Oregon,Portland General Electric,2022,Feb,97236,13829,42
Oregon,Portland General Electric,2022,Feb,97239,9957,5
Oregon,Portland General Electric,2022,Feb,97266,13299,44
Oregon,Portland General Electric,2022,Feb,97267,12834,11
Oregon,Portland General Electric,2022,Feb,97301,19011,44
Oregon,Portland General Electric,2022,Feb,97302,17200,14
Oregon,Portland General Electric,2022,Feb,97303,10724,6
Oregon,Portland General Electric,2022,Feb,97304,1329,0
Oregon,Portland General Electric,2022,Feb,97305,15639,20
Oregon,Portland General Electric,2022,Feb,97306,13756,14
Oregon,Portland General Electric,2022,Feb,97317,8399,5
Oregon,Portland General Electric,2022,Feb,97325,154,0
Oregon,Portland General Electric,2022,Feb,97338,241,0
Oregon,Portland General Electric,2022,Feb,97346,1,0
Oregon,Portland General Electric,2022,Feb,97347,806,2
Oregon,Portland General Electric,2022,Feb,97352,121,0
Oregon,Portland General Electric,2022,Feb,97362,1506,3
Oregon,Portland General Electric,2022,Feb,97371,106,0
Oregon,Portland General Electric,2022,Feb,97375,513,0
Oregon,Portland General Electric,2022,Feb,97378,2829,3
Oregon,Portland General Electric,2022,Feb,97381,6392,8
Oregon,Portland General Electric,2022,Feb,97385,142,0
Oregon,Portland General Electric,2022,Feb,97392,1943,2
Oregon,Portland General Electric,2022,Feb,97396,1358,2
Oregon,Northwest Natural Gas Company,2022,February,97002,784,0
Oregon,Northwest Natural Gas Company,2022,February,97003,6855,20
Oregon,Northwest Natural Gas Company,2022,February,97004,234,0
Oregon,Northwest Natural Gas Company,2022,February,97005,4328,14
Oregon,Northwest Natural Gas Company,2022,February,97006,9350,6
Oregon,Northwest Natural Gas Company,2022,February,97007,13905,9
Oregon,Northwest Natural Gas Company,2022,February,97008,6340,3
Oregon,Northwest Natural Gas Company,2022,February,97009,1085,1
Oregon,Northwest Natural Gas Company,2022,February,97013,3709,0
Oregon,Northwest Natural Gas Company,2022,February,97015,4659,11
Oregon,Northwest Natural Gas Company,2022,February,97016,113,0
Oregon,Northwest Natural Gas Company,2022,February,97018,652,1
Oregon,Northwest Natural Gas Company,2022,February,97020,161,1
Oregon,Northwest Natural Gas Company,2022,February,97024,2008,6
Oregon,Northwest Natural Gas Company,2022,February,97026,378,0
Oregon,Northwest Natural Gas Company,2022,February,97027,2965,2
Oregon,Northwest Natural Gas Company,2022,February,97030,6488,22
Oregon,Northwest Natural Gas Company,2022,February,97031,3673,4
Oregon,Northwest Natural Gas Company,2022,February,97032,901,1
Oregon,Northwest Natural Gas Company,2022,February,97034,6791,5
Oregon,Northwest Natural Gas Company,2022,February,97035,7257,3
Oregon,Northwest Natural Gas Company,2022,February,97036,1,0
Oregon,Northwest Natural Gas Company,2022,February,97038,2186,4
Oregon,Northwest Natural Gas Company,2022,February,97042,120,0
Oregon,Northwest Natural Gas Company,2022,February,97045,11437,11
Oregon,Northwest Natural Gas Company,2022,February,97048,391,0
Oregon,Northwest Natural Gas Company,2022,February,97051,3336,2
Oregon,Northwest Natural Gas Company,2022,February,97053,625,3
Oregon,Northwest Natural Gas Company,2022,February,97054,20,0
Oregon,Northwest Natural Gas Company,2022,February,97055,3485,2
Oregon,Northwest Natural Gas Company,2022,February,97056,2428,0
Oregon,Northwest Natural Gas Company,2022,February,97058,1651,3
Oregon,Northwest Natural Gas Company,2022,February,97060,4801,19
Oregon,Northwest Natural Gas Company,2022,February,97062,6123,10
Oregon,Northwest Natural Gas Company,2022,February,97064,707,0
Oregon,Northwest Natural Gas Company,2022,February,97068,9435,11
Oregon,Northwest Natural Gas Company,2022,February,97070,6279,6
Oregon,Northwest Natural Gas Company,2022,February,97071,5359,2
Oregon,Northwest Natural Gas Company,2022,February,97078,5978,10
Oregon,Northwest Natural Gas Company,2022,February,97080,11015,21
Oregon,Northwest Natural Gas Company,2022,February,97086,9101,6
Oregon,Northwest Natural Gas Company,2022,February,97089,3375,2
Oregon,Northwest Natural Gas Company,2022,February,97101,311,0
Oregon,Northwest Natural Gas Company,2022,February,97103,4056,9
Oregon,Northwest Natural Gas Company,2022,February,97106,457,1
Oregon,Northwest Natural Gas Company,2022,February,97110,1349,2
Oregon,Northwest Natural Gas Company,2022,February,97111,25,0
Oregon,Northwest Natural Gas Company,2022,February,97113,2631,4
Oregon,Northwest Natural Gas Company,2022,February,97114,17,0
Oregon,Northwest Natural Gas Company,2022,February,97115,953,0
Oregon,Northwest Natural Gas Company,2022,February,97116,3564,0
Oregon,Northwest Natural Gas Company,2022,February,97121,429,1
Oregon,Northwest Natural Gas Company,2022,February,97123,11565,4
Oregon,Northwest Natural Gas Company,2022,February,97124,10798,9
Oregon,Northwest Natural Gas Company,2022,February,97127,805,6
Oregon,Northwest Natural Gas Company,2022,February,97128,3299,4
Oregon,Northwest Natural Gas Company,2022,February,97132,5596,4
Oregon,Northwest Natural Gas Company,2022,February,97133,1133,1
Oregon,Northwest Natural Gas Company,2022,February,97138,4318,7
Oregon,Northwest Natural Gas Company,2022,February,97140,6636,24
Oregon,Northwest Natural Gas Company,2022,February,97145,1,0
Oregon,Northwest Natural Gas Company,2022,February,97146,2163,7
Oregon,Northwest Natural Gas Company,2022,February,97201,2489,1
Oregon,Northwest Natural Gas Company,2022,February,97202,11643,12
Oregon,Northwest Natural Gas Company,2022,February,97203,7522,26
Oregon,Northwest Natural Gas Company,2022,February,97204,135,1
Oregon,Northwest Natural Gas Company,2022,February,97205,1313,1
Oregon,Northwest Natural Gas Company,2022,February,97206,13905,44
Oregon,Northwest Natural Gas Company,2022,February,97209,2458,2
Oregon,Northwest Natural Gas Company,2022,February,97210,4290,5
Oregon,Northwest Natural Gas Company,2022,February,97211,10536,17
Oregon,Northwest Natural Gas Company,2022,February,97212,8556,5
Oregon,Northwest Natural Gas Company,2022,February,97213,9872,14
Oregon,Northwest Natural Gas Company,2022,February,97214,8351,27
Oregon,Northwest Natural Gas Company,2022,February,97215,5768,14
Oregon,Northwest Natural Gas Company,2022,February,97216,3455,7
Oregon,Northwest Natural Gas Company,2022,February,97217,10571,22
Oregon,Northwest Natural Gas Company,2022,February,97218,3638,20
Oregon,Northwest Natural Gas Company,2022,February,97219,12486,15
Oregon,Northwest Natural Gas Company,2022,February,97220,6724,16
Oregon,Northwest Natural Gas Company,2022,February,97221,3954,2
Oregon,Northwest Natural Gas Company,2022,February,97222,8086,9
Oregon,Northwest Natural Gas Company,2022,February,97223,12976,17
Oregon,Northwest Natural Gas Company,2022,February,97224,10638,11
Oregon,Northwest Natural Gas Company,2022,February,97225,7302,7
Oregon,Northwest Natural Gas Company,2022,February,97227,1609,5
Oregon,Northwest Natural Gas Company,2022,February,97229,21101,7
Oregon,Northwest Natural Gas Company,2022,February,97230,9429,22
Oregon,Northwest Natural Gas Company,2022,February,97231,779,0
Oregon,Northwest Natural Gas Company,2022,February,97232,2933,6
Oregon,Northwest Natural Gas Company,2022,February,97233,6252,13
Oregon,Northwest Natural Gas Company,2022,February,97236,7219,17
Oregon,Northwest Natural Gas Company,2022,February,97239,3968,4
Oregon,Northwest Natural Gas Company,2022,February,97266,7295,14
Oregon,Northwest Natural Gas Company,2022,February,97267,8733,11
Oregon,Northwest Natural Gas Company,2022,February,97301,8561,23
Oregon,Northwest Natural Gas Company,2022,February,97302,10255,12
Oregon,Northwest Natural Gas Company,2022,February,97303,9007,11
Oregon,Northwest Natural Gas Company,2022,February,97304,7314,12
Oregon,Northwest Natural Gas Company,2022,February,97305,6890,6
Oregon,Northwest Natural Gas Company,2022,February,97306,8650,22
Oregon,Northwest Natural Gas Company,2022,February,97310,9,0
Oregon,Northwest Natural Gas Company,2022,February,97317,3863,10
Oregon,Northwest Natural Gas Company,2022,February,97321,8717,12
Oregon,Northwest Natural Gas Company,2022,February,97322,7417,10
Oregon,Northwest Natural Gas Company,2022,February,97325,808,0
Oregon,Northwest Natural Gas Company,2022,February,97327,513,0
Oregon,Northwest Natural Gas Company,2022,February,97330,9269,7
Oregon,Northwest Natural Gas Company,2022,February,97333,4442,7
Oregon,Northwest Natural Gas Company,2022,February,97338,4498,10
Oregon,Northwest Natural Gas Company,2022,February,97341,1349,0
Oregon,Northwest Natural Gas Company,2022,February,97345,12,0
Oregon,Northwest Natural Gas Company,2022,February,97347,225,2
Oregon,Northwest Natural Gas Company,2022,February,97348,219,1
Oregon,Northwest Natural Gas Company,2022,February,97351,1790,6
Oregon,Northwest Natural Gas Company,2022,February,97352,771,6
Oregon,Northwest Natural Gas Company,2022,February,97355,5141,6
Oregon,Northwest Natural Gas Company,2022,February,97358,400,0
Oregon,Northwest Natural Gas Company,2022,February,97360,503,5
Oregon,Northwest Natural Gas Company,2022,February,97361,1311,2
Oregon,Northwest Natural Gas Company,2022,February,97362,733,1
Oregon,Northwest Natural Gas Company,2022,February,97364,231,1
Oregon,Northwest Natural Gas Company,2022,February,97365,1653,2
Oregon,Northwest Natural Gas Company,2022,February,97366,181,0
Oregon,Northwest Natural Gas Company,2022,February,97367,4179,7
Oregon,Northwest Natural Gas Company,2022,February,97368,869,2
Oregon,Northwest Natural Gas Company,2022,February,97370,1255,1
Oregon,Northwest Natural Gas Company,2022,February,97371,43,0
Oregon,Northwest Natural Gas Company,2022,February,97372,10,0
Oregon,Northwest Natural Gas Company,2022,February,97374,300,0
Oregon,Northwest Natural Gas Company,2022,February,97377,54,0
Oregon,Northwest Natural Gas Company,2022,February,97378,812,5
Oregon,Northwest Natural Gas Company,2022,February,97380,154,0
Oregon,Northwest Natural Gas Company,2022,February,97381,2935,7
Oregon,Northwest Natural Gas Company,2022,February,97383,1767,6
Oregon,Northwest Natural Gas Company,2022,February,97384,32,0
Oregon,Northwest Natural Gas Company,2022,February,97385,868,0
Oregon,Northwest Natural Gas Company,2022,February,97386,2176,12
Oregon,Northwest Natural Gas Company,2022,February,97388,1042,1
Oregon,Northwest Natural Gas Company,2022,February,97389,313,0
Oregon,Northwest Natural Gas Company,2022,February,97391,286,1
Oregon,Northwest Natural Gas Company,2022,February,97392,980,0
Oregon,Northwest Natural Gas Company,2022,February,97396,418,2
Oregon,Northwest Natural Gas Company,2022,February,97401,5644,0
Oregon,Northwest Natural Gas Company,2022,February,97402,4624,5
Oregon,Northwest Natural Gas Company,2022,February,97403,1530,0
Oregon,Northwest Natural Gas Company,2022,February,97404,6324,11
Oregon,Northwest Natural Gas Company,2022,February,97405,6990,2
Oregon,Northwest Natural Gas Company,2022,February,97408,2962,1
Oregon,Northwest Natural Gas Company,2022,February,97420,821,1
Oregon,Northwest Natural Gas Company,2022,February,97423,214,1
Oregon,Northwest Natural Gas Company,2022,February,97424,2343,0
Oregon,Northwest Natural Gas Company,2022,February,97426,1287,0
Oregon,Avista Utilities,2022,February,97432,56,0
Oregon,Northwest Natural Gas Company,2022,February,97438,9,0
Oregon,Northwest Natural Gas Company,2022,February,97446,588,0
Oregon,Northwest Natural Gas Company,2022,February,97448,1422,1
Oregon,Northwest Natural Gas Company,2022,February,97455,136,0
Oregon,Northwest Natural Gas Company,2022,February,97458,135,1
Oregon,Northwest Natural Gas Company,2022,February,97459,589,0
Oregon,Avista Utilities,2022,February,97462,278,2
Oregon,Northwest Natural Gas Company,2022,February,97477,2961,4
Oregon,Northwest Natural Gas Company,2022,February,97478,2384,3
Oregon,Avista Utilities,2022,February,97501,9220,20
Oregon,Avista Utilities,2022,February,97504,13070,31
Oregon,Avista Utilities,2022,February,97535,1088,0
Oregon,Avista Utilities,2022,February,97540,1346,3
Oregon,Cascade Natural Gas,2022,February,97701,10407,14
Oregon,Cascade Natural Gas,2022,February,97702,13562,13
Oregon,Cascade Natural Gas,2022,February,97703,9278,4
Oregon,Cascade Natural Gas,2022,February,97707,3757,1
Oregon,Cascade Natural Gas,2022,February,97731,22,0
Oregon,Cascade Natural Gas,2022,February,97733,70,0
Oregon,Cascade Natural Gas,2022,February,97737,124,0
Oregon,Cascade Natural Gas,2022,February,97739,351,0
Oregon,Cascade Natural Gas,2022,February,97741,1404,1
Oregon,Cascade Natural Gas,2022,February,97753,387,0
Oregon,Cascade Natural Gas,2022,February,97754,2780,3
Oregon,Cascade Natural Gas,2022,February,97756,8994,17
Oregon,Cascade Natural Gas,2022,February,97801,4911,25
Oregon,Cascade Natural Gas,2022,February,97813,345,0
Oregon,Idaho Power,2022,February,97814,3,0
Oregon,Cascade Natural Gas,2022,February,97814,3436,3
Oregon,Cascade Natural Gas,2022,February,97818,291,1
Oregon,Idaho Power,2022,February,97819,25,0
Oregon,Cascade Natural Gas,2022,February,97826,23,0
Oregon,Avista Utilities,2022,February,97827,538,0
Oregon,Idaho Power,2022,February,97834,665,0
Oregon,Idaho Power,2022,February,97837,72,0
Oregon,Cascade Natural Gas,2022,February,97838,4047,17
Oregon,Idaho Power,2022,February,97840,93,0
Oregon,Cascade Natural Gas,2022,February,97844,180,0
Oregon,Cascade Natural Gas,2022,February,97862,244,1
Oregon,Avista Utilities,2022,February,97867,147,0
Oregon,Cascade Natural Gas,2022,February,97868,470,0
Oregon,Idaho Power,2022,February,97870,433,0
Oregon,Cascade Natural Gas,2022,February,97875,376,0
Oregon,Cascade Natural Gas,2022,February,97882,931,0
Oregon,Idaho Power,2022,February,97884,170,0
Oregon,Cascade Natural Gas,2022,February,97886,183,2
Oregon,Idaho Power,2022,February,97901,370,0
Oregon,Idaho Power,2022,February,97902,29,0
Oregon,Idaho Power,2022,February,97903,83,0
Oregon,Idaho Power,2022,February,97904,114,0
Oregon,Idaho Power,2022,February,97905,117,0
Oregon,Idaho Power,2022,February,97906,140,0
Oregon,Idaho Power,2022,February,97907,380,0
Oregon,Cascade Natural Gas,2022,February,97907,132,0
Oregon,Idaho Power,2022,February,97908,60,0
Oregon,Idaho Power,2022,February,97909,49,0
Oregon,Idaho Power,2022,February,97910,385,0
Oregon,Idaho Power,2022,February,97911,94,0
Oregon,Cascade Natural Gas,2022,February,97913,757,1
Oregon,Idaho Power,2022,February,97913,2152,0
Oregon,Idaho Power,2022,February,97914,6893,18
Oregon,Cascade Natural Gas,2022,February,97914,2717,6
Oregon,Idaho Power,2022,February,97917,1,0
Oregon,Cascade Natural Gas,2022,February,97918,420,1
Oregon,Idaho Power,2022,February,97918,1981,6
Oregon,Idaho Power,2022,February,97920,35,0
Oregon,Avista Utilities,2022,Feburary,97417,312,3
Oregon,Avista Utilities,2022,Feburary,97442,152,0
Oregon,Avista Utilities,2022,Feburary,97457,1475,3
Oregon,Avista Utilities,2022,Feburary,97469,277,2
Oregon,Avista Utilities,2022,Feburary,97470,3535,14
Oregon,Avista Utilities,2022,Feburary,97471,5061,9
Oregon,Avista Utilities,2022,Feburary,97479,1676,1
Oregon,Avista Utilities,2022,Feburary,97495,502,0
Oregon,Avista Utilities,2022,Feburary,97496,1153,7
Oregon,Avista Utilities,2022,Feburary,97497,2,0
Oregon,Avista Utilities,2022,Feburary,97502,6412,13
Oregon,Avista Utilities,2022,Feburary,97503,1673,4
Oregon,Avista Utilities,2022,Feburary,97520,7331,12
Oregon,Avista Utilities,2022,Feburary,97524,2781,10
Oregon,Avista Utilities,2022,Feburary,97525,581,3
Oregon,Avista Utilities,2022,Feburary,97526,6411,18
Oregon,Avista Utilities,2022,Feburary,97527,5570,18
Oregon,Avista Utilities,2022,Feburary,97528,2,0
Oregon,Avista Utilities,2022,Feburary,97530,1241,1
Oregon,Avista Utilities,2022,Feburary,97537,563,2
Oregon,Avista Utilities,2022,Feburary,97539,220,0
Oregon,Avista Utilities,2022,Feburary,97601,6470,7
Oregon,Avista Utilities,2022,Feburary,97603,8825,30
Oregon,Avista Utilities,2022,Feburary,97623,56,0
Oregon,Avista Utilities,2022,Feburary,97627,202,0
Oregon,Avista Utilities,2022,Feburary,97632,130,0
Oregon,Avista Utilities,2022,Feburary,97634,29,0
Oregon,Avista Utilities,2022,Feburary,97824,318,0
Oregon,Avista Utilities,2022,Feburary,97841,134,0
Oregon,Avista Utilities,2022,Feburary,97850,4976,7
Oregon,Avista Utilities,2022,Feburary,97876,51,0
Oregon,Avista Utilities,2022,Feburary,97883,767,0
Oregon,Portland General Electric,2022,Jan,97002,"2,231",2
Oregon,Portland General Electric,2022,Jan,97003,"11,332",15
Oregon,Portland General Electric,2022,Jan,97004,"1,773",1
Oregon,Portland General Electric,2022,Jan,97005,"12,025",26
Oregon,Portland General Electric,2022,Jan,97006,"18,691",26
Oregon,Portland General Electric,2022,Jan,97007,"18,641",11
Oregon,Portland General Electric,2022,Jan,97008,"11,967",14
Oregon,Portland General Electric,2022,Jan,97009,"3,388",2
Oregon,Portland General Electric,2022,Jan,97010,2,0
Oregon,Portland General Electric,2022,Jan,97011,500,0
Oregon,Portland General Electric,2022,Jan,97013,"2,354",0
Oregon,Portland General Electric,2022,Jan,97015,"9,104",9
Oregon,Portland General Electric,2022,Jan,97017,"1,125",1
Oregon,Portland General Electric,2022,Jan,97019,"1,219",0
Oregon,Portland General Electric,2022,Jan,97020,376,1
Oregon,Portland General Electric,2022,Jan,97022,"1,451",6
Oregon,Portland General Electric,2022,Jan,97023,"4,828",4
Oregon,Portland General Electric,2022,Jan,97024,"4,661",9
Oregon,Portland General Electric,2022,Jan,97026,"1,173",1
Oregon,Portland General Electric,2022,Jan,97027,"4,935",9
Oregon,Portland General Electric,2022,Jan,97028,711,0
Oregon,Portland General Electric,2022,Jan,97030,"15,374",30
Oregon,Portland General Electric,2022,Jan,97032,"1,738",1
Oregon,Portland General Electric,2022,Jan,97034,"8,452",1
Oregon,Portland General Electric,2022,Jan,97035,"11,405",6
Oregon,Portland General Electric,2022,Jan,97036,2,0
Oregon,Portland General Electric,2022,Jan,97038,"6,314",2
Oregon,Portland General Electric,2022,Jan,97042,"1,206",1
Oregon,Portland General Electric,2022,Jan,97045,"22,102",23
Oregon,Portland General Electric,2022,Jan,97049,"1,761",0
Oregon,Portland General Electric,2022,Jan,97055,"7,934",3
Oregon,Portland General Electric,2022,Jan,97056,29,0
Oregon,Portland General Electric,2022,Jan,97060,"8,037",5
Oregon,Portland General Electric,2022,Jan,97062,"11,333",9
Oregon,Portland General Electric,2022,Jan,97067,"1,253",0
Oregon,Portland General Electric,2022,Jan,97068,"11,667",4
Oregon,Portland General Electric,2022,Jan,97070,"11,476",12
Oregon,Portland General Electric,2022,Jan,97071,"9,782",7
Oregon,Portland General Electric,2022,Jan,97078,"9,497",4
Oregon,Portland General Electric,2022,Jan,97080,"16,248",12
Oregon,Portland General Electric,2022,Jan,97086,"12,884",13
Oregon,Portland General Electric,2022,Jan,97089,"4,808",2
Oregon,Portland General Electric,2022,Jan,97101,"1,549",0
Oregon,Portland General Electric,2022,Jan,97106,"1,550",1
Oregon,Portland General Electric,2022,Jan,97109,81,0
Oregon,Portland General Electric,2022,Jan,97111,"1,478",1
Oregon,Portland General Electric,2022,Jan,97113,"5,161",1
Oregon,Portland General Electric,2022,Jan,97114,"1,759",0
Oregon,Portland General Electric,2022,Jan,97115,"1,700",1
Oregon,Portland General Electric,2022,Jan,97116,834,0
Oregon,Portland General Electric,2022,Jan,97117,262,0
Oregon,Portland General Electric,2022,Jan,97119,"1,608",1
Oregon,Portland General Electric,2022,Jan,97123,"17,788",14
Oregon,Portland General Electric,2022,Jan,97124,"21,682",9
Oregon,Portland General Electric,2022,Jan,97125,18,0
Oregon,Portland General Electric,2022,Jan,97127,"1,445",1
Oregon,Portland General Electric,2022,Jan,97128,493,0
Oregon,Portland General Electric,2022,Jan,97132,"11,858",7
Oregon,Portland General Electric,2022,Jan,97133,"2,272",0
Oregon,Portland General Electric,2022,Jan,97137,487,0
Oregon,Portland General Electric,2022,Jan,97140,"9,416",4
Oregon,Portland General Electric,2022,Jan,97148,"1,352",2
Oregon,Portland General Electric,2022,Jan,97201,"7,373",14
Oregon,Portland General Electric,2022,Jan,97202,"19,975",15
Oregon,Portland General Electric,2022,Jan,97203,"12,911",10
Oregon,Portland General Electric,2022,Jan,97204,418,2
Oregon,Portland General Electric,2022,Jan,97205,"3,013",2
Oregon,Portland General Electric,2022,Jan,97206,"21,769",24
Oregon,Portland General Electric,2022,Jan,97209,"15,216",20
Oregon,Portland General Electric,2022,Jan,97210,"7,957",6
Oregon,Portland General Electric,2022,Jan,97213,"3,106",2
Oregon,Portland General Electric,2022,Jan,97214,"15,326",7
Oregon,Portland General Electric,2022,Jan,97215,"7,587",2
Oregon,Portland General Electric,2022,Jan,97216,"4,193",6
Oregon,Portland General Electric,2022,Jan,97217,"12,781",11
Oregon,Portland General Electric,2022,Jan,97219,"17,488",16
Oregon,Portland General Electric,2022,Jan,97221,"5,543",1
Oregon,Portland General Electric,2022,Jan,97222,"15,574",14
Oregon,Portland General Electric,2022,Jan,97223,"20,871",27
Oregon,Portland General Electric,2022,Jan,97224,"15,874",8
Oregon,Portland General Electric,2022,Jan,97225,"11,594",10
Oregon,Portland General Electric,2022,Jan,97227,419,0
Oregon,Portland General Electric,2022,Jan,97229,"27,970",11
Oregon,Portland General Electric,2022,Jan,97230,"15,554",20
Oregon,Portland General Electric,2022,Jan,97231,"1,987",2
Oregon,Portland General Electric,2022,Jan,97232,"5,297",2
Oregon,Portland General Electric,2022,Jan,97233,"15,183",39
Oregon,Portland General Electric,2022,Jan,97236,"13,800",45
Oregon,Portland General Electric,2022,Jan,97239,"9,986",6
Oregon,Portland General Electric,2022,Jan,97266,"13,281",33
Oregon,Portland General Electric,2022,Jan,97267,"12,810",9
Oregon,Portland General Electric,2022,Jan,97301,"18,874",32
Oregon,Portland General Electric,2022,Jan,97302,"17,157",18
Oregon,Portland General Electric,2022,Jan,97303,"10,716",4
Oregon,Portland General Electric,2022,Jan,97304,"1,327",0
Oregon,Portland General Electric,2022,Jan,97305,"15,544",34
Oregon,Portland General Electric,2022,Jan,97306,"13,767",10
Oregon,Portland General Electric,2022,Jan,97317,"8,395",13
Oregon,Portland General Electric,2022,Jan,97325,150,0
Oregon,Portland General Electric,2022,Jan,97338,241,0
Oregon,Portland General Electric,2022,Jan,97346,1,0
Oregon,Portland General Electric,2022,Jan,97347,800,0
Oregon,Portland General Electric,2022,Jan,97352,120,1
Oregon,Portland General Electric,2022,Jan,97362,"1,510",1
Oregon,Portland General Electric,2022,Jan,97371,105,0
Oregon,Portland General Electric,2022,Jan,97375,512,0
Oregon,Portland General Electric,2022,Jan,97378,"2,800",2
Oregon,Portland General Electric,2022,Jan,97381,"6,386",4
Oregon,Portland General Electric,2022,Jan,97385,141,1
Oregon,Portland General Electric,2022,Jan,97392,"1,933",0
Oregon,Portland General Electric,2022,Jan,97396,"1,347",1
Oregon,Northwest Natural Gas Company,2022,January,97002,,0
Oregon,Northwest Natural Gas Company,2022,January,97003,,8
Oregon,Northwest Natural Gas Company,2022,January,97004,,0
Oregon,Northwest Natural Gas Company,2022,January,97005,,2
Oregon,Northwest Natural Gas Company,2022,January,97006,,16
Oregon,Northwest Natural Gas Company,2022,January,97007,,5
Oregon,Northwest Natural Gas Company,2022,January,97008,,4
Oregon,Northwest Natural Gas Company,2022,January,97009,,1
Oregon,Northwest Natural Gas Company,2022,January,97013,,13
Oregon,Northwest Natural Gas Company,2022,January,97015,,6
Oregon,Northwest Natural Gas Company,2022,January,97016,,0
Oregon,Northwest Natural Gas Company,2022,January,97018,,0
Oregon,Northwest Natural Gas Company,2022,January,97020,,0
Oregon,Northwest Natural Gas Company,2022,January,97024,,3
Oregon,Northwest Natural Gas Company,2022,January,97026,,0
Oregon,Northwest Natural Gas Company,2022,January,97027,,5
Oregon,Northwest Natural Gas Company,2022,January,97030,,20
Oregon,Northwest Natural Gas Company,2022,January,97031,,0
Oregon,Northwest Natural Gas Company,2022,January,97032,,1
Oregon,Northwest Natural Gas Company,2022,January,97034,,1
Oregon,Northwest Natural Gas Company,2022,January,97035,,6
Oregon,Northwest Natural Gas Company,2022,January,97036,,0
Oregon,Northwest Natural Gas Company,2022,January,97038,,7
Oregon,Northwest Natural Gas Company,2022,January,97042,,1
Oregon,Northwest Natural Gas Company,2022,January,97045,,7
Oregon,Northwest Natural Gas Company,2022,January,97048,,0
Oregon,Northwest Natural Gas Company,2022,January,97051,,2
Oregon,Northwest Natural Gas Company,2022,January,97053,,0
Oregon,Northwest Natural Gas Company,2022,January,97054,,0
Oregon,Northwest Natural Gas Company,2022,January,97055,,5
Oregon,Northwest Natural Gas Company,2022,January,97056,,2
Oregon,Northwest Natural Gas Company,2022,January,97058,,2
Oregon,Northwest Natural Gas Company,2022,January,97060,,11
Oregon,Northwest Natural Gas Company,2022,January,97062,,3
Oregon,Northwest Natural Gas Company,2022,January,97064,,2
Oregon,Northwest Natural Gas Company,2022,January,97068,,4
Oregon,Northwest Natural Gas Company,2022,January,97070,,7
Oregon,Northwest Natural Gas Company,2022,January,97071,,10
Oregon,Northwest Natural Gas Company,2022,January,97078,,4
Oregon,Northwest Natural Gas Company,2022,January,97080,,7
Oregon,Northwest Natural Gas Company,2022,January,97086,,5
Oregon,Northwest Natural Gas Company,2022,January,97089,,1
Oregon,Northwest Natural Gas Company,2022,January,97101,,1
Oregon,Northwest Natural Gas Company,2022,January,97103,,3
Oregon,Northwest Natural Gas Company,2022,January,97106,,1
Oregon,Northwest Natural Gas Company,2022,January,97110,,0
Oregon,Northwest Natural Gas Company,2022,January,97111,,0
Oregon,Northwest Natural Gas Company,2022,January,97113,,4
Oregon,Northwest Natural Gas Company,2022,January,97114,,0
Oregon,Northwest Natural Gas Company,2022,January,97115,,1
Oregon,Northwest Natural Gas Company,2022,January,97116,,3
Oregon,Northwest Natural Gas Company,2022,January,97121,,0
Oregon,Northwest Natural Gas Company,2022,January,97123,,16
Oregon,Northwest Natural Gas Company,2022,January,97124,,8
Oregon,Northwest Natural Gas Company,2022,January,97127,,1
Oregon,Northwest Natural Gas Company,2022,January,97128,,4
Oregon,Northwest Natural Gas Company,2022,January,97132,,9
Oregon,Northwest Natural Gas Company,2022,January,97133,,2
Oregon,Northwest Natural Gas Company,2022,January,97138,,7
Oregon,Northwest Natural Gas Company,2022,January,97140,,5
Oregon,Northwest Natural Gas Company,2022,January,97145,,0
Oregon,Northwest Natural Gas Company,2022,January,97146,,7
Oregon,Northwest Natural Gas Company,2022,January,97201,,2
Oregon,Northwest Natural Gas Company,2022,January,97202,,13
Oregon,Northwest Natural Gas Company,2022,January,97203,,18
Oregon,Northwest Natural Gas Company,2022,January,97204,,0
Oregon,Northwest Natural Gas Company,2022,January,97205,,2
Oregon,Northwest Natural Gas Company,2022,January,97206,,18
Oregon,Northwest Natural Gas Company,2022,January,97209,,6
Oregon,Northwest Natural Gas Company,2022,January,97210,,2
Oregon,Northwest Natural Gas Company,2022,January,97211,,29
Oregon,Northwest Natural Gas Company,2022,January,97212,,9
Oregon,Northwest Natural Gas Company,2022,January,97213,,11
Oregon,Northwest Natural Gas Company,2022,January,97214,,7
Oregon,Northwest Natural Gas Company,2022,January,97215,,4
Oregon,Northwest Natural Gas Company,2022,January,97216,,7
Oregon,Northwest Natural Gas Company,2022,January,97217,,29
Oregon,Northwest Natural Gas Company,2022,January,97218,,3
Oregon,Northwest Natural Gas Company,2022,January,97219,,14
Oregon,Northwest Natural Gas Company,2022,January,97220,,10
Oregon,Northwest Natural Gas Company,2022,January,97221,,2
Oregon,Northwest Natural Gas Company,2022,January,97222,,5
Oregon,Northwest Natural Gas Company,2022,January,97223,,5
Oregon,Northwest Natural Gas Company,2022,January,97224,,7
Oregon,Northwest Natural Gas Company,2022,January,97225,,2
Oregon,Northwest Natural Gas Company,2022,January,97227,,3
Oregon,Northwest Natural Gas Company,2022,January,97229,,10
Oregon,Northwest Natural Gas Company,2022,January,97230,,35
Oregon,Northwest Natural Gas Company,2022,January,97231,,0
Oregon,Northwest Natural Gas Company,2022,January,97232,,4
Oregon,Northwest Natural Gas Company,2022,January,97233,,17
Oregon,Northwest Natural Gas Company,2022,January,97236,,8
Oregon,Northwest Natural Gas Company,2022,January,97239,,4
Oregon,Northwest Natural Gas Company,2022,January,97266,,24
Oregon,Northwest Natural Gas Company,2022,January,97267,,11
Oregon,Northwest Natural Gas Company,2022,January,97301,,8
Oregon,Northwest Natural Gas Company,2022,January,97302,,0
Oregon,Northwest Natural Gas Company,2022,January,97303,,10
Oregon,Northwest Natural Gas Company,2022,January,97304,,6
Oregon,Northwest Natural Gas Company,2022,January,97305,,0
Oregon,Northwest Natural Gas Company,2022,January,97306,,8
Oregon,Northwest Natural Gas Company,2022,January,97310,,0
Oregon,Northwest Natural Gas Company,2022,January,97317,,0
Oregon,Northwest Natural Gas Company,2022,January,97321,,0
Oregon,Northwest Natural Gas Company,2022,January,97322,,9
Oregon,Northwest Natural Gas Company,2022,January,97325,,0
Oregon,Northwest Natural Gas Company,2022,January,97327,,2
Oregon,Northwest Natural Gas Company,2022,January,97330,,5
Oregon,Northwest Natural Gas Company,2022,January,97333,,1
Oregon,Northwest Natural Gas Company,2022,January,97338,,3
Oregon,Northwest Natural Gas Company,2022,January,97341,,2
Oregon,Northwest Natural Gas Company,2022,January,97345,,0
Oregon,Northwest Natural Gas Company,2022,January,97347,,1
Oregon,Northwest Natural Gas Company,2022,January,97348,,0
Oregon,Northwest Natural Gas Company,2022,January,97351,,1
Oregon,Northwest Natural Gas Company,2022,January,97352,,1
Oregon,Northwest Natural Gas Company,2022,January,97355,,3
Oregon,Northwest Natural Gas Company,2022,January,97358,,2
Oregon,Northwest Natural Gas Company,2022,January,97360,,2
Oregon,Northwest Natural Gas Company,2022,January,97361,,2
Oregon,Northwest Natural Gas Company,2022,January,97362,,0
Oregon,Northwest Natural Gas Company,2022,January,97364,,0
Oregon,Northwest Natural Gas Company,2022,January,97365,,0
Oregon,Northwest Natural Gas Company,2022,January,97366,,0
Oregon,Northwest Natural Gas Company,2022,January,97367,,5
Oregon,Northwest Natural Gas Company,2022,January,97368,,0
Oregon,Northwest Natural Gas Company,2022,January,97370,,0
Oregon,Northwest Natural Gas Company,2022,January,97371,,0
Oregon,Northwest Natural Gas Company,2022,January,97372,,0
Oregon,Northwest Natural Gas Company,2022,January,97374,,0
Oregon,Northwest Natural Gas Company,2022,January,97377,,0
Oregon,Northwest Natural Gas Company,2022,January,97378,,1
Oregon,Northwest Natural Gas Company,2022,January,97380,,0
Oregon,Northwest Natural Gas Company,2022,January,97381,,0
Oregon,Northwest Natural Gas Company,2022,January,97383,,0
Oregon,Northwest Natural Gas Company,2022,January,97384,,0
Oregon,Northwest Natural Gas Company,2022,January,97385,,0
Oregon,Northwest Natural Gas Company,2022,January,97386,,3
Oregon,Northwest Natural Gas Company,2022,January,97388,,3
Oregon,Northwest Natural Gas Company,2022,January,97389,,0
Oregon,Northwest Natural Gas Company,2022,January,97391,,0
Oregon,Northwest Natural Gas Company,2022,January,97392,,0
Oregon,Northwest Natural Gas Company,2022,January,97396,,1
Oregon,Northwest Natural Gas Company,2022,January,97401,,3
Oregon,Northwest Natural Gas Company,2022,January,97402,,0
Oregon,Northwest Natural Gas Company,2022,January,97403,,1
Oregon,Northwest Natural Gas Company,2022,January,97404,,0
Oregon,Northwest Natural Gas Company,2022,January,97405,,2
Oregon,Northwest Natural Gas Company,2022,January,97408,,1
Oregon,Avista Utilities,2022,January,97417,317,1
Oregon,Northwest Natural Gas Company,2022,January,97420,,0
Oregon,Northwest Natural Gas Company,2022,January,97423,,0
Oregon,Northwest Natural Gas Company,2022,January,97424,,0
Oregon,Northwest Natural Gas Company,2022,January,97426,,0
Oregon,Avista Utilities,2022,January,97432,56,0
Oregon,Northwest Natural Gas Company,2022,January,97438,,0
Oregon,Avista Utilities,2022,January,97442,154,0
Oregon,Northwest Natural Gas Company,2022,January,97446,,0
Oregon,Northwest Natural Gas Company,2022,January,97448,,0
Oregon,Northwest Natural Gas Company,2022,January,97455,,0
Oregon,Avista Utilities,2022,January,97457,1488,3
Oregon,Northwest Natural Gas Company,2022,January,97458,,0
Oregon,Northwest Natural Gas Company,2022,January,97459,,0
Oregon,Avista Utilities,2022,January,97462,274,1
Oregon,Avista Utilities,2022,January,97469,276,1
Oregon,Avista Utilities,2022,January,97470,3564,10
Oregon,Avista Utilities,2022,January,97471,5071,6
Oregon,Northwest Natural Gas Company,2022,January,97477,,2
Oregon,Northwest Natural Gas Company,2022,January,97478,,2
Oregon,Avista Utilities,2022,January,97479,1679,4
Oregon,Avista Utilities,2022,January,97495,507,0
Oregon,Avista Utilities,2022,January,97496,1152,1
Oregon,Avista Utilities,2022,January,97497,2,0
Oregon,Avista Utilities,2022,January,97501,9217,15
Oregon,Avista Utilities,2022,January,97502,6437,12
Oregon,Avista Utilities,2022,January,97503,1678,4
Oregon,Avista Utilities,2022,January,97504,13118,16
Oregon,Avista Utilities,2022,January,97520,7318,7
Oregon,Avista Utilities,2022,January,97524,2792,4
Oregon,Avista Utilities,2022,January,97525,586,2
Oregon,Avista Utilities,2022,January,97526,6454,8
Oregon,Avista Utilities,2022,January,97527,5569,12
Oregon,Avista Utilities,2022,January,97528,2,0
Oregon,Avista Utilities,2022,January,97530,1249,3
Oregon,Avista Utilities,2022,January,97535,1082,4
Oregon,Avista Utilities,2022,January,97537,566,0
Oregon,Avista Utilities,2022,January,97539,221,0
Oregon,Avista Utilities,2022,January,97540,1346,2
Oregon,Avista Utilities,2022,January,97601,6496,31
Oregon,Avista Utilities,2022,January,97603,8842,26
Oregon,Avista Utilities,2022,January,97623,57,0
Oregon,Avista Utilities,2022,January,97627,204,1
Oregon,Avista Utilities,2022,January,97632,129,0
Oregon,Avista Utilities,2022,January,97634,28,0
Oregon,Cascade Natural Gas,2022,January,97701,10424,11
Oregon,Cascade Natural Gas,2022,January,97702,13542,14
Oregon,Cascade Natural Gas,2022,January,97703,9281,9
Oregon,Cascade Natural Gas,2022,January,97707,3764,0
Oregon,Cascade Natural Gas,2022,January,97731,23,0
Oregon,Cascade Natural Gas,2022,January,97733,70,0
Oregon,Cascade Natural Gas,2022,January,97737,123,0
Oregon,Cascade Natural Gas,2022,January,97739,348,0
Oregon,Cascade Natural Gas,2022,January,97741,1399,6
Oregon,Cascade Natural Gas,2022,January,97753,377,0
Oregon,Cascade Natural Gas,2022,January,97754,2775,5
Oregon,Cascade Natural Gas,2022,January,97756,8992,11
Oregon,Cascade Natural Gas,2022,January,97801,4916,12
Oregon,Cascade Natural Gas,2022,January,97813,346,0
Oregon,Cascade Natural Gas,2022,January,97814,3451,2
Oregon,Idaho Power,2022,January,97814,3,0
Oregon,Cascade Natural Gas,2022,January,97818,295,2
Oregon,Idaho Power,2022,January,97819,25,0
Oregon,Avista Utilities,2022,January,97824,319,0
Oregon,Cascade Natural Gas,2022,January,97826,23,0
Oregon,Avista Utilities,2022,January,97827,543,0
Oregon,Idaho Power,2022,January,97834,660,0
Oregon,Idaho Power,2022,January,97837,72,0
Oregon,Cascade Natural Gas,2022,January,97838,4056,13
Oregon,Idaho Power,2022,January,97840,93,0
Oregon,Avista Utilities,2022,January,97841,133,0
Oregon,Cascade Natural Gas,2022,January,97844,179,0
Oregon,Avista Utilities,2022,January,97850,5016,0
Oregon,Cascade Natural Gas,2022,January,97862,244,0
Oregon,Avista Utilities,2022,January,97867,147,0
Oregon,Cascade Natural Gas,2022,January,97868,471,2
Oregon,Idaho Power,2022,January,97870,433,0
Oregon,Cascade Natural Gas,2022,January,97875,379,1
Oregon,Avista Utilities,2022,January,97876,52,0
Oregon,Cascade Natural Gas,2022,January,97882,929,8
Oregon,Avista Utilities,2022,January,97883,769,0
Oregon,Idaho Power,2022,January,97884,170,0
Oregon,Cascade Natural Gas,2022,January,97886,183,0
Oregon,Idaho Power,2022,January,97901,372,0
Oregon,Idaho Power,2022,January,97902,29,0
Oregon,Idaho Power,2022,January,97903,83,0
Oregon,Idaho Power,2022,January,97904,112,0
Oregon,Idaho Power,2022,January,97905,114,0
Oregon,Idaho Power,2022,January,97906,140,0
Oregon,Idaho Power,2022,January,97907,380,0
Oregon,Cascade Natural Gas,2022,January,97907,133,0
Oregon,Idaho Power,2022,January,97908,60,0
Oregon,Idaho Power,2022,January,97909,49,0
Oregon,Idaho Power,2022,January,97910,387,0
Oregon,Idaho Power,2022,January,97911,95,0
Oregon,Idaho Power,2022,January,97913,2147,5
Oregon,Cascade Natural Gas,2022,January,97913,759,6
Oregon,Idaho Power,2022,January,97914,6941,12
Oregon,Cascade Natural Gas,2022,January,97914,2717,6
Oregon,Idaho Power,2022,January,97917,1,0
Oregon,Cascade Natural Gas,2022,January,97918,421,0
Oregon,Idaho Power,2022,January,97918,1975,1
Oregon,Idaho Power,2022,January,97920,35,0
Oregon,Portland General Electric,2022,Jul,1,18,0
Oregon,Portland General Electric,2022,Jul,2,22,0
Oregon,Portland General Electric,2022,Jul,8,81,0
Oregon,Portland General Electric,2022,Jul,97002,"2,244",3
Oregon,Portland General Electric,2022,Jul,97003,"11,113",26
Oregon,Portland General Electric,2022,Jul,97004,"1,767",0
Oregon,Portland General Electric,2022,Jul,97005,"12,294",78
Oregon,Portland General Electric,2022,Jul,97006,"18,970",62
Oregon,Portland General Electric,2022,Jul,97007,"18,735",22
Oregon,Portland General Electric,2022,Jul,97008,"11,945",41
Oregon,Portland General Electric,2022,Jul,97009,"3,419",1
Oregon,Portland General Electric,2022,Jul,97011,492,0
Oregon,Portland General Electric,2022,Jul,97013,"2,349",0
Oregon,Portland General Electric,2022,Jul,97015,"9,084",29
Oregon,Portland General Electric,2022,Jul,97017,"1,124",1
Oregon,Portland General Electric,2022,Jul,97019,"1,230",2
Oregon,Portland General Electric,2022,Jul,97020,374,1
Oregon,Portland General Electric,2022,Jul,97022,"1,455",1
Oregon,Portland General Electric,2022,Jul,97023,"4,954",12
Oregon,Portland General Electric,2022,Jul,97024,"4,623",34
Oregon,Portland General Electric,2022,Jul,97026,"1,192",0
Oregon,Portland General Electric,2022,Jul,97027,"4,947",16
Oregon,Portland General Electric,2022,Jul,97028,728,0
Oregon,Portland General Electric,2022,Jul,97030,"15,491",82
Oregon,Portland General Electric,2022,Jul,97032,"1,738",3
Oregon,Portland General Electric,2022,Jul,97034,"8,432",4
Oregon,Portland General Electric,2022,Jul,97035,"11,369",4
Oregon,Portland General Electric,2022,Jul,97036,2,0
Oregon,Portland General Electric,2022,Jul,97038,"6,359",12
Oregon,Portland General Electric,2022,Jul,97042,"1,212",0
Oregon,Portland General Electric,2022,Jul,97045,"22,202",49
Oregon,Portland General Electric,2022,Jul,97049,"1,782",2
Oregon,Portland General Electric,2022,Jul,97055,"7,984",16
Oregon,Portland General Electric,2022,Jul,97060,"8,074",18
Oregon,Portland General Electric,2022,Jul,97062,"11,305",26
Oregon,Portland General Electric,2022,Jul,97067,"1,291",7
Oregon,Portland General Electric,2022,Jul,97068,"11,672",9
Oregon,Portland General Electric,2022,Jul,97070,"11,475",15
Oregon,Portland General Electric,2022,Jul,97071,"9,951",23
Oregon,Portland General Electric,2022,Jul,97078,"9,136",23
Oregon,Portland General Electric,2022,Jul,97080,"16,466",47
Oregon,Portland General Electric,2022,Jul,97086,"13,005",35
Oregon,Portland General Electric,2022,Jul,97089,"5,004",8
Oregon,Portland General Electric,2022,Jul,97101,"1,544",5
Oregon,Portland General Electric,2022,Jul,97106,"1,549",0
Oregon,Portland General Electric,2022,Jul,97111,"1,466",0
Oregon,Portland General Electric,2022,Jul,97113,"5,286",2
Oregon,Portland General Electric,2022,Jul,97114,"1,765",2
Oregon,Portland General Electric,2022,Jul,97115,"1,702",1
Oregon,Portland General Electric,2022,Jul,97116,839,0
Oregon,Portland General Electric,2022,Jul,97117,265,0
Oregon,Portland General Electric,2022,Jul,97119,"1,619",2
Oregon,Portland General Electric,2022,Jul,97123,"18,257",45
Oregon,Portland General Electric,2022,Jul,97124,"21,599",54
Oregon,Portland General Electric,2022,Jul,97127,"1,497",1
Oregon,Portland General Electric,2022,Jul,97128,494,1
Oregon,Portland General Electric,2022,Jul,97132,"12,005",23
Oregon,Portland General Electric,2022,Jul,97133,"2,302",2
Oregon,Portland General Electric,2022,Jul,97137,488,0
Oregon,Portland General Electric,2022,Jul,97140,"9,466",15
Oregon,Portland General Electric,2022,Jul,97148,"1,357",0
Oregon,Portland General Electric,2022,Jul,97201,"7,337",14
Oregon,Portland General Electric,2022,Jul,97202,"20,150",36
Oregon,Portland General Electric,2022,Jul,97203,"13,019",26
Oregon,Portland General Electric,2022,Jul,97204,411,1
Oregon,Portland General Electric,2022,Jul,97205,"3,258",5
Oregon,Portland General Electric,2022,Jul,97206,"21,988",58
Oregon,Portland General Electric,2022,Jul,97209,"15,052",37
Oregon,Portland General Electric,2022,Jul,97210,"7,960",11
Oregon,Portland General Electric,2022,Jul,97213,"3,119",8
Oregon,Portland General Electric,2022,Jul,97214,"15,312",38
Oregon,Portland General Electric,2022,Jul,97215,"7,625",13
Oregon,Portland General Electric,2022,Jul,97216,"4,218",7
Oregon,Portland General Electric,2022,Jul,97217,"12,948",23
Oregon,Portland General Electric,2022,Jul,97219,"17,462",43
Oregon,Portland General Electric,2022,Jul,97221,"5,546",4
Oregon,Portland General Electric,2022,Jul,97222,"15,597",33
Oregon,Portland General Electric,2022,Jul,97223,"20,966",56
Oregon,Portland General Electric,2022,Jul,97224,"15,915",11
Oregon,Portland General Electric,2022,Jul,97225,"11,576",17
Oregon,Portland General Electric,2022,Jul,97227,428,1
Oregon,Portland General Electric,2022,Jul,97229,"28,181",38
Oregon,Portland General Electric,2022,Jul,97230,"15,566",82
Oregon,Portland General Electric,2022,Jul,97231,"1,990",2
Oregon,Portland General Electric,2022,Jul,97232,"5,338",8
Oregon,Portland General Electric,2022,Jul,97233,"15,316",88
Oregon,Portland General Electric,2022,Jul,97236,"13,823",49
Oregon,Portland General Electric,2022,Jul,97239,"9,966",10
Oregon,Portland General Electric,2022,Jul,97266,"13,396",40
Oregon,Portland General Electric,2022,Jul,97267,"12,814",24
Oregon,Portland General Electric,2022,Jul,97301,"19,164",88
Oregon,Portland General Electric,2022,Jul,97302,"17,198",41
Oregon,Portland General Electric,2022,Jul,97303,"10,716",32
Oregon,Portland General Electric,2022,Jul,97304,"1,334",1
Oregon,Portland General Electric,2022,Jul,97305,"15,674",70
Oregon,Portland General Electric,2022,Jul,97306,"13,816",9
Oregon,Portland General Electric,2022,Jul,97317,"8,436",11
Oregon,Portland General Electric,2022,Jul,97325,153,0
Oregon,Portland General Electric,2022,Jul,97338,239,0
Oregon,Portland General Electric,2022,Jul,97347,808,0
Oregon,Portland General Electric,2022,Jul,97352,120,0
Oregon,Portland General Electric,2022,Jul,97362,"1,507",2
Oregon,Portland General Electric,2022,Jul,97371,103,0
Oregon,Portland General Electric,2022,Jul,97375,518,3
Oregon,Portland General Electric,2022,Jul,97378,"2,831",6
Oregon,Portland General Electric,2022,Jul,97381,"6,402",14
Oregon,Portland General Electric,2022,Jul,97385,143,0
Oregon,Portland General Electric,2022,Jul,97392,"1,944",2
Oregon,Portland General Electric,2022,Jul,97396,"1,363",4
Oregon,Northwest Natural Gas Company,2022,July,97002,785,0
Oregon,Northwest Natural Gas Company,2022,July,97003,6869,2
Oregon,Northwest Natural Gas Company,2022,July,97004,233,0
Oregon,Northwest Natural Gas Company,2022,July,97005,4320,0
Oregon,Northwest Natural Gas Company,2022,July,97006,9342,1
Oregon,Northwest Natural Gas Company,2022,July,97007,13976,4
Oregon,Northwest Natural Gas Company,2022,July,97008,6338,1
Oregon,Northwest Natural Gas Company,2022,July,97009,1090,0
Oregon,Northwest Natural Gas Company,2022,July,97013,3747,0
Oregon,Northwest Natural Gas Company,2022,July,97015,4666,1
Oregon,Northwest Natural Gas Company,2022,July,97016,114,0
Oregon,Northwest Natural Gas Company,2022,July,97018,653,0
Oregon,Northwest Natural Gas Company,2022,July,97020,160,0
Oregon,Northwest Natural Gas Company,2022,July,97024,2010,0
Oregon,Northwest Natural Gas Company,2022,July,97026,402,0
Oregon,Northwest Natural Gas Company,2022,July,97027,2974,1
Oregon,Northwest Natural Gas Company,2022,July,97030,6479,1
Oregon,Northwest Natural Gas Company,2022,July,97031,3688,0
Oregon,Northwest Natural Gas Company,2022,July,97032,898,0
Oregon,Northwest Natural Gas Company,2022,July,97034,6776,1
Oregon,Northwest Natural Gas Company,2022,July,97035,7263,1
Oregon,Northwest Natural Gas Company,2022,July,97036,1,0
Oregon,Northwest Natural Gas Company,2022,July,97038,2182,1
Oregon,Northwest Natural Gas Company,2022,July,97042,120,0
Oregon,Northwest Natural Gas Company,2022,July,97045,11479,3
Oregon,Northwest Natural Gas Company,2022,July,97048,390,0
Oregon,Northwest Natural Gas Company,2022,July,97051,3357,1
Oregon,Northwest Natural Gas Company,2022,July,97053,625,0
Oregon,Northwest Natural Gas Company,2022,July,97054,19,0
Oregon,Northwest Natural Gas Company,2022,July,97055,3511,0
Oregon,Northwest Natural Gas Company,2022,July,97056,2435,0
Oregon,Northwest Natural Gas Company,2022,July,97058,1649,0
Oregon,Northwest Natural Gas Company,2022,July,97060,4812,0
Oregon,Northwest Natural Gas Company,2022,July,97062,6122,0
Oregon,Northwest Natural Gas Company,2022,July,97064,707,0
Oregon,Northwest Natural Gas Company,2022,July,97068,9451,1
Oregon,Northwest Natural Gas Company,2022,July,97070,6308,1
Oregon,Northwest Natural Gas Company,2022,July,97071,5439,3
Oregon,Northwest Natural Gas Company,2022,July,97078,5983,6
Oregon,Northwest Natural Gas Company,2022,July,97080,11101,3
Oregon,Northwest Natural Gas Company,2022,July,97086,9216,4
Oregon,Northwest Natural Gas Company,2022,July,97089,3386,0
Oregon,Northwest Natural Gas Company,2022,July,97101,312,1
Oregon,Northwest Natural Gas Company,2022,July,97103,4063,11
Oregon,Northwest Natural Gas Company,2022,July,97106,458,0
Oregon,Northwest Natural Gas Company,2022,July,97110,1349,0
Oregon,Northwest Natural Gas Company,2022,July,97111,37,0
Oregon,Northwest Natural Gas Company,2022,July,97113,2724,0
Oregon,Northwest Natural Gas Company,2022,July,97114,17,0
Oregon,Northwest Natural Gas Company,2022,July,97115,956,1
Oregon,Northwest Natural Gas Company,2022,July,97116,3625,0
Oregon,Northwest Natural Gas Company,2022,July,97121,429,0
Oregon,Northwest Natural Gas Company,2022,July,97123,11764,1
Oregon,Northwest Natural Gas Company,2022,July,97124,10782,0
Oregon,Northwest Natural Gas Company,2022,July,97127,821,0
Oregon,Northwest Natural Gas Company,2022,July,97128,3362,0
Oregon,Northwest Natural Gas Company,2022,July,97132,5632,1
Oregon,Northwest Natural Gas Company,2022,July,97133,1146,0
Oregon,Northwest Natural Gas Company,2022,July,97138,4337,1
Oregon,Northwest Natural Gas Company,2022,July,97140,6654,1
Oregon,Northwest Natural Gas Company,2022,July,97145,1,0
Oregon,Northwest Natural Gas Company,2022,July,97146,2165,0
Oregon,Northwest Natural Gas Company,2022,July,97201,2544,0
Oregon,Northwest Natural Gas Company,2022,July,97202,11664,4
Oregon,Northwest Natural Gas Company,2022,July,97203,7524,8
Oregon,Northwest Natural Gas Company,2022,July,97204,138,0
Oregon,Northwest Natural Gas Company,2022,July,97205,1363,0
Oregon,Northwest Natural Gas Company,2022,July,97206,13866,6
Oregon,Northwest Natural Gas Company,2022,July,97209,2469,0
Oregon,Northwest Natural Gas Company,2022,July,97210,4304,4
Oregon,Northwest Natural Gas Company,2022,July,97211,10521,1
Oregon,Northwest Natural Gas Company,2022,July,97212,8550,2
Oregon,Northwest Natural Gas Company,2022,July,97213,9869,3
Oregon,Northwest Natural Gas Company,2022,July,97214,8330,0
Oregon,Northwest Natural Gas Company,2022,July,97215,5759,2
Oregon,Northwest Natural Gas Company,2022,July,97216,3440,1
Oregon,Northwest Natural Gas Company,2022,July,97217,10558,11
Oregon,Northwest Natural Gas Company,2022,July,97218,3630,2
Oregon,Northwest Natural Gas Company,2022,July,97219,12491,0
Oregon,Northwest Natural Gas Company,2022,July,97220,6705,5
Oregon,Northwest Natural Gas Company,2022,July,97221,3954,0
Oregon,Northwest Natural Gas Company,2022,July,97222,8075,0
Oregon,Northwest Natural Gas Company,2022,July,97223,12980,2
Oregon,Northwest Natural Gas Company,2022,July,97224,10683,6
Oregon,Northwest Natural Gas Company,2022,July,97225,7322,3
Oregon,Northwest Natural Gas Company,2022,July,97227,1617,0
Oregon,Northwest Natural Gas Company,2022,July,97229,21196,6
Oregon,Northwest Natural Gas Company,2022,July,97230,9419,3
Oregon,Northwest Natural Gas Company,2022,July,97231,779,0
Oregon,Northwest Natural Gas Company,2022,July,97232,2927,2
Oregon,Northwest Natural Gas Company,2022,July,97233,6233,7
Oregon,Northwest Natural Gas Company,2022,July,97236,7209,9
Oregon,Northwest Natural Gas Company,2022,July,97239,3973,1
Oregon,Northwest Natural Gas Company,2022,July,97266,7261,6
Oregon,Northwest Natural Gas Company,2022,July,97267,8749,1
Oregon,Northwest Natural Gas Company,2022,July,97301,8563,14
Oregon,Northwest Natural Gas Company,2022,July,97302,10270,6
Oregon,Northwest Natural Gas Company,2022,July,97303,9003,2
Oregon,Northwest Natural Gas Company,2022,July,97304,7325,0
Oregon,Northwest Natural Gas Company,2022,July,97305,6900,5
Oregon,Northwest Natural Gas Company,2022,July,97306,8690,2
Oregon,Northwest Natural Gas Company,2022,July,97310,9,0
Oregon,Northwest Natural Gas Company,2022,July,97317,3867,5
Oregon,Northwest Natural Gas Company,2022,July,97321,8758,4
Oregon,Northwest Natural Gas Company,2022,July,97322,7418,3
Oregon,Northwest Natural Gas Company,2022,July,97325,807,0
Oregon,Northwest Natural Gas Company,2022,July,97327,543,0
Oregon,Northwest Natural Gas Company,2022,July,97330,9283,2
Oregon,Northwest Natural Gas Company,2022,July,97333,4453,1
Oregon,Northwest Natural Gas Company,2022,July,97338,4515,0
Oregon,Northwest Natural Gas Company,2022,July,97341,1351,0
Oregon,Northwest Natural Gas Company,2022,July,97345,12,0
Oregon,Northwest Natural Gas Company,2022,July,97347,224,0
Oregon,Northwest Natural Gas Company,2022,July,97348,218,1
Oregon,Northwest Natural Gas Company,2022,July,97351,1802,3
Oregon,Northwest Natural Gas Company,2022,July,97352,768,0
Oregon,Northwest Natural Gas Company,2022,July,97355,5132,0
Oregon,Northwest Natural Gas Company,2022,July,97358,403,0
Oregon,Northwest Natural Gas Company,2022,July,97360,497,2
Oregon,Northwest Natural Gas Company,2022,July,97361,1328,0
Oregon,Northwest Natural Gas Company,2022,July,97362,731,0
Oregon,Northwest Natural Gas Company,2022,July,97364,229,0
Oregon,Northwest Natural Gas Company,2022,July,97365,1658,0
Oregon,Northwest Natural Gas Company,2022,July,97366,180,0
Oregon,Northwest Natural Gas Company,2022,July,97367,4196,2
Oregon,Northwest Natural Gas Company,2022,July,97368,885,0
Oregon,Northwest Natural Gas Company,2022,July,97370,1257,0
Oregon,Northwest Natural Gas Company,2022,July,97371,43,0
Oregon,Northwest Natural Gas Company,2022,July,97372,9,0
Oregon,Northwest Natural Gas Company,2022,July,97374,302,0
Oregon,Northwest Natural Gas Company,2022,July,97377,54,0
Oregon,Northwest Natural Gas Company,2022,July,97378,811,0
Oregon,Northwest Natural Gas Company,2022,July,97380,154,0
Oregon,Northwest Natural Gas Company,2022,July,97381,2945,0
Oregon,Northwest Natural Gas Company,2022,July,97383,1780,5
Oregon,Northwest Natural Gas Company,2022,July,97384,32,0
Oregon,Northwest Natural Gas Company,2022,July,97385,883,0
Oregon,Northwest Natural Gas Company,2022,July,97386,2175,0
Oregon,Northwest Natural Gas Company,2022,July,97388,1047,0
Oregon,Northwest Natural Gas Company,2022,July,97389,311,0
Oregon,Northwest Natural Gas Company,2022,July,97391,284,0
Oregon,Northwest Natural Gas Company,2022,July,97392,984,0
Oregon,Northwest Natural Gas Company,2022,July,97396,420,0
Oregon,Northwest Natural Gas Company,2022,July,97401,5636,1
Oregon,Northwest Natural Gas Company,2022,July,97402,4606,0
Oregon,Northwest Natural Gas Company,2022,July,97403,1557,0
Oregon,Northwest Natural Gas Company,2022,July,97404,6340,0
Oregon,Northwest Natural Gas Company,2022,July,97405,7003,0
Oregon,Northwest Natural Gas Company,2022,July,97408,2971,0
Oregon,Avista Utilities,2022,July,97417,312,2
Oregon,Northwest Natural Gas Company,2022,July,97420,826,0
Oregon,Northwest Natural Gas Company,2022,July,97423,216,0
Oregon,Northwest Natural Gas Company,2022,July,97424,2340,0
Oregon,Northwest Natural Gas Company,2022,July,97426,1293,0
Oregon,Avista Utilities,2022,July,97432,53,0
Oregon,Northwest Natural Gas Company,2022,July,97438,8,0
Oregon,Avista Utilities,2022,July,97442,147,0
Oregon,Northwest Natural Gas Company,2022,July,97446,589,1
Oregon,Northwest Natural Gas Company,2022,July,97448,1425,3
Oregon,Northwest Natural Gas Company,2022,July,97455,138,0
Oregon,Avista Utilities,2022,July,97457,1463,6
Oregon,Northwest Natural Gas Company,2022,July,97458,138,0
Oregon,Northwest Natural Gas Company,2022,July,97459,595,0
Oregon,Avista Utilities,2022,July,97462,277,1
Oregon,Avista Utilities,2022,July,97469,267,2
Oregon,Avista Utilities,2022,July,97470,3483,8
Oregon,Avista Utilities,2022,July,97471,5023,3
Oregon,Northwest Natural Gas Company,2022,July,97477,3010,0
Oregon,Northwest Natural Gas Company,2022,July,97478,2417,0
Oregon,Avista Utilities,2022,July,97479,1664,4
Oregon,Avista Utilities,2022,July,97495,505,2
Oregon,Avista Utilities,2022,July,97496,1137,2
Oregon,Avista Utilities,2022,July,97497,2,0
Oregon,Avista Utilities,2022,July,97501,9101,19
Oregon,Avista Utilities,2022,July,97502,6403,0
Oregon,Avista Utilities,2022,July,97503,1666,0
Oregon,Avista Utilities,2022,July,97504,13070,0
Oregon,Avista Utilities,2022,July,97520,7257,0
Oregon,Avista Utilities,2022,July,97524,2784,0
Oregon,Avista Utilities,2022,July,97525,574,0
Oregon,Avista Utilities,2022,July,97526,6360,0
Oregon,Avista Utilities,2022,July,97527,5541,0
Oregon,Avista Utilities,2022,July,97528,2,0
Oregon,Avista Utilities,2022,July,97530,1248,0
Oregon,Avista Utilities,2022,July,97535,1103,0
Oregon,Avista Utilities,2022,July,97537,555,0
Oregon,Avista Utilities,2022,July,97539,224,0
Oregon,Avista Utilities,2022,July,97540,1396,0
Oregon,Avista Utilities,2022,July,97601,6373,0
Oregon,Avista Utilities,2022,July,97603,8753,0
Oregon,Avista Utilities,2022,July,97623,58,0
Oregon,Avista Utilities,2022,July,97627,205,0
Oregon,Avista Utilities,2022,July,97632,123,0
Oregon,Avista Utilities,2022,July,97634,29,0
Oregon,Cascade Natural Gas,2022,July,97701,10459,9
Oregon,Cascade Natural Gas,2022,July,97702,13684,10
Oregon,Cascade Natural Gas,2022,July,97703,9437,3
Oregon,Cascade Natural Gas,2022,July,97707,3784,0
Oregon,Cascade Natural Gas,2022,July,97731,24,0
Oregon,Cascade Natural Gas,2022,July,97733,72,0
Oregon,Cascade Natural Gas,2022,July,97737,123,0
Oregon,Cascade Natural Gas,2022,July,97739,371,1
Oregon,Cascade Natural Gas,2022,July,97741,1457,1
Oregon,Cascade Natural Gas,2022,July,97753,404,0
Oregon,Cascade Natural Gas,2022,July,97754,2790,6
Oregon,Cascade Natural Gas,2022,July,97756,9122,1
Oregon,Cascade Natural Gas,2022,July,97801,4863,26
Oregon,Cascade Natural Gas,2022,July,97813,346,1
Oregon,Cascade Natural Gas,2022,July,97814,3445,14
Oregon,Cascade Natural Gas,2022,July,97818,300,1
Oregon,Avista Utilities,2022,July,97824,319,0
Oregon,Cascade Natural Gas,2022,July,97826,23,0
Oregon,Avista Utilities,2022,July,97827,530,0
Oregon,Cascade Natural Gas,2022,July,97838,4074,15
Oregon,Avista Utilities,2022,July,97841,133,0
Oregon,Cascade Natural Gas,2022,July,97844,179,0
Oregon,Avista Utilities,2022,July,97850,4936,1
Oregon,Cascade Natural Gas,2022,July,97862,242,0
Oregon,Avista Utilities,2022,July,97867,141,0
Oregon,Cascade Natural Gas,2022,July,97868,467,1
Oregon,Cascade Natural Gas,2022,July,97875,376,3
Oregon,Avista Utilities,2022,July,97876,51,0
Oregon,Cascade Natural Gas,2022,July,97882,950,2
Oregon,Avista Utilities,2022,July,97883,770,0
Oregon,Cascade Natural Gas,2022,July,97886,182,0
Oregon,Cascade Natural Gas,2022,July,97907,135,0
Oregon,Cascade Natural Gas,2022,July,97913,752,2
Oregon,Cascade Natural Gas,2022,July,97914,2699,7
Oregon,Cascade Natural Gas,2022,July,97918,423,2
Oregon,Portland General Electric,2022,June,1,18,0
Oregon,Portland General Electric,2022,June,2,22,0
Oregon,Portland General Electric,2022,June,8,81,0
Oregon,Portland General Electric,2022,June,97002,"2,245",3
Oregon,Northwest Natural Gas Company,2022,June,97002,786,0
Oregon,Portland General Electric,2022,June,97003,"11,123",43
Oregon,Northwest Natural Gas Company,2022,June,97003,6882,19
Oregon,Portland General Electric,2022,June,97004,"1,768",3
Oregon,Northwest Natural Gas Company,2022,June,97004,233,0
Oregon,Portland General Electric,2022,June,97005,"12,305",53
Oregon,Northwest Natural Gas Company,2022,June,97005,4328,7
Oregon,Portland General Electric,2022,June,97006,"18,998",54
Oregon,Northwest Natural Gas Company,2022,June,97006,9367,13
Oregon,Portland General Electric,2022,June,97007,"18,737",22
Oregon,Northwest Natural Gas Company,2022,June,97007,13965,11
Oregon,Northwest Natural Gas Company,2022,June,97008,6337,4
Oregon,Portland General Electric,2022,June,97008,"11,964",25
Oregon,Portland General Electric,2022,June,97009,"3,418",7
Oregon,Northwest Natural Gas Company,2022,June,97009,1093,0
Oregon,Portland General Electric,2022,June,97011,492,1
Oregon,Northwest Natural Gas Company,2022,June,97013,3742,6
Oregon,Portland General Electric,2022,June,97013,"2,351",4
Oregon,Portland General Electric,2022,June,97015,"9,079",23
Oregon,Northwest Natural Gas Company,2022,June,97015,4669,11
Oregon,Northwest Natural Gas Company,2022,June,97016,113,0
Oregon,Portland General Electric,2022,June,97017,"1,127",0
Oregon,Northwest Natural Gas Company,2022,June,97018,653,0
Oregon,Portland General Electric,2022,June,97019,"1,231",2
Oregon,Northwest Natural Gas Company,2022,June,97020,160,0
Oregon,Portland General Electric,2022,June,97020,374,1
Oregon,Portland General Electric,2022,June,97022,"1,457",1
Oregon,Portland General Electric,2022,June,97023,"4,945",10
Oregon,Portland General Electric,2022,June,97024,"4,651",19
Oregon,Northwest Natural Gas Company,2022,June,97024,2010,2
Oregon,Portland General Electric,2022,June,97026,"1,196",7
Oregon,Northwest Natural Gas Company,2022,June,97026,391,1
Oregon,Northwest Natural Gas Company,2022,June,97027,2976,4
Oregon,Portland General Electric,2022,June,97027,"4,951",13
Oregon,Portland General Electric,2022,June,97028,730,0
Oregon,Portland General Electric,2022,June,97030,"15,472",100
Oregon,Northwest Natural Gas Company,2022,June,97030,6480,7
Oregon,Northwest Natural Gas Company,2022,June,97031,3691,5
Oregon,Northwest Natural Gas Company,2022,June,97032,902,9
Oregon,Portland General Electric,2022,June,97032,"1,738",5
Oregon,Portland General Electric,2022,June,97034,"8,430",2
Oregon,Northwest Natural Gas Company,2022,June,97034,6788,4
Oregon,Northwest Natural Gas Company,2022,June,97035,7268,7
Oregon,Portland General Electric,2022,June,97035,"11,381",11
Oregon,Portland General Electric,2022,June,97036,2,0
Oregon,Northwest Natural Gas Company,2022,June,97036,1,0
Oregon,Northwest Natural Gas Company,2022,June,97038,2181,4
Oregon,Portland General Electric,2022,June,97038,"6,364",18
Oregon,Northwest Natural Gas Company,2022,June,97042,119,1
Oregon,Portland General Electric,2022,June,97042,"1,214",1
Oregon,Northwest Natural Gas Company,2022,June,97045,11473,6
Oregon,Portland General Electric,2022,June,97045,"22,179",58
Oregon,Northwest Natural Gas Company,2022,June,97048,388,1
Oregon,Portland General Electric,2022,June,97049,"1,780",0
Oregon,Northwest Natural Gas Company,2022,June,97051,3359,3
Oregon,Northwest Natural Gas Company,2022,June,97053,625,0
Oregon,Northwest Natural Gas Company,2022,June,97054,19,0
Oregon,Portland General Electric,2022,June,97055,"7,980",15
Oregon,Northwest Natural Gas Company,2022,June,97055,3511,8
Oregon,Northwest Natural Gas Company,2022,June,97056,2432,3
Oregon,Northwest Natural Gas Company,2022,June,97058,1650,3
Oregon,Portland General Electric,2022,June,97060,"8,081",21
Oregon,Northwest Natural Gas Company,2022,June,97060,4813,10
Oregon,Portland General Electric,2022,June,97062,"11,308",35
Oregon,Northwest Natural Gas Company,2022,June,97062,6123,6
Oregon,Northwest Natural Gas Company,2022,June,97064,709,0
Oregon,Portland General Electric,2022,June,97067,"1,277",0
Oregon,Northwest Natural Gas Company,2022,June,97068,9459,2
Oregon,Portland General Electric,2022,June,97068,"11,677",9
Oregon,Northwest Natural Gas Company,2022,June,97070,6321,4
Oregon,Portland General Electric,2022,June,97070,"11,477",23
Oregon,Portland General Electric,2022,June,97071,"9,915",12
Oregon,Northwest Natural Gas Company,2022,June,97071,5416,8
Oregon,Portland General Electric,2022,June,97078,"9,126",35
Oregon,Northwest Natural Gas Company,2022,June,97078,5977,3
Oregon,Portland General Electric,2022,June,97080,"16,429",43
Oregon,Northwest Natural Gas Company,2022,June,97080,11092,5
Oregon,Northwest Natural Gas Company,2022,June,97086,9198,11
Oregon,Portland General Electric,2022,June,97086,"12,995",40
Oregon,Portland General Electric,2022,June,97089,"5,004",8
Oregon,Northwest Natural Gas Company,2022,June,97089,3383,8
Oregon,Northwest Natural Gas Company,2022,June,97101,312,0
Oregon,Portland General Electric,2022,June,97101,"1,546",2
Oregon,Northwest Natural Gas Company,2022,June,97103,4067,11
Oregon,Northwest Natural Gas Company,2022,June,97106,458,0
Oregon,Portland General Electric,2022,June,97106,"1,552",0
Oregon,Northwest Natural Gas Company,2022,June,97110,1348,0
Oregon,Portland General Electric,2022,June,97111,"1,479",2
Oregon,Northwest Natural Gas Company,2022,June,97111,30,0
Oregon,Northwest Natural Gas Company,2022,June,97113,2707,0
Oregon,Portland General Electric,2022,June,97113,"5,270",10
Oregon,Portland General Electric,2022,June,97114,"1,769",0
Oregon,Northwest Natural Gas Company,2022,June,97114,17,0
Oregon,Portland General Electric,2022,June,97115,"1,704",2
Oregon,Northwest Natural Gas Company,2022,June,97115,956,6
Oregon,Northwest Natural Gas Company,2022,June,97116,3608,4
Oregon,Portland General Electric,2022,June,97116,837,0
Oregon,Portland General Electric,2022,June,97117,266,0
Oregon,Portland General Electric,2022,June,97119,"1,615",3
Oregon,Northwest Natural Gas Company,2022,June,97121,430,0
Oregon,Northwest Natural Gas Company,2022,June,97123,11740,16
Oregon,Portland General Electric,2022,June,97123,"18,272",29
Oregon,Portland General Electric,2022,June,97124,"21,622",43
Oregon,Northwest Natural Gas Company,2022,June,97124,10787,8
Oregon,Northwest Natural Gas Company,2022,June,97127,819,2
Oregon,Portland General Electric,2022,June,97127,"1,482",3
Oregon,Portland General Electric,2022,June,97128,494,2
Oregon,Northwest Natural Gas Company,2022,June,97128,3349,5
Oregon,Portland General Electric,2022,June,97132,"12,008",21
Oregon,Northwest Natural Gas Company,2022,June,97132,5633,6
Oregon,Northwest Natural Gas Company,2022,June,97133,1147,0
Oregon,Portland General Electric,2022,June,97133,"2,299",1
Oregon,Portland General Electric,2022,June,97137,487,2
Oregon,Northwest Natural Gas Company,2022,June,97138,4329,1
Oregon,Northwest Natural Gas Company,2022,June,97140,6652,6
Oregon,Portland General Electric,2022,June,97140,"9,469",8
Oregon,Northwest Natural Gas Company,2022,June,97145,1,0
Oregon,Northwest Natural Gas Company,2022,June,97146,2163,4
Oregon,Portland General Electric,2022,June,97148,"1,359",4
Oregon,Portland General Electric,2022,June,97201,"7,345",13
Oregon,Northwest Natural Gas Company,2022,June,97201,2534,4
Oregon,Northwest Natural Gas Company,2022,June,97202,11657,10
Oregon,Portland General Electric,2022,June,97202,"20,114",39
Oregon,Northwest Natural Gas Company,2022,June,97203,7520,18
Oregon,Portland General Electric,2022,June,97203,"13,022",45
Oregon,Portland General Electric,2022,June,97204,414,1
Oregon,Northwest Natural Gas Company,2022,June,97204,136,0
Oregon,Portland General Electric,2022,June,97205,"3,255",4
Oregon,Northwest Natural Gas Company,2022,June,97205,1368,2
Oregon,Portland General Electric,2022,June,97206,"21,997",45
Oregon,Northwest Natural Gas Company,2022,June,97206,13888,30
Oregon,Portland General Electric,2022,June,97209,"15,072",38
Oregon,Northwest Natural Gas Company,2022,June,97209,2469,3
Oregon,Northwest Natural Gas Company,2022,June,97210,4301,10
Oregon,Portland General Electric,2022,June,97210,"7,973",16
Oregon,Northwest Natural Gas Company,2022,June,97211,10523,19
Oregon,Northwest Natural Gas Company,2022,June,97212,8552,10
Oregon,Northwest Natural Gas Company,2022,June,97213,9879,10
Oregon,Portland General Electric,2022,June,97213,"3,125",12
Oregon,Portland General Electric,2022,June,97214,"15,322",34
Oregon,Northwest Natural Gas Company,2022,June,97214,8354,15
Oregon,Northwest Natural Gas Company,2022,June,97215,5771,4
Oregon,Portland General Electric,2022,June,97215,"7,613",15
Oregon,Northwest Natural Gas Company,2022,June,97216,3450,17
Oregon,Portland General Electric,2022,June,97216,"4,227",10
Oregon,Northwest Natural Gas Company,2022,June,97217,10567,16
Oregon,Portland General Electric,2022,June,97217,"12,954",56
Oregon,Northwest Natural Gas Company,2022,June,97218,3627,9
Oregon,Portland General Electric,2022,June,97219,"17,497",32
Oregon,Northwest Natural Gas Company,2022,June,97219,12506,4
Oregon,Northwest Natural Gas Company,2022,June,97220,6727,17
Oregon,Northwest Natural Gas Company,2022,June,97221,3959,5
Oregon,Portland General Electric,2022,June,97221,"5,553",5
Oregon,Portland General Electric,2022,June,97222,"15,609",41
Oregon,Northwest Natural Gas Company,2022,June,97222,8083,16
Oregon,Northwest Natural Gas Company,2022,June,97223,12990,12
Oregon,Portland General Electric,2022,June,97223,"21,000",47
Oregon,Northwest Natural Gas Company,2022,June,97224,10674,5
Oregon,Portland General Electric,2022,June,97224,"15,915",28
Oregon,Portland General Electric,2022,June,97225,"11,581",13
Oregon,Northwest Natural Gas Company,2022,June,97225,7318,0
Oregon,Northwest Natural Gas Company,2022,June,97227,1618,1
Oregon,Portland General Electric,2022,June,97227,427,0
Oregon,Portland General Electric,2022,June,97229,"28,199",46
Oregon,Northwest Natural Gas Company,2022,June,97229,21201,12
Oregon,Northwest Natural Gas Company,2022,June,97230,9433,14
Oregon,Portland General Electric,2022,June,97230,"15,557",83
Oregon,Portland General Electric,2022,June,97231,"1,990",0
Oregon,Northwest Natural Gas Company,2022,June,97231,779,2
Oregon,Northwest Natural Gas Company,2022,June,97232,2929,8
Oregon,Portland General Electric,2022,June,97232,"5,344",9
Oregon,Portland General Electric,2022,June,97233,"15,355",111
Oregon,Northwest Natural Gas Company,2022,June,97233,6245,23
Oregon,Portland General Electric,2022,June,97236,"13,847",98
Oregon,Northwest Natural Gas Company,2022,June,97236,7206,10
Oregon,Portland General Electric,2022,June,97239,"9,979",9
Oregon,Northwest Natural Gas Company,2022,June,97239,3973,6
Oregon,Portland General Electric,2022,June,97266,"13,431",80
Oregon,Northwest Natural Gas Company,2022,June,97266,7266,26
Oregon,Northwest Natural Gas Company,2022,June,97267,8745,10
Oregon,Portland General Electric,2022,June,97267,"12,828",15
Oregon,Northwest Natural Gas Company,2022,June,97301,8565,30
Oregon,Portland General Electric,2022,June,97301,"19,190",101
Oregon,Northwest Natural Gas Company,2022,June,97302,10272,18
Oregon,Portland General Electric,2022,June,97302,"17,204",27
Oregon,Northwest Natural Gas Company,2022,June,97303,9009,19
Oregon,Portland General Electric,2022,June,97303,"10,721",20
Oregon,Portland General Electric,2022,June,97304,"1,335",2
Oregon,Northwest Natural Gas Company,2022,June,97304,7327,4
Oregon,Portland General Electric,2022,June,97305,"15,698",76
Oregon,Northwest Natural Gas Company,2022,June,97305,6897,14
Oregon,Northwest Natural Gas Company,2022,June,97306,8682,15
Oregon,Portland General Electric,2022,June,97306,"13,821",28
Oregon,Northwest Natural Gas Company,2022,June,97310,9,0
Oregon,Northwest Natural Gas Company,2022,June,97317,3869,10
Oregon,Portland General Electric,2022,June,97317,"8,432",30
Oregon,Northwest Natural Gas Company,2022,June,97321,8755,6
Oregon,Northwest Natural Gas Company,2022,June,97322,7422,11
Oregon,Northwest Natural Gas Company,2022,June,97325,808,1
Oregon,Portland General Electric,2022,June,97325,153,0
Oregon,Northwest Natural Gas Company,2022,June,97327,536,0
Oregon,Northwest Natural Gas Company,2022,June,97330,9291,6
Oregon,Northwest Natural Gas Company,2022,June,97333,4463,5
Oregon,Portland General Electric,2022,June,97338,239,0
Oregon,Northwest Natural Gas Company,2022,June,97338,4517,6
Oregon,Northwest Natural Gas Company,2022,June,97341,1353,1
Oregon,Northwest Natural Gas Company,2022,June,97345,12,0
Oregon,Portland General Electric,2022,June,97347,807,4
Oregon,Northwest Natural Gas Company,2022,June,97347,223,0
Oregon,Northwest Natural Gas Company,2022,June,97348,219,0
Oregon,Northwest Natural Gas Company,2022,June,97351,1802,0
Oregon,Northwest Natural Gas Company,2022,June,97352,770,2
Oregon,Portland General Electric,2022,June,97352,120,1
Oregon,Northwest Natural Gas Company,2022,June,97355,5152,10
Oregon,Northwest Natural Gas Company,2022,June,97358,404,0
Oregon,Northwest Natural Gas Company,2022,June,97360,498,3
Oregon,Northwest Natural Gas Company,2022,June,97361,1329,0
Oregon,Portland General Electric,2022,June,97362,"1,506",3
Oregon,Northwest Natural Gas Company,2022,June,97362,731,0
Oregon,Northwest Natural Gas Company,2022,June,97364,230,0
Oregon,Northwest Natural Gas Company,2022,June,97365,1658,1
Oregon,Northwest Natural Gas Company,2022,June,97366,180,0
Oregon,Northwest Natural Gas Company,2022,June,97367,4187,1
Oregon,Northwest Natural Gas Company,2022,June,97368,881,0
Oregon,Northwest Natural Gas Company,2022,June,97370,1255,1
Oregon,Portland General Electric,2022,June,97371,102,0
Oregon,Northwest Natural Gas Company,2022,June,97371,43,0
Oregon,Northwest Natural Gas Company,2022,June,97372,9,0
Oregon,Northwest Natural Gas Company,2022,June,97374,301,1
Oregon,Portland General Electric,2022,June,97375,521,1
Oregon,Northwest Natural Gas Company,2022,June,97377,54,0
Oregon,Portland General Electric,2022,June,97378,"2,838",7
Oregon,Northwest Natural Gas Company,2022,June,97378,812,2
Oregon,Northwest Natural Gas Company,2022,June,97380,154,0
Oregon,Northwest Natural Gas Company,2022,June,97381,2947,2
Oregon,Portland General Electric,2022,June,97381,"6,401",15
Oregon,Northwest Natural Gas Company,2022,June,97383,1782,3
Oregon,Northwest Natural Gas Company,2022,June,97384,32,0
Oregon,Portland General Electric,2022,June,97385,143,0
Oregon,Northwest Natural Gas Company,2022,June,97385,881,0
Oregon,Northwest Natural Gas Company,2022,June,97386,2183,1
Oregon,Northwest Natural Gas Company,2022,June,97388,1048,0
Oregon,Northwest Natural Gas Company,2022,June,97389,312,0
Oregon,Northwest Natural Gas Company,2022,June,97391,285,0
Oregon,Northwest Natural Gas Company,2022,June,97392,984,0
Oregon,Portland General Electric,2022,June,97392,"1,952",1
Oregon,Northwest Natural Gas Company,2022,June,97396,420,3
Oregon,Portland General Electric,2022,June,97396,"1,360",3
Oregon,Northwest Natural Gas Company,2022,June,97401,5639,6
Oregon,Northwest Natural Gas Company,2022,June,97402,4612,16
Oregon,Northwest Natural Gas Company,2022,June,97403,1560,0
Oregon,Northwest Natural Gas Company,2022,June,97404,6337,5
Oregon,Northwest Natural Gas Company,2022,June,97405,7001,4
Oregon,Northwest Natural Gas Company,2022,June,97408,2972,0
Oregon,Avista Utilities,2022,June,97417,316,2
Oregon,Northwest Natural Gas Company,2022,June,97420,828,2
Oregon,Northwest Natural Gas Company,2022,June,97423,217,0
Oregon,Northwest Natural Gas Company,2022,June,97424,2348,1
Oregon,Northwest Natural Gas Company,2022,June,97426,1292,0
Oregon,Avista Utilities,2022,June,97432,55,1
Oregon,Northwest Natural Gas Company,2022,June,97438,8,0
Oregon,Avista Utilities,2022,June,97442,147,1
Oregon,Northwest Natural Gas Company,2022,June,97446,590,1
Oregon,Northwest Natural Gas Company,2022,June,97448,1428,2
Oregon,Northwest Natural Gas Company,2022,June,97455,137,0
Oregon,Avista Utilities,2022,June,97457,1467,5
Oregon,Northwest Natural Gas Company,2022,June,97458,137,0
Oregon,Northwest Natural Gas Company,2022,June,97459,596,4
Oregon,Avista Utilities,2022,June,97462,276,0
Oregon,Avista Utilities,2022,June,97469,267,0
Oregon,Avista Utilities,2022,June,97470,3497,8
Oregon,Avista Utilities,2022,June,97471,5010,14
Oregon,Northwest Natural Gas Company,2022,June,97477,2999,3
Oregon,Northwest Natural Gas Company,2022,June,97478,2410,1
Oregon,Avista Utilities,2022,June,97479,1663,5
Oregon,Avista Utilities,2022,June,97495,504,0
Oregon,Avista Utilities,2022,June,97496,1143,8
Oregon,Avista Utilities,2022,June,97497,2,0
Oregon,Avista Utilities,2022,June,97501,9110,18
Oregon,Avista Utilities,2022,June,97502,6402,10
Oregon,Avista Utilities,2022,June,97503,1668,3
Oregon,Avista Utilities,2022,June,97504,13043,21
Oregon,Avista Utilities,2022,June,97520,7245,3
Oregon,Avista Utilities,2022,June,97524,2784,6
Oregon,Avista Utilities,2022,June,97525,572,0
Oregon,Avista Utilities,2022,June,97526,6348,6
Oregon,Avista Utilities,2022,June,97527,5532,4
Oregon,Avista Utilities,2022,June,97528,2,0
Oregon,Avista Utilities,2022,June,97530,1235,0
Oregon,Avista Utilities,2022,June,97535,1095,2
Oregon,Avista Utilities,2022,June,97537,551,1
Oregon,Avista Utilities,2022,June,97539,224,1
Oregon,Avista Utilities,2022,June,97540,1377,1
Oregon,Avista Utilities,2022,June,97601,6390,16
Oregon,Avista Utilities,2022,June,97603,8731,27
Oregon,Avista Utilities,2022,June,97623,58,1
Oregon,Avista Utilities,2022,June,97627,203,0
Oregon,Avista Utilities,2022,June,97632,123,0
Oregon,Avista Utilities,2022,June,97634,29,0
Oregon,Cascade Natural Gas,2022,June,97701,10494,4
Oregon,Cascade Natural Gas,2022,June,97702,13669,12
Oregon,Cascade Natural Gas,2022,June,97703,9427,4
Oregon,Cascade Natural Gas,2022,June,97707,3789,0
Oregon,Cascade Natural Gas,2022,June,97731,24,0
Oregon,Cascade Natural Gas,2022,June,97733,72,0
Oregon,Cascade Natural Gas,2022,June,97737,123,0
Oregon,Cascade Natural Gas,2022,June,97739,369,0
Oregon,Cascade Natural Gas,2022,June,97741,1459,9
Oregon,Cascade Natural Gas,2022,June,97753,405,0
Oregon,Cascade Natural Gas,2022,June,97754,2797,0
Oregon,Cascade Natural Gas,2022,June,97756,9136,10
Oregon,Cascade Natural Gas,2022,June,97801,4895,20
Oregon,Cascade Natural Gas,2022,June,97813,347,2
Oregon,Cascade Natural Gas,2022,June,97814,3462,5
Oregon,Cascade Natural Gas,2022,June,97818,297,1
Oregon,Avista Utilities,2022,June,97824,318,1
Oregon,Cascade Natural Gas,2022,June,97826,24,0
Oregon,Avista Utilities,2022,June,97827,536,5
Oregon,Cascade Natural Gas,2022,June,97838,4072,1
Oregon,Avista Utilities,2022,June,97841,132,0
Oregon,Cascade Natural Gas,2022,June,97844,183,2
Oregon,Avista Utilities,2022,June,97850,4924,5
Oregon,Cascade Natural Gas,2022,June,97862,243,3
Oregon,Avista Utilities,2022,June,97867,141,0
Oregon,Cascade Natural Gas,2022,June,97868,469,2
Oregon,Cascade Natural Gas,2022,June,97875,380,2
Oregon,Avista Utilities,2022,June,97876,50,0
Oregon,Cascade Natural Gas,2022,June,97882,953,5
Oregon,Avista Utilities,2022,June,97883,764,0
Oregon,Cascade Natural Gas,2022,June,97886,182,2
Oregon,Cascade Natural Gas,2022,June,97907,129,1
Oregon,Cascade Natural Gas,2022,June,97913,754,3
Oregon,Cascade Natural Gas,2022,June,97914,2713,19
Oregon,Cascade Natural Gas,2022,June,97918,422,1
Oregon,Portland General Electric,2022,Mar,97002,2238,3
Oregon,Portland General Electric,2022,Mar,97003,11301,10
Oregon,Portland General Electric,2022,Mar,97004,1774,0
Oregon,Portland General Electric,2022,Mar,97005,12080,9
Oregon,Portland General Electric,2022,Mar,97006,19025,17
Oregon,Portland General Electric,2022,Mar,97007,18699,9
Oregon,Portland General Electric,2022,Mar,97008,11953,9
Oregon,Portland General Electric,2022,Mar,97009,3412,1
Oregon,Portland General Electric,2022,Mar,97010,2,0
Oregon,Portland General Electric,2022,Mar,97011,498,0
Oregon,Portland General Electric,2022,Mar,97013,2359,2
Oregon,Portland General Electric,2022,Mar,97015,9095,7
Oregon,Portland General Electric,2022,Mar,97017,1130,1
Oregon,Portland General Electric,2022,Mar,97019,1226,0
Oregon,Portland General Electric,2022,Mar,97020,376,0
Oregon,Portland General Electric,2022,Mar,97022,1459,1
Oregon,Portland General Electric,2022,Mar,97023,4900,4
Oregon,Portland General Electric,2022,Mar,97024,4643,10
Oregon,Portland General Electric,2022,Mar,97026,1186,3
Oregon,Portland General Electric,2022,Mar,97027,4944,3
Oregon,Portland General Electric,2022,Mar,97028,729,0
Oregon,Portland General Electric,2022,Mar,97030,15405,13
Oregon,Portland General Electric,2022,Mar,97032,1742,1
Oregon,Portland General Electric,2022,Mar,97034,8446,1
Oregon,Portland General Electric,2022,Mar,97035,11388,4
Oregon,Portland General Electric,2022,Mar,97036,2,0
Oregon,Portland General Electric,2022,Mar,97038,6319,15
Oregon,Portland General Electric,2022,Mar,97042,1213,3
Oregon,Portland General Electric,2022,Mar,97045,22170,19
Oregon,Portland General Electric,2022,Mar,97049,1781,0
Oregon,Portland General Electric,2022,Mar,97055,7976,6
Oregon,Portland General Electric,2022,Mar,97056,29,0
Oregon,Portland General Electric,2022,Mar,97060,8035,10
Oregon,Portland General Electric,2022,Mar,97062,11309,4
Oregon,Portland General Electric,2022,Mar,97067,1269,2
Oregon,Portland General Electric,2022,Mar,97068,11674,2
Oregon,Portland General Electric,2022,Mar,97070,11468,3
Oregon,Portland General Electric,2022,Mar,97071,9843,8
Oregon,Portland General Electric,2022,Mar,97078,9487,6
Oregon,Portland General Electric,2022,Mar,97080,16333,9
Oregon,Portland General Electric,2022,Mar,97086,12930,9
Oregon,Portland General Electric,2022,Mar,97089,4827,0
Oregon,Portland General Electric,2022,Mar,97101,1551,2
Oregon,Portland General Electric,2022,Mar,97106,1547,1
Oregon,Portland General Electric,2022,Mar,97109,81,0
Oregon,Portland General Electric,2022,Mar,97111,1495,3
Oregon,Portland General Electric,2022,Mar,97113,5236,4
Oregon,Portland General Electric,2022,Mar,97114,1762,5
Oregon,Portland General Electric,2022,Mar,97115,1704,0
Oregon,Portland General Electric,2022,Mar,97116,839,0
Oregon,Portland General Electric,2022,Mar,97117,262,0
Oregon,Portland General Electric,2022,Mar,97119,1614,0
Oregon,Portland General Electric,2022,Mar,97123,17865,19
Oregon,Portland General Electric,2022,Mar,97124,21618,21
Oregon,Portland General Electric,2022,Mar,97125,18,0
Oregon,Portland General Electric,2022,Mar,97127,1446,5
Oregon,Portland General Electric,2022,Mar,97128,493,0
Oregon,Portland General Electric,2022,Mar,97132,11890,10
Oregon,Portland General Electric,2022,Mar,97133,2281,1
Oregon,Portland General Electric,2022,Mar,97137,485,1
Oregon,Portland General Electric,2022,Mar,97140,9438,5
Oregon,Portland General Electric,2022,Mar,97148,1353,1
Oregon,Portland General Electric,2022,Mar,97201,7350,8
Oregon,Portland General Electric,2022,Mar,97202,20106,15
Oregon,Portland General Electric,2022,Mar,97203,12943,19
Oregon,Portland General Electric,2022,Mar,97204,415,0
Oregon,Portland General Electric,2022,Mar,97205,3237,0
Oregon,Portland General Electric,2022,Mar,97206,21988,20
Oregon,Portland General Electric,2022,Mar,97209,15100,9
Oregon,Portland General Electric,2022,Mar,97210,7963,6
Oregon,Portland General Electric,2022,Mar,97211,.,0
Oregon,Portland General Electric,2022,Mar,97213,3130,0
Oregon,Portland General Electric,2022,Mar,97214,15347,8
Oregon,Portland General Electric,2022,Mar,97215,7601,1
Oregon,Portland General Electric,2022,Mar,97216,4224,7
Oregon,Portland General Electric,2022,Mar,97217,12885,6
Oregon,Portland General Electric,2022,Mar,97219,17464,14
Oregon,Portland General Electric,2022,Mar,97221,5539,3
Oregon,Portland General Electric,2022,Mar,97222,15590,15
Oregon,Portland General Electric,2022,Mar,97223,20887,13
Oregon,Portland General Electric,2022,Mar,97224,15903,6
Oregon,Portland General Electric,2022,Mar,97225,11587,7
Oregon,Portland General Electric,2022,Mar,97227,420,0
Oregon,Portland General Electric,2022,Mar,97229,28099,11
Oregon,Portland General Electric,2022,Mar,97230,15546,27
Oregon,Portland General Electric,2022,Mar,97231,1990,0
Oregon,Portland General Electric,2022,Mar,97232,5135,3
Oregon,Portland General Electric,2022,Mar,97233,15207,38
Oregon,Portland General Electric,2022,Mar,97236,13813,46
Oregon,Portland General Electric,2022,Mar,97239,9973,6
Oregon,Portland General Electric,2022,Mar,97266,13418,27
Oregon,Portland General Electric,2022,Mar,97267,12837,4
Oregon,Portland General Electric,2022,Mar,97301,19094,23
Oregon,Portland General Electric,2022,Mar,97302,17196,18
Oregon,Portland General Electric,2022,Mar,97303,10744,6
Oregon,Portland General Electric,2022,Mar,97304,1326,1
Oregon,Portland General Electric,2022,Mar,97305,15658,24
Oregon,Portland General Electric,2022,Mar,97306,13772,9
Oregon,Portland General Electric,2022,Mar,97317,8408,10
Oregon,Portland General Electric,2022,Mar,97325,153,0
Oregon,Portland General Electric,2022,Mar,97338,240,0
Oregon,Portland General Electric,2022,Mar,97346,.,0
Oregon,Portland General Electric,2022,Mar,97347,806,2
Oregon,Portland General Electric,2022,Mar,97352,120,0
Oregon,Portland General Electric,2022,Mar,97362,1508,1
Oregon,Portland General Electric,2022,Mar,97371,106,0
Oregon,Portland General Electric,2022,Mar,97375,514,0
Oregon,Portland General Electric,2022,Mar,97378,2798,4
Oregon,Portland General Electric,2022,Mar,97381,6401,6
Oregon,Portland General Electric,2022,Mar,97385,142,0
Oregon,Portland General Electric,2022,Mar,97392,1938,2
Oregon,Portland General Electric,2022,Mar,97396,1361,5
Oregon,Northwest Natural Gas Company,2022,March,97002,785,0
Oregon,Northwest Natural Gas Company,2022,March,97003,6854,7
Oregon,Northwest Natural Gas Company,2022,March,97004,233,1
Oregon,Northwest Natural Gas Company,2022,March,97005,4330,4
Oregon,Northwest Natural Gas Company,2022,March,97006,9361,8
Oregon,Northwest Natural Gas Company,2022,March,97007,13922,14
Oregon,Northwest Natural Gas Company,2022,March,97008,6341,2
Oregon,Northwest Natural Gas Company,2022,March,97009,1087,1
Oregon,Northwest Natural Gas Company,2022,March,97013,3718,5
Oregon,Northwest Natural Gas Company,2022,March,97015,4663,7
Oregon,Northwest Natural Gas Company,2022,March,97016,113,0
Oregon,Northwest Natural Gas Company,2022,March,97018,653,0
Oregon,Northwest Natural Gas Company,2022,March,97020,161,1
Oregon,Northwest Natural Gas Company,2022,March,97024,2008,1
Oregon,Northwest Natural Gas Company,2022,March,97026,380,3
Oregon,Northwest Natural Gas Company,2022,March,97027,2969,1
Oregon,Northwest Natural Gas Company,2022,March,97030,6492,7
Oregon,Northwest Natural Gas Company,2022,March,97031,3676,2
Oregon,Northwest Natural Gas Company,2022,March,97032,903,2
Oregon,Northwest Natural Gas Company,2022,March,97034,6792,4
Oregon,Northwest Natural Gas Company,2022,March,97035,7267,7
Oregon,Northwest Natural Gas Company,2022,March,97036,1,0
Oregon,Northwest Natural Gas Company,2022,March,97038,2184,4
Oregon,Northwest Natural Gas Company,2022,March,97042,120,1
Oregon,Northwest Natural Gas Company,2022,March,97045,11450,21
Oregon,Northwest Natural Gas Company,2022,March,97048,393,2
Oregon,Northwest Natural Gas Company,2022,March,97051,3342,5
Oregon,Northwest Natural Gas Company,2022,March,97053,626,1
Oregon,Northwest Natural Gas Company,2022,March,97054,20,0
Oregon,Northwest Natural Gas Company,2022,March,97055,3497,14
Oregon,Northwest Natural Gas Company,2022,March,97056,2426,5
Oregon,Northwest Natural Gas Company,2022,March,97058,1653,2
Oregon,Northwest Natural Gas Company,2022,March,97060,4808,7
Oregon,Northwest Natural Gas Company,2022,March,97062,6129,3
Oregon,Northwest Natural Gas Company,2022,March,97064,706,1
Oregon,Northwest Natural Gas Company,2022,March,97068,9452,5
Oregon,Northwest Natural Gas Company,2022,March,97070,6283,5
Oregon,Northwest Natural Gas Company,2022,March,97071,5379,16
Oregon,Northwest Natural Gas Company,2022,March,97078,5982,13
Oregon,Northwest Natural Gas Company,2022,March,97080,11030,13
Oregon,Northwest Natural Gas Company,2022,March,97086,9133,10
Oregon,Northwest Natural Gas Company,2022,March,97089,3375,2
Oregon,Northwest Natural Gas Company,2022,March,97101,311,0
Oregon,Northwest Natural Gas Company,2022,March,97103,4058,7
Oregon,Northwest Natural Gas Company,2022,March,97106,456,0
Oregon,Northwest Natural Gas Company,2022,March,97110,1351,2
Oregon,Northwest Natural Gas Company,2022,March,97111,27,0
Oregon,Northwest Natural Gas Company,2022,March,97113,2650,1
Oregon,Northwest Natural Gas Company,2022,March,97114,17,0
Oregon,Northwest Natural Gas Company,2022,March,97115,953,2
Oregon,Northwest Natural Gas Company,2022,March,97116,3565,6
Oregon,Northwest Natural Gas Company,2022,March,97121,428,0
Oregon,Northwest Natural Gas Company,2022,March,97123,11621,16
Oregon,Northwest Natural Gas Company,2022,March,97124,10798,10
Oregon,Northwest Natural Gas Company,2022,March,97127,804,0
Oregon,Northwest Natural Gas Company,2022,March,97128,3308,2
Oregon,Northwest Natural Gas Company,2022,March,97132,5613,5
Oregon,Northwest Natural Gas Company,2022,March,97133,1145,1
Oregon,Northwest Natural Gas Company,2022,March,97138,4322,7
Oregon,Northwest Natural Gas Company,2022,March,97140,6640,3
Oregon,Northwest Natural Gas Company,2022,March,97145,1,0
Oregon,Northwest Natural Gas Company,2022,March,97146,2166,6
Oregon,Northwest Natural Gas Company,2022,March,97201,2498,3
Oregon,Northwest Natural Gas Company,2022,March,97202,11641,6
Oregon,Northwest Natural Gas Company,2022,March,97203,7526,10
Oregon,Northwest Natural Gas Company,2022,March,97204,133,0
Oregon,Northwest Natural Gas Company,2022,March,97205,1313,0
Oregon,Northwest Natural Gas Company,2022,March,97206,13900,8
Oregon,Northwest Natural Gas Company,2022,March,97209,2457,0
Oregon,Northwest Natural Gas Company,2022,March,97210,4292,5
Oregon,Northwest Natural Gas Company,2022,March,97211,10539,24
Oregon,Northwest Natural Gas Company,2022,March,97212,8559,8
Oregon,Northwest Natural Gas Company,2022,March,97213,9880,14
Oregon,Northwest Natural Gas Company,2022,March,97214,8348,7
Oregon,Northwest Natural Gas Company,2022,March,97215,5773,6
Oregon,Northwest Natural Gas Company,2022,March,97216,3458,3
Oregon,Northwest Natural Gas Company,2022,March,97217,10579,29
Oregon,Northwest Natural Gas Company,2022,March,97218,3638,4
Oregon,Northwest Natural Gas Company,2022,March,97219,12493,22
Oregon,Northwest Natural Gas Company,2022,March,97220,6725,17
Oregon,Northwest Natural Gas Company,2022,March,97221,3953,2
Oregon,Northwest Natural Gas Company,2022,March,97222,8085,9
Oregon,Northwest Natural Gas Company,2022,March,97223,12974,10
Oregon,Northwest Natural Gas Company,2022,March,97224,10648,5
Oregon,Northwest Natural Gas Company,2022,March,97225,7303,2
Oregon,Northwest Natural Gas Company,2022,March,97227,1613,6
Oregon,Northwest Natural Gas Company,2022,March,97229,21141,20
Oregon,Northwest Natural Gas Company,2022,March,97230,9439,13
Oregon,Northwest Natural Gas Company,2022,March,97231,779,0
Oregon,Northwest Natural Gas Company,2022,March,97232,2931,0
Oregon,Northwest Natural Gas Company,2022,March,97233,6259,16
Oregon,Northwest Natural Gas Company,2022,March,97236,7205,11
Oregon,Northwest Natural Gas Company,2022,March,97239,3970,6
Oregon,Northwest Natural Gas Company,2022,March,97266,7286,23
Oregon,Northwest Natural Gas Company,2022,March,97267,8754,9
Oregon,Northwest Natural Gas Company,2022,March,97301,8545,21
Oregon,Northwest Natural Gas Company,2022,March,97302,10259,4
Oregon,Northwest Natural Gas Company,2022,March,97303,9015,8
Oregon,Northwest Natural Gas Company,2022,March,97304,7310,2
Oregon,Northwest Natural Gas Company,2022,March,97305,6891,7
Oregon,Northwest Natural Gas Company,2022,March,97306,8661,10
Oregon,Northwest Natural Gas Company,2022,March,97310,9,0
Oregon,Northwest Natural Gas Company,2022,March,97317,3862,6
Oregon,Northwest Natural Gas Company,2022,March,97321,8738,6
Oregon,Northwest Natural Gas Company,2022,March,97322,7421,13
Oregon,Northwest Natural Gas Company,2022,March,97325,810,1
Oregon,Northwest Natural Gas Company,2022,March,97327,519,0
Oregon,Northwest Natural Gas Company,2022,March,97330,9287,2
Oregon,Northwest Natural Gas Company,2022,March,97333,4449,2
Oregon,Northwest Natural Gas Company,2022,March,97338,4500,3
Oregon,Northwest Natural Gas Company,2022,March,97341,1348,1
Oregon,Northwest Natural Gas Company,2022,March,97345,12,0
Oregon,Northwest Natural Gas Company,2022,March,97347,224,2
Oregon,Northwest Natural Gas Company,2022,March,97348,219,0
Oregon,Northwest Natural Gas Company,2022,March,97351,1791,3
Oregon,Northwest Natural Gas Company,2022,March,97352,770,0
Oregon,Northwest Natural Gas Company,2022,March,97355,5153,5
Oregon,Northwest Natural Gas Company,2022,March,97358,399,0
Oregon,Northwest Natural Gas Company,2022,March,97360,501,0
Oregon,Northwest Natural Gas Company,2022,March,97361,1316,5
Oregon,Northwest Natural Gas Company,2022,March,97362,731,1
Oregon,Northwest Natural Gas Company,2022,March,97364,231,0
Oregon,Northwest Natural Gas Company,2022,March,97365,1652,4
Oregon,Northwest Natural Gas Company,2022,March,97366,181,0
Oregon,Northwest Natural Gas Company,2022,March,97367,4188,3
Oregon,Northwest Natural Gas Company,2022,March,97368,870,2
Oregon,Northwest Natural Gas Company,2022,March,97370,1253,1
Oregon,Northwest Natural Gas Company,2022,March,97371,43,0
Oregon,Northwest Natural Gas Company,2022,March,97372,10,0
Oregon,Northwest Natural Gas Company,2022,March,97374,301,0
Oregon,Northwest Natural Gas Company,2022,March,97377,54,0
Oregon,Northwest Natural Gas Company,2022,March,97378,812,0
Oregon,Northwest Natural Gas Company,2022,March,97380,154,0
Oregon,Northwest Natural Gas Company,2022,March,97381,2934,5
Oregon,Northwest Natural Gas Company,2022,March,97383,1772,1
Oregon,Northwest Natural Gas Company,2022,March,97384,31,0
Oregon,Northwest Natural Gas Company,2022,March,97385,869,0
Oregon,Northwest Natural Gas Company,2022,March,97386,2181,1
Oregon,Northwest Natural Gas Company,2022,March,97388,1043,0
Oregon,Northwest Natural Gas Company,2022,March,97389,313,0
Oregon,Northwest Natural Gas Company,2022,March,97391,285,0
Oregon,Northwest Natural Gas Company,2022,March,97392,981,3
Oregon,Northwest Natural Gas Company,2022,March,97396,420,0
Oregon,Northwest Natural Gas Company,2022,March,97401,5650,2
Oregon,Northwest Natural Gas Company,2022,March,97402,4625,5
Oregon,Northwest Natural Gas Company,2022,March,97403,1538,3
Oregon,Northwest Natural Gas Company,2022,March,97404,6325,7
Oregon,Northwest Natural Gas Company,2022,March,97405,6993,1
Oregon,Northwest Natural Gas Company,2022,March,97408,2961,3
Oregon,Avista Utilities,2022,March,97417,321,1
Oregon,Northwest Natural Gas Company,2022,March,97420,823,0
Oregon,Northwest Natural Gas Company,2022,March,97423,216,0
Oregon,Northwest Natural Gas Company,2022,March,97424,2344,1
Oregon,Northwest Natural Gas Company,2022,March,97426,1290,0
Oregon,Avista Utilities,2022,March,97432,56,0
Oregon,Northwest Natural Gas Company,2022,March,97438,9,0
Oregon,Avista Utilities,2022,March,97442,152,1
Oregon,Northwest Natural Gas Company,2022,March,97446,587,4
Oregon,Northwest Natural Gas Company,2022,March,97448,1426,2
Oregon,Northwest Natural Gas Company,2022,March,97455,137,0
Oregon,Avista Utilities,2022,March,97457,1483,8
Oregon,Northwest Natural Gas Company,2022,March,97458,135,0
Oregon,Northwest Natural Gas Company,2022,March,97459,589,0
Oregon,Avista Utilities,2022,March,97462,279,0
Oregon,Avista Utilities,2022,March,97469,276,1
Oregon,Avista Utilities,2022,March,97470,3542,9
Oregon,Avista Utilities,2022,March,97471,5067,14
Oregon,Northwest Natural Gas Company,2022,March,97477,2975,0
Oregon,Northwest Natural Gas Company,2022,March,97478,2386,0
Oregon,Avista Utilities,2022,March,97479,1679,5
Oregon,Avista Utilities,2022,March,97495,504,1
Oregon,Avista Utilities,2022,March,97496,1156,4
Oregon,Avista Utilities,2022,March,97497,2,0
Oregon,Avista Utilities,2022,March,97501,9231,31
Oregon,Avista Utilities,2022,March,97502,6449,12
Oregon,Avista Utilities,2022,March,97503,1674,8
Oregon,Avista Utilities,2022,March,97504,13212,25
Oregon,Avista Utilities,2022,March,97520,7357,15
Oregon,Avista Utilities,2022,March,97524,2799,8
Oregon,Avista Utilities,2022,March,97525,586,2
Oregon,Avista Utilities,2022,March,97526,6424,18
Oregon,Avista Utilities,2022,March,97527,5579,14
Oregon,Avista Utilities,2022,March,97528,2,0
Oregon,Avista Utilities,2022,March,97530,1251,3
Oregon,Avista Utilities,2022,March,97535,1106,4
Oregon,Avista Utilities,2022,March,97537,561,1
Oregon,Avista Utilities,2022,March,97539,223,1
Oregon,Avista Utilities,2022,March,97540,1381,0
Oregon,Avista Utilities,2022,March,97601,6452,47
Oregon,Avista Utilities,2022,March,97603,8852,42
Oregon,Avista Utilities,2022,March,97623,57,0
Oregon,Avista Utilities,2022,March,97627,205,2
Oregon,Avista Utilities,2022,March,97632,132,2
Oregon,Avista Utilities,2022,March,97634,29,0
Oregon,Cascade Natural Gas,2022,March,97701,10445,6
Oregon,Cascade Natural Gas,2022,March,97702,13597,6
Oregon,Cascade Natural Gas,2022,March,97703,9337,11
Oregon,Cascade Natural Gas,2022,March,97707,3765,0
Oregon,Cascade Natural Gas,2022,March,97731,24,0
Oregon,Cascade Natural Gas,2022,March,97733,70,0
Oregon,Cascade Natural Gas,2022,March,97737,124,1
Oregon,Cascade Natural Gas,2022,March,97739,352,1
Oregon,Cascade Natural Gas,2022,March,97741,1428,3
Oregon,Cascade Natural Gas,2022,March,97753,387,0
Oregon,Cascade Natural Gas,2022,March,97754,2792,3
Oregon,Cascade Natural Gas,2022,March,97756,9075,8
Oregon,Cascade Natural Gas,2022,March,97801,4929,7
Oregon,Cascade Natural Gas,2022,March,97813,344,0
Oregon,Cascade Natural Gas,2022,March,97814,3460,7
Oregon,Idaho Power,2022,March,97814,3,0
Oregon,Cascade Natural Gas,2022,March,97818,297,1
Oregon,Idaho Power,2022,March,97819,25,0
Oregon,Avista Utilities,2022,March,97824,321,0
Oregon,Cascade Natural Gas,2022,March,97826,23,0
Oregon,Avista Utilities,2022,March,97827,539,3
Oregon,Idaho Power,2022,March,97834,661,0
Oregon,Idaho Power,2022,March,97837,73,0
Oregon,Cascade Natural Gas,2022,March,97838,4058,6
Oregon,Idaho Power,2022,March,97840,95,1
Oregon,Avista Utilities,2022,March,97841,134,0
Oregon,Cascade Natural Gas,2022,March,97844,182,1
Oregon,Avista Utilities,2022,March,97850,5010,26
Oregon,Cascade Natural Gas,2022,March,97862,244,1
Oregon,Avista Utilities,2022,March,97867,147,0
Oregon,Cascade Natural Gas,2022,March,97868,471,1
Oregon,Idaho Power,2022,March,97870,435,1
Oregon,Cascade Natural Gas,2022,March,97875,379,0
Oregon,Avista Utilities,2022,March,97876,51,0
Oregon,Cascade Natural Gas,2022,March,97882,942,1
Oregon,Avista Utilities,2022,March,97883,772,2
Oregon,Idaho Power,2022,March,97884,170,0
Oregon,Cascade Natural Gas,2022,March,97886,184,1
Oregon,Idaho Power,2022,March,97901,370,2
Oregon,Idaho Power,2022,March,97902,30,0
Oregon,Idaho Power,2022,March,97903,82,0
Oregon,Idaho Power,2022,March,97904,113,0
Oregon,Idaho Power,2022,March,97905,103,0
Oregon,Idaho Power,2022,March,97906,140,0
Oregon,Cascade Natural Gas,2022,March,97907,131,0
Oregon,Idaho Power,2022,March,97907,380,1
Oregon,Idaho Power,2022,March,97908,60,0
Oregon,Idaho Power,2022,March,97909,49,0
Oregon,Idaho Power,2022,March,97910,384,1
Oregon,Idaho Power,2022,March,97911,94,0
Oregon,Idaho Power,2022,March,97913,2153,0
Oregon,Cascade Natural Gas,2022,March,97913,757,1
Oregon,Cascade Natural Gas,2022,March,97914,2726,5
Oregon,Idaho Power,2022,March,97914,6909,28
Oregon,Idaho Power,2022,March,97917,1,0
Oregon,Cascade Natural Gas,2022,March,97918,422,0
Oregon,Idaho Power,2022,March,97918,1978,3
Oregon,Idaho Power,2022,March,97920,35,0
Oregon,Portland General Electric,2022,May,1,8,0
Oregon,Portland General Electric,2022,May,2,2,0
Oregon,Portland General Electric,2022,May,8,1,0
Oregon,Northwest Natural Gas Company,2022,May,97002,786,1
Oregon,Portland General Electric,2022,May,97002,"2,240",5
Oregon,Northwest Natural Gas Company,2022,May,97003,6868,9
Oregon,Portland General Electric,2022,May,97003,"11,102",48
Oregon,Portland General Electric,2022,May,97004,"1,769",2
Oregon,Northwest Natural Gas Company,2022,May,97004,233,0
Oregon,Northwest Natural Gas Company,2022,May,97005,4336,10
Oregon,Portland General Electric,2022,May,97005,"12,304",68
Oregon,Northwest Natural Gas Company,2022,May,97006,9379,10
Oregon,Portland General Electric,2022,May,97006,"18,998",52
Oregon,Northwest Natural Gas Company,2022,May,97007,13967,17
Oregon,Portland General Electric,2022,May,97007,"18,721",22
Oregon,Portland General Electric,2022,May,97008,"11,970",33
Oregon,Northwest Natural Gas Company,2022,May,97008,6345,10
Oregon,Portland General Electric,2022,May,97009,"3,414",6
Oregon,Northwest Natural Gas Company,2022,May,97009,1092,0
Oregon,Portland General Electric,2022,May,97011,493,3
Oregon,Northwest Natural Gas Company,2022,May,97013,3740,7
Oregon,Portland General Electric,2022,May,97013,"2,350",4
Oregon,Northwest Natural Gas Company,2022,May,97015,4666,9
Oregon,Portland General Electric,2022,May,97015,"9,076",34
Oregon,Northwest Natural Gas Company,2022,May,97016,114,0
Oregon,Portland General Electric,2022,May,97017,"1,128",2
Oregon,Northwest Natural Gas Company,2022,May,97018,653,0
Oregon,Portland General Electric,2022,May,97019,"1,230",0
Oregon,Northwest Natural Gas Company,2022,May,97020,161,0
Oregon,Portland General Electric,2022,May,97020,375,1
Oregon,Portland General Electric,2022,May,97022,"1,457",5
Oregon,Portland General Electric,2022,May,97023,"4,935",10
Oregon,Northwest Natural Gas Company,2022,May,97024,2010,3
Oregon,Portland General Electric,2022,May,97024,"4,642",22
Oregon,Portland General Electric,2022,May,97026,"1,186",1
Oregon,Northwest Natural Gas Company,2022,May,97026,392,1
Oregon,Portland General Electric,2022,May,97027,"4,948",8
Oregon,Northwest Natural Gas Company,2022,May,97027,2975,5
Oregon,Portland General Electric,2022,May,97028,729,0
Oregon,Northwest Natural Gas Company,2022,May,97030,6484,10
Oregon,Portland General Electric,2022,May,97030,"15,400",69
Oregon,Northwest Natural Gas Company,2022,May,97031,3686,1
Oregon,Northwest Natural Gas Company,2022,May,97032,901,0
Oregon,Portland General Electric,2022,May,97032,"1,741",4
Oregon,Portland General Electric,2022,May,97034,"8,436",2
Oregon,Northwest Natural Gas Company,2022,May,97034,6787,0
Oregon,Portland General Electric,2022,May,97035,"11,382",14
Oregon,Northwest Natural Gas Company,2022,May,97035,7252,3
Oregon,Northwest Natural Gas Company,2022,May,97036,1,0
Oregon,Portland General Electric,2022,May,97036,2,0
Oregon,Northwest Natural Gas Company,2022,May,97038,2182,1
Oregon,Portland General Electric,2022,May,97038,"6,338",10
Oregon,Portland General Electric,2022,May,97042,"1,217",1
Oregon,Northwest Natural Gas Company,2022,May,97042,120,1
Oregon,Northwest Natural Gas Company,2022,May,97045,11461,9
Oregon,Portland General Electric,2022,May,97045,"22,179",37
Oregon,Northwest Natural Gas Company,2022,May,97048,392,2
Oregon,Portland General Electric,2022,May,97049,"1,782",0
Oregon,Northwest Natural Gas Company,2022,May,97051,3353,4
Oregon,Northwest Natural Gas Company,2022,May,97053,624,1
Oregon,Northwest Natural Gas Company,2022,May,97054,19,0
Oregon,Northwest Natural Gas Company,2022,May,97055,3506,7
Oregon,Portland General Electric,2022,May,97055,"7,980",8
Oregon,Northwest Natural Gas Company,2022,May,97056,2429,4
Oregon,Northwest Natural Gas Company,2022,May,97058,1652,2
Oregon,Northwest Natural Gas Company,2022,May,97060,4811,8
Oregon,Portland General Electric,2022,May,97060,"8,070",15
Oregon,Portland General Electric,2022,May,97062,"11,306",36
Oregon,Northwest Natural Gas Company,2022,May,97062,6122,3
Oregon,Northwest Natural Gas Company,2022,May,97064,709,2
Oregon,Portland General Electric,2022,May,97067,"1,275",1
Oregon,Northwest Natural Gas Company,2022,May,97068,9446,4
Oregon,Portland General Electric,2022,May,97068,"11,670",6
Oregon,Portland General Electric,2022,May,97070,"11,482",25
Oregon,Northwest Natural Gas Company,2022,May,97070,6303,8
Oregon,Northwest Natural Gas Company,2022,May,97071,5417,9
Oregon,Portland General Electric,2022,May,97071,"9,875",17
Oregon,Northwest Natural Gas Company,2022,May,97078,5981,5
Oregon,Portland General Electric,2022,May,97078,"9,129",18
Oregon,Portland General Electric,2022,May,97080,"16,404",52
Oregon,Northwest Natural Gas Company,2022,May,97080,11076,17
Oregon,Portland General Electric,2022,May,97086,"12,971",31
Oregon,Northwest Natural Gas Company,2022,May,97086,9187,9
Oregon,Portland General Electric,2022,May,97089,"5,001",3
Oregon,Northwest Natural Gas Company,2022,May,97089,3383,0
Oregon,Portland General Electric,2022,May,97101,"1,546",1
Oregon,Northwest Natural Gas Company,2022,May,97101,312,1
Oregon,Northwest Natural Gas Company,2022,May,97103,4064,3
Oregon,Northwest Natural Gas Company,2022,May,97106,457,0
Oregon,Portland General Electric,2022,May,97106,"1,552",2
Oregon,Northwest Natural Gas Company,2022,May,97110,1350,0
Oregon,Portland General Electric,2022,May,97111,"1,473",2
Oregon,Northwest Natural Gas Company,2022,May,97111,28,0
Oregon,Northwest Natural Gas Company,2022,May,97113,2692,5
Oregon,Portland General Electric,2022,May,97113,"5,260",5
Oregon,Portland General Electric,2022,May,97114,"1,766",1
Oregon,Northwest Natural Gas Company,2022,May,97114,17,0
Oregon,Northwest Natural Gas Company,2022,May,97115,954,1
Oregon,Portland General Electric,2022,May,97115,"1,705",1
Oregon,Portland General Electric,2022,May,97116,838,2
Oregon,Northwest Natural Gas Company,2022,May,97116,3594,4
Oregon,Portland General Electric,2022,May,97117,266,2
Oregon,Portland General Electric,2022,May,97119,"1,614",1
Oregon,Northwest Natural Gas Company,2022,May,97121,430,2
Oregon,Portland General Electric,2022,May,97123,"18,218",38
Oregon,Northwest Natural Gas Company,2022,May,97123,11706,10
Oregon,Northwest Natural Gas Company,2022,May,97124,10801,12
Oregon,Portland General Electric,2022,May,97124,"21,617",37
Oregon,Portland General Electric,2022,May,97127,"1,477",6
Oregon,Northwest Natural Gas Company,2022,May,97127,817,0
Oregon,Portland General Electric,2022,May,97128,495,1
Oregon,Northwest Natural Gas Company,2022,May,97128,3320,2
Oregon,Portland General Electric,2022,May,97132,"11,960",24
Oregon,Northwest Natural Gas Company,2022,May,97132,5637,6
Oregon,Portland General Electric,2022,May,97133,"2,279",1
Oregon,Northwest Natural Gas Company,2022,May,97133,1145,1
Oregon,Portland General Electric,2022,May,97137,486,2
Oregon,Northwest Natural Gas Company,2022,May,97138,4329,10
Oregon,Portland General Electric,2022,May,97140,"9,450",13
Oregon,Northwest Natural Gas Company,2022,May,97140,6642,7
Oregon,Northwest Natural Gas Company,2022,May,97145,1,0
Oregon,Northwest Natural Gas Company,2022,May,97146,2165,1
Oregon,Portland General Electric,2022,May,97148,"1,357",2
Oregon,Northwest Natural Gas Company,2022,May,97201,2502,0
Oregon,Portland General Electric,2022,May,97201,"7,344",11
Oregon,Northwest Natural Gas Company,2022,May,97202,11660,5
Oregon,Portland General Electric,2022,May,97202,"20,102",40
Oregon,Northwest Natural Gas Company,2022,May,97203,7527,16
Oregon,Portland General Electric,2022,May,97203,"12,921",45
Oregon,Portland General Electric,2022,May,97204,416,4
Oregon,Northwest Natural Gas Company,2022,May,97204,134,0
Oregon,Northwest Natural Gas Company,2022,May,97205,1308,0
Oregon,Portland General Electric,2022,May,97205,"3,258",7
Oregon,Northwest Natural Gas Company,2022,May,97206,13885,32
Oregon,Portland General Electric,2022,May,97206,"21,980",62
Oregon,Northwest Natural Gas Company,2022,May,97209,2457,0
Oregon,Portland General Electric,2022,May,97209,"15,062",40
Oregon,Portland General Electric,2022,May,97210,"7,963",8
Oregon,Northwest Natural Gas Company,2022,May,97210,4301,3
Oregon,Northwest Natural Gas Company,2022,May,97211,10534,18
Oregon,Northwest Natural Gas Company,2022,May,97212,8553,7
Oregon,Portland General Electric,2022,May,97213,"3,124",4
Oregon,Northwest Natural Gas Company,2022,May,97213,9874,10
Oregon,Northwest Natural Gas Company,2022,May,97214,8353,13
Oregon,Portland General Electric,2022,May,97214,"15,328",37
Oregon,Northwest Natural Gas Company,2022,May,97215,5770,5
Oregon,Portland General Electric,2022,May,97215,"7,620",10
Oregon,Portland General Electric,2022,May,97216,"4,229",9
Oregon,Northwest Natural Gas Company,2022,May,97216,3451,8
Oregon,Portland General Electric,2022,May,97217,"12,929",30
Oregon,Northwest Natural Gas Company,2022,May,97217,10581,18
Oregon,Northwest Natural Gas Company,2022,May,97218,3633,6
Oregon,Portland General Electric,2022,May,97219,"17,490",30
Oregon,Northwest Natural Gas Company,2022,May,97219,12508,15
Oregon,Northwest Natural Gas Company,2022,May,97220,6730,12
Oregon,Portland General Electric,2022,May,97221,"5,542",13
Oregon,Northwest Natural Gas Company,2022,May,97221,3959,6
Oregon,Portland General Electric,2022,May,97222,"15,594",59
Oregon,Northwest Natural Gas Company,2022,May,97222,8082,19
Oregon,Northwest Natural Gas Company,2022,May,97223,12979,12
Oregon,Portland General Electric,2022,May,97223,"20,993",62
Oregon,Northwest Natural Gas Company,2022,May,97224,10668,6
Oregon,Portland General Electric,2022,May,97224,"15,895",23
Oregon,Portland General Electric,2022,May,97225,"11,572",13
Oregon,Northwest Natural Gas Company,2022,May,97225,7317,3
Oregon,Portland General Electric,2022,May,97227,427,1
Oregon,Northwest Natural Gas Company,2022,May,97227,1616,1
Oregon,Portland General Electric,2022,May,97229,"28,158",37
Oregon,Northwest Natural Gas Company,2022,May,97229,21195,11
Oregon,Portland General Electric,2022,May,97230,"15,554",76
Oregon,Northwest Natural Gas Company,2022,May,97230,9441,19
Oregon,Portland General Electric,2022,May,97231,"1,992",3
Oregon,Northwest Natural Gas Company,2022,May,97231,779,1
Oregon,Portland General Electric,2022,May,97232,"5,325",4
Oregon,Northwest Natural Gas Company,2022,May,97232,2925,2
Oregon,Portland General Electric,2022,May,97233,"15,330",128
Oregon,Northwest Natural Gas Company,2022,May,97233,6257,21
Oregon,Northwest Natural Gas Company,2022,May,97236,7217,15
Oregon,Portland General Electric,2022,May,97236,"13,838",87
Oregon,Portland General Electric,2022,May,97239,"9,974",10
Oregon,Northwest Natural Gas Company,2022,May,97239,3963,5
Oregon,Northwest Natural Gas Company,2022,May,97266,7282,10
Oregon,Portland General Electric,2022,May,97266,"13,421",62
Oregon,Portland General Electric,2022,May,97267,"12,819",20
Oregon,Northwest Natural Gas Company,2022,May,97267,8760,5
Oregon,Portland General Electric,2022,May,97301,"19,153",97
Oregon,Northwest Natural Gas Company,2022,May,97301,8566,31
Oregon,Northwest Natural Gas Company,2022,May,97302,10279,18
Oregon,Portland General Electric,2022,May,97302,"17,188",34
Oregon,Portland General Electric,2022,May,97303,"10,719",27
Oregon,Northwest Natural Gas Company,2022,May,97303,9014,13
Oregon,Northwest Natural Gas Company,2022,May,97304,7331,7
Oregon,Portland General Electric,2022,May,97304,"1,333",2
Oregon,Portland General Electric,2022,May,97305,"15,688",94
Oregon,Northwest Natural Gas Company,2022,May,97305,6898,15
Oregon,Northwest Natural Gas Company,2022,May,97306,8681,10
Oregon,Portland General Electric,2022,May,97306,"13,832",28
Oregon,Northwest Natural Gas Company,2022,May,97310,9,0
Oregon,Portland General Electric,2022,May,97317,"8,427",24
Oregon,Northwest Natural Gas Company,2022,May,97317,3863,6
Oregon,Northwest Natural Gas Company,2022,May,97321,8749,7
Oregon,Northwest Natural Gas Company,2022,May,97322,7428,8
Oregon,Northwest Natural Gas Company,2022,May,97325,808,1
Oregon,Portland General Electric,2022,May,97325,154,0
Oregon,Northwest Natural Gas Company,2022,May,97327,535,0
Oregon,Northwest Natural Gas Company,2022,May,97330,9295,8
Oregon,Northwest Natural Gas Company,2022,May,97333,4463,2
Oregon,Portland General Electric,2022,May,97338,240,0
Oregon,Northwest Natural Gas Company,2022,May,97338,4518,7
Oregon,Northwest Natural Gas Company,2022,May,97341,1354,0
Oregon,Northwest Natural Gas Company,2022,May,97345,12,0
Oregon,Northwest Natural Gas Company,2022,May,97347,223,2
Oregon,Portland General Electric,2022,May,97347,802,0
Oregon,Northwest Natural Gas Company,2022,May,97348,219,2
Oregon,Northwest Natural Gas Company,2022,May,97351,1803,3
Oregon,Northwest Natural Gas Company,2022,May,97352,771,1
Oregon,Portland General Electric,2022,May,97352,120,0
Oregon,Northwest Natural Gas Company,2022,May,97355,5161,9
Oregon,Northwest Natural Gas Company,2022,May,97358,405,1
Oregon,Northwest Natural Gas Company,2022,May,97360,498,1
Oregon,Northwest Natural Gas Company,2022,May,97361,1325,2
Oregon,Portland General Electric,2022,May,97362,"1,508",4
Oregon,Northwest Natural Gas Company,2022,May,97362,731,2
Oregon,Northwest Natural Gas Company,2022,May,97364,231,0
Oregon,Northwest Natural Gas Company,2022,May,97365,1655,0
Oregon,Northwest Natural Gas Company,2022,May,97366,180,1
Oregon,Northwest Natural Gas Company,2022,May,97367,4189,1
Oregon,Northwest Natural Gas Company,2022,May,97368,878,1
Oregon,Northwest Natural Gas Company,2022,May,97370,1255,0
Oregon,Portland General Electric,2022,May,97371,103,0
Oregon,Northwest Natural Gas Company,2022,May,97371,43,0
Oregon,Northwest Natural Gas Company,2022,May,97372,10,0
Oregon,Northwest Natural Gas Company,2022,May,97374,301,0
Oregon,Portland General Electric,2022,May,97375,519,0
Oregon,Northwest Natural Gas Company,2022,May,97377,54,0
Oregon,Northwest Natural Gas Company,2022,May,97378,814,0
Oregon,Portland General Electric,2022,May,97378,"2,838",8
Oregon,Northwest Natural Gas Company,2022,May,97380,154,0
Oregon,Northwest Natural Gas Company,2022,May,97381,2945,4
Oregon,Portland General Electric,2022,May,97381,"6,402",11
Oregon,Northwest Natural Gas Company,2022,May,97383,1781,4
Oregon,Northwest Natural Gas Company,2022,May,97384,31,0
Oregon,Portland General Electric,2022,May,97385,143,0
Oregon,Northwest Natural Gas Company,2022,May,97385,879,0
Oregon,Northwest Natural Gas Company,2022,May,97386,2180,4
Oregon,Northwest Natural Gas Company,2022,May,97388,1043,0
Oregon,Northwest Natural Gas Company,2022,May,97389,313,0
Oregon,Northwest Natural Gas Company,2022,May,97391,285,0
Oregon,Portland General Electric,2022,May,97392,"1,949",1
Oregon,Northwest Natural Gas Company,2022,May,97392,982,1
Oregon,Northwest Natural Gas Company,2022,May,97396,420,3
Oregon,Portland General Electric,2022,May,97396,"1,360",1
Oregon,Northwest Natural Gas Company,2022,May,97401,5649,7
Oregon,Northwest Natural Gas Company,2022,May,97402,4617,2
Oregon,Northwest Natural Gas Company,2022,May,97403,1553,1
Oregon,Northwest Natural Gas Company,2022,May,97404,6330,1
Oregon,Northwest Natural Gas Company,2022,May,97405,7000,4
Oregon,Northwest Natural Gas Company,2022,May,97408,2967,0
Oregon,Avista Utilities,2022,May,97417,314,2
Oregon,Northwest Natural Gas Company,2022,May,97420,823,1
Oregon,Northwest Natural Gas Company,2022,May,97423,217,0
Oregon,Northwest Natural Gas Company,2022,May,97424,2343,1
Oregon,Northwest Natural Gas Company,2022,May,97426,1293,2
Oregon,Avista Utilities,2022,May,97432,55,0
Oregon,Northwest Natural Gas Company,2022,May,97438,8,0
Oregon,Avista Utilities,2022,May,97442,146,1
Oregon,Northwest Natural Gas Company,2022,May,97446,590,1
Oregon,Northwest Natural Gas Company,2022,May,97448,1426,2
Oregon,Northwest Natural Gas Company,2022,May,97455,138,0
Oregon,Avista Utilities,2022,May,97457,1466,3
Oregon,Northwest Natural Gas Company,2022,May,97458,135,0
Oregon,Northwest Natural Gas Company,2022,May,97459,597,0
Oregon,Avista Utilities,2022,May,97462,277,1
Oregon,Avista Utilities,2022,May,97469,267,0
Oregon,Avista Utilities,2022,May,97470,3487,3
Oregon,Avista Utilities,2022,May,97471,5007,8
Oregon,Northwest Natural Gas Company,2022,May,97477,2994,0
Oregon,Northwest Natural Gas Company,2022,May,97478,2401,0
Oregon,Avista Utilities,2022,May,97479,1661,2
Oregon,Avista Utilities,2022,May,97495,502,0
Oregon,Avista Utilities,2022,May,97496,1144,4
Oregon,Avista Utilities,2022,May,97497,2,0
Oregon,Avista Utilities,2022,May,97501,9090,35
Oregon,Avista Utilities,2022,May,97502,6392,9
Oregon,Avista Utilities,2022,May,97503,1662,4
Oregon,Avista Utilities,2022,May,97504,13017,19
Oregon,Avista Utilities,2022,May,97520,7228,11
Oregon,Avista Utilities,2022,May,97524,2774,7
Oregon,Avista Utilities,2022,May,97525,574,4
Oregon,Avista Utilities,2022,May,97526,6343,18
Oregon,Avista Utilities,2022,May,97527,5533,4
Oregon,Avista Utilities,2022,May,97528,2,0
Oregon,Avista Utilities,2022,May,97530,1230,0
Oregon,Avista Utilities,2022,May,97535,1090,3
Oregon,Avista Utilities,2022,May,97537,553,2
Oregon,Avista Utilities,2022,May,97539,222,0
Oregon,Avista Utilities,2022,May,97540,1361,7
Oregon,Avista Utilities,2022,May,97601,6372,19
Oregon,Avista Utilities,2022,May,97603,8728,26
Oregon,Avista Utilities,2022,May,97623,56,0
Oregon,Avista Utilities,2022,May,97627,200,0
Oregon,Avista Utilities,2022,May,97632,128,3
Oregon,Avista Utilities,2022,May,97634,29,0
Oregon,Cascade Natural Gas,2022,May,97701,10460,7
Oregon,Cascade Natural Gas,2022,May,97702,13649,2
Oregon,Cascade Natural Gas,2022,May,97703,9380,1
Oregon,Cascade Natural Gas,2022,May,97707,3778,0
Oregon,Cascade Natural Gas,2022,May,97731,24,0
Oregon,Cascade Natural Gas,2022,May,97733,71,0
Oregon,Cascade Natural Gas,2022,May,97737,123,0
Oregon,Cascade Natural Gas,2022,May,97739,361,0
Oregon,Cascade Natural Gas,2022,May,97741,1441,2
Oregon,Cascade Natural Gas,2022,May,97753,399,0
Oregon,Cascade Natural Gas,2022,May,97754,2795,0
Oregon,Cascade Natural Gas,2022,May,97756,9087,12
Oregon,Cascade Natural Gas,2022,May,97801,4907,11
Oregon,Cascade Natural Gas,2022,May,97813,347,0
Oregon,Cascade Natural Gas,2022,May,97814,3442,1
Oregon,Cascade Natural Gas,2022,May,97818,296,1
Oregon,Avista Utilities,2022,May,97824,316,0
Oregon,Cascade Natural Gas,2022,May,97826,23,0
Oregon,Avista Utilities,2022,May,97827,533,2
Oregon,Cascade Natural Gas,2022,May,97838,4073,5
Oregon,Avista Utilities,2022,May,97841,132,0
Oregon,Cascade Natural Gas,2022,May,97844,181,0
Oregon,Avista Utilities,2022,May,97850,4910,9
Oregon,Cascade Natural Gas,2022,May,97862,243,1
Oregon,Avista Utilities,2022,May,97867,140,3
Oregon,Cascade Natural Gas,2022,May,97868,472,0
Oregon,Cascade Natural Gas,2022,May,97875,380,0
Oregon,Avista Utilities,2022,May,97876,50,0
Oregon,Cascade Natural Gas,2022,May,97882,944,1
Oregon,Avista Utilities,2022,May,97883,757,2
Oregon,Cascade Natural Gas,2022,May,97886,182,1
Oregon,Cascade Natural Gas,2022,May,97907,131,0
Oregon,Cascade Natural Gas,2022,May,97913,754,0
Oregon,Cascade Natural Gas,2022,May,97914,2719,10
Oregon,Cascade Natural Gas,2022,May,97918,420,0
Oregon,Portland General Electric,2022,Nov,97002,"2,245",2
Oregon,Portland General Electric,2022,Nov,97003,170,34
Oregon,Portland General Electric,2022,Nov,97004,"1,773",1
Oregon,Portland General Electric,2022,Nov,97005,"12,291",56
Oregon,Portland General Electric,2022,Nov,97006,37,75
Oregon,Portland General Electric,2022,Nov,97007,25,37
Oregon,Portland General Electric,2022,Nov,97008,"11,955",34
Oregon,Portland General Electric,2022,Nov,97009,"3,394",5
Oregon,Portland General Electric,2022,Nov,97011,492,0
Oregon,Portland General Electric,2022,Nov,97013,"2,353",6
Oregon,Portland General Electric,2022,Nov,97015,"8,221",31
Oregon,Portland General Electric,2022,Nov,97017,"1,128",0
Oregon,Portland General Electric,2022,Nov,97019,"1,229",2
Oregon,Portland General Electric,2022,Nov,97020,376,2
Oregon,Portland General Electric,2022,Nov,97022,"1,452",0
Oregon,Portland General Electric,2022,Nov,97023,"4,980",5
Oregon,Portland General Electric,2022,Nov,97024,"4,636",16
Oregon,Portland General Electric,2022,Nov,97026,"1,205",3
Oregon,Portland General Electric,2022,Nov,97027,"4,950",12
Oregon,Portland General Electric,2022,Nov,97028,802,0
Oregon,Portland General Electric,2022,Nov,97030,"15,484",69
Oregon,Portland General Electric,2022,Nov,97032,"1,744",1
Oregon,Portland General Electric,2022,Nov,97034,"8,458",6
Oregon,Portland General Electric,2022,Nov,97035,428,11
Oregon,Portland General Electric,2022,Nov,97036,2,0
Oregon,Portland General Electric,2022,Nov,97038,"6,380",18
Oregon,Portland General Electric,2022,Nov,97042,"1,215",2
Oregon,Portland General Electric,2022,Nov,97045,"22,304",50
Oregon,Portland General Electric,2022,Nov,97049,"1,639",0
Oregon,Portland General Electric,2022,Nov,97055,"8,013",4
Oregon,Portland General Electric,2022,Nov,97056,29,0
Oregon,Portland General Electric,2022,Nov,97060,"6,645",16
Oregon,Portland General Electric,2022,Nov,97062,"11,354",30
Oregon,Portland General Electric,2022,Nov,97067,"1,366",1
Oregon,Portland General Electric,2022,Nov,97068,"11,692",12
Oregon,Portland General Electric,2022,Nov,97070,"11,485",19
Oregon,Portland General Electric,2022,Nov,97071,"10,161",7
Oregon,Portland General Electric,2022,Nov,97078,134,40
Oregon,Portland General Electric,2022,Nov,97080,"16,584",37
Oregon,Portland General Electric,2022,Nov,97086,"1,255",49
Oregon,Portland General Electric,2022,Nov,97089,267,7
Oregon,Portland General Electric,2022,Nov,97101,"1,551",3
Oregon,Portland General Electric,2022,Nov,97106,"1,581",1
Oregon,Portland General Electric,2022,Nov,97109,82,0
Oregon,Portland General Electric,2022,Nov,97111,"1,488",2
Oregon,Portland General Electric,2022,Nov,97113,"5,354",7
Oregon,Portland General Electric,2022,Nov,97114,"1,769",2
Oregon,Portland General Electric,2022,Nov,97115,"1,705",0
Oregon,Portland General Electric,2022,Nov,97116,836,0
Oregon,Portland General Electric,2022,Nov,97117,266,0
Oregon,Portland General Electric,2022,Nov,97119,"1,621",4
Oregon,Portland General Electric,2022,Nov,97123,"18,434",39
Oregon,Portland General Electric,2022,Nov,97124,82,36
Oregon,Portland General Electric,2022,Nov,97125,8,10
Oregon,Portland General Electric,2022,Nov,97127,"1,530",3
Oregon,Portland General Electric,2022,Nov,97128,497,0
Oregon,Portland General Electric,2022,Nov,97132,"12,066",12
Oregon,Portland General Electric,2022,Nov,97133,"2,342",0
Oregon,Portland General Electric,2022,Nov,97137,487,0
Oregon,Portland General Electric,2022,Nov,97140,"9,494",15
Oregon,Portland General Electric,2022,Nov,97148,"1,355",1
Oregon,Portland General Electric,2022,Nov,97201,"7,357",9
Oregon,Portland General Electric,2022,Nov,97202,"20,207",41
Oregon,Portland General Electric,2022,Nov,97203,"13,116",38
Oregon,Portland General Electric,2022,Nov,97204,415,1
Oregon,Portland General Electric,2022,Nov,97205,"3,267",2
Oregon,Portland General Electric,2022,Nov,97206,"22,103",47
Oregon,Portland General Electric,2022,Nov,97209,"15,374",37
Oregon,Portland General Electric,2022,Nov,97210,"7,975",2
Oregon,Portland General Electric,2022,Nov,97211,7,0
Oregon,Portland General Electric,2022,Nov,97213,"3,121",3
Oregon,Portland General Electric,2022,Nov,97214,"15,375",29
Oregon,Portland General Electric,2022,Nov,97215,"7,661",9
Oregon,Portland General Electric,2022,Nov,97216,"4,238",9
Oregon,Portland General Electric,2022,Nov,97217,"13,007",20
Oregon,Portland General Electric,2022,Nov,97219,"17,499",29
Oregon,Portland General Electric,2022,Nov,97221,"5,558",10
Oregon,Portland General Electric,2022,Nov,97222,"13,561",46
Oregon,Portland General Electric,2022,Nov,97223,"7,438",73
Oregon,Portland General Electric,2022,Nov,97224,12,30
Oregon,Portland General Electric,2022,Nov,97225,"11,559",19
Oregon,Portland General Electric,2022,Nov,97227,427,1
Oregon,Portland General Electric,2022,Nov,97229,"28,345",49
Oregon,Portland General Electric,2022,Nov,97230,"15,654",65
Oregon,Portland General Electric,2022,Nov,97231,"1,992",4
Oregon,Portland General Electric,2022,Nov,97232,"5,343",15
Oregon,Portland General Electric,2022,Nov,97233,"15,322",103
Oregon,Portland General Electric,2022,Nov,97236,7,70
Oregon,Portland General Electric,2022,Nov,97239,"10,017",11
Oregon,Portland General Electric,2022,Nov,97266,"13,400",52
Oregon,Portland General Electric,2022,Nov,97267,"11,449",28
Oregon,Portland General Electric,2022,Nov,97301,"19,239",49
Oregon,Portland General Electric,2022,Nov,97302,"17,274",26
Oregon,Portland General Electric,2022,Nov,97303,"10,441",11
Oregon,Portland General Electric,2022,Nov,97304,"1,335",0
Oregon,Portland General Electric,2022,Nov,97305,"15,686",50
Oregon,Portland General Electric,2022,Nov,97306,"13,874",28
Oregon,Portland General Electric,2022,Nov,97317,"8,437",23
Oregon,Portland General Electric,2022,Nov,97325,152,1
Oregon,Portland General Electric,2022,Nov,97338,241,0
Oregon,Portland General Electric,2022,Nov,97347,800,1
Oregon,Portland General Electric,2022,Nov,97352,120,0
Oregon,Portland General Electric,2022,Nov,97362,"1,520",6
Oregon,Portland General Electric,2022,Nov,97371,103,0
Oregon,Portland General Electric,2022,Nov,97375,520,0
Oregon,Portland General Electric,2022,Nov,97378,"2,835",3
Oregon,Portland General Electric,2022,Nov,97381,"6,412",9
Oregon,Portland General Electric,2022,Nov,97385,144,1
Oregon,Portland General Electric,2022,Nov,97392,"1,953",4
Oregon,Portland General Electric,2022,Nov,97396,"1,369",0
Oregon,Northwest Natural Gas Company,2022,November,97002,787,0
Oregon,Northwest Natural Gas Company,2022,November,97003,6880,2
Oregon,Northwest Natural Gas Company,2022,November,97004,232,0
Oregon,Northwest Natural Gas Company,2022,November,97005,4319,0
Oregon,Northwest Natural Gas Company,2022,November,97006,9358,5
Oregon,Northwest Natural Gas Company,2022,November,97007,14004,0
Oregon,Northwest Natural Gas Company,2022,November,97008,6340,0
Oregon,Northwest Natural Gas Company,2022,November,97009,1094,1
Oregon,Northwest Natural Gas Company,2022,November,97013,3809,0
Oregon,Northwest Natural Gas Company,2022,November,97015,4678,0
Oregon,Northwest Natural Gas Company,2022,November,97016,115,0
Oregon,Northwest Natural Gas Company,2022,November,97018,653,0
Oregon,Northwest Natural Gas Company,2022,November,97020,161,1
Oregon,Northwest Natural Gas Company,2022,November,97024,2005,0
Oregon,Northwest Natural Gas Company,2022,November,97026,418,0
Oregon,Northwest Natural Gas Company,2022,November,97027,2977,0
Oregon,Northwest Natural Gas Company,2022,November,97030,6483,1
Oregon,Northwest Natural Gas Company,2022,November,97031,3706,0
Oregon,Northwest Natural Gas Company,2022,November,97032,908,0
Oregon,Northwest Natural Gas Company,2022,November,97034,6796,1
Oregon,Northwest Natural Gas Company,2022,November,97035,7264,0
Oregon,Northwest Natural Gas Company,2022,November,97036,1,0
Oregon,Northwest Natural Gas Company,2022,November,97038,2180,0
Oregon,Northwest Natural Gas Company,2022,November,97042,122,0
Oregon,Northwest Natural Gas Company,2022,November,97045,11479,3
Oregon,Northwest Natural Gas Company,2022,November,97048,395,1
Oregon,Northwest Natural Gas Company,2022,November,97051,3374,0
Oregon,Northwest Natural Gas Company,2022,November,97053,626,0
Oregon,Northwest Natural Gas Company,2022,November,97054,19,0
Oregon,Northwest Natural Gas Company,2022,November,97055,3534,2
Oregon,Northwest Natural Gas Company,2022,November,97056,2433,1
Oregon,Northwest Natural Gas Company,2022,November,97058,1653,0
Oregon,Northwest Natural Gas Company,2022,November,97060,4823,0
Oregon,Northwest Natural Gas Company,2022,November,97062,6131,0
Oregon,Northwest Natural Gas Company,2022,November,97064,710,0
Oregon,Northwest Natural Gas Company,2022,November,97068,9483,1
Oregon,Northwest Natural Gas Company,2022,November,97070,6346,0
Oregon,Northwest Natural Gas Company,2022,November,97071,5492,0
Oregon,Northwest Natural Gas Company,2022,November,97078,5979,1
Oregon,Northwest Natural Gas Company,2022,November,97080,11202,2
Oregon,Northwest Natural Gas Company,2022,November,97086,9286,3
Oregon,Northwest Natural Gas Company,2022,November,97089,3388,2
Oregon,Northwest Natural Gas Company,2022,November,97101,310,0
Oregon,Northwest Natural Gas Company,2022,November,97103,4051,4
Oregon,Northwest Natural Gas Company,2022,November,97106,458,0
Oregon,Northwest Natural Gas Company,2022,November,97110,1356,0
Oregon,Northwest Natural Gas Company,2022,November,97111,53,0
Oregon,Northwest Natural Gas Company,2022,November,97113,2745,0
Oregon,Northwest Natural Gas Company,2022,November,97114,17,0
Oregon,Northwest Natural Gas Company,2022,November,97115,959,0
Oregon,Northwest Natural Gas Company,2022,November,97116,3677,1
Oregon,Northwest Natural Gas Company,2022,November,97121,430,0
Oregon,Northwest Natural Gas Company,2022,November,97123,11900,1
Oregon,Northwest Natural Gas Company,2022,November,97124,10774,2
Oregon,Northwest Natural Gas Company,2022,November,97127,825,0
Oregon,Northwest Natural Gas Company,2022,November,97128,3388,0
Oregon,Northwest Natural Gas Company,2022,November,97132,5660,0
Oregon,Northwest Natural Gas Company,2022,November,97133,1173,0
Oregon,Northwest Natural Gas Company,2022,November,97138,4368,1
Oregon,Northwest Natural Gas Company,2022,November,97140,6689,1
Oregon,Northwest Natural Gas Company,2022,November,97146,2166,0
Oregon,Northwest Natural Gas Company,2022,November,97201,2584,0
Oregon,Northwest Natural Gas Company,2022,November,97202,11675,1
Oregon,Northwest Natural Gas Company,2022,November,97203,7535,0
Oregon,Northwest Natural Gas Company,2022,November,97204,139,0
Oregon,Northwest Natural Gas Company,2022,November,97205,1466,0
Oregon,Northwest Natural Gas Company,2022,November,97206,13982,0
Oregon,Northwest Natural Gas Company,2022,November,97209,2465,0
Oregon,Northwest Natural Gas Company,2022,November,97210,4304,1
Oregon,Northwest Natural Gas Company,2022,November,97211,10499,1
Oregon,Northwest Natural Gas Company,2022,November,97212,8552,0
Oregon,Northwest Natural Gas Company,2022,November,97213,9889,0
Oregon,Northwest Natural Gas Company,2022,November,97214,8336,2
Oregon,Northwest Natural Gas Company,2022,November,97215,5773,0
Oregon,Northwest Natural Gas Company,2022,November,97216,3444,0
Oregon,Northwest Natural Gas Company,2022,November,97217,10536,4
Oregon,Northwest Natural Gas Company,2022,November,97218,3632,0
Oregon,Northwest Natural Gas Company,2022,November,97219,12501,0
Oregon,Northwest Natural Gas Company,2022,November,97220,6724,0
Oregon,Northwest Natural Gas Company,2022,November,97221,3955,0
Oregon,Northwest Natural Gas Company,2022,November,97222,8104,0
Oregon,Northwest Natural Gas Company,2022,November,97223,12978,1
Oregon,Northwest Natural Gas Company,2022,November,97224,10726,3
Oregon,Northwest Natural Gas Company,2022,November,97225,7311,0
Oregon,Northwest Natural Gas Company,2022,November,97227,1621,0
Oregon,Northwest Natural Gas Company,2022,November,97229,21335,3
Oregon,Northwest Natural Gas Company,2022,November,97230,9432,2
Oregon,Northwest Natural Gas Company,2022,November,97231,773,0
Oregon,Northwest Natural Gas Company,2022,November,97232,2934,2
Oregon,Northwest Natural Gas Company,2022,November,97233,6230,1
Oregon,Northwest Natural Gas Company,2022,November,97236,7219,0
Oregon,Northwest Natural Gas Company,2022,November,97239,3963,0
Oregon,Northwest Natural Gas Company,2022,November,97248,1,0
Oregon,Northwest Natural Gas Company,2022,November,97266,7273,1
Oregon,Northwest Natural Gas Company,2022,November,97267,8765,1
Oregon,Northwest Natural Gas Company,2022,November,97301,8571,0
Oregon,Northwest Natural Gas Company,2022,November,97302,10297,4
Oregon,Northwest Natural Gas Company,2022,November,97303,9012,0
Oregon,Northwest Natural Gas Company,2022,November,97304,7329,0
Oregon,Northwest Natural Gas Company,2022,November,97305,6903,2
Oregon,Northwest Natural Gas Company,2022,November,97306,8713,1
Oregon,Northwest Natural Gas Company,2022,November,97310,9,0
Oregon,Northwest Natural Gas Company,2022,November,97317,3873,2
Oregon,Northwest Natural Gas Company,2022,November,97321,8794,0
Oregon,Northwest Natural Gas Company,2022,November,97322,7421,0
Oregon,Northwest Natural Gas Company,2022,November,97325,808,0
Oregon,Northwest Natural Gas Company,2022,November,97327,552,0
Oregon,Northwest Natural Gas Company,2022,November,97330,9335,0
Oregon,Northwest Natural Gas Company,2022,November,97333,4476,1
Oregon,Northwest Natural Gas Company,2022,November,97338,4549,0
Oregon,Northwest Natural Gas Company,2022,November,97341,1351,0
Oregon,Northwest Natural Gas Company,2022,November,97345,12,0
Oregon,Northwest Natural Gas Company,2022,November,97347,225,0
Oregon,Northwest Natural Gas Company,2022,November,97348,219,0
Oregon,Northwest Natural Gas Company,2022,November,97351,1812,0
Oregon,Northwest Natural Gas Company,2022,November,97352,771,0
Oregon,Northwest Natural Gas Company,2022,November,97355,5147,1
Oregon,Northwest Natural Gas Company,2022,November,97358,405,0
Oregon,Northwest Natural Gas Company,2022,November,97360,499,0
Oregon,Northwest Natural Gas Company,2022,November,97361,1354,0
Oregon,Northwest Natural Gas Company,2022,November,97362,732,1
Oregon,Northwest Natural Gas Company,2022,November,97364,230,0
Oregon,Northwest Natural Gas Company,2022,November,97365,1667,2
Oregon,Northwest Natural Gas Company,2022,November,97366,179,0
Oregon,Northwest Natural Gas Company,2022,November,97367,4212,0
Oregon,Northwest Natural Gas Company,2022,November,97368,885,0
Oregon,Northwest Natural Gas Company,2022,November,97370,1256,0
Oregon,Northwest Natural Gas Company,2022,November,97371,43,0
Oregon,Northwest Natural Gas Company,2022,November,97372,9,0
Oregon,Northwest Natural Gas Company,2022,November,97374,303,0
Oregon,Northwest Natural Gas Company,2022,November,97377,54,0
Oregon,Northwest Natural Gas Company,2022,November,97378,809,0
Oregon,Northwest Natural Gas Company,2022,November,97380,154,0
Oregon,Northwest Natural Gas Company,2022,November,97381,2949,1
Oregon,Northwest Natural Gas Company,2022,November,97383,1788,0
Oregon,Northwest Natural Gas Company,2022,November,97384,32,0
Oregon,Northwest Natural Gas Company,2022,November,97385,890,0
Oregon,Northwest Natural Gas Company,2022,November,97386,2182,1
Oregon,Northwest Natural Gas Company,2022,November,97388,1047,0
Oregon,Northwest Natural Gas Company,2022,November,97389,312,1
Oregon,Northwest Natural Gas Company,2022,November,97391,284,0
Oregon,Northwest Natural Gas Company,2022,November,97392,988,0
Oregon,Northwest Natural Gas Company,2022,November,97396,416,0
Oregon,Northwest Natural Gas Company,2022,November,97401,5652,0
Oregon,Northwest Natural Gas Company,2022,November,97402,4596,0
Oregon,Northwest Natural Gas Company,2022,November,97403,1564,0
Oregon,Northwest Natural Gas Company,2022,November,97404,6347,0
Oregon,Northwest Natural Gas Company,2022,November,97405,7009,0
Oregon,Northwest Natural Gas Company,2022,November,97408,2985,0
Oregon,Avista Utilities,2022,November,97417,310,0
Oregon,Northwest Natural Gas Company,2022,November,97420,829,1
Oregon,Northwest Natural Gas Company,2022,November,97423,218,0
Oregon,Northwest Natural Gas Company,2022,November,97424,2341,0
Oregon,Northwest Natural Gas Company,2022,November,97426,1291,0
Oregon,Avista Utilities,2022,November,97432,52,0
Oregon,Northwest Natural Gas Company,2022,November,97438,8,0
Oregon,Avista Utilities,2022,November,97442,148,1
Oregon,Northwest Natural Gas Company,2022,November,97446,586,0
Oregon,Northwest Natural Gas Company,2022,November,97448,1431,0
Oregon,Northwest Natural Gas Company,2022,November,97455,138,0
Oregon,Avista Utilities,2022,November,97457,1463,1
Oregon,Northwest Natural Gas Company,2022,November,97458,139,0
Oregon,Northwest Natural Gas Company,2022,November,97459,601,0
Oregon,Avista Utilities,2022,November,97462,273,0
Oregon,Avista Utilities,2022,November,97469,265,1
Oregon,Avista Utilities,2022,November,97470,3483,1
Oregon,Avista Utilities,2022,November,97471,5035,2
Oregon,Northwest Natural Gas Company,2022,November,97477,3070,0
Oregon,Northwest Natural Gas Company,2022,November,97478,2449,0
Oregon,Avista Utilities,2022,November,97479,1674,0
Oregon,Avista Utilities,2022,November,97495,504,0
Oregon,Avista Utilities,2022,November,97496,1133,0
Oregon,Avista Utilities,2022,November,97497,2,0
Oregon,Avista Utilities,2022,November,97501,9084,13
Oregon,Avista Utilities,2022,November,97502,6405,5
Oregon,Avista Utilities,2022,November,97503,1677,0
Oregon,Avista Utilities,2022,November,97504,13152,6
Oregon,Avista Utilities,2022,November,97520,7240,3
Oregon,Avista Utilities,2022,November,97524,2806,0
Oregon,Avista Utilities,2022,November,97525,568,0
Oregon,Avista Utilities,2022,November,97526,6376,1
Oregon,Avista Utilities,2022,November,97527,5556,1
Oregon,Avista Utilities,2022,November,97528,2,0
Oregon,Avista Utilities,2022,November,97530,1234,0
Oregon,Avista Utilities,2022,November,97535,1120,0
Oregon,Avista Utilities,2022,November,97537,555,0
Oregon,Avista Utilities,2022,November,97539,227,0
Oregon,Avista Utilities,2022,November,97540,1401,0
Oregon,Avista Utilities,2022,November,97601,6400,0
Oregon,Avista Utilities,2022,November,97603,8756,0
Oregon,Avista Utilities,2022,November,97623,61,0
Oregon,Avista Utilities,2022,November,97627,204,0
Oregon,Avista Utilities,2022,November,97632,127,0
Oregon,Avista Utilities,2022,November,97634,29,0
Oregon,Idaho Power,2022,November,97814,4,0
Oregon,Idaho Power,2022,November,97819,25,0
Oregon,Avista Utilities,2022,November,97824,318,0
Oregon,Avista Utilities,2022,November,97827,529,0
Oregon,Idaho Power,2022,November,97834,665,1
Oregon,Idaho Power,2022,November,97837,73,0
Oregon,Idaho Power,2022,November,97840,109,0
Oregon,Avista Utilities,2022,November,97841,134,0
Oregon,Avista Utilities,2022,November,97850,4943,2
Oregon,Avista Utilities,2022,November,97867,144,0
Oregon,Idaho Power,2022,November,97870,435,0
Oregon,Avista Utilities,2022,November,97876,50,0
Oregon,Avista Utilities,2022,November,97883,765,0
Oregon,Idaho Power,2022,November,97884,170,0
Oregon,Idaho Power,2022,November,97901,371,0
Oregon,Idaho Power,2022,November,97902,30,0
Oregon,Idaho Power,2022,November,97903,83,0
Oregon,Idaho Power,2022,November,97904,114,0
Oregon,Idaho Power,2022,November,97905,105,0
Oregon,Idaho Power,2022,November,97906,144,0
Oregon,Idaho Power,2022,November,97907,391,1
Oregon,Idaho Power,2022,November,97908,60,0
Oregon,Idaho Power,2022,November,97909,50,0
Oregon,Idaho Power,2022,November,97910,370,0
Oregon,Idaho Power,2022,November,97911,95,0
Oregon,Idaho Power,2022,November,97913,2175,5
Oregon,Idaho Power,2022,November,97914,7037,29
Oregon,Idaho Power,2022,November,97917,1,0
Oregon,Idaho Power,2022,November,97918,1976,9
Oregon,Idaho Power,2022,November,97920,35,0
Oregon,Portland General Electric,2022,Oct,97002,"2,244",3
Oregon,Portland General Electric,2022,Oct,97003,170,64
Oregon,Portland General Electric,2022,Oct,97004,"1,764",1
Oregon,Portland General Electric,2022,Oct,97005,"12,300",61
Oregon,Portland General Electric,2022,Oct,97006,36,62
Oregon,Portland General Electric,2022,Oct,97007,25,50
Oregon,Portland General Electric,2022,Oct,97008,"11,953",52
Oregon,Portland General Electric,2022,Oct,97009,"3,401",4
Oregon,Portland General Electric,2022,Oct,97011,492,4
Oregon,Portland General Electric,2022,Oct,97013,"2,350",4
Oregon,Portland General Electric,2022,Oct,97015,"8,211",45
Oregon,Portland General Electric,2022,Oct,97017,"1,128",0
Oregon,Portland General Electric,2022,Oct,97019,"1,232",0
Oregon,Portland General Electric,2022,Oct,97020,374,1
Oregon,Portland General Electric,2022,Oct,97022,"1,452",7
Oregon,Portland General Electric,2022,Oct,97023,"4,978",14
Oregon,Portland General Electric,2022,Oct,97024,"4,637",26
Oregon,Portland General Electric,2022,Oct,97026,"1,207",5
Oregon,Portland General Electric,2022,Oct,97027,"4,951",24
Oregon,Portland General Electric,2022,Oct,97028,799,0
Oregon,Portland General Electric,2022,Oct,97030,"15,506",75
Oregon,Portland General Electric,2022,Oct,97032,"1,742",4
Oregon,Portland General Electric,2022,Oct,97034,"8,452",5
Oregon,Portland General Electric,2022,Oct,97035,429,14
Oregon,Portland General Electric,2022,Oct,97036,2,0
Oregon,Portland General Electric,2022,Oct,97038,"6,372",19
Oregon,Portland General Electric,2022,Oct,97042,"1,212",1
Oregon,Portland General Electric,2022,Oct,97045,"22,248",79
Oregon,Portland General Electric,2022,Oct,97049,"1,643",1
Oregon,Portland General Electric,2022,Oct,97055,"8,001",36
Oregon,Portland General Electric,2022,Oct,97060,"6,641",31
Oregon,Portland General Electric,2022,Oct,97062,"11,357",39
Oregon,Portland General Electric,2022,Oct,97067,"1,364",3
Oregon,Portland General Electric,2022,Oct,97068,"11,673",10
Oregon,Portland General Electric,2022,Oct,97070,"11,481",39
Oregon,Portland General Electric,2022,Oct,97071,"10,004",30
Oregon,Portland General Electric,2022,Oct,97078,"9,006",41
Oregon,Portland General Electric,2022,Oct,97080,"16,546",59
Oregon,Portland General Electric,2022,Oct,97086,"1,251",48
Oregon,Portland General Electric,2022,Oct,97089,"4,739",8
Oregon,Portland General Electric,2022,Oct,97101,"1,555",3
Oregon,Portland General Electric,2022,Oct,97106,"1,582",1
Oregon,Portland General Electric,2022,Oct,97109,81,0
Oregon,Portland General Electric,2022,Oct,97111,"1,475",0
Oregon,Portland General Electric,2022,Oct,97113,"5,331",27
Oregon,Portland General Electric,2022,Oct,97114,"1,771",8
Oregon,Portland General Electric,2022,Oct,97115,"1,701",2
Oregon,Portland General Electric,2022,Oct,97116,837,3
Oregon,Portland General Electric,2022,Oct,97117,268,0
Oregon,Portland General Electric,2022,Oct,97119,"1,617",7
Oregon,Portland General Electric,2022,Oct,97123,"18,399",56
Oregon,Portland General Electric,2022,Oct,97124,"21,527",71
Oregon,Portland General Electric,2022,Oct,97125,10,0
Oregon,Portland General Electric,2022,Oct,97127,"1,508",8
Oregon,Portland General Electric,2022,Oct,97128,498,0
Oregon,Portland General Electric,2022,Oct,97132,"12,059",26
Oregon,Portland General Electric,2022,Oct,97133,"2,326",2
Oregon,Portland General Electric,2022,Oct,97137,486,0
Oregon,Portland General Electric,2022,Oct,97140,"9,495",18
Oregon,Portland General Electric,2022,Oct,97148,"1,360",1
Oregon,Portland General Electric,2022,Oct,97201,"7,358",18
Oregon,Portland General Electric,2022,Oct,97202,"20,181",53
Oregon,Portland General Electric,2022,Oct,97203,"13,087",54
Oregon,Portland General Electric,2022,Oct,97204,413,0
Oregon,Portland General Electric,2022,Oct,97205,"3,267",3
Oregon,Portland General Electric,2022,Oct,97206,"22,090",72
Oregon,Portland General Electric,2022,Oct,97209,"15,389",49
Oregon,Portland General Electric,2022,Oct,97210,"7,972",6
Oregon,Portland General Electric,2022,Oct,97211,22,0
Oregon,Portland General Electric,2022,Oct,97213,"3,131",3
Oregon,Portland General Electric,2022,Oct,97214,"15,371",27
Oregon,Portland General Electric,2022,Oct,97215,"7,668",7
Oregon,Portland General Electric,2022,Oct,97216,"4,226",11
Oregon,Portland General Electric,2022,Oct,97217,"13,013",35
Oregon,Portland General Electric,2022,Oct,97219,"17,494",30
Oregon,Portland General Electric,2022,Oct,97221,"5,554",7
Oregon,Portland General Electric,2022,Oct,97222,"13,552",52
Oregon,Portland General Electric,2022,Oct,97223,"7,438",95
Oregon,Portland General Electric,2022,Oct,97224,"1,905",50
Oregon,Portland General Electric,2022,Oct,97225,"11,583",34
Oregon,Portland General Electric,2022,Oct,97227,428,0
Oregon,Portland General Electric,2022,Oct,97229,"28,320",54
Oregon,Portland General Electric,2022,Oct,97230,"15,658",74
Oregon,Portland General Electric,2022,Oct,97231,"1,986",2
Oregon,Portland General Electric,2022,Oct,97232,"5,347",13
Oregon,Portland General Electric,2022,Oct,97233,"15,328",130
Oregon,Portland General Electric,2022,Oct,97236,"13,840",116
Oregon,Portland General Electric,2022,Oct,97239,"10,008",9
Oregon,Portland General Electric,2022,Oct,97266,"13,407",81
Oregon,Portland General Electric,2022,Oct,97267,"11,449",38
Oregon,Portland General Electric,2022,Oct,97301,"19,221",124
Oregon,Portland General Electric,2022,Oct,97302,"17,241",40
Oregon,Portland General Electric,2022,Oct,97303,"10,434",31
Oregon,Portland General Electric,2022,Oct,97304,"1,331",1
Oregon,Portland General Electric,2022,Oct,97305,"15,686",108
Oregon,Portland General Electric,2022,Oct,97306,"13,864",39
Oregon,Portland General Electric,2022,Oct,97317,"8,425",37
Oregon,Portland General Electric,2022,Oct,97325,150,0
Oregon,Portland General Electric,2022,Oct,97338,242,0
Oregon,Portland General Electric,2022,Oct,97347,804,3
Oregon,Portland General Electric,2022,Oct,97352,120,1
Oregon,Portland General Electric,2022,Oct,97362,"1,516",3
Oregon,Portland General Electric,2022,Oct,97371,103,0
Oregon,Portland General Electric,2022,Oct,97375,519,1
Oregon,Portland General Electric,2022,Oct,97378,"2,836",7
Oregon,Portland General Electric,2022,Oct,97381,"6,409",10
Oregon,Portland General Electric,2022,Oct,97385,144,0
Oregon,Portland General Electric,2022,Oct,97392,"1,945",3
Oregon,Portland General Electric,2022,Oct,97396,"1,372",5
Oregon,Northwest Natural Gas Company,2022,October,97002,787,0
Oregon,Northwest Natural Gas Company,2022,October,97003,6876,0
Oregon,Northwest Natural Gas Company,2022,October,97004,233,0
Oregon,Northwest Natural Gas Company,2022,October,97005,4312,0
Oregon,Northwest Natural Gas Company,2022,October,97006,9361,0
Oregon,Northwest Natural Gas Company,2022,October,97007,14001,1
Oregon,Northwest Natural Gas Company,2022,October,97008,6333,0
Oregon,Northwest Natural Gas Company,2022,October,97009,1093,0
Oregon,Northwest Natural Gas Company,2022,October,97013,3789,0
Oregon,Northwest Natural Gas Company,2022,October,97015,4671,0
Oregon,Northwest Natural Gas Company,2022,October,97016,113,0
Oregon,Northwest Natural Gas Company,2022,October,97018,654,0
Oregon,Northwest Natural Gas Company,2022,October,97020,161,0
Oregon,Northwest Natural Gas Company,2022,October,97024,2008,0
Oregon,Northwest Natural Gas Company,2022,October,97026,413,0
Oregon,Northwest Natural Gas Company,2022,October,97027,2974,0
Oregon,Northwest Natural Gas Company,2022,October,97030,6477,1
Oregon,Northwest Natural Gas Company,2022,October,97031,3693,0
Oregon,Northwest Natural Gas Company,2022,October,97032,905,0
Oregon,Northwest Natural Gas Company,2022,October,97034,6786,0
Oregon,Northwest Natural Gas Company,2022,October,97035,7267,1
Oregon,Northwest Natural Gas Company,2022,October,97036,1,0
Oregon,Northwest Natural Gas Company,2022,October,97038,2179,0
Oregon,Northwest Natural Gas Company,2022,October,97042,120,0
Oregon,Northwest Natural Gas Company,2022,October,97045,11475,2
Oregon,Northwest Natural Gas Company,2022,October,97048,395,0
Oregon,Northwest Natural Gas Company,2022,October,97051,3369,0
Oregon,Northwest Natural Gas Company,2022,October,97053,626,0
Oregon,Northwest Natural Gas Company,2022,October,97054,19,0
Oregon,Northwest Natural Gas Company,2022,October,97055,3525,0
Oregon,Northwest Natural Gas Company,2022,October,97056,2431,0
Oregon,Northwest Natural Gas Company,2022,October,97058,1651,0
Oregon,Northwest Natural Gas Company,2022,October,97060,4813,0
Oregon,Northwest Natural Gas Company,2022,October,97062,6122,0
Oregon,Northwest Natural Gas Company,2022,October,97064,709,0
Oregon,Northwest Natural Gas Company,2022,October,97068,9467,0
Oregon,Northwest Natural Gas Company,2022,October,97070,6330,0
Oregon,Northwest Natural Gas Company,2022,October,97071,5487,0
Oregon,Northwest Natural Gas Company,2022,October,97078,5977,0
Oregon,Northwest Natural Gas Company,2022,October,97080,11177,1
Oregon,Northwest Natural Gas Company,2022,October,97086,9267,1
Oregon,Northwest Natural Gas Company,2022,October,97089,3382,0
Oregon,Northwest Natural Gas Company,2022,October,97101,310,0
Oregon,Northwest Natural Gas Company,2022,October,97103,4049,0
Oregon,Northwest Natural Gas Company,2022,October,97106,458,0
Oregon,Northwest Natural Gas Company,2022,October,97110,1353,0
Oregon,Northwest Natural Gas Company,2022,October,97111,48,0
Oregon,Northwest Natural Gas Company,2022,October,97113,2735,0
Oregon,Northwest Natural Gas Company,2022,October,97114,17,0
Oregon,Northwest Natural Gas Company,2022,October,97115,955,0
Oregon,Northwest Natural Gas Company,2022,October,97116,3662,0
Oregon,Northwest Natural Gas Company,2022,October,97121,429,0
Oregon,Northwest Natural Gas Company,2022,October,97123,11875,0
Oregon,Northwest Natural Gas Company,2022,October,97124,10773,0
Oregon,Northwest Natural Gas Company,2022,October,97127,821,0
Oregon,Northwest Natural Gas Company,2022,October,97128,3372,0
Oregon,Northwest Natural Gas Company,2022,October,97132,5647,0
Oregon,Northwest Natural Gas Company,2022,October,97133,1168,0
Oregon,Northwest Natural Gas Company,2022,October,97138,4359,1
Oregon,Northwest Natural Gas Company,2022,October,97140,6683,0
Oregon,Northwest Natural Gas Company,2022,October,97146,2164,1
Oregon,Northwest Natural Gas Company,2022,October,97201,2588,1
Oregon,Northwest Natural Gas Company,2022,October,97202,11659,1
Oregon,Northwest Natural Gas Company,2022,October,97203,7528,0
Oregon,Northwest Natural Gas Company,2022,October,97204,139,0
Oregon,Northwest Natural Gas Company,2022,October,97205,1405,0
Oregon,Northwest Natural Gas Company,2022,October,97206,13951,0
Oregon,Northwest Natural Gas Company,2022,October,97209,2466,0
Oregon,Northwest Natural Gas Company,2022,October,97210,4283,0
Oregon,Northwest Natural Gas Company,2022,October,97211,10492,1
Oregon,Northwest Natural Gas Company,2022,October,97212,8549,0
Oregon,Northwest Natural Gas Company,2022,October,97213,9864,1
Oregon,Northwest Natural Gas Company,2022,October,97214,8317,0
Oregon,Northwest Natural Gas Company,2022,October,97215,5764,0
Oregon,Northwest Natural Gas Company,2022,October,97216,3433,0
Oregon,Northwest Natural Gas Company,2022,October,97217,10529,0
Oregon,Northwest Natural Gas Company,2022,October,97218,3621,0
Oregon,Northwest Natural Gas Company,2022,October,97219,12497,1
Oregon,Northwest Natural Gas Company,2022,October,97220,6703,0
Oregon,Northwest Natural Gas Company,2022,October,97221,3951,1
Oregon,Northwest Natural Gas Company,2022,October,97222,8089,0
Oregon,Northwest Natural Gas Company,2022,October,97223,12975,1
Oregon,Northwest Natural Gas Company,2022,October,97224,10722,0
Oregon,Northwest Natural Gas Company,2022,October,97225,7318,0
Oregon,Northwest Natural Gas Company,2022,October,97227,1616,0
Oregon,Northwest Natural Gas Company,2022,October,97229,21299,0
Oregon,Northwest Natural Gas Company,2022,October,97230,9417,0
Oregon,Northwest Natural Gas Company,2022,October,97231,775,0
Oregon,Northwest Natural Gas Company,2022,October,97232,2929,0
Oregon,Northwest Natural Gas Company,2022,October,97233,6222,0
Oregon,Northwest Natural Gas Company,2022,October,97236,7218,5
Oregon,Northwest Natural Gas Company,2022,October,97239,3960,1
Oregon,Northwest Natural Gas Company,2022,October,97248,1,0
Oregon,Northwest Natural Gas Company,2022,October,97266,7246,7
Oregon,Northwest Natural Gas Company,2022,October,97267,8755,1
Oregon,Northwest Natural Gas Company,2022,October,97301,8538,1
Oregon,Northwest Natural Gas Company,2022,October,97302,10265,0
Oregon,Northwest Natural Gas Company,2022,October,97303,9000,2
Oregon,Northwest Natural Gas Company,2022,October,97304,7331,2
Oregon,Northwest Natural Gas Company,2022,October,97305,6888,0
Oregon,Northwest Natural Gas Company,2022,October,97306,8697,0
Oregon,Northwest Natural Gas Company,2022,October,97310,9,0
Oregon,Northwest Natural Gas Company,2022,October,97317,3874,0
Oregon,Northwest Natural Gas Company,2022,October,97321,8771,0
Oregon,Northwest Natural Gas Company,2022,October,97322,7412,0
Oregon,Northwest Natural Gas Company,2022,October,97325,806,0
Oregon,Northwest Natural Gas Company,2022,October,97327,553,0
Oregon,Northwest Natural Gas Company,2022,October,97330,9286,0
Oregon,Northwest Natural Gas Company,2022,October,97333,4447,0
Oregon,Northwest Natural Gas Company,2022,October,97338,4536,0
Oregon,Northwest Natural Gas Company,2022,October,97341,1350,0
Oregon,Northwest Natural Gas Company,2022,October,97345,12,0
Oregon,Northwest Natural Gas Company,2022,October,97347,225,0
Oregon,Northwest Natural Gas Company,2022,October,97348,219,0
Oregon,Northwest Natural Gas Company,2022,October,97351,1810,0
Oregon,Northwest Natural Gas Company,2022,October,97352,770,0
Oregon,Northwest Natural Gas Company,2022,October,97355,5139,1
Oregon,Northwest Natural Gas Company,2022,October,97358,406,0
Oregon,Northwest Natural Gas Company,2022,October,97360,496,0
Oregon,Northwest Natural Gas Company,2022,October,97361,1352,0
Oregon,Northwest Natural Gas Company,2022,October,97362,733,0
Oregon,Northwest Natural Gas Company,2022,October,97364,228,0
Oregon,Northwest Natural Gas Company,2022,October,97365,1663,0
Oregon,Northwest Natural Gas Company,2022,October,97366,178,0
Oregon,Northwest Natural Gas Company,2022,October,97367,4197,1
Oregon,Northwest Natural Gas Company,2022,October,97368,883,0
Oregon,Northwest Natural Gas Company,2022,October,97370,1257,0
Oregon,Northwest Natural Gas Company,2022,October,97371,43,0
Oregon,Northwest Natural Gas Company,2022,October,97372,9,0
Oregon,Northwest Natural Gas Company,2022,October,97374,303,0
Oregon,Northwest Natural Gas Company,2022,October,97377,54,0
Oregon,Northwest Natural Gas Company,2022,October,97378,806,0
Oregon,Northwest Natural Gas Company,2022,October,97380,154,0
Oregon,Northwest Natural Gas Company,2022,October,97381,2944,0
Oregon,Northwest Natural Gas Company,2022,October,97383,1784,0
Oregon,Northwest Natural Gas Company,2022,October,97384,32,0
Oregon,Northwest Natural Gas Company,2022,October,97385,889,0
Oregon,Northwest Natural Gas Company,2022,October,97386,2179,1
Oregon,Northwest Natural Gas Company,2022,October,97388,1046,0
Oregon,Northwest Natural Gas Company,2022,October,97389,312,0
Oregon,Northwest Natural Gas Company,2022,October,97391,282,0
Oregon,Northwest Natural Gas Company,2022,October,97392,986,0
Oregon,Northwest Natural Gas Company,2022,October,97396,418,0
Oregon,Northwest Natural Gas Company,2022,October,97401,5629,0
Oregon,Northwest Natural Gas Company,2022,October,97402,4593,2
Oregon,Northwest Natural Gas Company,2022,October,97403,1557,0
Oregon,Northwest Natural Gas Company,2022,October,97404,6342,0
Oregon,Northwest Natural Gas Company,2022,October,97405,7001,1
Oregon,Northwest Natural Gas Company,2022,October,97408,2982,0
Oregon,Northwest Natural Gas Company,2022,October,97420,828,0
Oregon,Northwest Natural Gas Company,2022,October,97423,216,0
Oregon,Northwest Natural Gas Company,2022,October,97424,2334,0
Oregon,Northwest Natural Gas Company,2022,October,97426,1291,0
Oregon,Northwest Natural Gas Company,2022,October,97438,8,0
Oregon,Northwest Natural Gas Company,2022,October,97446,585,0
Oregon,Northwest Natural Gas Company,2022,October,97448,1427,0
Oregon,Northwest Natural Gas Company,2022,October,97455,137,0
Oregon,Northwest Natural Gas Company,2022,October,97458,138,0
Oregon,Northwest Natural Gas Company,2022,October,97459,601,0
Oregon,Northwest Natural Gas Company,2022,October,97477,3048,1
Oregon,Northwest Natural Gas Company,2022,October,97478,2435,0
Oregon,Cascade Natural Gas,2022,October,97701,10478,12
Oregon,Cascade Natural Gas,2022,October,97702,13771,12
Oregon,Cascade Natural Gas,2022,October,97703,9479,3
Oregon,Cascade Natural Gas,2022,October,97707,3798,0
Oregon,Cascade Natural Gas,2022,October,97731,23,0
Oregon,Cascade Natural Gas,2022,October,97733,69,0
Oregon,Cascade Natural Gas,2022,October,97737,123,0
Oregon,Cascade Natural Gas,2022,October,97739,394,0
Oregon,Cascade Natural Gas,2022,October,97741,1469,3
Oregon,Cascade Natural Gas,2022,October,97753,408,0
Oregon,Cascade Natural Gas,2022,October,97754,2814,1
Oregon,Cascade Natural Gas,2022,October,97756,9152,9
Oregon,Cascade Natural Gas,2022,October,97801,4823,7
Oregon,Cascade Natural Gas,2022,October,97813,345,1
Oregon,Idaho Power,2022,October,97814,4,0
Oregon,Cascade Natural Gas,2022,October,97814,3431,1
Oregon,Cascade Natural Gas,2022,October,97818,307,0
Oregon,Idaho Power,2022,October,97819,25,0
Oregon,Cascade Natural Gas,2022,October,97826,23,0
Oregon,Idaho Power,2022,October,97834,666,0
Oregon,Idaho Power,2022,October,97837,72,0
Oregon,Cascade Natural Gas,2022,October,97838,4059,8
Oregon,Idaho Power,2022,October,97840,110,0
Oregon,Cascade Natural Gas,2022,October,97844,178,0
Oregon,Cascade Natural Gas,2022,October,97862,240,0
Oregon,Cascade Natural Gas,2022,October,97868,461,1
Oregon,Idaho Power,2022,October,97870,437,0
Oregon,Cascade Natural Gas,2022,October,97875,370,0
Oregon,Cascade Natural Gas,2022,October,97882,975,0
Oregon,Idaho Power,2022,October,97884,172,0
Oregon,Cascade Natural Gas,2022,October,97886,182,0
Oregon,Idaho Power,2022,October,97901,369,2
Oregon,Idaho Power,2022,October,97902,30,0
Oregon,Idaho Power,2022,October,97903,82,0
Oregon,Idaho Power,2022,October,97904,116,0
Oregon,Idaho Power,2022,October,97905,106,0
Oregon,Idaho Power,2022,October,97906,141,0
Oregon,Idaho Power,2022,October,97907,383,0
Oregon,Cascade Natural Gas,2022,October,97907,127,3
Oregon,Idaho Power,2022,October,97908,60,0
Oregon,Idaho Power,2022,October,97909,50,0
Oregon,Idaho Power,2022,October,97910,383,0
Oregon,Idaho Power,2022,October,97911,97,0
Oregon,Cascade Natural Gas,2022,October,97913,748,2
Oregon,Idaho Power,2022,October,97913,2166,6
Oregon,Cascade Natural Gas,2022,October,97914,2660,6
Oregon,Idaho Power,2022,October,97914,7049,23
Oregon,Idaho Power,2022,October,97917,1,0
Oregon,Idaho Power,2022,October,97918,1985,3
Oregon,Cascade Natural Gas,2022,October,97918,424,0
Oregon,Idaho Power,2022,October,97920,35,0
Oregon,Portland General Electric,2022,Sep,97002,"2,245",7
Oregon,Portland General Electric,2022,Sep,97003,171,47
Oregon,Portland General Electric,2022,Sep,97004,"1,769",5
Oregon,Portland General Electric,2022,Sep,97005,"12,311",60
Oregon,Portland General Electric,2022,Sep,97006,36,79
Oregon,Portland General Electric,2022,Sep,97007,25,28
Oregon,Portland General Electric,2022,Sep,97008,"11,959",41
Oregon,Portland General Electric,2022,Sep,97009,"3,397",7
Oregon,Portland General Electric,2022,Sep,97011,489,1
Oregon,Portland General Electric,2022,Sep,97013,"2,352",4
Oregon,Portland General Electric,2022,Sep,97015,"8,226",35
Oregon,Portland General Electric,2022,Sep,97017,"1,127",3
Oregon,Portland General Electric,2022,Sep,97019,"1,227",0
Oregon,Portland General Electric,2022,Sep,97020,374,1
Oregon,Portland General Electric,2022,Sep,97022,"1,452",3
Oregon,Portland General Electric,2022,Sep,97023,"4,969",13
Oregon,Portland General Electric,2022,Sep,97024,"4,655",28
Oregon,Portland General Electric,2022,Sep,97026,"1,201",6
Oregon,Portland General Electric,2022,Sep,97027,"4,952",16
Oregon,Portland General Electric,2022,Sep,97028,796,0
Oregon,Portland General Electric,2022,Sep,97030,"15,488",80
Oregon,Portland General Electric,2022,Sep,97032,"1,741",5
Oregon,Portland General Electric,2022,Sep,97034,"8,449",4
Oregon,Portland General Electric,2022,Sep,97035,432,14
Oregon,Portland General Electric,2022,Sep,97036,2,0
Oregon,Portland General Electric,2022,Sep,97038,"6,367",14
Oregon,Portland General Electric,2022,Sep,97042,"1,213",1
Oregon,Portland General Electric,2022,Sep,97045,"22,238",44
Oregon,Portland General Electric,2022,Sep,97049,"1,641",3
Oregon,Portland General Electric,2022,Sep,97055,"8,002",20
Oregon,Portland General Electric,2022,Sep,97060,"6,645",31
Oregon,Portland General Electric,2022,Sep,97062,"11,316",41
Oregon,Portland General Electric,2022,Sep,97067,"1,365",5
Oregon,Portland General Electric,2022,Sep,97068,"11,694",8
Oregon,Portland General Electric,2022,Sep,97070,"11,487",28
Oregon,Portland General Electric,2022,Sep,97071,"9,987",23
Oregon,Portland General Electric,2022,Sep,97078,"9,009",28
Oregon,Portland General Electric,2022,Sep,97080,"16,537",64
Oregon,Portland General Electric,2022,Sep,97086,"1,256",34
Oregon,Portland General Electric,2022,Sep,97089,"4,739",10
Oregon,Portland General Electric,2022,Sep,97101,"1,551",1
Oregon,Portland General Electric,2022,Sep,97106,"1,578",2
Oregon,Portland General Electric,2022,Sep,97109,81,0
Oregon,Portland General Electric,2022,Sep,97111,"1,471",1
Oregon,Portland General Electric,2022,Sep,97113,"5,323",9
Oregon,Portland General Electric,2022,Sep,97114,"1,767",1
Oregon,Portland General Electric,2022,Sep,97115,"1,704",1
Oregon,Portland General Electric,2022,Sep,97116,836,0
Oregon,Portland General Electric,2022,Sep,97117,267,0
Oregon,Portland General Electric,2022,Sep,97119,"1,619",2
Oregon,Portland General Electric,2022,Sep,97123,"18,364",57
Oregon,Portland General Electric,2022,Sep,97124,"21,545",52
Oregon,Portland General Electric,2022,Sep,97125,10,0
Oregon,Portland General Electric,2022,Sep,97127,"1,507",2
Oregon,Portland General Electric,2022,Sep,97128,497,2
Oregon,Portland General Electric,2022,Sep,97132,"12,051",18
Oregon,Portland General Electric,2022,Sep,97133,"2,320",2
Oregon,Portland General Electric,2022,Sep,97137,487,1
Oregon,Portland General Electric,2022,Sep,97140,"9,495",14
Oregon,Portland General Electric,2022,Sep,97148,"1,359",3
Oregon,Portland General Electric,2022,Sep,97201,"7,357",21
Oregon,Portland General Electric,2022,Sep,97202,"20,175",31
Oregon,Portland General Electric,2022,Sep,97203,"13,072",53
Oregon,Portland General Electric,2022,Sep,97204,410,4
Oregon,Portland General Electric,2022,Sep,97205,"3,255",5
Oregon,Portland General Electric,2022,Sep,97206,"22,004",41
Oregon,Portland General Electric,2022,Sep,97209,"15,392",23
Oregon,Portland General Electric,2022,Sep,97210,"7,963",4
Oregon,Portland General Electric,2022,Sep,97211,7,0
Oregon,Portland General Electric,2022,Sep,97213,"3,124",8
Oregon,Portland General Electric,2022,Sep,97214,"15,366",26
Oregon,Portland General Electric,2022,Sep,97215,"7,682",10
Oregon,Portland General Electric,2022,Sep,97216,"4,228",15
Oregon,Portland General Electric,2022,Sep,97217,"13,017",41
Oregon,Portland General Electric,2022,Sep,97219,"17,511",31
Oregon,Portland General Electric,2022,Sep,97221,"5,559",8
Oregon,Portland General Electric,2022,Sep,97222,"13,573",39
Oregon,Portland General Electric,2022,Sep,97223,"7,432",52
Oregon,Portland General Electric,2022,Sep,97224,"1,907",31
Oregon,Portland General Electric,2022,Sep,97225,"11,585",16
Oregon,Portland General Electric,2022,Sep,97227,429,0
Oregon,Portland General Electric,2022,Sep,97229,"28,269",33
Oregon,Portland General Electric,2022,Sep,97230,"15,679",78
Oregon,Portland General Electric,2022,Sep,97231,"1,985",1
Oregon,Portland General Electric,2022,Sep,97232,"5,353",6
Oregon,Portland General Electric,2022,Sep,97233,"15,330",136
Oregon,Portland General Electric,2022,Sep,97236,"13,824",81
Oregon,Portland General Electric,2022,Sep,97239,"9,994",7
Oregon,Portland General Electric,2022,Sep,97266,"13,399",57
Oregon,Portland General Electric,2022,Sep,97267,"11,439",23
Oregon,Portland General Electric,2022,Sep,97301,"19,217",81
Oregon,Portland General Electric,2022,Sep,97302,"17,247",51
Oregon,Portland General Electric,2022,Sep,97303,"10,438",23
Oregon,Portland General Electric,2022,Sep,97304,"1,336",1
Oregon,Portland General Electric,2022,Sep,97305,"15,686",64
Oregon,Portland General Electric,2022,Sep,97306,"13,863",33
Oregon,Portland General Electric,2022,Sep,97317,"8,432",28
Oregon,Portland General Electric,2022,Sep,97325,153,0
Oregon,Portland General Electric,2022,Sep,97338,241,0
Oregon,Portland General Electric,2022,Sep,97347,804,3
Oregon,Portland General Electric,2022,Sep,97352,120,0
Oregon,Portland General Electric,2022,Sep,97362,"1,515",0
Oregon,Portland General Electric,2022,Sep,97371,103,0
Oregon,Portland General Electric,2022,Sep,97375,518,0
Oregon,Portland General Electric,2022,Sep,97378,"2,836",7
Oregon,Portland General Electric,2022,Sep,97381,"6,416",8
Oregon,Portland General Electric,2022,Sep,97385,142,1
Oregon,Portland General Electric,2022,Sep,97392,"1,952",3
Oregon,Portland General Electric,2022,Sep,97396,"1,371",2
Oregon,Northwest Natural Gas Company,2022,September,97002,788,0
Oregon,Northwest Natural Gas Company,2022,September,97003,6873,0
Oregon,Northwest Natural Gas Company,2022,September,97004,233,0
Oregon,Northwest Natural Gas Company,2022,September,97005,4315,0
Oregon,Northwest Natural Gas Company,2022,September,97006,9352,0
Oregon,Northwest Natural Gas Company,2022,September,97007,13989,1
Oregon,Northwest Natural Gas Company,2022,September,97008,6333,0
Oregon,Northwest Natural Gas Company,2022,September,97009,1091,0
Oregon,Northwest Natural Gas Company,2022,September,97013,3771,0
Oregon,Northwest Natural Gas Company,2022,September,97015,4672,0
Oregon,Northwest Natural Gas Company,2022,September,97016,113,0
Oregon,Northwest Natural Gas Company,2022,September,97018,653,0
Oregon,Northwest Natural Gas Company,2022,September,97020,161,0
Oregon,Northwest Natural Gas Company,2022,September,97024,2008,0
Oregon,Northwest Natural Gas Company,2022,September,97026,410,0
Oregon,Northwest Natural Gas Company,2022,September,97027,2972,0
Oregon,Northwest Natural Gas Company,2022,September,97030,6481,0
Oregon,Northwest Natural Gas Company,2022,September,97031,3694,0
Oregon,Northwest Natural Gas Company,2022,September,97032,902,0
Oregon,Northwest Natural Gas Company,2022,September,97034,6788,0
Oregon,Northwest Natural Gas Company,2022,September,97035,7253,0
Oregon,Northwest Natural Gas Company,2022,September,97036,1,0
Oregon,Northwest Natural Gas Company,2022,September,97038,2182,0
Oregon,Northwest Natural Gas Company,2022,September,97042,119,0
Oregon,Northwest Natural Gas Company,2022,September,97045,11471,0
Oregon,Northwest Natural Gas Company,2022,September,97048,393,0
Oregon,Northwest Natural Gas Company,2022,September,97051,3366,0
Oregon,Northwest Natural Gas Company,2022,September,97053,625,0
Oregon,Northwest Natural Gas Company,2022,September,97054,18,0
Oregon,Northwest Natural Gas Company,2022,September,97055,3525,0
Oregon,Northwest Natural Gas Company,2022,September,97056,2433,0
Oregon,Northwest Natural Gas Company,2022,September,97058,1652,0
Oregon,Northwest Natural Gas Company,2022,September,97060,4815,0
Oregon,Northwest Natural Gas Company,2022,September,97062,6129,0
Oregon,Northwest Natural Gas Company,2022,September,97064,707,0
Oregon,Northwest Natural Gas Company,2022,September,97068,9461,0
Oregon,Northwest Natural Gas Company,2022,September,97070,6321,0
Oregon,Northwest Natural Gas Company,2022,September,97071,5469,0
Oregon,Northwest Natural Gas Company,2022,September,97078,5976,0
Oregon,Northwest Natural Gas Company,2022,September,97080,11154,0
Oregon,Northwest Natural Gas Company,2022,September,97086,9250,0
Oregon,Northwest Natural Gas Company,2022,September,97089,3384,0
Oregon,Northwest Natural Gas Company,2022,September,97101,311,0
Oregon,Northwest Natural Gas Company,2022,September,97103,4047,0
Oregon,Northwest Natural Gas Company,2022,September,97106,458,0
Oregon,Northwest Natural Gas Company,2022,September,97110,1353,0
Oregon,Northwest Natural Gas Company,2022,September,97111,43,0
Oregon,Northwest Natural Gas Company,2022,September,97113,2737,0
Oregon,Northwest Natural Gas Company,2022,September,97114,17,0
Oregon,Northwest Natural Gas Company,2022,September,97115,955,0
Oregon,Northwest Natural Gas Company,2022,September,97116,3649,0
Oregon,Northwest Natural Gas Company,2022,September,97121,429,0
Oregon,Northwest Natural Gas Company,2022,September,97123,11818,0
Oregon,Northwest Natural Gas Company,2022,September,97124,10762,0
Oregon,Northwest Natural Gas Company,2022,September,97127,819,0
Oregon,Northwest Natural Gas Company,2022,September,97128,3368,0
Oregon,Northwest Natural Gas Company,2022,September,97132,5645,0
Oregon,Northwest Natural Gas Company,2022,September,97133,1163,0
Oregon,Northwest Natural Gas Company,2022,September,97138,4346,0
Oregon,Northwest Natural Gas Company,2022,September,97140,6678,0
Oregon,Northwest Natural Gas Company,2022,September,97145,1,0
Oregon,Northwest Natural Gas Company,2022,September,97146,2163,0
Oregon,Northwest Natural Gas Company,2022,September,97201,2573,0
Oregon,Northwest Natural Gas Company,2022,September,97202,11656,0
Oregon,Northwest Natural Gas Company,2022,September,97203,7525,1
Oregon,Northwest Natural Gas Company,2022,September,97204,137,0
Oregon,Northwest Natural Gas Company,2022,September,97205,1360,0
Oregon,Northwest Natural Gas Company,2022,September,97206,13864,0
Oregon,Northwest Natural Gas Company,2022,September,97209,2466,0
Oregon,Northwest Natural Gas Company,2022,September,97210,4287,0
Oregon,Northwest Natural Gas Company,2022,September,97211,10489,0
Oregon,Northwest Natural Gas Company,2022,September,97212,8547,0
Oregon,Northwest Natural Gas Company,2022,September,97213,9865,0
Oregon,Northwest Natural Gas Company,2022,September,97214,8325,0
Oregon,Northwest Natural Gas Company,2022,September,97215,5763,0
Oregon,Northwest Natural Gas Company,2022,September,97216,3430,0
Oregon,Northwest Natural Gas Company,2022,September,97217,10528,0
Oregon,Northwest Natural Gas Company,2022,September,97218,3621,0
Oregon,Northwest Natural Gas Company,2022,September,97219,12483,0
Oregon,Northwest Natural Gas Company,2022,September,97220,6704,0
Oregon,Northwest Natural Gas Company,2022,September,97221,3951,0
Oregon,Northwest Natural Gas Company,2022,September,97222,8080,0
Oregon,Northwest Natural Gas Company,2022,September,97223,12973,0
Oregon,Northwest Natural Gas Company,2022,September,97224,10702,0
Oregon,Northwest Natural Gas Company,2022,September,97225,7319,0
Oregon,Northwest Natural Gas Company,2022,September,97227,1612,0
Oregon,Northwest Natural Gas Company,2022,September,97229,21266,0
Oregon,Northwest Natural Gas Company,2022,September,97230,9413,0
Oregon,Northwest Natural Gas Company,2022,September,97231,776,0
Oregon,Northwest Natural Gas Company,2022,September,97232,2936,0
Oregon,Northwest Natural Gas Company,2022,September,97233,6220,0
Oregon,Northwest Natural Gas Company,2022,September,97236,7210,0
Oregon,Northwest Natural Gas Company,2022,September,97239,3960,0
Oregon,Northwest Natural Gas Company,2022,September,97248,1,0
Oregon,Northwest Natural Gas Company,2022,September,97266,7246,0
Oregon,Northwest Natural Gas Company,2022,September,97267,8752,0
Oregon,Northwest Natural Gas Company,2022,September,97301,8539,0
Oregon,Northwest Natural Gas Company,2022,September,97302,10269,0
Oregon,Northwest Natural Gas Company,2022,September,97303,8997,0
Oregon,Northwest Natural Gas Company,2022,September,97304,7324,0
Oregon,Northwest Natural Gas Company,2022,September,97305,6891,0
Oregon,Northwest Natural Gas Company,2022,September,97306,8691,0
Oregon,Northwest Natural Gas Company,2022,September,97310,9,0
Oregon,Northwest Natural Gas Company,2022,September,97317,3872,0
Oregon,Northwest Natural Gas Company,2022,September,97321,8761,1
Oregon,Northwest Natural Gas Company,2022,September,97322,7414,0
Oregon,Northwest Natural Gas Company,2022,September,97325,806,0
Oregon,Northwest Natural Gas Company,2022,September,97327,553,1
Oregon,Northwest Natural Gas Company,2022,September,97330,9261,0
Oregon,Northwest Natural Gas Company,2022,September,97333,4450,0
Oregon,Northwest Natural Gas Company,2022,September,97338,4548,0
Oregon,Northwest Natural Gas Company,2022,September,97341,1351,0
Oregon,Northwest Natural Gas Company,2022,September,97345,12,0
Oregon,Northwest Natural Gas Company,2022,September,97347,225,0
Oregon,Northwest Natural Gas Company,2022,September,97348,218,0
Oregon,Northwest Natural Gas Company,2022,September,97351,1810,0
Oregon,Northwest Natural Gas Company,2022,September,97352,770,0
Oregon,Northwest Natural Gas Company,2022,September,97355,5125,0
Oregon,Northwest Natural Gas Company,2022,September,97358,403,0
Oregon,Northwest Natural Gas Company,2022,September,97360,495,0
Oregon,Northwest Natural Gas Company,2022,September,97361,1345,0
Oregon,Northwest Natural Gas Company,2022,September,97362,733,0
Oregon,Northwest Natural Gas Company,2022,September,97364,230,0
Oregon,Northwest Natural Gas Company,2022,September,97365,1661,0
Oregon,Northwest Natural Gas Company,2022,September,97366,179,0
Oregon,Northwest Natural Gas Company,2022,September,97367,4199,0
Oregon,Northwest Natural Gas Company,2022,September,97368,884,0
Oregon,Northwest Natural Gas Company,2022,September,97370,1257,0
Oregon,Northwest Natural Gas Company,2022,September,97371,42,0
Oregon,Northwest Natural Gas Company,2022,September,97372,9,0
Oregon,Northwest Natural Gas Company,2022,September,97374,303,0
Oregon,Northwest Natural Gas Company,2022,September,97377,54,0
Oregon,Northwest Natural Gas Company,2022,September,97378,809,0
Oregon,Northwest Natural Gas Company,2022,September,97380,154,0
Oregon,Northwest Natural Gas Company,2022,September,97381,2940,0
Oregon,Northwest Natural Gas Company,2022,September,97383,1780,0
Oregon,Northwest Natural Gas Company,2022,September,97384,32,0
Oregon,Northwest Natural Gas Company,2022,September,97385,885,0
Oregon,Northwest Natural Gas Company,2022,September,97386,2177,0
Oregon,Northwest Natural Gas Company,2022,September,97388,1046,0
Oregon,Northwest Natural Gas Company,2022,September,97389,312,0
Oregon,Northwest Natural Gas Company,2022,September,97391,283,0
Oregon,Northwest Natural Gas Company,2022,September,97392,984,0
Oregon,Northwest Natural Gas Company,2022,September,97396,419,0
Oregon,Northwest Natural Gas Company,2022,September,97401,5630,0
Oregon,Northwest Natural Gas Company,2022,September,97402,4597,0
Oregon,Northwest Natural Gas Company,2022,September,97403,1560,0
Oregon,Northwest Natural Gas Company,2022,September,97404,6344,0
Oregon,Northwest Natural Gas Company,2022,September,97405,6997,0
Oregon,Northwest Natural Gas Company,2022,September,97408,2978,0
Oregon,Northwest Natural Gas Company,2022,September,97420,825,0
Oregon,Northwest Natural Gas Company,2022,September,97423,215,0
Oregon,Northwest Natural Gas Company,2022,September,97424,2336,0
Oregon,Northwest Natural Gas Company,2022,September,97426,1291,0
Oregon,Northwest Natural Gas Company,2022,September,97438,8,0
Oregon,Northwest Natural Gas Company,2022,September,97446,585,0
Oregon,Northwest Natural Gas Company,2022,September,97448,1419,0
Oregon,Northwest Natural Gas Company,2022,September,97455,137,0
Oregon,Northwest Natural Gas Company,2022,September,97458,138,0
Oregon,Northwest Natural Gas Company,2022,September,97459,598,0
Oregon,Northwest Natural Gas Company,2022,September,97477,3026,0
Oregon,Northwest Natural Gas Company,2022,September,97478,2428,0
Oregon,Cascade Natural Gas,2022,September,97701,10451,19
Oregon,Cascade Natural Gas,2022,September,97702,13774,3
Oregon,Cascade Natural Gas,2022,September,97703,9451,6
Oregon,Cascade Natural Gas,2022,September,97707,3797,1
Oregon,Cascade Natural Gas,2022,September,97731,23,0
Oregon,Cascade Natural Gas,2022,September,97733,71,0
Oregon,Cascade Natural Gas,2022,September,97737,123,1
Oregon,Cascade Natural Gas,2022,September,97739,382,0
Oregon,Cascade Natural Gas,2022,September,97741,1469,2
Oregon,Cascade Natural Gas,2022,September,97753,405,0
Oregon,Cascade Natural Gas,2022,September,97754,2804,5
Oregon,Cascade Natural Gas,2022,September,97756,9132,20
Oregon,Cascade Natural Gas,2022,September,97801,4821,12
Oregon,Cascade Natural Gas,2022,September,97813,346,0
Oregon,Cascade Natural Gas,2022,September,97814,3406,14
Oregon,Idaho Power,2022,September,97814,4,0
Oregon,Cascade Natural Gas,2022,September,97818,306,1
Oregon,Idaho Power,2022,September,97819,25,0
Oregon,Cascade Natural Gas,2022,September,97826,23,0
Oregon,Idaho Power,2022,September,97834,666,0
Oregon,Idaho Power,2022,September,97837,72,0
Oregon,Cascade Natural Gas,2022,September,97838,4058,13
Oregon,Idaho Power,2022,September,97840,110,0
Oregon,Cascade Natural Gas,2022,September,97844,177,0
Oregon,Cascade Natural Gas,2022,September,97862,239,0
Oregon,Cascade Natural Gas,2022,September,97868,461,1
Oregon,Idaho Power,2022,September,97870,438,0
Oregon,Cascade Natural Gas,2022,September,97875,370,3
Oregon,Cascade Natural Gas,2022,September,97882,969,1
Oregon,Idaho Power,2022,September,97884,172,0
Oregon,Cascade Natural Gas,2022,September,97886,183,1
Oregon,Idaho Power,2022,September,97901,370,0
Oregon,Idaho Power,2022,September,97902,30,0
Oregon,Idaho Power,2022,September,97903,82,0
Oregon,Idaho Power,2022,September,97904,114,0
Oregon,Idaho Power,2022,September,97905,106,0
Oregon,Idaho Power,2022,September,97906,142,0
Oregon,Idaho Power,2022,September,97907,384,1
Oregon,Cascade Natural Gas,2022,September,97907,129,1
Oregon,Idaho Power,2022,September,97908,60,0
Oregon,Idaho Power,2022,September,97909,50,0
Oregon,Idaho Power,2022,September,97910,385,0
Oregon,Idaho Power,2022,September,97911,95,2
Oregon,Cascade Natural Gas,2022,September,97913,751,0
Oregon,Idaho Power,2022,September,97913,2177,6
Oregon,Cascade Natural Gas,2022,September,97914,2670,5
Oregon,Idaho Power,2022,September,97914,7061,10
Oregon,Idaho Power,2022,September,97917,1,0
Oregon,Idaho Power,2022,September,97918,1997,4
Oregon,Cascade Natural Gas,2022,September,97918,422,1
Oregon,Idaho Power,2022,September,97920,35,0
Oregon,Portland General Electric,2023,Apr,97002,"2,242",4
Oregon,Portland General Electric,2023,Apr,97003,171,46
Oregon,Portland General Electric,2023,Apr,97004,"1,762",1
Oregon,Portland General Electric,2023,Apr,97005,"12,311",40
Oregon,Portland General Electric,2023,Apr,97006,35,51
Oregon,Portland General Electric,2023,Apr,97007,25,26
Oregon,Portland General Electric,2023,Apr,97008,"11,976",27
Oregon,Portland General Electric,2023,Apr,97009,"3,378",5
Oregon,Portland General Electric,2023,Apr,97011,484,0
Oregon,Portland General Electric,2023,Apr,97013,"2,340",0
Oregon,Portland General Electric,2023,Apr,97015,"8,226",24
Oregon,Portland General Electric,2023,Apr,97017,"1,121",2
Oregon,Portland General Electric,2023,Apr,97019,"1,191",0
Oregon,Portland General Electric,2023,Apr,97020,374,0
Oregon,Portland General Electric,2023,Apr,97022,"1,430",0
Oregon,Portland General Electric,2023,Apr,97023,"4,958",4
Oregon,Portland General Electric,2023,Apr,97024,"4,658",9
Oregon,Portland General Electric,2023,Apr,97026,"1,200",0
Oregon,Portland General Electric,2023,Apr,97027,"4,953",4
Oregon,Portland General Electric,2023,Apr,97028,803,0
Oregon,Portland General Electric,2023,Apr,97030,"15,512",70
Oregon,Portland General Electric,2023,Apr,97032,"1,728",3
Oregon,Portland General Electric,2023,Apr,97034,"8,437",0
Oregon,Portland General Electric,2023,Apr,97035,428,6
Oregon,Portland General Electric,2023,Apr,97036,2,0
Oregon,Portland General Electric,2023,Apr,97038,"6,340",14
Oregon,Portland General Electric,2023,Apr,97042,"1,205",0
Oregon,Portland General Electric,2023,Apr,97045,"22,303",20
Oregon,Portland General Electric,2023,Apr,97049,"1,634",0
Oregon,Portland General Electric,2023,Apr,97055,"7,960",2
Oregon,Portland General Electric,2023,Apr,97056,29,0
Oregon,Portland General Electric,2023,Apr,97060,"6,647",8
Oregon,Portland General Electric,2023,Apr,97062,"11,369",27
Oregon,Portland General Electric,2023,Apr,97067,"1,363",0
Oregon,Portland General Electric,2023,Apr,97068,"11,684",5
Oregon,Portland General Electric,2023,Apr,97070,"11,562",10
Oregon,Portland General Electric,2023,Apr,97071,"10,454",12
Oregon,Portland General Electric,2023,Apr,97078,136,31
Oregon,Portland General Electric,2023,Apr,97080,"16,594",31
Oregon,Portland General Electric,2023,Apr,97086,"1,251",24
Oregon,Portland General Electric,2023,Apr,97089,267,9
Oregon,Portland General Electric,2023,Apr,97101,"1,546",0
Oregon,Portland General Electric,2023,Apr,97106,"1,572",2
Oregon,Portland General Electric,2023,Apr,97109,81,0
Oregon,Portland General Electric,2023,Apr,97111,"1,481",0
Oregon,Portland General Electric,2023,Apr,97113,"5,361",4
Oregon,Portland General Electric,2023,Apr,97114,"1,761",3
Oregon,Portland General Electric,2023,Apr,97115,"1,691",0
Oregon,Portland General Electric,2023,Apr,97116,830,0
Oregon,Portland General Electric,2023,Apr,97117,267,0
Oregon,Portland General Electric,2023,Apr,97119,"1,609",4
Oregon,Portland General Electric,2023,Apr,97123,"18,487",5
Oregon,Portland General Electric,2023,Apr,97124,82,31
Oregon,Portland General Electric,2023,Apr,97125,8,10
Oregon,Portland General Electric,2023,Apr,97127,"1,531",2
Oregon,Portland General Electric,2023,Apr,97128,497,0
Oregon,Portland General Electric,2023,Apr,97132,"12,074",4
Oregon,Portland General Electric,2023,Apr,97133,"2,334",0
Oregon,Portland General Electric,2023,Apr,97137,486,0
Oregon,Portland General Electric,2023,Apr,97140,"9,490",10
Oregon,Portland General Electric,2023,Apr,97148,"1,349",0
Oregon,Portland General Electric,2023,Apr,97201,"7,374",10
Oregon,Portland General Electric,2023,Apr,97202,"20,231",21
Oregon,Portland General Electric,2023,Apr,97203,"13,155",41
Oregon,Portland General Electric,2023,Apr,97204,416,1
Oregon,Portland General Electric,2023,Apr,97205,"3,298",5
Oregon,Portland General Electric,2023,Apr,97206,"22,126",14
Oregon,Portland General Electric,2023,Apr,97209,"15,455",17
Oregon,Portland General Electric,2023,Apr,97210,"7,979",5
Oregon,Portland General Electric,2023,Apr,97211,7,0
Oregon,Portland General Electric,2023,Apr,97213,"3,118",3
Oregon,Portland General Electric,2023,Apr,97214,"15,521",17
Oregon,Portland General Electric,2023,Apr,97215,"7,695",6
Oregon,Portland General Electric,2023,Apr,97216,"4,234",6
Oregon,Portland General Electric,2023,Apr,97217,"13,006",27
Oregon,Portland General Electric,2023,Apr,97219,"17,544",7
Oregon,Portland General Electric,2023,Apr,97221,"5,560",5
Oregon,Portland General Electric,2023,Apr,97222,"13,616",16
Oregon,Portland General Electric,2023,Apr,97223,"7,585",48
Oregon,Portland General Electric,2023,Apr,97224,1,18
Oregon,Portland General Electric,2023,Apr,97225,"11,588",5
Oregon,Portland General Electric,2023,Apr,97227,425,0
Oregon,Portland General Electric,2023,Apr,97229,"28,346",14
Oregon,Portland General Electric,2023,Apr,97230,"15,647",35
Oregon,Portland General Electric,2023,Apr,97231,"1,960",0
Oregon,Portland General Electric,2023,Apr,97232,"5,378",5
Oregon,Portland General Electric,2023,Apr,97233,"15,384",97
Oregon,Portland General Electric,2023,Apr,97236,7,49
Oregon,Portland General Electric,2023,Apr,97239,"10,027",6
Oregon,Portland General Electric,2023,Apr,97266,"13,380",39
Oregon,Portland General Electric,2023,Apr,97267,"11,527",9
Oregon,Portland General Electric,2023,Apr,97301,"19,248",58
Oregon,Portland General Electric,2023,Apr,97302,"17,282",20
Oregon,Portland General Electric,2023,Apr,97303,"10,412",5
Oregon,Portland General Electric,2023,Apr,97304,"1,331",0
Oregon,Portland General Electric,2023,Apr,97305,"15,695",40
Oregon,Portland General Electric,2023,Apr,97306,"13,899",21
Oregon,Portland General Electric,2023,Apr,97317,"8,422",28
Oregon,Portland General Electric,2023,Apr,97325,149,0
Oregon,Portland General Electric,2023,Apr,97338,239,0
Oregon,Portland General Electric,2023,Apr,97347,769,0
Oregon,Portland General Electric,2023,Apr,97352,119,0
Oregon,Portland General Electric,2023,Apr,97362,"1,524",2
Oregon,Portland General Electric,2023,Apr,97371,106,0
Oregon,Portland General Electric,2023,Apr,97375,507,0
Oregon,Portland General Electric,2023,Apr,97378,"2,782",6
Oregon,Portland General Electric,2023,Apr,97381,"6,383",5
Oregon,Portland General Electric,2023,Apr,97385,139,1
Oregon,Portland General Electric,2023,Apr,97392,"1,943",2
Oregon,Portland General Electric,2023,Apr,97396,"1,343",0
Oregon,Northwest Natural Gas Company,2023,April,97002,791,0
Oregon,Northwest Natural Gas Company,2023,April,97003,6901,12
Oregon,Northwest Natural Gas Company,2023,April,97004,234,0
Oregon,Northwest Natural Gas Company,2023,April,97005,4321,4
Oregon,Northwest Natural Gas Company,2023,April,97006,9377,2
Oregon,Northwest Natural Gas Company,2023,April,97007,14067,13
Oregon,Northwest Natural Gas Company,2023,April,97008,6336,1
Oregon,Northwest Natural Gas Company,2023,April,97009,1098,1
Oregon,Northwest Natural Gas Company,2023,April,97013,3856,0
Oregon,Northwest Natural Gas Company,2023,April,97015,4676,5
Oregon,Northwest Natural Gas Company,2023,April,97016,116,0
Oregon,Northwest Natural Gas Company,2023,April,97018,655,0
Oregon,Northwest Natural Gas Company,2023,April,97020,161,0
Oregon,Northwest Natural Gas Company,2023,April,97024,2010,3
Oregon,Northwest Natural Gas Company,2023,April,97026,425,1
Oregon,Northwest Natural Gas Company,2023,April,97027,2988,0
Oregon,Northwest Natural Gas Company,2023,April,97030,6488,22
Oregon,Northwest Natural Gas Company,2023,April,97031,3732,4
Oregon,Northwest Natural Gas Company,2023,April,97032,914,0
Oregon,Northwest Natural Gas Company,2023,April,97034,6805,3
Oregon,Northwest Natural Gas Company,2023,April,97035,7280,8
Oregon,Northwest Natural Gas Company,2023,April,97036,1,0
Oregon,Northwest Natural Gas Company,2023,April,97038,2182,2
Oregon,Northwest Natural Gas Company,2023,April,97042,123,1
Oregon,Northwest Natural Gas Company,2023,April,97045,11509,21
Oregon,Northwest Natural Gas Company,2023,April,97048,395,1
Oregon,Northwest Natural Gas Company,2023,April,97051,3368,3
Oregon,Northwest Natural Gas Company,2023,April,97053,629,0
Oregon,Northwest Natural Gas Company,2023,April,97054,19,0
Oregon,Northwest Natural Gas Company,2023,April,97055,3562,7
Oregon,Northwest Natural Gas Company,2023,April,97056,2437,2
Oregon,Northwest Natural Gas Company,2023,April,97058,1670,0
Oregon,Northwest Natural Gas Company,2023,April,97060,4842,3
Oregon,Northwest Natural Gas Company,2023,April,97062,6131,7
Oregon,Northwest Natural Gas Company,2023,April,97064,716,1
Oregon,Northwest Natural Gas Company,2023,April,97068,9486,4
Oregon,Northwest Natural Gas Company,2023,April,97070,6343,9
Oregon,Northwest Natural Gas Company,2023,April,97071,5576,1
Oregon,Northwest Natural Gas Company,2023,April,97078,6002,15
Oregon,Northwest Natural Gas Company,2023,April,97080,11285,13
Oregon,Northwest Natural Gas Company,2023,April,97086,9344,7
Oregon,Northwest Natural Gas Company,2023,April,97089,3392,9
Oregon,Northwest Natural Gas Company,2023,April,97101,312,0
Oregon,Northwest Natural Gas Company,2023,April,97103,4078,9
Oregon,Northwest Natural Gas Company,2023,April,97106,458,2
Oregon,Northwest Natural Gas Company,2023,April,97110,1365,0
Oregon,Northwest Natural Gas Company,2023,April,97111,61,0
Oregon,Northwest Natural Gas Company,2023,April,97113,2764,6
Oregon,Northwest Natural Gas Company,2023,April,97114,17,0
Oregon,Northwest Natural Gas Company,2023,April,97115,959,0
Oregon,Northwest Natural Gas Company,2023,April,97116,3714,5
Oregon,Northwest Natural Gas Company,2023,April,97121,430,0
Oregon,Northwest Natural Gas Company,2023,April,97123,12032,18
Oregon,Northwest Natural Gas Company,2023,April,97124,10786,11
Oregon,Northwest Natural Gas Company,2023,April,97127,843,0
Oregon,Northwest Natural Gas Company,2023,April,97128,3443,5
Oregon,Northwest Natural Gas Company,2023,April,97132,5690,4
Oregon,Northwest Natural Gas Company,2023,April,97133,1214,0
Oregon,Northwest Natural Gas Company,2023,April,97138,4388,3
Oregon,Northwest Natural Gas Company,2023,April,97140,6720,5
Oregon,Northwest Natural Gas Company,2023,April,97146,2180,6
Oregon,Northwest Natural Gas Company,2023,April,97201,2589,4
Oregon,Northwest Natural Gas Company,2023,April,97202,11736,6
Oregon,Northwest Natural Gas Company,2023,April,97203,7589,20
Oregon,Northwest Natural Gas Company,2023,April,97204,124,0
Oregon,Northwest Natural Gas Company,2023,April,97205,1586,4
Oregon,Northwest Natural Gas Company,2023,April,97206,14033,17
Oregon,Northwest Natural Gas Company,2023,April,97209,2461,1
Oregon,Northwest Natural Gas Company,2023,April,97210,4349,8
Oregon,Northwest Natural Gas Company,2023,April,97211,10554,25
Oregon,Northwest Natural Gas Company,2023,April,97212,8568,18
Oregon,Northwest Natural Gas Company,2023,April,97213,9911,15
Oregon,Northwest Natural Gas Company,2023,April,97214,8579,15
Oregon,Northwest Natural Gas Company,2023,April,97215,5773,6
Oregon,Northwest Natural Gas Company,2023,April,97216,3453,5
Oregon,Northwest Natural Gas Company,2023,April,97217,10605,23
Oregon,Northwest Natural Gas Company,2023,April,97218,3649,9
Oregon,Northwest Natural Gas Company,2023,April,97219,12526,12
Oregon,Northwest Natural Gas Company,2023,April,97220,6743,11
Oregon,Northwest Natural Gas Company,2023,April,97221,3963,9
Oregon,Northwest Natural Gas Company,2023,April,97222,8120,6
Oregon,Northwest Natural Gas Company,2023,April,97223,12990,13
Oregon,Northwest Natural Gas Company,2023,April,97224,10770,6
Oregon,Northwest Natural Gas Company,2023,April,97225,7321,8
Oregon,Northwest Natural Gas Company,2023,April,97227,1648,4
Oregon,Northwest Natural Gas Company,2023,April,97229,21441,12
Oregon,Northwest Natural Gas Company,2023,April,97230,9449,13
Oregon,Northwest Natural Gas Company,2023,April,97231,777,1
Oregon,Northwest Natural Gas Company,2023,April,97232,2945,3
Oregon,Northwest Natural Gas Company,2023,April,97233,6245,6
Oregon,Northwest Natural Gas Company,2023,April,97236,7259,24
Oregon,Northwest Natural Gas Company,2023,April,97239,3976,5
Oregon,Northwest Natural Gas Company,2023,April,97248,1,0
Oregon,Northwest Natural Gas Company,2023,April,97266,7298,21
Oregon,Northwest Natural Gas Company,2023,April,97267,8770,10
Oregon,Northwest Natural Gas Company,2023,April,97301,8693,28
Oregon,Northwest Natural Gas Company,2023,April,97302,10356,15
Oregon,Northwest Natural Gas Company,2023,April,97303,9041,12
Oregon,Northwest Natural Gas Company,2023,April,97304,7350,6
Oregon,Northwest Natural Gas Company,2023,April,97305,6934,24
Oregon,Northwest Natural Gas Company,2023,April,97306,8741,2
Oregon,Northwest Natural Gas Company,2023,April,97310,9,0
Oregon,Northwest Natural Gas Company,2023,April,97317,3888,12
Oregon,Northwest Natural Gas Company,2023,April,97321,8837,5
Oregon,Northwest Natural Gas Company,2023,April,97322,7450,5
Oregon,Northwest Natural Gas Company,2023,April,97325,805,0
Oregon,Northwest Natural Gas Company,2023,April,97327,555,0
Oregon,Northwest Natural Gas Company,2023,April,97330,9367,5
Oregon,Northwest Natural Gas Company,2023,April,97333,4485,3
Oregon,Northwest Natural Gas Company,2023,April,97338,4637,9
Oregon,Northwest Natural Gas Company,2023,April,97341,1351,1
Oregon,Northwest Natural Gas Company,2023,April,97345,12,0
Oregon,Northwest Natural Gas Company,2023,April,97347,226,2
Oregon,Northwest Natural Gas Company,2023,April,97348,218,0
Oregon,Northwest Natural Gas Company,2023,April,97351,1839,2
Oregon,Northwest Natural Gas Company,2023,April,97352,780,0
Oregon,Northwest Natural Gas Company,2023,April,97355,5160,4
Oregon,Northwest Natural Gas Company,2023,April,97358,409,1
Oregon,Northwest Natural Gas Company,2023,April,97360,505,1
Oregon,Northwest Natural Gas Company,2023,April,97361,1357,1
Oregon,Northwest Natural Gas Company,2023,April,97362,748,0
Oregon,Northwest Natural Gas Company,2023,April,97364,229,0
Oregon,Northwest Natural Gas Company,2023,April,97365,1672,1
Oregon,Northwest Natural Gas Company,2023,April,97366,181,0
Oregon,Northwest Natural Gas Company,2023,April,97367,4241,5
Oregon,Northwest Natural Gas Company,2023,April,97368,895,0
Oregon,Northwest Natural Gas Company,2023,April,97370,1260,1
Oregon,Northwest Natural Gas Company,2023,April,97371,44,0
Oregon,Northwest Natural Gas Company,2023,April,97372,9,0
Oregon,Northwest Natural Gas Company,2023,April,97374,304,2
Oregon,Northwest Natural Gas Company,2023,April,97377,53,0
Oregon,Northwest Natural Gas Company,2023,April,97378,813,1
Oregon,Northwest Natural Gas Company,2023,April,97380,153,0
Oregon,Northwest Natural Gas Company,2023,April,97381,2964,6
Oregon,Northwest Natural Gas Company,2023,April,97383,1795,3
Oregon,Northwest Natural Gas Company,2023,April,97384,33,0
Oregon,Northwest Natural Gas Company,2023,April,97385,895,1
Oregon,Northwest Natural Gas Company,2023,April,97386,2193,2
Oregon,Northwest Natural Gas Company,2023,April,97388,1053,2
Oregon,Northwest Natural Gas Company,2023,April,97389,312,0
Oregon,Northwest Natural Gas Company,2023,April,97391,290,0
Oregon,Northwest Natural Gas Company,2023,April,97392,992,1
Oregon,Northwest Natural Gas Company,2023,April,97396,418,0
Oregon,Northwest Natural Gas Company,2023,April,97401,5676,6
Oregon,Northwest Natural Gas Company,2023,April,97402,4622,5
Oregon,Northwest Natural Gas Company,2023,April,97403,1583,3
Oregon,Northwest Natural Gas Company,2023,April,97404,6364,4
Oregon,Northwest Natural Gas Company,2023,April,97405,7020,5
Oregon,Northwest Natural Gas Company,2023,April,97408,2998,4
Oregon,Avista Utilities,2023,April,97417,312,2
Oregon,Northwest Natural Gas Company,2023,April,97420,838,2
Oregon,Northwest Natural Gas Company,2023,April,97423,219,0
Oregon,Northwest Natural Gas Company,2023,April,97424,2352,0
Oregon,Northwest Natural Gas Company,2023,April,97426,1302,2
Oregon,Avista Utilities,2023,April,97432,56,0
Oregon,Northwest Natural Gas Company,2023,April,97438,8,0
Oregon,Avista Utilities,2023,April,97442,149,0
Oregon,Northwest Natural Gas Company,2023,April,97446,587,0
Oregon,Northwest Natural Gas Company,2023,April,97448,1456,3
Oregon,Northwest Natural Gas Company,2023,April,97455,138,0
Oregon,Avista Utilities,2023,April,97457,1475,4
Oregon,Northwest Natural Gas Company,2023,April,97458,140,0
Oregon,Northwest Natural Gas Company,2023,April,97459,602,0
Oregon,Avista Utilities,2023,April,97462,274,2
Oregon,Avista Utilities,2023,April,97469,264,2
Oregon,Avista Utilities,2023,April,97470,3514,24
Oregon,Avista Utilities,2023,April,97471,5080,13
Oregon,Northwest Natural Gas Company,2023,April,97477,3099,3
Oregon,Northwest Natural Gas Company,2023,April,97478,2485,0
Oregon,Avista Utilities,2023,April,97479,1694,3
Oregon,Avista Utilities,2023,April,97495,503,2
Oregon,Avista Utilities,2023,April,97496,1148,7
Oregon,Avista Utilities,2023,April,97497,2,0
Oregon,Avista Utilities,2023,April,97501,9160,22
Oregon,Avista Utilities,2023,April,97502,6430,13
Oregon,Avista Utilities,2023,April,97503,1679,4
Oregon,Avista Utilities,2023,April,97504,13267,15
Oregon,Avista Utilities,2023,April,97520,7262,5
Oregon,Avista Utilities,2023,April,97524,2822,1
Oregon,Avista Utilities,2023,April,97525,577,0
Oregon,Avista Utilities,2023,April,97526,6405,12
Oregon,Avista Utilities,2023,April,97527,5612,13
Oregon,Avista Utilities,2023,April,97528,2,0
Oregon,Avista Utilities,2023,April,97530,1241,1
Oregon,Avista Utilities,2023,April,97535,1151,5
Oregon,Avista Utilities,2023,April,97537,563,0
Oregon,Avista Utilities,2023,April,97539,232,0
Oregon,Avista Utilities,2023,April,97540,1441,3
Oregon,Avista Utilities,2023,April,97601,6462,26
Oregon,Avista Utilities,2023,April,97603,8840,31
Oregon,Avista Utilities,2023,April,97623,59,1
Oregon,Avista Utilities,2023,April,97627,205,0
Oregon,Avista Utilities,2023,April,97632,133,2
Oregon,Avista Utilities,2023,April,97634,31,0
Oregon,Cascade Natural Gas,2023,April,97701,10549,11
Oregon,Cascade Natural Gas,2023,April,97702,13943,10
Oregon,Cascade Natural Gas,2023,April,97703,9588,8
Oregon,Cascade Natural Gas,2023,April,97707,3821,0
Oregon,Cascade Natural Gas,2023,April,97731,25,0
Oregon,Cascade Natural Gas,2023,April,97733,73,0
Oregon,Cascade Natural Gas,2023,April,97737,123,0
Oregon,Cascade Natural Gas,2023,April,97739,427,1
Oregon,Cascade Natural Gas,2023,April,97741,1506,0
Oregon,Cascade Natural Gas,2023,April,97753,430,0
Oregon,Cascade Natural Gas,2023,April,97754,2889,2
Oregon,Cascade Natural Gas,2023,April,97756,9315,3
Oregon,Cascade Natural Gas,2023,April,97801,4912,24
Oregon,Cascade Natural Gas,2023,April,97813,345,0
Oregon,Idaho Power,2023,April,97814,5,0
Oregon,Cascade Natural Gas,2023,April,97814,3493,5
Oregon,Cascade Natural Gas,2023,April,97818,315,1
Oregon,Idaho Power,2023,April,97819,25,0
Oregon,Avista Utilities,2023,April,97824,323,1
Oregon,Cascade Natural Gas,2023,April,97826,23,0
Oregon,Avista Utilities,2023,April,97827,532,5
Oregon,Idaho Power,2023,April,97834,666,0
Oregon,Idaho Power,2023,April,97837,73,0
Oregon,Cascade Natural Gas,2023,April,97838,4152,15
Oregon,Idaho Power,2023,April,97840,121,0
Oregon,Avista Utilities,2023,April,97841,134,0
Oregon,Cascade Natural Gas,2023,April,97844,180,0
Oregon,Avista Utilities,2023,April,97850,4957,10
Oregon,Cascade Natural Gas,2023,April,97862,243,1
Oregon,Avista Utilities,2023,April,97867,147,0
Oregon,Cascade Natural Gas,2023,April,97868,467,6
Oregon,Idaho Power,2023,April,97870,435,0
Oregon,Cascade Natural Gas,2023,April,97875,378,3
Oregon,Avista Utilities,2023,April,97876,49,0
Oregon,Cascade Natural Gas,2023,April,97882,1024,7
Oregon,Avista Utilities,2023,April,97883,773,3
Oregon,Idaho Power,2023,April,97884,169,0
Oregon,Cascade Natural Gas,2023,April,97886,190,0
Oregon,Idaho Power,2023,April,97901,375,0
Oregon,Idaho Power,2023,April,97902,30,0
Oregon,Idaho Power,2023,April,97903,80,0
Oregon,Idaho Power,2023,April,97904,114,0
Oregon,Idaho Power,2023,April,97905,104,0
Oregon,Idaho Power,2023,April,97906,143,0
Oregon,Cascade Natural Gas,2023,April,97907,130,1
Oregon,Idaho Power,2023,April,97907,380,0
Oregon,Idaho Power,2023,April,97908,61,0
Oregon,Idaho Power,2023,April,97909,50,0
Oregon,Idaho Power,2023,April,97910,368,0
Oregon,Idaho Power,2023,April,97911,95,0
Oregon,Idaho Power,2023,April,97913,2190,5
Oregon,Cascade Natural Gas,2023,April,97913,757,2
Oregon,Cascade Natural Gas,2023,April,97914,2733,21
Oregon,Idaho Power,2023,April,97914,7062,13
Oregon,Idaho Power,2023,April,97917,1,0
Oregon,Cascade Natural Gas,2023,April,97918,428,2
Oregon,Idaho Power,2023,April,97918,1975,7
Oregon,Idaho Power,2023,April,97920,35,0
Oregon,Portland General Electric,2023,Aug,97002,"2,232",4
Oregon,Portland General Electric,2023,Aug,97003,171,37
Oregon,Portland General Electric,2023,Aug,97004,"1,764",3
Oregon,Portland General Electric,2023,Aug,97005,"12,272",57
Oregon,Portland General Electric,2023,Aug,97006,36,57
Oregon,Portland General Electric,2023,Aug,97007,25,41
Oregon,Portland General Electric,2023,Aug,97008,"11,944",34
Oregon,Portland General Electric,2023,Aug,97009,"3,381",5
Oregon,Portland General Electric,2023,Aug,97011,492,1
Oregon,Portland General Electric,2023,Aug,97013,"2,341",4
Oregon,Portland General Electric,2023,Aug,97015,"8,204",36
Oregon,Portland General Electric,2023,Aug,97017,"1,123",0
Oregon,Portland General Electric,2023,Aug,97019,"1,221",3
Oregon,Portland General Electric,2023,Aug,97020,371,1
Oregon,Portland General Electric,2023,Aug,97022,"1,452",6
Oregon,Portland General Electric,2023,Aug,97023,"5,012",15
Oregon,Portland General Electric,2023,Aug,97024,"4,685",35
Oregon,Portland General Electric,2023,Aug,97026,"1,207",5
Oregon,Portland General Electric,2023,Aug,97027,"4,937",12
Oregon,Portland General Electric,2023,Aug,97028,805,1
Oregon,Portland General Electric,2023,Aug,97030,"15,480",99
Oregon,Portland General Electric,2023,Aug,97032,"1,735",5
Oregon,Portland General Electric,2023,Aug,97034,"8,447",5
Oregon,Portland General Electric,2023,Aug,97035,428,21
Oregon,Portland General Electric,2023,Aug,97036,2,0
Oregon,Portland General Electric,2023,Aug,97038,"6,392",22
Oregon,Portland General Electric,2023,Aug,97042,"1,209",2
Oregon,Portland General Electric,2023,Aug,97045,"22,377",59
Oregon,Portland General Electric,2023,Aug,97049,"1,637",2
Oregon,Portland General Electric,2023,Aug,97055,"8,082",25
Oregon,Portland General Electric,2023,Aug,97056,29,0
Oregon,Portland General Electric,2023,Aug,97060,"6,649",20
Oregon,Portland General Electric,2023,Aug,97062,"11,485",40
Oregon,Portland General Electric,2023,Aug,97067,"1,382",7
Oregon,Portland General Electric,2023,Aug,97068,"11,684",10
Oregon,Portland General Electric,2023,Aug,97070,"11,545",33
Oregon,Portland General Electric,2023,Aug,97071,"10,550",33
Oregon,Portland General Electric,2023,Aug,97078,134,33
Oregon,Portland General Electric,2023,Aug,97080,"16,624",62
Oregon,Portland General Electric,2023,Aug,97086,"1,248",37
Oregon,Portland General Electric,2023,Aug,97089,263,9
Oregon,Portland General Electric,2023,Aug,97101,"1,547",1
Oregon,Portland General Electric,2023,Aug,97106,"1,581",1
Oregon,Portland General Electric,2023,Aug,97109,82,0
Oregon,Portland General Electric,2023,Aug,97111,"1,502",2
Oregon,Portland General Electric,2023,Aug,97113,"5,384",18
Oregon,Portland General Electric,2023,Aug,97114,"1,759",1
Oregon,Portland General Electric,2023,Aug,97115,"1,701",3
Oregon,Portland General Electric,2023,Aug,97116,833,1
Oregon,Portland General Electric,2023,Aug,97117,266,1
Oregon,Portland General Electric,2023,Aug,97119,"1,618",1
Oregon,Portland General Electric,2023,Aug,97123,"18,573",48
Oregon,Portland General Electric,2023,Aug,97124,82,60
Oregon,Portland General Electric,2023,Aug,97125,8,10
Oregon,Portland General Electric,2023,Aug,97127,"1,536",4
Oregon,Portland General Electric,2023,Aug,97128,496,1
Oregon,Portland General Electric,2023,Aug,97132,"12,108",22
Oregon,Portland General Electric,2023,Aug,97133,"2,399",1
Oregon,Portland General Electric,2023,Aug,97137,483,1
Oregon,Portland General Electric,2023,Aug,97140,"9,486",7
Oregon,Portland General Electric,2023,Aug,97148,"1,353",0
Oregon,Portland General Electric,2023,Aug,97201,"7,327",18
Oregon,Portland General Electric,2023,Aug,97202,"20,253",34
Oregon,Portland General Electric,2023,Aug,97203,"13,107",55
Oregon,Portland General Electric,2023,Aug,97204,415,3
Oregon,Portland General Electric,2023,Aug,97205,"3,228",5
Oregon,Portland General Electric,2023,Aug,97206,"22,114",60
Oregon,Portland General Electric,2023,Aug,97209,"15,441",44
Oregon,Portland General Electric,2023,Aug,97210,"7,995",11
Oregon,Portland General Electric,2023,Aug,97211,7,0
Oregon,Portland General Electric,2023,Aug,97213,"3,111",6
Oregon,Portland General Electric,2023,Aug,97214,"15,624",28
Oregon,Portland General Electric,2023,Aug,97215,"7,698",11
Oregon,Portland General Electric,2023,Aug,97216,"4,241",14
Oregon,Portland General Electric,2023,Aug,97217,"13,099",35
Oregon,Portland General Electric,2023,Aug,97219,"17,535",23
Oregon,Portland General Electric,2023,Aug,97221,"5,547",9
Oregon,Portland General Electric,2023,Aug,97222,"13,572",43
Oregon,Portland General Electric,2023,Aug,97223,"7,454",70
Oregon,Portland General Electric,2023,Aug,97224,1,36
Oregon,Portland General Electric,2023,Aug,97225,"11,559",22
Oregon,Portland General Electric,2023,Aug,97227,425,0
Oregon,Portland General Electric,2023,Aug,97229,"28,387",60
Oregon,Portland General Electric,2023,Aug,97230,"15,656",104
Oregon,Portland General Electric,2023,Aug,97231,"1,985",2
Oregon,Portland General Electric,2023,Aug,97232,"5,423",7
Oregon,Portland General Electric,2023,Aug,97233,"15,340",161
Oregon,Portland General Electric,2023,Aug,97236,7,104
Oregon,Portland General Electric,2023,Aug,97239,"10,482",15
Oregon,Portland General Electric,2023,Aug,97266,"13,404",64
Oregon,Portland General Electric,2023,Aug,97267,"11,536",38
Oregon,Portland General Electric,2023,Aug,97301,"19,455",105
Oregon,Portland General Electric,2023,Aug,97302,"17,361",54
Oregon,Portland General Electric,2023,Aug,97303,"10,402",31
Oregon,Portland General Electric,2023,Aug,97304,"1,332",0
Oregon,Portland General Electric,2023,Aug,97305,"15,780",84
Oregon,Portland General Electric,2023,Aug,97306,"13,904",37
Oregon,Portland General Electric,2023,Aug,97317,"8,490",48
Oregon,Portland General Electric,2023,Aug,97325,147,1
Oregon,Portland General Electric,2023,Aug,97338,241,0
Oregon,Portland General Electric,2023,Aug,97347,811,2
Oregon,Portland General Electric,2023,Aug,97352,120,0
Oregon,Portland General Electric,2023,Aug,97362,"1,540",1
Oregon,Portland General Electric,2023,Aug,97371,104,0
Oregon,Portland General Electric,2023,Aug,97375,516,1
Oregon,Portland General Electric,2023,Aug,97378,"2,824",6
Oregon,Portland General Electric,2023,Aug,97381,"6,407",8
Oregon,Portland General Electric,2023,Aug,97385,142,1
Oregon,Portland General Electric,2023,Aug,97392,"1,946",2
Oregon,Portland General Electric,2023,Aug,97396,"1,364",3
Oregon,Northwest Natural Gas Company,2023,August,97002,787,0
Oregon,Northwest Natural Gas Company,2023,August,97003,6894,24
Oregon,Northwest Natural Gas Company,2023,August,97004,234,0
Oregon,Northwest Natural Gas Company,2023,August,97005,4294,9
Oregon,Northwest Natural Gas Company,2023,August,97006,9365,27
Oregon,Northwest Natural Gas Company,2023,August,97007,14118,15
Oregon,Northwest Natural Gas Company,2023,August,97008,6325,4
Oregon,Northwest Natural Gas Company,2023,August,97009,1096,0
Oregon,Northwest Natural Gas Company,2023,August,97013,3922,2
Oregon,Northwest Natural Gas Company,2023,August,97015,4671,5
Oregon,Northwest Natural Gas Company,2023,August,97016,115,1
Oregon,Northwest Natural Gas Company,2023,August,97018,655,0
Oregon,Northwest Natural Gas Company,2023,August,97020,161,0
Oregon,Northwest Natural Gas Company,2023,August,97024,2009,4
Oregon,Northwest Natural Gas Company,2023,August,97026,425,2
Oregon,Northwest Natural Gas Company,2023,August,97027,2978,0
Oregon,Northwest Natural Gas Company,2023,August,97030,6478,17
Oregon,Northwest Natural Gas Company,2023,August,97031,3730,5
Oregon,Northwest Natural Gas Company,2023,August,97032,913,0
Oregon,Northwest Natural Gas Company,2023,August,97034,6784,1
Oregon,Northwest Natural Gas Company,2023,August,97035,7269,2
Oregon,Northwest Natural Gas Company,2023,August,97036,1,0
Oregon,Northwest Natural Gas Company,2023,August,97038,2182,5
Oregon,Northwest Natural Gas Company,2023,August,97042,120,1
Oregon,Northwest Natural Gas Company,2023,August,97045,11509,3
Oregon,Northwest Natural Gas Company,2023,August,97048,388,3
Oregon,Northwest Natural Gas Company,2023,August,97051,3365,7
Oregon,Northwest Natural Gas Company,2023,August,97053,629,0
Oregon,Northwest Natural Gas Company,2023,August,97054,18,0
Oregon,Northwest Natural Gas Company,2023,August,97055,3572,10
Oregon,Northwest Natural Gas Company,2023,August,97056,2436,12
Oregon,Northwest Natural Gas Company,2023,August,97058,1663,1
Oregon,Northwest Natural Gas Company,2023,August,97060,4837,22
Oregon,Northwest Natural Gas Company,2023,August,97062,6120,8
Oregon,Northwest Natural Gas Company,2023,August,97064,716,0
Oregon,Northwest Natural Gas Company,2023,August,97068,9494,0
Oregon,Northwest Natural Gas Company,2023,August,97070,6352,8
Oregon,Northwest Natural Gas Company,2023,August,97071,5582,6
Oregon,Northwest Natural Gas Company,2023,August,97078,5982,20
Oregon,Northwest Natural Gas Company,2023,August,97080,11313,7
Oregon,Northwest Natural Gas Company,2023,August,97086,9384,4
Oregon,Northwest Natural Gas Company,2023,August,97089,3392,2
Oregon,Northwest Natural Gas Company,2023,August,97101,311,3
Oregon,Northwest Natural Gas Company,2023,August,97103,4070,19
Oregon,Northwest Natural Gas Company,2023,August,97106,456,0
Oregon,Northwest Natural Gas Company,2023,August,97110,1364,0
Oregon,Northwest Natural Gas Company,2023,August,97111,63,0
Oregon,Northwest Natural Gas Company,2023,August,97113,2776,2
Oregon,Northwest Natural Gas Company,2023,August,97114,17,0
Oregon,Northwest Natural Gas Company,2023,August,97115,956,5
Oregon,Northwest Natural Gas Company,2023,August,97116,3747,7
Oregon,Northwest Natural Gas Company,2023,August,97121,432,0
Oregon,Northwest Natural Gas Company,2023,August,97123,12098,10
Oregon,Northwest Natural Gas Company,2023,August,97124,10752,6
Oregon,Northwest Natural Gas Company,2023,August,97127,856,0
Oregon,Northwest Natural Gas Company,2023,August,97128,3471,2
Oregon,Northwest Natural Gas Company,2023,August,97132,5709,8
Oregon,Northwest Natural Gas Company,2023,August,97133,1257,0
Oregon,Northwest Natural Gas Company,2023,August,97138,4392,1
Oregon,Northwest Natural Gas Company,2023,August,97140,6737,10
Oregon,Northwest Natural Gas Company,2023,August,97146,2175,3
Oregon,Northwest Natural Gas Company,2023,August,97201,2642,9
Oregon,Northwest Natural Gas Company,2023,August,97202,11718,27
Oregon,Northwest Natural Gas Company,2023,August,97203,7532,31
Oregon,Northwest Natural Gas Company,2023,August,97204,129,7
Oregon,Northwest Natural Gas Company,2023,August,97205,1606,8
Oregon,Northwest Natural Gas Company,2023,August,97206,13984,11
Oregon,Northwest Natural Gas Company,2023,August,97209,2437,11
Oregon,Northwest Natural Gas Company,2023,August,97210,4330,22
Oregon,Northwest Natural Gas Company,2023,August,97211,10508,11
Oregon,Northwest Natural Gas Company,2023,August,97212,8542,14
Oregon,Northwest Natural Gas Company,2023,August,97213,9843,4
Oregon,Northwest Natural Gas Company,2023,August,97214,8549,14
Oregon,Northwest Natural Gas Company,2023,August,97215,5754,8
Oregon,Northwest Natural Gas Company,2023,August,97216,3443,5
Oregon,Northwest Natural Gas Company,2023,August,97217,10589,33
Oregon,Northwest Natural Gas Company,2023,August,97218,3623,12
Oregon,Northwest Natural Gas Company,2023,August,97219,12510,7
Oregon,Northwest Natural Gas Company,2023,August,97220,6702,16
Oregon,Northwest Natural Gas Company,2023,August,97221,3960,3
Oregon,Northwest Natural Gas Company,2023,August,97222,8102,0
Oregon,Northwest Natural Gas Company,2023,August,97223,12990,26
Oregon,Northwest Natural Gas Company,2023,August,97224,10795,11
Oregon,Northwest Natural Gas Company,2023,August,97225,7314,8
Oregon,Northwest Natural Gas Company,2023,August,97227,1662,5
Oregon,Northwest Natural Gas Company,2023,August,97229,21472,10
Oregon,Northwest Natural Gas Company,2023,August,97230,9419,28
Oregon,Northwest Natural Gas Company,2023,August,97231,778,0
Oregon,Northwest Natural Gas Company,2023,August,97232,2919,10
Oregon,Northwest Natural Gas Company,2023,August,97233,6228,8
Oregon,Northwest Natural Gas Company,2023,August,97236,7243,10
Oregon,Northwest Natural Gas Company,2023,August,97239,3961,2
Oregon,Northwest Natural Gas Company,2023,August,97248,1,0
Oregon,Northwest Natural Gas Company,2023,August,97266,7251,18
Oregon,Northwest Natural Gas Company,2023,August,97267,8763,6
Oregon,Northwest Natural Gas Company,2023,August,97301,8654,55
Oregon,Northwest Natural Gas Company,2023,August,97302,10321,18
Oregon,Northwest Natural Gas Company,2023,August,97303,9011,5
Oregon,Northwest Natural Gas Company,2023,August,97304,7349,12
Oregon,Northwest Natural Gas Company,2023,August,97305,6899,26
Oregon,Northwest Natural Gas Company,2023,August,97306,8746,11
Oregon,Northwest Natural Gas Company,2023,August,97310,9,0
Oregon,Northwest Natural Gas Company,2023,August,97317,3883,13
Oregon,Northwest Natural Gas Company,2023,August,97321,8830,10
Oregon,Northwest Natural Gas Company,2023,August,97322,7454,4
Oregon,Northwest Natural Gas Company,2023,August,97325,806,0
Oregon,Northwest Natural Gas Company,2023,August,97327,553,3
Oregon,Northwest Natural Gas Company,2023,August,97330,9323,14
Oregon,Northwest Natural Gas Company,2023,August,97333,4453,1
Oregon,Northwest Natural Gas Company,2023,August,97338,4639,3
Oregon,Northwest Natural Gas Company,2023,August,97341,1360,1
Oregon,Northwest Natural Gas Company,2023,August,97345,12,0
Oregon,Northwest Natural Gas Company,2023,August,97347,225,4
Oregon,Northwest Natural Gas Company,2023,August,97348,219,4
Oregon,Northwest Natural Gas Company,2023,August,97351,1850,11
Oregon,Northwest Natural Gas Company,2023,August,97352,778,0
Oregon,Northwest Natural Gas Company,2023,August,97355,5144,3
Oregon,Northwest Natural Gas Company,2023,August,97358,412,0
Oregon,Northwest Natural Gas Company,2023,August,97360,501,0
Oregon,Northwest Natural Gas Company,2023,August,97361,1352,2
Oregon,Northwest Natural Gas Company,2023,August,97362,760,0
Oregon,Northwest Natural Gas Company,2023,August,97364,229,0
Oregon,Northwest Natural Gas Company,2023,August,97365,1677,4
Oregon,Northwest Natural Gas Company,2023,August,97366,181,0
Oregon,Northwest Natural Gas Company,2023,August,97367,4250,7
Oregon,Northwest Natural Gas Company,2023,August,97368,901,1
Oregon,Northwest Natural Gas Company,2023,August,97370,1255,0
Oregon,Northwest Natural Gas Company,2023,August,97371,44,0
Oregon,Northwest Natural Gas Company,2023,August,97372,9,0
Oregon,Northwest Natural Gas Company,2023,August,97374,302,0
Oregon,Northwest Natural Gas Company,2023,August,97377,53,0
Oregon,Northwest Natural Gas Company,2023,August,97378,806,4
Oregon,Northwest Natural Gas Company,2023,August,97380,152,0
Oregon,Northwest Natural Gas Company,2023,August,97381,2961,14
Oregon,Northwest Natural Gas Company,2023,August,97383,1783,4
Oregon,Northwest Natural Gas Company,2023,August,97384,33,0
Oregon,Northwest Natural Gas Company,2023,August,97385,898,1
Oregon,Northwest Natural Gas Company,2023,August,97386,2181,9
Oregon,Northwest Natural Gas Company,2023,August,97388,1049,2
Oregon,Northwest Natural Gas Company,2023,August,97389,308,0
Oregon,Northwest Natural Gas Company,2023,August,97391,290,2
Oregon,Northwest Natural Gas Company,2023,August,97392,988,0
Oregon,Northwest Natural Gas Company,2023,August,97396,412,0
Oregon,Northwest Natural Gas Company,2023,August,97401,5654,0
Oregon,Northwest Natural Gas Company,2023,August,97402,4596,18
Oregon,Northwest Natural Gas Company,2023,August,97403,1580,0
Oregon,Northwest Natural Gas Company,2023,August,97404,6362,10
Oregon,Northwest Natural Gas Company,2023,August,97405,7001,5
Oregon,Northwest Natural Gas Company,2023,August,97408,3008,0
Oregon,Avista Utilities,2023,August,97417,308,1
Oregon,Northwest Natural Gas Company,2023,August,97420,835,3
Oregon,Northwest Natural Gas Company,2023,August,97423,217,0
Oregon,Northwest Natural Gas Company,2023,August,97424,2339,0
Oregon,Northwest Natural Gas Company,2023,August,97426,1303,0
Oregon,Avista Utilities,2023,August,97432,53,0
Oregon,Northwest Natural Gas Company,2023,August,97438,8,0
Oregon,Avista Utilities,2023,August,97442,149,0
Oregon,Northwest Natural Gas Company,2023,August,97446,585,3
Oregon,Northwest Natural Gas Company,2023,August,97448,1480,7
Oregon,Northwest Natural Gas Company,2023,August,97455,139,0
Oregon,Avista Utilities,2023,August,97457,1465,0
Oregon,Northwest Natural Gas Company,2023,August,97458,137,0
Oregon,Northwest Natural Gas Company,2023,August,97459,600,1
Oregon,Avista Utilities,2023,August,97462,278,2
Oregon,Avista Utilities,2023,August,97469,262,1
Oregon,Avista Utilities,2023,August,97470,3490,7
Oregon,Avista Utilities,2023,August,97471,5108,8
Oregon,Northwest Natural Gas Company,2023,August,97477,3118,2
Oregon,Northwest Natural Gas Company,2023,August,97478,2489,0
Oregon,Avista Utilities,2023,August,97479,1707,3
Oregon,Avista Utilities,2023,August,97495,507,2
Oregon,Avista Utilities,2023,August,97496,1150,1
Oregon,Avista Utilities,2023,August,97497,2,0
Oregon,Avista Utilities,2023,August,97501,9199,30
Oregon,Avista Utilities,2023,August,97502,6467,6
Oregon,Avista Utilities,2023,August,97503,1692,15
Oregon,Avista Utilities,2023,August,97504,13429,12
Oregon,Avista Utilities,2023,August,97520,7368,5
Oregon,Avista Utilities,2023,August,97524,2857,6
Oregon,Avista Utilities,2023,August,97525,576,0
Oregon,Avista Utilities,2023,August,97526,6424,7
Oregon,Avista Utilities,2023,August,97527,5665,7
Oregon,Avista Utilities,2023,August,97528,2,0
Oregon,Avista Utilities,2023,August,97530,1251,2
Oregon,Avista Utilities,2023,August,97535,1169,1
Oregon,Avista Utilities,2023,August,97537,568,1
Oregon,Avista Utilities,2023,August,97539,234,0
Oregon,Avista Utilities,2023,August,97540,1459,4
Oregon,Avista Utilities,2023,August,97601,6472,20
Oregon,Avista Utilities,2023,August,97603,8875,34
Oregon,Avista Utilities,2023,August,97623,59,0
Oregon,Avista Utilities,2023,August,97627,206,0
Oregon,Avista Utilities,2023,August,97632,131,1
Oregon,Avista Utilities,2023,August,97634,31,0
Oregon,Cascade Natural Gas,2023,August,97701,10579,5
Oregon,Cascade Natural Gas,2023,August,97702,14007,14
Oregon,Cascade Natural Gas,2023,August,97703,9657,15
Oregon,Cascade Natural Gas,2023,August,97707,3826,0
Oregon,Cascade Natural Gas,2023,August,97731,24,0
Oregon,Cascade Natural Gas,2023,August,97733,71,0
Oregon,Cascade Natural Gas,2023,August,97737,124,0
Oregon,Cascade Natural Gas,2023,August,97739,427,0
Oregon,Cascade Natural Gas,2023,August,97741,1508,2
Oregon,Cascade Natural Gas,2023,August,97753,448,1
Oregon,Cascade Natural Gas,2023,August,97754,2851,7
Oregon,Cascade Natural Gas,2023,August,97756,9380,22
Oregon,Cascade Natural Gas,2023,August,97801,4810,23
Oregon,Northwest Natural Gas Company,2023,August,97809,1,0
Oregon,Cascade Natural Gas,2023,August,97813,343,4
Oregon,Idaho Power,2023,August,97814,4,0
Oregon,Cascade Natural Gas,2023,August,97814,3451,13
Oregon,Cascade Natural Gas,2023,August,97818,318,1
Oregon,Idaho Power,2023,August,97819,25,0
Oregon,Avista Utilities,2023,August,97824,326,0
Oregon,Cascade Natural Gas,2023,August,97826,23,0
Oregon,Avista Utilities,2023,August,97827,537,0
Oregon,Idaho Power,2023,August,97834,664,1
Oregon,Idaho Power,2023,August,97837,71,0
Oregon,Cascade Natural Gas,2023,August,97838,4128,9
Oregon,Idaho Power,2023,August,97840,116,0
Oregon,Avista Utilities,2023,August,97841,136,0
Oregon,Cascade Natural Gas,2023,August,97844,176,0
Oregon,Avista Utilities,2023,August,97850,4978,3
Oregon,Cascade Natural Gas,2023,August,97862,233,0
Oregon,Avista Utilities,2023,August,97867,146,0
Oregon,Cascade Natural Gas,2023,August,97868,459,2
Oregon,Idaho Power,2023,August,97870,436,0
Oregon,Cascade Natural Gas,2023,August,97875,373,0
Oregon,Avista Utilities,2023,August,97876,49,0
Oregon,Cascade Natural Gas,2023,August,97882,1044,2
Oregon,Avista Utilities,2023,August,97883,772,2
Oregon,Idaho Power,2023,August,97884,170,0
Oregon,Cascade Natural Gas,2023,August,97886,188,0
Oregon,Idaho Power,2023,August,97901,373,0
Oregon,Idaho Power,2023,August,97902,30,0
Oregon,Idaho Power,2023,August,97903,82,0
Oregon,Idaho Power,2023,August,97904,115,0
Oregon,Idaho Power,2023,August,97905,105,0
Oregon,Idaho Power,2023,August,97906,144,1
Oregon,Idaho Power,2023,August,97907,384,0
Oregon,Cascade Natural Gas,2023,August,97907,129,1
Oregon,Idaho Power,2023,August,97908,62,0
Oregon,Idaho Power,2023,August,97909,50,0
Oregon,Idaho Power,2023,August,97910,384,1
Oregon,Idaho Power,2023,August,97911,96,0
Oregon,Cascade Natural Gas,2023,August,97913,732,3
Oregon,Idaho Power,2023,August,97913,2190,2
Oregon,Cascade Natural Gas,2023,August,97914,2666,6
Oregon,Idaho Power,2023,August,97914,7047,20
Oregon,Idaho Power,2023,August,97917,1,0
Oregon,Idaho Power,2023,August,97918,1997,5
Oregon,Cascade Natural Gas,2023,August,97918,424,4
Oregon,Idaho Power,2023,August,97920,35,0
Oregon,Portland General Electric,2023,Dec,97002,"2,236",2
Oregon,Portland General Electric,2023,Dec,97003,172,20
Oregon,Portland General Electric,2023,Dec,97004,"1,766",3
Oregon,Portland General Electric,2023,Dec,97005,"12,287",26
Oregon,Portland General Electric,2023,Dec,97006,36,39
Oregon,Portland General Electric,2023,Dec,97007,25,18
Oregon,Portland General Electric,2023,Dec,97008,"11,923",16
Oregon,Portland General Electric,2023,Dec,97009,"3,378",1
Oregon,Portland General Electric,2023,Dec,97011,497,0
Oregon,Portland General Electric,2023,Dec,97013,"2,342",2
Oregon,Portland General Electric,2023,Dec,97015,"8,193",11
Oregon,Portland General Electric,2023,Dec,97017,"1,122",2
Oregon,Portland General Electric,2023,Dec,97019,"1,222",0
Oregon,Portland General Electric,2023,Dec,97020,379,0
Oregon,Portland General Electric,2023,Dec,97022,"1,455",0
Oregon,Portland General Electric,2023,Dec,97023,"5,086",2
Oregon,Portland General Electric,2023,Dec,97024,"4,679",11
Oregon,Portland General Electric,2023,Dec,97026,"1,231",0
Oregon,Portland General Electric,2023,Dec,97027,"4,927",1
Oregon,Portland General Electric,2023,Dec,97028,805,0
Oregon,Portland General Electric,2023,Dec,97030,"15,473",58
Oregon,Portland General Electric,2023,Dec,97032,"1,742",0
Oregon,Portland General Electric,2023,Dec,97034,"8,465",2
Oregon,Portland General Electric,2023,Dec,97035,305,9
Oregon,Portland General Electric,2023,Dec,97036,2,0
Oregon,Portland General Electric,2023,Dec,97038,"6,548",8
Oregon,Portland General Electric,2023,Dec,97042,"1,211",2
Oregon,Portland General Electric,2023,Dec,97045,"22,373",23
Oregon,Portland General Electric,2023,Dec,97049,"1,646",0
Oregon,Portland General Electric,2023,Dec,97055,"8,087",8
Oregon,Portland General Electric,2023,Dec,97056,29,0
Oregon,Portland General Electric,2023,Dec,97060,"6,663",6
Oregon,Portland General Electric,2023,Dec,97062,"11,571",17
Oregon,Portland General Electric,2023,Dec,97067,"1,391",0
Oregon,Portland General Electric,2023,Dec,97068,"11,679",6
Oregon,Portland General Electric,2023,Dec,97070,"11,594",13
Oregon,Portland General Electric,2023,Dec,97071,"10,864",6
Oregon,Portland General Electric,2023,Dec,97078,135,24
Oregon,Portland General Electric,2023,Dec,97080,"16,721",32
Oregon,Portland General Electric,2023,Dec,97086,"1,247",16
Oregon,Portland General Electric,2023,Dec,97089,264,4
Oregon,Portland General Electric,2023,Dec,97101,"1,549",2
Oregon,Portland General Electric,2023,Dec,97106,"1,576",0
Oregon,Portland General Electric,2023,Dec,97109,82,0
Oregon,Portland General Electric,2023,Dec,97111,"1,544",2
Oregon,Portland General Electric,2023,Dec,97113,"5,424",7
Oregon,Portland General Electric,2023,Dec,97114,"1,758",0
Oregon,Portland General Electric,2023,Dec,97115,"1,705",0
Oregon,Portland General Electric,2023,Dec,97116,833,0
Oregon,Portland General Electric,2023,Dec,97117,265,0
Oregon,Portland General Electric,2023,Dec,97119,"1,620",4
Oregon,Portland General Electric,2023,Dec,97123,"18,733",11
Oregon,Portland General Electric,2023,Dec,97124,82,26
Oregon,Portland General Electric,2023,Dec,97125,8,10
Oregon,Portland General Electric,2023,Dec,97127,"1,554",2
Oregon,Portland General Electric,2023,Dec,97128,496,2
Oregon,Portland General Electric,2023,Dec,97132,"12,195",4
Oregon,Portland General Electric,2023,Dec,97133,"2,484",2
Oregon,Portland General Electric,2023,Dec,97137,482,1
Oregon,Portland General Electric,2023,Dec,97140,"9,502",2
Oregon,Portland General Electric,2023,Dec,97148,"1,356",0
Oregon,Portland General Electric,2023,Dec,97201,"7,319",7
Oregon,Portland General Electric,2023,Dec,97202,"20,273",13
Oregon,Portland General Electric,2023,Dec,97203,"13,170",34
Oregon,Portland General Electric,2023,Dec,97204,415,2
Oregon,Portland General Electric,2023,Dec,97205,"3,217",6
Oregon,Portland General Electric,2023,Dec,97206,"22,179",21
Oregon,Portland General Electric,2023,Dec,97209,"15,902",30
Oregon,Portland General Electric,2023,Dec,97210,"7,993",8
Oregon,Portland General Electric,2023,Dec,97211,7,0
Oregon,Portland General Electric,2023,Dec,97213,"3,127",3
Oregon,Portland General Electric,2023,Dec,97214,"15,613",23
Oregon,Portland General Electric,2023,Dec,97215,"7,701",5
Oregon,Portland General Electric,2023,Dec,97216,"4,249",7
Oregon,Portland General Electric,2023,Dec,97217,"13,508",30
Oregon,Portland General Electric,2023,Dec,97219,"17,545",11
Oregon,Portland General Electric,2023,Dec,97221,"5,552",3
Oregon,Portland General Electric,2023,Dec,97222,"13,759",13
Oregon,Portland General Electric,2023,Dec,97223,"7,477",33
Oregon,Portland General Electric,2023,Dec,97224,1,19
Oregon,Portland General Electric,2023,Dec,97225,"11,559",14
Oregon,Portland General Electric,2023,Dec,97227,424,0
Oregon,Portland General Electric,2023,Dec,97229,"28,514",19
Oregon,Portland General Electric,2023,Dec,97230,"15,629",46
Oregon,Portland General Electric,2023,Dec,97231,"1,983",1
Oregon,Portland General Electric,2023,Dec,97232,"5,544",11
Oregon,Portland General Electric,2023,Dec,97233,"15,441",87
Oregon,Portland General Electric,2023,Dec,97236,-,82
Oregon,Portland General Electric,2023,Dec,97239,"10,605",12
Oregon,Portland General Electric,2023,Dec,97266,"13,415",52
Oregon,Portland General Electric,2023,Dec,97267,"11,525",14
Oregon,Portland General Electric,2023,Dec,97301,"19,510",63
Oregon,Portland General Electric,2023,Dec,97302,"17,622",27
Oregon,Portland General Electric,2023,Dec,97303,"10,481",10
Oregon,Portland General Electric,2023,Dec,97304,"1,333",2
Oregon,Portland General Electric,2023,Dec,97305,"15,815",25
Oregon,Portland General Electric,2023,Dec,97306,"13,974",20
Oregon,Portland General Electric,2023,Dec,97317,"8,501",29
Oregon,Portland General Electric,2023,Dec,97325,148,1
Oregon,Portland General Electric,2023,Dec,97338,239,0
Oregon,Portland General Electric,2023,Dec,97347,832,0
Oregon,Portland General Electric,2023,Dec,97352,121,0
Oregon,Portland General Electric,2023,Dec,97362,"1,555",1
Oregon,Portland General Electric,2023,Dec,97371,105,0
Oregon,Portland General Electric,2023,Dec,97375,517,0
Oregon,Portland General Electric,2023,Dec,97378,"2,878",1
Oregon,Portland General Electric,2023,Dec,97381,"6,430",1
Oregon,Portland General Electric,2023,Dec,97385,140,0
Oregon,Portland General Electric,2023,Dec,97392,"1,946",2
Oregon,Portland General Electric,2023,Dec,97396,"1,364",0
Oregon,Northwest Natural Gas Company,2023,December,97002,788,0
Oregon,Northwest Natural Gas Company,2023,December,97003,6909,7
Oregon,Northwest Natural Gas Company,2023,December,97004,234,0
Oregon,Northwest Natural Gas Company,2023,December,97005,4300,4
Oregon,Northwest Natural Gas Company,2023,December,97006,9368,5
Oregon,Northwest Natural Gas Company,2023,December,97007,14162,3
Oregon,Northwest Natural Gas Company,2023,December,97008,6319,5
Oregon,Northwest Natural Gas Company,2023,December,97009,1102,1
Oregon,Northwest Natural Gas Company,2023,December,97013,3971,0
Oregon,Northwest Natural Gas Company,2023,December,97015,4680,8
Oregon,Northwest Natural Gas Company,2023,December,97016,113,0
Oregon,Northwest Natural Gas Company,2023,December,97018,657,0
Oregon,Northwest Natural Gas Company,2023,December,97020,173,0
Oregon,Northwest Natural Gas Company,2023,December,97024,2009,2
Oregon,Northwest Natural Gas Company,2023,December,97026,431,1
Oregon,Northwest Natural Gas Company,2023,December,97027,2984,3
Oregon,Northwest Natural Gas Company,2023,December,97030,6478,9
Oregon,Northwest Natural Gas Company,2023,December,97031,3740,0
Oregon,Northwest Natural Gas Company,2023,December,97032,915,0
Oregon,Northwest Natural Gas Company,2023,December,97034,6801,0
Oregon,Northwest Natural Gas Company,2023,December,97035,7273,0
Oregon,Northwest Natural Gas Company,2023,December,97036,1,0
Oregon,Northwest Natural Gas Company,2023,December,97038,2188,0
Oregon,Northwest Natural Gas Company,2023,December,97042,121,0
Oregon,Northwest Natural Gas Company,2023,December,97045,11524,0
Oregon,Northwest Natural Gas Company,2023,December,97048,392,0
Oregon,Northwest Natural Gas Company,2023,December,97051,3366,4
Oregon,Northwest Natural Gas Company,2023,December,97053,632,0
Oregon,Northwest Natural Gas Company,2023,December,97054,18,0
Oregon,Northwest Natural Gas Company,2023,December,97055,3595,4
Oregon,Northwest Natural Gas Company,2023,December,97056,2438,0
Oregon,Northwest Natural Gas Company,2023,December,97058,1678,1
Oregon,Northwest Natural Gas Company,2023,December,97060,4851,13
Oregon,Northwest Natural Gas Company,2023,December,97062,6136,2
Oregon,Northwest Natural Gas Company,2023,December,97064,713,0
Oregon,Northwest Natural Gas Company,2023,December,97068,9473,0
Oregon,Northwest Natural Gas Company,2023,December,97070,6409,0
Oregon,Northwest Natural Gas Company,2023,December,97071,5612,0
Oregon,Northwest Natural Gas Company,2023,December,97078,5987,9
Oregon,Northwest Natural Gas Company,2023,December,97080,11356,5
Oregon,Northwest Natural Gas Company,2023,December,97086,9428,8
Oregon,Northwest Natural Gas Company,2023,December,97089,3400,8
Oregon,Northwest Natural Gas Company,2023,December,97101,310,1
Oregon,Northwest Natural Gas Company,2023,December,97103,4066,8
Oregon,Northwest Natural Gas Company,2023,December,97106,456,0
Oregon,Northwest Natural Gas Company,2023,December,97110,1372,0
Oregon,Northwest Natural Gas Company,2023,December,97111,63,0
Oregon,Northwest Natural Gas Company,2023,December,97113,2798,0
Oregon,Northwest Natural Gas Company,2023,December,97114,17,0
Oregon,Northwest Natural Gas Company,2023,December,97115,959,0
Oregon,Northwest Natural Gas Company,2023,December,97116,3784,3
Oregon,Northwest Natural Gas Company,2023,December,97121,434,0
Oregon,Northwest Natural Gas Company,2023,December,97123,12184,2
Oregon,Northwest Natural Gas Company,2023,December,97124,10763,3
Oregon,Northwest Natural Gas Company,2023,December,97127,860,0
Oregon,Northwest Natural Gas Company,2023,December,97128,3523,3
Oregon,Northwest Natural Gas Company,2023,December,97132,5736,4
Oregon,Northwest Natural Gas Company,2023,December,97133,1316,0
Oregon,Northwest Natural Gas Company,2023,December,97138,4416,6
Oregon,Northwest Natural Gas Company,2023,December,97140,6768,12
Oregon,Northwest Natural Gas Company,2023,December,97146,2183,6
Oregon,Northwest Natural Gas Company,2023,December,97201,2653,1
Oregon,Northwest Natural Gas Company,2023,December,97202,11735,13
Oregon,Northwest Natural Gas Company,2023,December,97203,7563,6
Oregon,Northwest Natural Gas Company,2023,December,97204,131,0
Oregon,Northwest Natural Gas Company,2023,December,97205,1658,0
Oregon,Northwest Natural Gas Company,2023,December,97206,13983,19
Oregon,Northwest Natural Gas Company,2023,December,97209,2576,0
Oregon,Northwest Natural Gas Company,2023,December,97210,4511,0
Oregon,Northwest Natural Gas Company,2023,December,97211,10508,7
Oregon,Northwest Natural Gas Company,2023,December,97212,8541,3
Oregon,Northwest Natural Gas Company,2023,December,97213,9842,6
Oregon,Northwest Natural Gas Company,2023,December,97214,8550,17
Oregon,Northwest Natural Gas Company,2023,December,97215,5764,5
Oregon,Northwest Natural Gas Company,2023,December,97216,3448,5
Oregon,Northwest Natural Gas Company,2023,December,97217,10608,5
Oregon,Northwest Natural Gas Company,2023,December,97218,3635,1
Oregon,Northwest Natural Gas Company,2023,December,97219,12512,0
Oregon,Northwest Natural Gas Company,2023,December,97220,6729,4
Oregon,Northwest Natural Gas Company,2023,December,97221,3965,0
Oregon,Northwest Natural Gas Company,2023,December,97222,8105,1
Oregon,Northwest Natural Gas Company,2023,December,97223,12981,3
Oregon,Northwest Natural Gas Company,2023,December,97224,10858,7
Oregon,Northwest Natural Gas Company,2023,December,97225,7318,3
Oregon,Northwest Natural Gas Company,2023,December,97227,1652,0
Oregon,Northwest Natural Gas Company,2023,December,97229,21521,13
Oregon,Northwest Natural Gas Company,2023,December,97230,9419,16
Oregon,Northwest Natural Gas Company,2023,December,97231,780,0
Oregon,Northwest Natural Gas Company,2023,December,97232,2936,3
Oregon,Northwest Natural Gas Company,2023,December,97233,6236,2
Oregon,Northwest Natural Gas Company,2023,December,97236,7277,13
Oregon,Northwest Natural Gas Company,2023,December,97239,3971,1
Oregon,Northwest Natural Gas Company,2023,December,97248,1,0
Oregon,Northwest Natural Gas Company,2023,December,97266,7267,6
Oregon,Northwest Natural Gas Company,2023,December,97267,8778,8
Oregon,Northwest Natural Gas Company,2023,December,97301,8725,11
Oregon,Northwest Natural Gas Company,2023,December,97302,10364,15
Oregon,Northwest Natural Gas Company,2023,December,97303,9025,1
Oregon,Northwest Natural Gas Company,2023,December,97304,7364,5
Oregon,Northwest Natural Gas Company,2023,December,97305,6918,0
Oregon,Northwest Natural Gas Company,2023,December,97306,8761,4
Oregon,Northwest Natural Gas Company,2023,December,97310,9,0
Oregon,Northwest Natural Gas Company,2023,December,97317,3890,0
Oregon,Northwest Natural Gas Company,2023,December,97321,8870,12
Oregon,Northwest Natural Gas Company,2023,December,97322,7500,5
Oregon,Northwest Natural Gas Company,2023,December,97325,807,0
Oregon,Northwest Natural Gas Company,2023,December,97327,556,2
Oregon,Northwest Natural Gas Company,2023,December,97330,9336,6
Oregon,Northwest Natural Gas Company,2023,December,97333,4476,0
Oregon,Northwest Natural Gas Company,2023,December,97338,4695,0
Oregon,Northwest Natural Gas Company,2023,December,97341,1361,4
Oregon,Northwest Natural Gas Company,2023,December,97345,12,0
Oregon,Northwest Natural Gas Company,2023,December,97347,231,4
Oregon,Northwest Natural Gas Company,2023,December,97348,216,0
Oregon,Northwest Natural Gas Company,2023,December,97351,1873,2
Oregon,Northwest Natural Gas Company,2023,December,97352,778,1
Oregon,Northwest Natural Gas Company,2023,December,97355,5164,12
Oregon,Northwest Natural Gas Company,2023,December,97358,414,0
Oregon,Northwest Natural Gas Company,2023,December,97360,506,0
Oregon,Northwest Natural Gas Company,2023,December,97361,1358,1
Oregon,Northwest Natural Gas Company,2023,December,97362,778,0
Oregon,Northwest Natural Gas Company,2023,December,97364,229,0
Oregon,Northwest Natural Gas Company,2023,December,97365,1677,1
Oregon,Northwest Natural Gas Company,2023,December,97366,185,0
Oregon,Northwest Natural Gas Company,2023,December,97367,4256,8
Oregon,Northwest Natural Gas Company,2023,December,97368,906,2
Oregon,Northwest Natural Gas Company,2023,December,97370,1256,0
Oregon,Northwest Natural Gas Company,2023,December,97371,44,0
Oregon,Northwest Natural Gas Company,2023,December,97372,9,0
Oregon,Northwest Natural Gas Company,2023,December,97374,302,0
Oregon,Northwest Natural Gas Company,2023,December,97377,51,0
Oregon,Northwest Natural Gas Company,2023,December,97378,805,1
Oregon,Northwest Natural Gas Company,2023,December,97380,153,1
Oregon,Northwest Natural Gas Company,2023,December,97381,2973,0
Oregon,Northwest Natural Gas Company,2023,December,97383,1783,0
Oregon,Northwest Natural Gas Company,2023,December,97384,34,0
Oregon,Northwest Natural Gas Company,2023,December,97385,900,0
Oregon,Northwest Natural Gas Company,2023,December,97386,2181,4
Oregon,Northwest Natural Gas Company,2023,December,97388,1050,0
Oregon,Northwest Natural Gas Company,2023,December,97389,308,0
Oregon,Northwest Natural Gas Company,2023,December,97391,285,1
Oregon,Northwest Natural Gas Company,2023,December,97392,993,0
Oregon,Northwest Natural Gas Company,2023,December,97396,419,1
Oregon,Northwest Natural Gas Company,2023,December,97401,5684,1
Oregon,Northwest Natural Gas Company,2023,December,97402,4596,2
Oregon,Northwest Natural Gas Company,2023,December,97403,1591,1
Oregon,Northwest Natural Gas Company,2023,December,97404,6358,0
Oregon,Northwest Natural Gas Company,2023,December,97405,7002,5
Oregon,Northwest Natural Gas Company,2023,December,97408,3014,0
Oregon,Avista Utilities,2023,December,97417,314,0
Oregon,Northwest Natural Gas Company,2023,December,97420,829,0
Oregon,Northwest Natural Gas Company,2023,December,97423,219,0
Oregon,Northwest Natural Gas Company,2023,December,97424,2335,0
Oregon,Northwest Natural Gas Company,2023,December,97426,1306,2
Oregon,Avista Utilities,2023,December,97432,54,0
Oregon,Northwest Natural Gas Company,2023,December,97438,8,0
Oregon,Avista Utilities,2023,December,97442,151,0
Oregon,Northwest Natural Gas Company,2023,December,97446,584,0
Oregon,Northwest Natural Gas Company,2023,December,97448,1504,2
Oregon,Northwest Natural Gas Company,2023,December,97455,139,0
Oregon,Avista Utilities,2023,December,97457,1485,0
Oregon,Northwest Natural Gas Company,2023,December,97458,137,0
Oregon,Northwest Natural Gas Company,2023,December,97459,605,0
Oregon,Avista Utilities,2023,December,97462,282,0
Oregon,Avista Utilities,2023,December,97469,262,0
Oregon,Avista Utilities,2023,December,97470,3538,5
Oregon,Avista Utilities,2023,December,97471,5126,2
Oregon,Northwest Natural Gas Company,2023,December,97477,3150,0
Oregon,Northwest Natural Gas Company,2023,December,97478,2500,1
Oregon,Avista Utilities,2023,December,97479,1722,4
Oregon,Avista Utilities,2023,December,97495,509,0
Oregon,Avista Utilities,2023,December,97496,1154,0
Oregon,Avista Utilities,2023,December,97497,2,0
Oregon,Avista Utilities,2023,December,97501,9252,0
Oregon,Avista Utilities,2023,December,97502,6473,2
Oregon,Avista Utilities,2023,December,97503,1732,4
Oregon,Avista Utilities,2023,December,97504,13549,0
Oregon,Avista Utilities,2023,December,97520,7344,0
Oregon,Avista Utilities,2023,December,97524,2860,2
Oregon,Avista Utilities,2023,December,97525,577,0
Oregon,Avista Utilities,2023,December,97526,6482,6
Oregon,Avista Utilities,2023,December,97527,5685,2
Oregon,Avista Utilities,2023,December,97528,2,0
Oregon,Avista Utilities,2023,December,97530,1260,0
Oregon,Avista Utilities,2023,December,97535,1189,0
Oregon,Avista Utilities,2023,December,97537,566,0
Oregon,Avista Utilities,2023,December,97539,236,0
Oregon,Avista Utilities,2023,December,97540,1468,0
Oregon,Avista Utilities,2023,December,97601,6554,8
Oregon,Avista Utilities,2023,December,97603,8950,0
Oregon,Avista Utilities,2023,December,97623,62,0
Oregon,Avista Utilities,2023,December,97627,206,0
Oregon,Avista Utilities,2023,December,97632,135,0
Oregon,Avista Utilities,2023,December,97634,33,0
Oregon,Cascade Natural Gas,2023,December,97701,10614,2
Oregon,Cascade Natural Gas,2023,December,97702,14078,2
Oregon,Cascade Natural Gas,2023,December,97703,9758,1
Oregon,Cascade Natural Gas,2023,December,97707,3849,0
Oregon,Cascade Natural Gas,2023,December,97731,24,0
Oregon,Cascade Natural Gas,2023,December,97733,72,0
Oregon,Cascade Natural Gas,2023,December,97737,123,0
Oregon,Cascade Natural Gas,2023,December,97739,430,0
Oregon,Cascade Natural Gas,2023,December,97741,1523,0
Oregon,Cascade Natural Gas,2023,December,97753,467,0
Oregon,Cascade Natural Gas,2023,December,97754,2900,1
Oregon,Cascade Natural Gas,2023,December,97756,9512,4
Oregon,Cascade Natural Gas,2023,December,97801,4881,1
Oregon,Cascade Natural Gas,2023,December,97813,347,0
Oregon,Cascade Natural Gas,2023,December,97814,3498,0
Oregon,Idaho Power,2023,December,97814,4,0
Oregon,Cascade Natural Gas,2023,December,97818,343,0
Oregon,Idaho Power,2023,December,97819,25,0
Oregon,Avista Utilities,2023,December,97824,330,0
Oregon,Cascade Natural Gas,2023,December,97826,24,0
Oregon,Avista Utilities,2023,December,97827,539,0
Oregon,Idaho Power,2023,December,97834,659,0
Oregon,Idaho Power,2023,December,97837,72,0
Oregon,Cascade Natural Gas,2023,December,97838,4187,1
Oregon,Idaho Power,2023,December,97840,116,0
Oregon,Avista Utilities,2023,December,97841,136,0
Oregon,Cascade Natural Gas,2023,December,97844,178,0
Oregon,Avista Utilities,2023,December,97850,5009,1
Oregon,Cascade Natural Gas,2023,December,97862,240,0
Oregon,Avista Utilities,2023,December,97867,145,0
Oregon,Cascade Natural Gas,2023,December,97868,464,0
Oregon,Idaho Power,2023,December,97870,437,0
Oregon,Cascade Natural Gas,2023,December,97875,386,0
Oregon,Avista Utilities,2023,December,97876,50,0
Oregon,Cascade Natural Gas,2023,December,97882,1080,0
Oregon,Avista Utilities,2023,December,97883,782,0
Oregon,Idaho Power,2023,December,97884,170,0
Oregon,Cascade Natural Gas,2023,December,97886,191,0
Oregon,Idaho Power,2023,December,97901,372,0
Oregon,Idaho Power,2023,December,97902,31,0
Oregon,Idaho Power,2023,December,97903,82,0
Oregon,Idaho Power,2023,December,97904,114,0
Oregon,Idaho Power,2023,December,97905,104,0
Oregon,Idaho Power,2023,December,97906,142,0
Oregon,Idaho Power,2023,December,97907,379,0
Oregon,Cascade Natural Gas,2023,December,97907,128,0
Oregon,Idaho Power,2023,December,97908,61,0
Oregon,Idaho Power,2023,December,97909,53,0
Oregon,Idaho Power,2023,December,97910,362,0
Oregon,Idaho Power,2023,December,97911,96,0
Oregon,Idaho Power,2023,December,97913,2259,2
Oregon,Cascade Natural Gas,2023,December,97913,751,0
Oregon,Idaho Power,2023,December,97914,7069,15
Oregon,Cascade Natural Gas,2023,December,97914,2731,0
Oregon,Idaho Power,2023,December,97917,1,0
Oregon,Cascade Natural Gas,2023,December,97918,427,0
Oregon,Idaho Power,2023,December,97918,1987,3
Oregon,Idaho Power,2023,December,97920,35,0
Oregon,Portland General Electric,2023,Feb,97002,"2,244",6
Oregon,Portland General Electric,2023,Feb,97003,172,27
Oregon,Portland General Electric,2023,Feb,97004,"1,773",2
Oregon,Portland General Electric,2023,Feb,97005,"12,286",43
Oregon,Portland General Electric,2023,Feb,97006,36,43
Oregon,Portland General Electric,2023,Feb,97007,25,23
Oregon,Portland General Electric,2023,Feb,97008,"11,940",36
Oregon,Portland General Electric,2023,Feb,97009,"3,395",5
Oregon,Portland General Electric,2023,Feb,97011,491,0
Oregon,Portland General Electric,2023,Feb,97013,"2,352",0
Oregon,Portland General Electric,2023,Feb,97015,"8,225",23
Oregon,Portland General Electric,2023,Feb,97017,"1,123",1
Oregon,Portland General Electric,2023,Feb,97019,"1,231",0
Oregon,Portland General Electric,2023,Feb,97020,375,0
Oregon,Portland General Electric,2023,Feb,97022,"1,457",0
Oregon,Portland General Electric,2023,Feb,97023,"5,003",10
Oregon,Portland General Electric,2023,Feb,97024,"4,655",14
Oregon,Portland General Electric,2023,Feb,97026,"1,209",0
Oregon,Portland General Electric,2023,Feb,97027,"4,943",6
Oregon,Portland General Electric,2023,Feb,97028,805,0
Oregon,Portland General Electric,2023,Feb,97030,"15,482",74
Oregon,Portland General Electric,2023,Feb,97032,"1,743",1
Oregon,Portland General Electric,2023,Feb,97034,"8,465",0
Oregon,Portland General Electric,2023,Feb,97035,428,6
Oregon,Portland General Electric,2023,Feb,97036,2,0
Oregon,Portland General Electric,2023,Feb,97038,"6,381",8
Oregon,Portland General Electric,2023,Feb,97042,"1,216",0
Oregon,Portland General Electric,2023,Feb,97045,"22,359",16
Oregon,Portland General Electric,2023,Feb,97049,"1,644",0
Oregon,Portland General Electric,2023,Feb,97055,"8,021",9
Oregon,Portland General Electric,2023,Feb,97056,29,0
Oregon,Portland General Electric,2023,Feb,97060,"6,651",10
Oregon,Portland General Electric,2023,Feb,97062,"11,401",20
Oregon,Portland General Electric,2023,Feb,97067,"1,365",0
Oregon,Portland General Electric,2023,Feb,97068,"11,699",3
Oregon,Portland General Electric,2023,Feb,97070,"11,514",4
Oregon,Portland General Electric,2023,Feb,97071,"10,366",7
Oregon,Portland General Electric,2023,Feb,97078,134,32
Oregon,Portland General Electric,2023,Feb,97080,"16,603",41
Oregon,Portland General Electric,2023,Feb,97086,"1,247",37
Oregon,Portland General Electric,2023,Feb,97089,266,7
Oregon,Portland General Electric,2023,Feb,97101,"1,552",0
Oregon,Portland General Electric,2023,Feb,97106,"1,584",1
Oregon,Portland General Electric,2023,Feb,97109,82,0
Oregon,Portland General Electric,2023,Feb,97111,"1,489",0
Oregon,Portland General Electric,2023,Feb,97113,"5,371",4
Oregon,Portland General Electric,2023,Feb,97114,"1,772",1
Oregon,Portland General Electric,2023,Feb,97115,"1,708",0
Oregon,Portland General Electric,2023,Feb,97116,837,0
Oregon,Portland General Electric,2023,Feb,97117,267,0
Oregon,Portland General Electric,2023,Feb,97119,"1,621",1
Oregon,Portland General Electric,2023,Feb,97123,"18,511",11
Oregon,Portland General Electric,2023,Feb,97124,82,20
Oregon,Portland General Electric,2023,Feb,97125,8,10
Oregon,Portland General Electric,2023,Feb,97127,"1,533",1
Oregon,Portland General Electric,2023,Feb,97128,498,0
Oregon,Portland General Electric,2023,Feb,97132,"12,091",5
Oregon,Portland General Electric,2023,Feb,97133,"2,368",0
Oregon,Portland General Electric,2023,Feb,97137,486,0
Oregon,Portland General Electric,2023,Feb,97140,"9,503",6
Oregon,Portland General Electric,2023,Feb,97148,"1,357",0
Oregon,Portland General Electric,2023,Feb,97201,"7,343",5
Oregon,Portland General Electric,2023,Feb,97202,"20,247",42
Oregon,Portland General Electric,2023,Feb,97203,"13,161",29
Oregon,Portland General Electric,2023,Feb,97204,415,1
Oregon,Portland General Electric,2023,Feb,97205,"3,275",3
Oregon,Portland General Electric,2023,Feb,97206,"22,131",49
Oregon,Portland General Electric,2023,Feb,97209,"15,359",25
Oregon,Portland General Electric,2023,Feb,97210,"7,984",1
Oregon,Portland General Electric,2023,Feb,97211,7,0
Oregon,Portland General Electric,2023,Feb,97213,"3,130",3
Oregon,Portland General Electric,2023,Feb,97214,"15,469",28
Oregon,Portland General Electric,2023,Feb,97215,"7,698",4
Oregon,Portland General Electric,2023,Feb,97216,"4,239",2
Oregon,Portland General Electric,2023,Feb,97217,"13,032",29
Oregon,Portland General Electric,2023,Feb,97219,"17,529",10
Oregon,Portland General Electric,2023,Feb,97221,"5,562",3
Oregon,Portland General Electric,2023,Feb,97222,"13,586",29
Oregon,Portland General Electric,2023,Feb,97223,"7,452",52
Oregon,Portland General Electric,2023,Feb,97224,6,22
Oregon,Portland General Electric,2023,Feb,97225,"11,574",22
Oregon,Portland General Electric,2023,Feb,97227,427,0
Oregon,Portland General Electric,2023,Feb,97229,"28,394",20
Oregon,Portland General Electric,2023,Feb,97230,"15,648",48
Oregon,Portland General Electric,2023,Feb,97231,"1,990",0
Oregon,Portland General Electric,2023,Feb,97232,"5,352",5
Oregon,Portland General Electric,2023,Feb,97233,"15,346",65
Oregon,Portland General Electric,2023,Feb,97236,7,34
Oregon,Portland General Electric,2023,Feb,97239,"10,021",6
Oregon,Portland General Electric,2023,Feb,97266,"13,421",27
Oregon,Portland General Electric,2023,Feb,97267,"11,449",19
Oregon,Portland General Electric,2023,Feb,97301,"19,274",77
Oregon,Portland General Electric,2023,Feb,97302,"17,288",16
Oregon,Portland General Electric,2023,Feb,97303,"10,433",4
Oregon,Portland General Electric,2023,Feb,97304,"1,332",0
Oregon,Portland General Electric,2023,Feb,97305,"15,691",52
Oregon,Portland General Electric,2023,Feb,97306,"13,906",8
Oregon,Portland General Electric,2023,Feb,97317,"8,430",25
Oregon,Portland General Electric,2023,Feb,97325,150,0
Oregon,Portland General Electric,2023,Feb,97338,242,0
Oregon,Portland General Electric,2023,Feb,97347,801,0
Oregon,Portland General Electric,2023,Feb,97352,120,0
Oregon,Portland General Electric,2023,Feb,97362,"1,527",4
Oregon,Portland General Electric,2023,Feb,97371,104,0
Oregon,Portland General Electric,2023,Feb,97375,518,0
Oregon,Portland General Electric,2023,Feb,97378,"2,848",3
Oregon,Portland General Electric,2023,Feb,97381,"6,410",2
Oregon,Portland General Electric,2023,Feb,97385,144,1
Oregon,Portland General Electric,2023,Feb,97392,"1,945",2
Oregon,Portland General Electric,2023,Feb,97396,"1,371",0
Oregon,Avista Utilities,2023,February,97417,314,3
Oregon,Avista Utilities,2023,February,97432,56,0
Oregon,Avista Utilities,2023,February,97442,147,0
Oregon,Avista Utilities,2023,February,97457,1473,2
Oregon,Avista Utilities,2023,February,97462,272,1
Oregon,Avista Utilities,2023,February,97469,266,0
Oregon,Avista Utilities,2023,February,97470,3501,4
Oregon,Avista Utilities,2023,February,97471,5061,7
Oregon,Avista Utilities,2023,February,97479,1688,0
Oregon,Avista Utilities,2023,February,97495,499,1
Oregon,Avista Utilities,2023,February,97496,1142,2
Oregon,Avista Utilities,2023,February,97497,2,0
Oregon,Avista Utilities,2023,February,97501,9152,10
Oregon,Avista Utilities,2023,February,97502,6411,4
Oregon,Avista Utilities,2023,February,97503,1675,0
Oregon,Avista Utilities,2023,February,97504,13221,17
Oregon,Avista Utilities,2023,February,97520,7235,5
Oregon,Avista Utilities,2023,February,97524,2810,0
Oregon,Avista Utilities,2023,February,97525,576,0
Oregon,Avista Utilities,2023,February,97526,6392,7
Oregon,Avista Utilities,2023,February,97527,5566,1
Oregon,Avista Utilities,2023,February,97528,2,0
Oregon,Avista Utilities,2023,February,97530,1236,0
Oregon,Avista Utilities,2023,February,97535,1129,0
Oregon,Avista Utilities,2023,February,97537,561,1
Oregon,Avista Utilities,2023,February,97539,225,0
Oregon,Avista Utilities,2023,February,97540,1430,1
Oregon,Avista Utilities,2023,February,97601,6445,0
Oregon,Avista Utilities,2023,February,97603,8791,0
Oregon,Avista Utilities,2023,February,97623,59,0
Oregon,Avista Utilities,2023,February,97627,204,0
Oregon,Avista Utilities,2023,February,97632,130,0
Oregon,Avista Utilities,2023,February,97634,31,0
Oregon,Cascade Natural Gas,2023,February,97701,10545,9
Oregon,Cascade Natural Gas,2023,February,97702,13906,3
Oregon,Cascade Natural Gas,2023,February,97703,9522,2
Oregon,Cascade Natural Gas,2023,February,97707,3810,0
Oregon,Cascade Natural Gas,2023,February,97731,25,0
Oregon,Cascade Natural Gas,2023,February,97733,73,0
Oregon,Cascade Natural Gas,2023,February,97737,122,0
Oregon,Cascade Natural Gas,2023,February,97739,421,0
Oregon,Cascade Natural Gas,2023,February,97741,1493,1
Oregon,Cascade Natural Gas,2023,February,97753,425,0
Oregon,Cascade Natural Gas,2023,February,97754,2876,0
Oregon,Cascade Natural Gas,2023,February,97756,9239,7
Oregon,Cascade Natural Gas,2023,February,97801,4914,7
Oregon,Cascade Natural Gas,2023,February,97813,346,0
Oregon,Idaho Power,2023,February,97814,4,0
Oregon,Cascade Natural Gas,2023,February,97814,3472,0
Oregon,Cascade Natural Gas,2023,February,97818,319,0
Oregon,Idaho Power,2023,February,97819,25,0
Oregon,Avista Utilities,2023,February,97824,321,0
Oregon,Cascade Natural Gas,2023,February,97826,23,0
Oregon,Avista Utilities,2023,February,97827,530,0
Oregon,Idaho Power,2023,February,97834,662,0
Oregon,Idaho Power,2023,February,97837,73,0
Oregon,Cascade Natural Gas,2023,February,97838,4143,4
Oregon,Idaho Power,2023,February,97840,110,0
Oregon,Avista Utilities,2023,February,97841,134,0
Oregon,Cascade Natural Gas,2023,February,97844,180,0
Oregon,Avista Utilities,2023,February,97850,4961,1
Oregon,Cascade Natural Gas,2023,February,97862,244,0
Oregon,Avista Utilities,2023,February,97867,148,0
Oregon,Cascade Natural Gas,2023,February,97868,468,0
Oregon,Idaho Power,2023,February,97870,436,0
Oregon,Cascade Natural Gas,2023,February,97875,379,0
Oregon,Avista Utilities,2023,February,97876,49,0
Oregon,Cascade Natural Gas,2023,February,97882,1017,0
Oregon,Avista Utilities,2023,February,97883,772,0
Oregon,Idaho Power,2023,February,97884,169,0
Oregon,Cascade Natural Gas,2023,February,97886,189,0
Oregon,Idaho Power,2023,February,97901,374,0
Oregon,Idaho Power,2023,February,97902,30,0
Oregon,Idaho Power,2023,February,97903,81,0
Oregon,Idaho Power,2023,February,97904,115,0
Oregon,Idaho Power,2023,February,97905,104,0
Oregon,Idaho Power,2023,February,97906,146,0
Oregon,Cascade Natural Gas,2023,February,97907,129,0
Oregon,Idaho Power,2023,February,97907,386,0
Oregon,Idaho Power,2023,February,97908,61,0
Oregon,Idaho Power,2023,February,97909,50,0
Oregon,Idaho Power,2023,February,97910,386,0
Oregon,Idaho Power,2023,February,97911,94,0
Oregon,Idaho Power,2023,February,97913,2181,1
Oregon,Cascade Natural Gas,2023,February,97913,755,0
Oregon,Idaho Power,2023,February,97914,7060,20
Oregon,Cascade Natural Gas,2023,February,97914,2735,2
Oregon,Idaho Power,2023,February,97917,1,0
Oregon,Idaho Power,2023,February,97918,1988,7
Oregon,Cascade Natural Gas,2023,February,97918,424,0
Oregon,Idaho Power,2023,February,97920,35,0
Oregon,Northwest Natural Gas Company,2023,Feburary,97002,791,0
Oregon,Northwest Natural Gas Company,2023,Feburary,97003,6888,1
Oregon,Northwest Natural Gas Company,2023,Feburary,97004,235,0
Oregon,Northwest Natural Gas Company,2023,Feburary,97005,4322,1
Oregon,Northwest Natural Gas Company,2023,Feburary,97006,9379,0
Oregon,Northwest Natural Gas Company,2023,Feburary,97007,14041,2
Oregon,Northwest Natural Gas Company,2023,Feburary,97008,6336,0
Oregon,Northwest Natural Gas Company,2023,Feburary,97009,1096,1
Oregon,Northwest Natural Gas Company,2023,Feburary,97013,3839,0
Oregon,Northwest Natural Gas Company,2023,Feburary,97015,4676,0
Oregon,Northwest Natural Gas Company,2023,Feburary,97016,116,0
Oregon,Northwest Natural Gas Company,2023,Feburary,97018,654,0
Oregon,Northwest Natural Gas Company,2023,Feburary,97020,160,0
Oregon,Northwest Natural Gas Company,2023,Feburary,97024,2012,0
Oregon,Northwest Natural Gas Company,2023,Feburary,97026,422,0
Oregon,Northwest Natural Gas Company,2023,Feburary,97027,2983,0
Oregon,Northwest Natural Gas Company,2023,Feburary,97030,6495,2
Oregon,Northwest Natural Gas Company,2023,Feburary,97031,3726,0
Oregon,Northwest Natural Gas Company,2023,Feburary,97032,910,0
Oregon,Northwest Natural Gas Company,2023,Feburary,97034,6801,0
Oregon,Northwest Natural Gas Company,2023,Feburary,97035,7278,0
Oregon,Northwest Natural Gas Company,2023,Feburary,97036,1,0
Oregon,Northwest Natural Gas Company,2023,Feburary,97038,2187,0
Oregon,Northwest Natural Gas Company,2023,Feburary,97042,123,0
Oregon,Northwest Natural Gas Company,2023,Feburary,97045,11497,3
Oregon,Northwest Natural Gas Company,2023,Feburary,97048,394,1
Oregon,Northwest Natural Gas Company,2023,Feburary,97051,3373,1
Oregon,Northwest Natural Gas Company,2023,Feburary,97053,627,0
Oregon,Northwest Natural Gas Company,2023,Feburary,97054,19,0
Oregon,Northwest Natural Gas Company,2023,Feburary,97055,3553,0
Oregon,Northwest Natural Gas Company,2023,Feburary,97056,2436,0
Oregon,Northwest Natural Gas Company,2023,Feburary,97058,1666,0
Oregon,Northwest Natural Gas Company,2023,Feburary,97060,4829,0
Oregon,Northwest Natural Gas Company,2023,Feburary,97062,6138,0
Oregon,Northwest Natural Gas Company,2023,Feburary,97064,714,0
Oregon,Northwest Natural Gas Company,2023,Feburary,97068,9468,0
Oregon,Northwest Natural Gas Company,2023,Feburary,97070,6348,0
Oregon,Northwest Natural Gas Company,2023,Feburary,97071,5560,0
Oregon,Northwest Natural Gas Company,2023,Feburary,97078,5998,1
Oregon,Northwest Natural Gas Company,2023,Feburary,97080,11249,0
Oregon,Northwest Natural Gas Company,2023,Feburary,97086,9321,0
Oregon,Northwest Natural Gas Company,2023,Feburary,97089,3393,1
Oregon,Northwest Natural Gas Company,2023,Feburary,97101,312,0
Oregon,Northwest Natural Gas Company,2023,Feburary,97103,4076,1
Oregon,Northwest Natural Gas Company,2023,Feburary,97106,458,0
Oregon,Northwest Natural Gas Company,2023,Feburary,97110,1362,0
Oregon,Northwest Natural Gas Company,2023,Feburary,97111,60,0
Oregon,Northwest Natural Gas Company,2023,Feburary,97113,2761,0
Oregon,Northwest Natural Gas Company,2023,Feburary,97114,17,0
Oregon,Northwest Natural Gas Company,2023,Feburary,97115,958,0
Oregon,Northwest Natural Gas Company,2023,Feburary,97116,3708,0
Oregon,Northwest Natural Gas Company,2023,Feburary,97121,429,0
Oregon,Northwest Natural Gas Company,2023,Feburary,97123,11960,2
Oregon,Northwest Natural Gas Company,2023,Feburary,97124,10782,0
Oregon,Northwest Natural Gas Company,2023,Feburary,97127,835,0
Oregon,Northwest Natural Gas Company,2023,Feburary,97128,3421,1
Oregon,Northwest Natural Gas Company,2023,Feburary,97132,5676,2
Oregon,Northwest Natural Gas Company,2023,Feburary,97133,1201,0
Oregon,Northwest Natural Gas Company,2023,Feburary,97138,4378,1
Oregon,Northwest Natural Gas Company,2023,Feburary,97140,6708,0
Oregon,Northwest Natural Gas Company,2023,Feburary,97146,2175,3
Oregon,Northwest Natural Gas Company,2023,Feburary,97201,2607,0
Oregon,Northwest Natural Gas Company,2023,Feburary,97202,11707,1
Oregon,Northwest Natural Gas Company,2023,Feburary,97203,7593,8
Oregon,Northwest Natural Gas Company,2023,Feburary,97204,131,0
Oregon,Northwest Natural Gas Company,2023,Feburary,97205,1577,1
Oregon,Northwest Natural Gas Company,2023,Feburary,97206,14030,2
Oregon,Northwest Natural Gas Company,2023,Feburary,97209,2470,0
Oregon,Northwest Natural Gas Company,2023,Feburary,97210,4348,0
Oregon,Northwest Natural Gas Company,2023,Feburary,97211,10543,0
Oregon,Northwest Natural Gas Company,2023,Feburary,97212,8567,1
Oregon,Northwest Natural Gas Company,2023,Feburary,97213,9904,0
Oregon,Northwest Natural Gas Company,2023,Feburary,97214,8494,1
Oregon,Northwest Natural Gas Company,2023,Feburary,97215,5781,0
Oregon,Northwest Natural Gas Company,2023,Feburary,97216,3452,1
Oregon,Northwest Natural Gas Company,2023,Feburary,97217,10600,4
Oregon,Northwest Natural Gas Company,2023,Feburary,97218,3652,0
Oregon,Northwest Natural Gas Company,2023,Feburary,97219,12538,0
Oregon,Northwest Natural Gas Company,2023,Feburary,97220,6741,2
Oregon,Northwest Natural Gas Company,2023,Feburary,97221,3964,0
Oregon,Northwest Natural Gas Company,2023,Feburary,97222,8124,1
Oregon,Northwest Natural Gas Company,2023,Feburary,97223,13001,3
Oregon,Northwest Natural Gas Company,2023,Feburary,97224,10759,1
Oregon,Northwest Natural Gas Company,2023,Feburary,97225,7329,0
Oregon,Northwest Natural Gas Company,2023,Feburary,97227,1648,0
Oregon,Northwest Natural Gas Company,2023,Feburary,97229,21386,0
Oregon,Northwest Natural Gas Company,2023,Feburary,97230,9449,5
Oregon,Northwest Natural Gas Company,2023,Feburary,97231,773,0
Oregon,Northwest Natural Gas Company,2023,Feburary,97232,2940,0
Oregon,Northwest Natural Gas Company,2023,Feburary,97233,6243,13
Oregon,Northwest Natural Gas Company,2023,Feburary,97236,7263,4
Oregon,Northwest Natural Gas Company,2023,Feburary,97239,3983,0
Oregon,Northwest Natural Gas Company,2023,Feburary,97248,1,0
Oregon,Northwest Natural Gas Company,2023,Feburary,97266,7293,0
Oregon,Northwest Natural Gas Company,2023,Feburary,97267,8766,4
Oregon,Northwest Natural Gas Company,2023,Feburary,97301,8666,2
Oregon,Northwest Natural Gas Company,2023,Feburary,97302,10330,7
Oregon,Northwest Natural Gas Company,2023,Feburary,97303,9042,0
Oregon,Northwest Natural Gas Company,2023,Feburary,97304,7344,0
Oregon,Northwest Natural Gas Company,2023,Feburary,97305,6927,1
Oregon,Northwest Natural Gas Company,2023,Feburary,97306,8724,1
Oregon,Northwest Natural Gas Company,2023,Feburary,97310,9,0
Oregon,Northwest Natural Gas Company,2023,Feburary,97317,3891,0
Oregon,Northwest Natural Gas Company,2023,Feburary,97321,8838,4
Oregon,Northwest Natural Gas Company,2023,Feburary,97322,7446,2
Oregon,Northwest Natural Gas Company,2023,Feburary,97325,808,0
Oregon,Northwest Natural Gas Company,2023,Feburary,97327,556,0
Oregon,Northwest Natural Gas Company,2023,Feburary,97330,9368,3
Oregon,Northwest Natural Gas Company,2023,Feburary,97333,4489,0
Oregon,Northwest Natural Gas Company,2023,Feburary,97338,4611,0
Oregon,Northwest Natural Gas Company,2023,Feburary,97341,1350,1
Oregon,Northwest Natural Gas Company,2023,Feburary,97345,12,0
Oregon,Northwest Natural Gas Company,2023,Feburary,97347,223,1
Oregon,Northwest Natural Gas Company,2023,Feburary,97348,218,0
Oregon,Northwest Natural Gas Company,2023,Feburary,97351,1826,0
Oregon,Northwest Natural Gas Company,2023,Feburary,97352,775,0
Oregon,Northwest Natural Gas Company,2023,Feburary,97355,5157,3
Oregon,Northwest Natural Gas Company,2023,Feburary,97358,410,0
Oregon,Northwest Natural Gas Company,2023,Feburary,97360,506,0
Oregon,Northwest Natural Gas Company,2023,Feburary,97361,1357,0
Oregon,Northwest Natural Gas Company,2023,Feburary,97362,738,0
Oregon,Northwest Natural Gas Company,2023,Feburary,97364,230,0
Oregon,Northwest Natural Gas Company,2023,Feburary,97365,1671,0
Oregon,Northwest Natural Gas Company,2023,Feburary,97366,179,0
Oregon,Northwest Natural Gas Company,2023,Feburary,97367,4230,2
Oregon,Northwest Natural Gas Company,2023,Feburary,97368,889,2
Oregon,Northwest Natural Gas Company,2023,Feburary,97370,1262,0
Oregon,Northwest Natural Gas Company,2023,Feburary,97371,43,0
Oregon,Northwest Natural Gas Company,2023,Feburary,97372,9,0
Oregon,Northwest Natural Gas Company,2023,Feburary,97374,304,0
Oregon,Northwest Natural Gas Company,2023,Feburary,97377,53,0
Oregon,Northwest Natural Gas Company,2023,Feburary,97378,814,1
Oregon,Northwest Natural Gas Company,2023,Feburary,97380,154,0
Oregon,Northwest Natural Gas Company,2023,Feburary,97381,2959,0
Oregon,Northwest Natural Gas Company,2023,Feburary,97383,1793,1
Oregon,Northwest Natural Gas Company,2023,Feburary,97384,33,0
Oregon,Northwest Natural Gas Company,2023,Feburary,97385,892,0
Oregon,Northwest Natural Gas Company,2023,Feburary,97386,2187,0
Oregon,Northwest Natural Gas Company,2023,Feburary,97388,1054,2
Oregon,Northwest Natural Gas Company,2023,Feburary,97389,312,0
Oregon,Northwest Natural Gas Company,2023,Feburary,97391,289,0
Oregon,Northwest Natural Gas Company,2023,Feburary,97392,990,1
Oregon,Northwest Natural Gas Company,2023,Feburary,97396,417,0
Oregon,Northwest Natural Gas Company,2023,Feburary,97401,5544,0
Oregon,Northwest Natural Gas Company,2023,Feburary,97402,4617,0
Oregon,Northwest Natural Gas Company,2023,Feburary,97403,1581,0
Oregon,Northwest Natural Gas Company,2023,Feburary,97404,6360,1
Oregon,Northwest Natural Gas Company,2023,Feburary,97405,7026,0
Oregon,Northwest Natural Gas Company,2023,Feburary,97408,2996,1
Oregon,Northwest Natural Gas Company,2023,Feburary,97420,839,0
Oregon,Northwest Natural Gas Company,2023,Feburary,97423,219,0
Oregon,Northwest Natural Gas Company,2023,Feburary,97424,2345,3
Oregon,Northwest Natural Gas Company,2023,Feburary,97426,1302,1
Oregon,Northwest Natural Gas Company,2023,Feburary,97438,7,0
Oregon,Northwest Natural Gas Company,2023,Feburary,97446,586,3
Oregon,Northwest Natural Gas Company,2023,Feburary,97448,1445,0
Oregon,Northwest Natural Gas Company,2023,Feburary,97455,137,0
Oregon,Northwest Natural Gas Company,2023,Feburary,97458,140,0
Oregon,Northwest Natural Gas Company,2023,Feburary,97459,602,0
Oregon,Northwest Natural Gas Company,2023,Feburary,97477,3079,2
Oregon,Northwest Natural Gas Company,2023,Feburary,97478,2465,2
Oregon,Portland General Electric,2023,Jan,97002,"2,245",3
Oregon,Portland General Electric,2023,Jan,97003,170,65
Oregon,Portland General Electric,2023,Jan,97004,"1,773",4
Oregon,Portland General Electric,2023,Jan,97005,"12,303",79
Oregon,Portland General Electric,2023,Jan,97006,36,78
Oregon,Portland General Electric,2023,Jan,97007,25,58
Oregon,Portland General Electric,2023,Jan,97008,"11,963",71
Oregon,Portland General Electric,2023,Jan,97009,"3,399",10
Oregon,Portland General Electric,2023,Jan,97011,490,0
Oregon,Portland General Electric,2023,Jan,97013,"2,353",8
Oregon,Portland General Electric,2023,Jan,97015,"8,238",37
Oregon,Portland General Electric,2023,Jan,97017,"1,128",1
Oregon,Portland General Electric,2023,Jan,97019,"1,231",3
Oregon,Portland General Electric,2023,Jan,97020,373,0
Oregon,Portland General Electric,2023,Jan,97022,"1,458",6
Oregon,Portland General Electric,2023,Jan,97023,"4,998",9
Oregon,Portland General Electric,2023,Jan,97024,"4,648",39
Oregon,Portland General Electric,2023,Jan,97026,"1,212",8
Oregon,Portland General Electric,2023,Jan,97027,"4,949",28
Oregon,Portland General Electric,2023,Jan,97028,806,0
Oregon,Portland General Electric,2023,Jan,97030,"15,522",133
Oregon,Portland General Electric,2023,Jan,97032,"1,744",5
Oregon,Portland General Electric,2023,Jan,97034,"8,465",6
Oregon,Portland General Electric,2023,Jan,97035,429,21
Oregon,Portland General Electric,2023,Jan,97036,2,0
Oregon,Portland General Electric,2023,Jan,97038,"6,383",21
Oregon,Portland General Electric,2023,Jan,97042,"1,216",1
Oregon,Portland General Electric,2023,Jan,97045,"22,366",76
Oregon,Portland General Electric,2023,Jan,97049,"1,643",0
Oregon,Portland General Electric,2023,Jan,97055,"8,020",22
Oregon,Portland General Electric,2023,Jan,97056,29,0
Oregon,Portland General Electric,2023,Jan,97060,"6,658",35
Oregon,Portland General Electric,2023,Jan,97062,"11,362",47
Oregon,Portland General Electric,2023,Jan,97067,"1,363",5
Oregon,Portland General Electric,2023,Jan,97068,"11,705",22
Oregon,Portland General Electric,2023,Jan,97070,"11,508",43
Oregon,Portland General Electric,2023,Jan,97071,"10,357",40
Oregon,Portland General Electric,2023,Jan,97078,135,48
Oregon,Portland General Electric,2023,Jan,97080,"16,590",71
Oregon,Portland General Electric,2023,Jan,97086,"1,248",66
Oregon,Portland General Electric,2023,Jan,97089,267,10
Oregon,Portland General Electric,2023,Jan,97101,"1,551",3
Oregon,Portland General Electric,2023,Jan,97106,"1,589",2
Oregon,Portland General Electric,2023,Jan,97109,81,0
Oregon,Portland General Electric,2023,Jan,97111,"1,487",5
Oregon,Portland General Electric,2023,Jan,97113,"5,382",15
Oregon,Portland General Electric,2023,Jan,97114,"1,769",2
Oregon,Portland General Electric,2023,Jan,97115,"1,707",4
Oregon,Portland General Electric,2023,Jan,97116,838,0
Oregon,Portland General Electric,2023,Jan,97117,267,1
Oregon,Portland General Electric,2023,Jan,97119,"1,623",4
Oregon,Portland General Electric,2023,Jan,97123,"18,497",96
Oregon,Portland General Electric,2023,Jan,97124,82,68
Oregon,Portland General Electric,2023,Jan,97125,8,10
Oregon,Portland General Electric,2023,Jan,97127,"1,533",5
Oregon,Portland General Electric,2023,Jan,97128,500,1
Oregon,Portland General Electric,2023,Jan,97132,"12,099",17
Oregon,Portland General Electric,2023,Jan,97133,"2,360",2
Oregon,Portland General Electric,2023,Jan,97137,487,1
Oregon,Portland General Electric,2023,Jan,97140,"9,511",17
Oregon,Portland General Electric,2023,Jan,97148,"1,357",1
Oregon,Portland General Electric,2023,Jan,97201,"7,361",21
Oregon,Portland General Electric,2023,Jan,97202,"20,258",52
Oregon,Portland General Electric,2023,Jan,97203,"13,172",59
Oregon,Portland General Electric,2023,Jan,97204,413,2
Oregon,Portland General Electric,2023,Jan,97205,"3,276",7
Oregon,Portland General Electric,2023,Jan,97206,"22,155",73
Oregon,Portland General Electric,2023,Jan,97209,"15,225",60
Oregon,Portland General Electric,2023,Jan,97210,"7,999",6
Oregon,Portland General Electric,2023,Jan,97211,7,0
Oregon,Portland General Electric,2023,Jan,97213,"3,132",7
Oregon,Portland General Electric,2023,Jan,97214,"15,516",34
Oregon,Portland General Electric,2023,Jan,97215,"7,710",21
Oregon,Portland General Electric,2023,Jan,97216,"4,250",12
Oregon,Portland General Electric,2023,Jan,97217,"13,071",52
Oregon,Portland General Electric,2023,Jan,97219,"17,520",48
Oregon,Portland General Electric,2023,Jan,97221,"5,563",18
Oregon,Portland General Electric,2023,Jan,97222,"13,597",55
Oregon,Portland General Electric,2023,Jan,97223,"7,457",83
Oregon,Portland General Electric,2023,Jan,97224,3,52
Oregon,Portland General Electric,2023,Jan,97225,"11,586",27
Oregon,Portland General Electric,2023,Jan,97227,427,0
Oregon,Portland General Electric,2023,Jan,97229,"28,407",59
Oregon,Portland General Electric,2023,Jan,97230,"15,685",122
Oregon,Portland General Electric,2023,Jan,97231,"1,992",6
Oregon,Portland General Electric,2023,Jan,97232,"5,348",13
Oregon,Portland General Electric,2023,Jan,97233,"15,384",167
Oregon,Portland General Electric,2023,Jan,97236,6,130
Oregon,Portland General Electric,2023,Jan,97239,"10,021",13
Oregon,Portland General Electric,2023,Jan,97266,"13,445",78
Oregon,Portland General Electric,2023,Jan,97267,"11,463",40
Oregon,Portland General Electric,2023,Jan,97301,"19,296",148
Oregon,Portland General Electric,2023,Jan,97302,"17,303",60
Oregon,Portland General Electric,2023,Jan,97303,"10,446",38
Oregon,Portland General Electric,2023,Jan,97304,"1,335",3
Oregon,Portland General Electric,2023,Jan,97305,"15,706",122
Oregon,Portland General Electric,2023,Jan,97306,"13,922",50
Oregon,Portland General Electric,2023,Jan,97317,"8,436",44
Oregon,Portland General Electric,2023,Jan,97325,151,0
Oregon,Portland General Electric,2023,Jan,97338,243,0
Oregon,Portland General Electric,2023,Jan,97347,804,2
Oregon,Portland General Electric,2023,Jan,97352,120,0
Oregon,Portland General Electric,2023,Jan,97362,"1,530",2
Oregon,Portland General Electric,2023,Jan,97371,104,0
Oregon,Portland General Electric,2023,Jan,97375,520,0
Oregon,Portland General Electric,2023,Jan,97378,"2,851",18
Oregon,Portland General Electric,2023,Jan,97381,"6,423",17
Oregon,Portland General Electric,2023,Jan,97385,144,0
Oregon,Portland General Electric,2023,Jan,97392,"1,950",4
Oregon,Portland General Electric,2023,Jan,97396,"1,371",1
Oregon,Northwest Natural Gas Company,2023,January,97002,789,0
Oregon,Northwest Natural Gas Company,2023,January,97003,6901,1
Oregon,Northwest Natural Gas Company,2023,January,97004,234,0
Oregon,Northwest Natural Gas Company,2023,January,97005,4331,0
Oregon,Northwest Natural Gas Company,2023,January,97006,9386,1
Oregon,Northwest Natural Gas Company,2023,January,97007,14031,6
Oregon,Northwest Natural Gas Company,2023,January,97008,6343,2
Oregon,Northwest Natural Gas Company,2023,January,97009,1095,0
Oregon,Northwest Natural Gas Company,2023,January,97013,3832,0
Oregon,Northwest Natural Gas Company,2023,January,97015,4681,2
Oregon,Northwest Natural Gas Company,2023,January,97016,116,0
Oregon,Northwest Natural Gas Company,2023,January,97018,654,0
Oregon,Northwest Natural Gas Company,2023,January,97020,160,0
Oregon,Northwest Natural Gas Company,2023,January,97024,2013,0
Oregon,Northwest Natural Gas Company,2023,January,97026,420,0
Oregon,Northwest Natural Gas Company,2023,January,97027,2984,0
Oregon,Northwest Natural Gas Company,2023,January,97030,6495,4
Oregon,Northwest Natural Gas Company,2023,January,97031,3720,0
Oregon,Northwest Natural Gas Company,2023,January,97032,909,0
Oregon,Northwest Natural Gas Company,2023,January,97034,6807,1
Oregon,Northwest Natural Gas Company,2023,January,97035,7281,1
Oregon,Northwest Natural Gas Company,2023,January,97036,1,0
Oregon,Northwest Natural Gas Company,2023,January,97038,2184,0
Oregon,Northwest Natural Gas Company,2023,January,97042,124,0
Oregon,Northwest Natural Gas Company,2023,January,97045,11504,1
Oregon,Northwest Natural Gas Company,2023,January,97048,396,0
Oregon,Northwest Natural Gas Company,2023,January,97051,3373,2
Oregon,Northwest Natural Gas Company,2023,January,97053,626,0
Oregon,Northwest Natural Gas Company,2023,January,97054,19,0
Oregon,Northwest Natural Gas Company,2023,January,97055,3549,1
Oregon,Northwest Natural Gas Company,2023,January,97056,2436,0
Oregon,Northwest Natural Gas Company,2023,January,97058,1666,0
Oregon,Northwest Natural Gas Company,2023,January,97060,4826,4
Oregon,Northwest Natural Gas Company,2023,January,97062,6133,3
Oregon,Northwest Natural Gas Company,2023,January,97064,715,0
Oregon,Northwest Natural Gas Company,2023,January,97068,9488,3
Oregon,Northwest Natural Gas Company,2023,January,97070,6366,0
Oregon,Northwest Natural Gas Company,2023,January,97071,5546,0
Oregon,Northwest Natural Gas Company,2023,January,97078,5998,4
Oregon,Northwest Natural Gas Company,2023,January,97080,11245,5
Oregon,Northwest Natural Gas Company,2023,January,97086,9310,3
Oregon,Northwest Natural Gas Company,2023,January,97089,3394,2
Oregon,Northwest Natural Gas Company,2023,January,97101,311,1
Oregon,Northwest Natural Gas Company,2023,January,97103,4066,3
Oregon,Northwest Natural Gas Company,2023,January,97106,458,0
Oregon,Northwest Natural Gas Company,2023,January,97110,1364,0
Oregon,Northwest Natural Gas Company,2023,January,97111,57,0
Oregon,Northwest Natural Gas Company,2023,January,97113,2755,0
Oregon,Northwest Natural Gas Company,2023,January,97114,17,0
Oregon,Northwest Natural Gas Company,2023,January,97115,958,0
Oregon,Northwest Natural Gas Company,2023,January,97116,3699,0
Oregon,Northwest Natural Gas Company,2023,January,97121,430,0
Oregon,Northwest Natural Gas Company,2023,January,97123,11949,0
Oregon,Northwest Natural Gas Company,2023,January,97124,10786,1
Oregon,Northwest Natural Gas Company,2023,January,97127,833,1
Oregon,Northwest Natural Gas Company,2023,January,97128,3417,4
Oregon,Northwest Natural Gas Company,2023,January,97132,5677,3
Oregon,Northwest Natural Gas Company,2023,January,97133,1191,1
Oregon,Northwest Natural Gas Company,2023,January,97138,4369,7
Oregon,Northwest Natural Gas Company,2023,January,97140,6702,2
Oregon,Northwest Natural Gas Company,2023,January,97146,2173,2
Oregon,Northwest Natural Gas Company,2023,January,97201,2608,0
Oregon,Northwest Natural Gas Company,2023,January,97202,11735,1
Oregon,Northwest Natural Gas Company,2023,January,97203,7580,1
Oregon,Northwest Natural Gas Company,2023,January,97204,135,0
Oregon,Northwest Natural Gas Company,2023,January,97205,1537,0
Oregon,Northwest Natural Gas Company,2023,January,97206,14036,2
Oregon,Northwest Natural Gas Company,2023,January,97209,2472,0
Oregon,Northwest Natural Gas Company,2023,January,97210,4340,1
Oregon,Northwest Natural Gas Company,2023,January,97211,10548,2
Oregon,Northwest Natural Gas Company,2023,January,97212,8569,1
Oregon,Northwest Natural Gas Company,2023,January,97213,9915,4
Oregon,Northwest Natural Gas Company,2023,January,97214,8372,3
Oregon,Northwest Natural Gas Company,2023,January,97215,5785,3
Oregon,Northwest Natural Gas Company,2023,January,97216,3460,6
Oregon,Northwest Natural Gas Company,2023,January,97217,10593,3
Oregon,Northwest Natural Gas Company,2023,January,97218,3647,4
Oregon,Northwest Natural Gas Company,2023,January,97219,12539,1
Oregon,Northwest Natural Gas Company,2023,January,97220,6734,6
Oregon,Northwest Natural Gas Company,2023,January,97221,3964,0
Oregon,Northwest Natural Gas Company,2023,January,97222,8120,3
Oregon,Northwest Natural Gas Company,2023,January,97223,13001,2
Oregon,Northwest Natural Gas Company,2023,January,97224,10748,2
Oregon,Northwest Natural Gas Company,2023,January,97225,7330,2
Oregon,Northwest Natural Gas Company,2023,January,97227,1648,0
Oregon,Northwest Natural Gas Company,2023,January,97229,21398,3
Oregon,Northwest Natural Gas Company,2023,January,97230,9455,2
Oregon,Northwest Natural Gas Company,2023,January,97231,776,1
Oregon,Northwest Natural Gas Company,2023,January,97232,2941,0
Oregon,Northwest Natural Gas Company,2023,January,97233,6249,7
Oregon,Northwest Natural Gas Company,2023,January,97236,7256,7
Oregon,Northwest Natural Gas Company,2023,January,97239,3978,0
Oregon,Northwest Natural Gas Company,2023,January,97248,1,0
Oregon,Northwest Natural Gas Company,2023,January,97266,7302,8
Oregon,Northwest Natural Gas Company,2023,January,97267,8768,2
Oregon,Northwest Natural Gas Company,2023,January,97301,8646,3
Oregon,Northwest Natural Gas Company,2023,January,97302,10320,2
Oregon,Northwest Natural Gas Company,2023,January,97303,9037,0
Oregon,Northwest Natural Gas Company,2023,January,97304,7345,6
Oregon,Northwest Natural Gas Company,2023,January,97305,6923,1
Oregon,Northwest Natural Gas Company,2023,January,97306,8727,2
Oregon,Northwest Natural Gas Company,2023,January,97310,9,0
Oregon,Northwest Natural Gas Company,2023,January,97317,3885,0
Oregon,Northwest Natural Gas Company,2023,January,97321,8827,3
Oregon,Northwest Natural Gas Company,2023,January,97322,7445,0
Oregon,Northwest Natural Gas Company,2023,January,97325,808,0
Oregon,Northwest Natural Gas Company,2023,January,97327,556,0
Oregon,Northwest Natural Gas Company,2023,January,97330,9370,2
Oregon,Northwest Natural Gas Company,2023,January,97333,4486,1
Oregon,Northwest Natural Gas Company,2023,January,97338,4604,0
Oregon,Northwest Natural Gas Company,2023,January,97341,1352,0
Oregon,Northwest Natural Gas Company,2023,January,97345,12,0
Oregon,Northwest Natural Gas Company,2023,January,97347,225,1
Oregon,Northwest Natural Gas Company,2023,January,97348,219,0
Oregon,Northwest Natural Gas Company,2023,January,97351,1821,0
Oregon,Northwest Natural Gas Company,2023,January,97352,775,0
Oregon,Northwest Natural Gas Company,2023,January,97355,5162,2
Oregon,Northwest Natural Gas Company,2023,January,97358,407,0
Oregon,Northwest Natural Gas Company,2023,January,97360,507,0
Oregon,Northwest Natural Gas Company,2023,January,97361,1359,0
Oregon,Northwest Natural Gas Company,2023,January,97362,735,0
Oregon,Northwest Natural Gas Company,2023,January,97364,230,0
Oregon,Northwest Natural Gas Company,2023,January,97365,1670,0
Oregon,Northwest Natural Gas Company,2023,January,97366,179,0
Oregon,Northwest Natural Gas Company,2023,January,97367,4222,1
Oregon,Northwest Natural Gas Company,2023,January,97368,891,0
Oregon,Northwest Natural Gas Company,2023,January,97370,1261,0
Oregon,Northwest Natural Gas Company,2023,January,97371,43,0
Oregon,Northwest Natural Gas Company,2023,January,97372,9,0
Oregon,Northwest Natural Gas Company,2023,January,97374,304,0
Oregon,Northwest Natural Gas Company,2023,January,97377,53,0
Oregon,Northwest Natural Gas Company,2023,January,97378,810,1
Oregon,Northwest Natural Gas Company,2023,January,97380,154,0
Oregon,Northwest Natural Gas Company,2023,January,97381,2959,0
Oregon,Northwest Natural Gas Company,2023,January,97383,1792,1
Oregon,Northwest Natural Gas Company,2023,January,97384,33,0
Oregon,Northwest Natural Gas Company,2023,January,97385,890,0
Oregon,Northwest Natural Gas Company,2023,January,97386,2189,0
Oregon,Northwest Natural Gas Company,2023,January,97388,1053,1
Oregon,Northwest Natural Gas Company,2023,January,97389,312,1
Oregon,Northwest Natural Gas Company,2023,January,97391,288,0
Oregon,Northwest Natural Gas Company,2023,January,97392,989,0
Oregon,Northwest Natural Gas Company,2023,January,97396,418,0
Oregon,Northwest Natural Gas Company,2023,January,97401,5674,2
Oregon,Northwest Natural Gas Company,2023,January,97402,4615,0
Oregon,Northwest Natural Gas Company,2023,January,97403,1580,1
Oregon,Northwest Natural Gas Company,2023,January,97404,6358,0
Oregon,Northwest Natural Gas Company,2023,January,97405,7021,2
Oregon,Northwest Natural Gas Company,2023,January,97408,2993,0
Oregon,Avista Utilities,2023,January,97417,310,1
Oregon,Northwest Natural Gas Company,2023,January,97420,833,0
Oregon,Northwest Natural Gas Company,2023,January,97423,219,1
Oregon,Northwest Natural Gas Company,2023,January,97424,2351,0
Oregon,Northwest Natural Gas Company,2023,January,97426,1298,0
Oregon,Avista Utilities,2023,January,97432,55,0
Oregon,Northwest Natural Gas Company,2023,January,97438,8,0
Oregon,Avista Utilities,2023,January,97442,148,0
Oregon,Northwest Natural Gas Company,2023,January,97446,586,0
Oregon,Northwest Natural Gas Company,2023,January,97448,1442,0
Oregon,Northwest Natural Gas Company,2023,January,97455,138,0
Oregon,Avista Utilities,2023,January,97457,1472,2
Oregon,Northwest Natural Gas Company,2023,January,97458,140,0
Oregon,Northwest Natural Gas Company,2023,January,97459,602,0
Oregon,Avista Utilities,2023,January,97462,274,0
Oregon,Avista Utilities,2023,January,97469,264,1
Oregon,Avista Utilities,2023,January,97470,3508,2
Oregon,Avista Utilities,2023,January,97471,5068,3
Oregon,Northwest Natural Gas Company,2023,January,97477,3080,0
Oregon,Northwest Natural Gas Company,2023,January,97478,2457,1
Oregon,Avista Utilities,2023,January,97479,1691,2
Oregon,Avista Utilities,2023,January,97495,506,0
Oregon,Avista Utilities,2023,January,97496,1144,0
Oregon,Avista Utilities,2023,January,97497,2,0
Oregon,Avista Utilities,2023,January,97501,9149,15
Oregon,Avista Utilities,2023,January,97502,6439,8
Oregon,Avista Utilities,2023,January,97503,1680,1
Oregon,Avista Utilities,2023,January,97504,13233,6
Oregon,Avista Utilities,2023,January,97520,7266,3
Oregon,Avista Utilities,2023,January,97524,2813,5
Oregon,Avista Utilities,2023,January,97525,572,3
Oregon,Avista Utilities,2023,January,97526,6412,9
Oregon,Avista Utilities,2023,January,97527,5581,12
Oregon,Avista Utilities,2023,January,97528,2,0
Oregon,Avista Utilities,2023,January,97530,1242,0
Oregon,Avista Utilities,2023,January,97535,1140,0
Oregon,Avista Utilities,2023,January,97537,562,0
Oregon,Avista Utilities,2023,January,97539,228,0
Oregon,Avista Utilities,2023,January,97540,1419,2
Oregon,Avista Utilities,2023,January,97601,6470,2
Oregon,Avista Utilities,2023,January,97603,8805,2
Oregon,Avista Utilities,2023,January,97623,59,0
Oregon,Avista Utilities,2023,January,97627,204,0
Oregon,Avista Utilities,2023,January,97632,129,0
Oregon,Avista Utilities,2023,January,97634,31,0
Oregon,Idaho Power,2023,January,97814,4,0
Oregon,Idaho Power,2023,January,97819,25,0
Oregon,Avista Utilities,2023,January,97824,321,0
Oregon,Avista Utilities,2023,January,97827,535,1
Oregon,Idaho Power,2023,January,97834,663,0
Oregon,Idaho Power,2023,January,97837,73,0
Oregon,Idaho Power,2023,January,97840,110,1
Oregon,Avista Utilities,2023,January,97841,134,0
Oregon,Avista Utilities,2023,January,97850,4967,0
Oregon,Avista Utilities,2023,January,97867,145,0
Oregon,Idaho Power,2023,January,97870,438,0
Oregon,Avista Utilities,2023,January,97876,50,0
Oregon,Avista Utilities,2023,January,97883,772,0
Oregon,Idaho Power,2023,January,97884,171,0
Oregon,Idaho Power,2023,January,97901,371,0
Oregon,Idaho Power,2023,January,97902,30,0
Oregon,Idaho Power,2023,January,97903,81,0
Oregon,Idaho Power,2023,January,97904,115,0
Oregon,Idaho Power,2023,January,97905,107,0
Oregon,Idaho Power,2023,January,97906,143,0
Oregon,Idaho Power,2023,January,97907,385,1
Oregon,Idaho Power,2023,January,97908,61,0
Oregon,Idaho Power,2023,January,97909,50,0
Oregon,Idaho Power,2023,January,97910,367,0
Oregon,Idaho Power,2023,January,97911,94,0
Oregon,Idaho Power,2023,January,97913,2181,8
Oregon,Idaho Power,2023,January,97914,7039,13
Oregon,Idaho Power,2023,January,97917,1,0
Oregon,Idaho Power,2023,January,97918,1985,2
Oregon,Idaho Power,2023,January,97920,35,0
Oregon,Portland General Electric,2023,Jul,97002,"2,229",0
Oregon,Portland General Electric,2023,Jul,97003,171,2
Oregon,Portland General Electric,2023,Jul,97004,"1,762",0
Oregon,Portland General Electric,2023,Jul,97005,"12,255",0
Oregon,Portland General Electric,2023,Jul,97006,36,0
Oregon,Portland General Electric,2023,Jul,97007,25,2
Oregon,Portland General Electric,2023,Jul,97008,"11,927",1
Oregon,Portland General Electric,2023,Jul,97009,"3,376",2
Oregon,Portland General Electric,2023,Jul,97011,491,0
Oregon,Portland General Electric,2023,Jul,97013,"2,338",2
Oregon,Portland General Electric,2023,Jul,97015,"8,193",0
Oregon,Portland General Electric,2023,Jul,97017,"1,121",0
Oregon,Portland General Electric,2023,Jul,97019,"1,219",0
Oregon,Portland General Electric,2023,Jul,97020,370,0
Oregon,Portland General Electric,2023,Jul,97022,"1,450",0
Oregon,Portland General Electric,2023,Jul,97023,"5,005",0
Oregon,Portland General Electric,2023,Jul,97024,"4,679",4
Oregon,Portland General Electric,2023,Jul,97026,"1,205",1
Oregon,Portland General Electric,2023,Jul,97027,"4,930",2
Oregon,Portland General Electric,2023,Jul,97028,804,0
Oregon,Portland General Electric,2023,Jul,97030,"15,459",11
Oregon,Portland General Electric,2023,Jul,97032,"1,733",0
Oregon,Portland General Electric,2023,Jul,97034,"8,435",1
Oregon,Portland General Electric,2023,Jul,97035,427,2
Oregon,Portland General Electric,2023,Jul,97036,2,0
Oregon,Portland General Electric,2023,Jul,97038,"6,383",0
Oregon,Portland General Electric,2023,Jul,97042,"1,207",0
Oregon,Portland General Electric,2023,Jul,97045,"22,346",4
Oregon,Portland General Electric,2023,Jul,97049,"1,635",0
Oregon,Portland General Electric,2023,Jul,97055,"8,071",1
Oregon,Portland General Electric,2023,Jul,97056,29,0
Oregon,Portland General Electric,2023,Jul,97060,"6,640",12
Oregon,Portland General Electric,2023,Jul,97062,"11,469",1
Oregon,Portland General Electric,2023,Jul,97067,"1,380",0
Oregon,Portland General Electric,2023,Jul,97068,"11,668",3
Oregon,Portland General Electric,2023,Jul,97070,"11,529",3
Oregon,Portland General Electric,2023,Jul,97071,"10,535",6
Oregon,Portland General Electric,2023,Jul,97078,134,0
Oregon,Portland General Electric,2023,Jul,97080,"16,601",4
Oregon,Portland General Electric,2023,Jul,97086,"1,246",1
Oregon,Portland General Electric,2023,Jul,97089,263,0
Oregon,Portland General Electric,2023,Jul,97101,"1,545",0
Oregon,Portland General Electric,2023,Jul,97106,"1,579",0
Oregon,Portland General Electric,2023,Jul,97109,82,0
Oregon,Portland General Electric,2023,Jul,97111,"1,500",0
Oregon,Portland General Electric,2023,Jul,97113,"5,377",2
Oregon,Portland General Electric,2023,Jul,97114,"1,757",1
Oregon,Portland General Electric,2023,Jul,97115,"1,699",0
Oregon,Portland General Electric,2023,Jul,97116,832,0
Oregon,Portland General Electric,2023,Jul,97117,266,0
Oregon,Portland General Electric,2023,Jul,97119,"1,616",1
Oregon,Portland General Electric,2023,Jul,97123,"18,547",14
Oregon,Portland General Electric,2023,Jul,97124,82,8
Oregon,Portland General Electric,2023,Jul,97125,8,10
Oregon,Portland General Electric,2023,Jul,97127,"1,534",0
Oregon,Portland General Electric,2023,Jul,97128,495,0
Oregon,Portland General Electric,2023,Jul,97132,"12,091",0
Oregon,Portland General Electric,2023,Jul,97133,"2,396",0
Oregon,Portland General Electric,2023,Jul,97137,482,0
Oregon,Portland General Electric,2023,Jul,97140,"9,473",0
Oregon,Portland General Electric,2023,Jul,97148,"1,351",0
Oregon,Portland General Electric,2023,Jul,97201,"7,317",1
Oregon,Portland General Electric,2023,Jul,97202,"20,225",2
Oregon,Portland General Electric,2023,Jul,97203,"13,089",3
Oregon,Portland General Electric,2023,Jul,97204,414,0
Oregon,Portland General Electric,2023,Jul,97205,"3,224",1
Oregon,Portland General Electric,2023,Jul,97206,"22,083",2
Oregon,Portland General Electric,2023,Jul,97209,"15,420",3
Oregon,Portland General Electric,2023,Jul,97210,"7,984",0
Oregon,Portland General Electric,2023,Jul,97211,7,0
Oregon,Portland General Electric,2023,Jul,97213,"3,107",0
Oregon,Portland General Electric,2023,Jul,97214,"15,602",4
Oregon,Portland General Electric,2023,Jul,97215,"7,687",2
Oregon,Portland General Electric,2023,Jul,97216,"4,235",0
Oregon,Portland General Electric,2023,Jul,97217,"13,081",1
Oregon,Portland General Electric,2023,Jul,97219,"17,511",10
Oregon,Portland General Electric,2023,Jul,97221,"5,539",0
Oregon,Portland General Electric,2023,Jul,97222,"13,553",4
Oregon,Portland General Electric,2023,Jul,97223,"7,444",2
Oregon,Portland General Electric,2023,Jul,97224,1,2
Oregon,Portland General Electric,2023,Jul,97225,"11,543",1
Oregon,Portland General Electric,2023,Jul,97227,424,0
Oregon,Portland General Electric,2023,Jul,97229,"28,348",1
Oregon,Portland General Electric,2023,Jul,97230,"15,634",3
Oregon,Portland General Electric,2023,Jul,97231,"1,982",0
Oregon,Portland General Electric,2023,Jul,97232,"5,415",0
Oregon,Portland General Electric,2023,Jul,97233,"15,319",11
Oregon,Portland General Electric,2023,Jul,97236,7,9
Oregon,Portland General Electric,2023,Jul,97239,"10,467",4
Oregon,Portland General Electric,2023,Jul,97266,"13,385",8
Oregon,Portland General Electric,2023,Jul,97267,"11,520",4
Oregon,Portland General Electric,2023,Jul,97301,"19,428",6
Oregon,Portland General Electric,2023,Jul,97302,"17,337",11
Oregon,Portland General Electric,2023,Jul,97303,"10,388",1
Oregon,Portland General Electric,2023,Jul,97304,"1,330",0
Oregon,Portland General Electric,2023,Jul,97305,"15,758",3
Oregon,Portland General Electric,2023,Jul,97306,"13,885",7
Oregon,Portland General Electric,2023,Jul,97317,"8,478",2
Oregon,Portland General Electric,2023,Jul,97325,147,0
Oregon,Portland General Electric,2023,Jul,97338,241,0
Oregon,Portland General Electric,2023,Jul,97347,810,1
Oregon,Portland General Electric,2023,Jul,97352,120,0
Oregon,Portland General Electric,2023,Jul,97362,"1,538",1
Oregon,Portland General Electric,2023,Jul,97371,104,0
Oregon,Portland General Electric,2023,Jul,97375,515,0
Oregon,Portland General Electric,2023,Jul,97378,"2,820",0
Oregon,Portland General Electric,2023,Jul,97381,"6,398",0
Oregon,Portland General Electric,2023,Jul,97385,142,0
Oregon,Portland General Electric,2023,Jul,97392,"1,943",0
Oregon,Portland General Electric,2023,Jul,97396,"1,362",0
Oregon,Northwest Natural Gas Company,2023,July,97002,788,0
Oregon,Northwest Natural Gas Company,2023,July,97003,6908,15
Oregon,Northwest Natural Gas Company,2023,July,97004,234,0
Oregon,Northwest Natural Gas Company,2023,July,97005,4301,4
Oregon,Northwest Natural Gas Company,2023,July,97006,9375,11
Oregon,Northwest Natural Gas Company,2023,July,97007,14104,7
Oregon,Northwest Natural Gas Company,2023,July,97008,6325,5
Oregon,Northwest Natural Gas Company,2023,July,97009,1097,2
Oregon,Northwest Natural Gas Company,2023,July,97013,3913,0
Oregon,Northwest Natural Gas Company,2023,July,97015,4670,6
Oregon,Northwest Natural Gas Company,2023,July,97016,115,0
Oregon,Northwest Natural Gas Company,2023,July,97018,655,0
Oregon,Northwest Natural Gas Company,2023,July,97020,161,0
Oregon,Northwest Natural Gas Company,2023,July,97024,2008,2
Oregon,Northwest Natural Gas Company,2023,July,97026,426,2
Oregon,Northwest Natural Gas Company,2023,July,97027,2980,3
Oregon,Northwest Natural Gas Company,2023,July,97030,6474,9
Oregon,Northwest Natural Gas Company,2023,July,97031,3736,3
Oregon,Northwest Natural Gas Company,2023,July,97032,912,0
Oregon,Northwest Natural Gas Company,2023,July,97034,6795,5
Oregon,Northwest Natural Gas Company,2023,July,97035,7271,12
Oregon,Northwest Natural Gas Company,2023,July,97036,1,0
Oregon,Northwest Natural Gas Company,2023,July,97038,2185,3
Oregon,Northwest Natural Gas Company,2023,July,97042,120,0
Oregon,Northwest Natural Gas Company,2023,July,97045,11491,8
Oregon,Northwest Natural Gas Company,2023,July,97048,390,0
Oregon,Northwest Natural Gas Company,2023,July,97051,3369,4
Oregon,Northwest Natural Gas Company,2023,July,97053,629,0
Oregon,Northwest Natural Gas Company,2023,July,97054,19,1
Oregon,Northwest Natural Gas Company,2023,July,97055,3569,14
Oregon,Northwest Natural Gas Company,2023,July,97056,2433,0
Oregon,Northwest Natural Gas Company,2023,July,97058,1666,3
Oregon,Northwest Natural Gas Company,2023,July,97060,4836,5
Oregon,Northwest Natural Gas Company,2023,July,97062,6122,4
Oregon,Northwest Natural Gas Company,2023,July,97064,717,1
Oregon,Northwest Natural Gas Company,2023,July,97068,9484,5
Oregon,Northwest Natural Gas Company,2023,July,97070,6337,0
Oregon,Northwest Natural Gas Company,2023,July,97071,5584,11
Oregon,Northwest Natural Gas Company,2023,July,97078,5990,6
Oregon,Northwest Natural Gas Company,2023,July,97080,11293,20
Oregon,Northwest Natural Gas Company,2023,July,97086,9365,24
Oregon,Northwest Natural Gas Company,2023,July,97089,3393,3
Oregon,Northwest Natural Gas Company,2023,July,97101,308,3
Oregon,Northwest Natural Gas Company,2023,July,97103,4071,2
Oregon,Northwest Natural Gas Company,2023,July,97106,456,0
Oregon,Northwest Natural Gas Company,2023,July,97110,1367,0
Oregon,Northwest Natural Gas Company,2023,July,97111,63,0
Oregon,Northwest Natural Gas Company,2023,July,97113,2780,7
Oregon,Northwest Natural Gas Company,2023,July,97114,17,0
Oregon,Northwest Natural Gas Company,2023,July,97115,958,0
Oregon,Northwest Natural Gas Company,2023,July,97116,3726,0
Oregon,Northwest Natural Gas Company,2023,July,97121,434,1
Oregon,Northwest Natural Gas Company,2023,July,97123,12085,19
Oregon,Northwest Natural Gas Company,2023,July,97124,10765,13
Oregon,Northwest Natural Gas Company,2023,July,97127,856,9
Oregon,Northwest Natural Gas Company,2023,July,97128,3466,10
Oregon,Northwest Natural Gas Company,2023,July,97132,5695,2
Oregon,Northwest Natural Gas Company,2023,July,97133,1242,3
Oregon,Northwest Natural Gas Company,2023,July,97138,4369,2
Oregon,Northwest Natural Gas Company,2023,July,97140,6732,4
Oregon,Northwest Natural Gas Company,2023,July,97146,2179,8
Oregon,Northwest Natural Gas Company,2023,July,97201,2633,2
Oregon,Northwest Natural Gas Company,2023,July,97202,11704,11
Oregon,Northwest Natural Gas Company,2023,July,97203,7542,14
Oregon,Northwest Natural Gas Company,2023,July,97204,129,0
Oregon,Northwest Natural Gas Company,2023,July,97205,1606,0
Oregon,Northwest Natural Gas Company,2023,July,97206,13969,20
Oregon,Northwest Natural Gas Company,2023,July,97209,2434,1
Oregon,Northwest Natural Gas Company,2023,July,97210,4330,1
Oregon,Northwest Natural Gas Company,2023,July,97211,10515,34
Oregon,Northwest Natural Gas Company,2023,July,97212,8534,18
Oregon,Northwest Natural Gas Company,2023,July,97213,9851,34
Oregon,Northwest Natural Gas Company,2023,July,97214,8538,18
Oregon,Northwest Natural Gas Company,2023,July,97215,5756,7
Oregon,Northwest Natural Gas Company,2023,July,97216,3448,2
Oregon,Northwest Natural Gas Company,2023,July,97217,10600,29
Oregon,Northwest Natural Gas Company,2023,July,97218,3629,5
Oregon,Northwest Natural Gas Company,2023,July,97219,12514,10
Oregon,Northwest Natural Gas Company,2023,July,97220,6712,18
Oregon,Northwest Natural Gas Company,2023,July,97221,3960,3
Oregon,Northwest Natural Gas Company,2023,July,97222,8111,4
Oregon,Northwest Natural Gas Company,2023,July,97223,12985,4
Oregon,Northwest Natural Gas Company,2023,July,97224,10788,0
Oregon,Northwest Natural Gas Company,2023,July,97225,7310,4
Oregon,Northwest Natural Gas Company,2023,July,97227,1659,2
Oregon,Northwest Natural Gas Company,2023,July,97229,21439,13
Oregon,Northwest Natural Gas Company,2023,July,97230,9409,20
Oregon,Northwest Natural Gas Company,2023,July,97231,777,1
Oregon,Northwest Natural Gas Company,2023,July,97232,2923,6
Oregon,Northwest Natural Gas Company,2023,July,97233,6233,23
Oregon,Northwest Natural Gas Company,2023,July,97236,7243,12
Oregon,Northwest Natural Gas Company,2023,July,97239,3965,4
Oregon,Northwest Natural Gas Company,2023,July,97248,1,0
Oregon,Northwest Natural Gas Company,2023,July,97266,7257,37
Oregon,Northwest Natural Gas Company,2023,July,97267,8761,9
Oregon,Northwest Natural Gas Company,2023,July,97301,8674,23
Oregon,Northwest Natural Gas Company,2023,July,97302,10326,6
Oregon,Northwest Natural Gas Company,2023,July,97303,9015,8
Oregon,Northwest Natural Gas Company,2023,July,97304,7346,14
Oregon,Northwest Natural Gas Company,2023,July,97305,6905,1
Oregon,Northwest Natural Gas Company,2023,July,97306,8749,4
Oregon,Northwest Natural Gas Company,2023,July,97310,9,0
Oregon,Northwest Natural Gas Company,2023,July,97317,3888,0
Oregon,Northwest Natural Gas Company,2023,July,97321,8829,2
Oregon,Northwest Natural Gas Company,2023,July,97322,7446,10
Oregon,Northwest Natural Gas Company,2023,July,97325,804,0
Oregon,Northwest Natural Gas Company,2023,July,97327,553,0
Oregon,Northwest Natural Gas Company,2023,July,97330,9363,8
Oregon,Northwest Natural Gas Company,2023,July,97333,4478,5
Oregon,Northwest Natural Gas Company,2023,July,97338,4631,15
Oregon,Northwest Natural Gas Company,2023,July,97341,1360,1
Oregon,Northwest Natural Gas Company,2023,July,97345,12,0
Oregon,Northwest Natural Gas Company,2023,July,97347,221,6
Oregon,Northwest Natural Gas Company,2023,July,97348,218,0
Oregon,Northwest Natural Gas Company,2023,July,97351,1841,4
Oregon,Northwest Natural Gas Company,2023,July,97352,778,1
Oregon,Northwest Natural Gas Company,2023,July,97355,5134,14
Oregon,Northwest Natural Gas Company,2023,July,97358,413,2
Oregon,Northwest Natural Gas Company,2023,July,97360,501,0
Oregon,Northwest Natural Gas Company,2023,July,97361,1355,0
Oregon,Northwest Natural Gas Company,2023,July,97362,757,0
Oregon,Northwest Natural Gas Company,2023,July,97364,229,0
Oregon,Northwest Natural Gas Company,2023,July,97365,1676,0
Oregon,Northwest Natural Gas Company,2023,July,97366,181,0
Oregon,Northwest Natural Gas Company,2023,July,97367,4245,7
Oregon,Northwest Natural Gas Company,2023,July,97368,896,2
Oregon,Northwest Natural Gas Company,2023,July,97370,1261,1
Oregon,Northwest Natural Gas Company,2023,July,97371,44,0
Oregon,Northwest Natural Gas Company,2023,July,97372,9,0
Oregon,Northwest Natural Gas Company,2023,July,97374,302,0
Oregon,Northwest Natural Gas Company,2023,July,97377,53,1
Oregon,Northwest Natural Gas Company,2023,July,97378,803,6
Oregon,Northwest Natural Gas Company,2023,July,97380,153,1
Oregon,Northwest Natural Gas Company,2023,July,97381,2964,2
Oregon,Northwest Natural Gas Company,2023,July,97383,1785,4
Oregon,Northwest Natural Gas Company,2023,July,97384,31,0
Oregon,Northwest Natural Gas Company,2023,July,97385,898,0
Oregon,Northwest Natural Gas Company,2023,July,97386,2190,6
Oregon,Northwest Natural Gas Company,2023,July,97388,1049,1
Oregon,Northwest Natural Gas Company,2023,July,97389,310,0
Oregon,Northwest Natural Gas Company,2023,July,97391,291,0
Oregon,Northwest Natural Gas Company,2023,July,97392,989,0
Oregon,Northwest Natural Gas Company,2023,July,97396,409,1
Oregon,Northwest Natural Gas Company,2023,July,97401,5646,9
Oregon,Northwest Natural Gas Company,2023,July,97402,4603,1
Oregon,Northwest Natural Gas Company,2023,July,97403,1583,1
Oregon,Northwest Natural Gas Company,2023,July,97404,6367,5
Oregon,Northwest Natural Gas Company,2023,July,97405,7005,13
Oregon,Northwest Natural Gas Company,2023,July,97408,3001,3
Oregon,Avista Utilities,2023,July,97417,309,2
Oregon,Northwest Natural Gas Company,2023,July,97420,839,2
Oregon,Northwest Natural Gas Company,2023,July,97423,219,0
Oregon,Northwest Natural Gas Company,2023,July,97424,2343,16
Oregon,Northwest Natural Gas Company,2023,July,97426,1302,0
Oregon,Avista Utilities,2023,July,97432,53,0
Oregon,Northwest Natural Gas Company,2023,July,97438,8,0
Oregon,Avista Utilities,2023,July,97442,148,1
Oregon,Northwest Natural Gas Company,2023,July,97446,586,0
Oregon,Northwest Natural Gas Company,2023,July,97448,1472,2
Oregon,Northwest Natural Gas Company,2023,July,97455,138,0
Oregon,Avista Utilities,2023,July,97457,1472,7
Oregon,Northwest Natural Gas Company,2023,July,97458,139,1
Oregon,Northwest Natural Gas Company,2023,July,97459,602,0
Oregon,Avista Utilities,2023,July,97462,279,1
Oregon,Avista Utilities,2023,July,97469,263,0
Oregon,Avista Utilities,2023,July,97470,3498,15
Oregon,Avista Utilities,2023,July,97471,5110,15
Oregon,Northwest Natural Gas Company,2023,July,97477,3114,7
Oregon,Northwest Natural Gas Company,2023,July,97478,2487,1
Oregon,Avista Utilities,2023,July,97479,1703,7
Oregon,Avista Utilities,2023,July,97495,511,0
Oregon,Avista Utilities,2023,July,97496,1154,3
Oregon,Avista Utilities,2023,July,97497,2,0
Oregon,Avista Utilities,2023,July,97501,9216,47
Oregon,Avista Utilities,2023,July,97502,6470,6
Oregon,Avista Utilities,2023,July,97503,1691,0
Oregon,Avista Utilities,2023,July,97504,13424,38
Oregon,Avista Utilities,2023,July,97520,7372,5
Oregon,Avista Utilities,2023,July,97524,2853,2
Oregon,Avista Utilities,2023,July,97525,574,1
Oregon,Avista Utilities,2023,July,97526,6442,18
Oregon,Avista Utilities,2023,July,97527,5664,22
Oregon,Avista Utilities,2023,July,97528,3,0
Oregon,Avista Utilities,2023,July,97530,1256,3
Oregon,Avista Utilities,2023,July,97535,1170,0
Oregon,Avista Utilities,2023,July,97537,567,1
Oregon,Avista Utilities,2023,July,97539,234,0
Oregon,Avista Utilities,2023,July,97540,1462,0
Oregon,Avista Utilities,2023,July,97601,6506,42
Oregon,Avista Utilities,2023,July,97603,8886,34
Oregon,Avista Utilities,2023,July,97623,59,0
Oregon,Avista Utilities,2023,July,97627,206,0
Oregon,Avista Utilities,2023,July,97632,133,2
Oregon,Avista Utilities,2023,July,97634,31,0
Oregon,Cascade Natural Gas,2023,July,97701,10558,3
Oregon,Cascade Natural Gas,2023,July,97702,13982,18
Oregon,Cascade Natural Gas,2023,July,97703,9639,1
Oregon,Cascade Natural Gas,2023,July,97707,3832,0
Oregon,Cascade Natural Gas,2023,July,97731,25,0
Oregon,Cascade Natural Gas,2023,July,97733,70,0
Oregon,Cascade Natural Gas,2023,July,97737,124,0
Oregon,Cascade Natural Gas,2023,July,97739,426,0
Oregon,Cascade Natural Gas,2023,July,97741,1506,2
Oregon,Cascade Natural Gas,2023,July,97753,447,0
Oregon,Cascade Natural Gas,2023,July,97754,2874,12
Oregon,Cascade Natural Gas,2023,July,97756,9360,18
Oregon,Cascade Natural Gas,2023,July,97801,4842,23
Oregon,Northwest Natural Gas Company,2023,July,97809,1,0
Oregon,Cascade Natural Gas,2023,July,97813,345,1
Oregon,Idaho Power,2023,July,97814,4,0
Oregon,Idaho Power,2023,July,97814,3,0
Oregon,Cascade Natural Gas,2023,July,97814,3443,8
Oregon,Cascade Natural Gas,2023,July,97818,321,3
Oregon,Idaho Power,2023,July,97819,25,0
Oregon,Idaho Power,2023,July,97819,25,0
Oregon,Avista Utilities,2023,July,97824,325,0
Oregon,Cascade Natural Gas,2023,July,97826,23,0
Oregon,Avista Utilities,2023,July,97827,534,1
Oregon,Idaho Power,2023,July,97834,665,0
Oregon,Idaho Power,2023,July,97834,664,0
Oregon,Idaho Power,2023,July,97837,71,0
Oregon,Idaho Power,2023,July,97837,72,0
Oregon,Cascade Natural Gas,2023,July,97838,4120,12
Oregon,Idaho Power,2023,July,97840,107,0
Oregon,Idaho Power,2023,July,97840,116,0
Oregon,Avista Utilities,2023,July,97841,136,0
Oregon,Cascade Natural Gas,2023,July,97844,176,1
Oregon,Avista Utilities,2023,July,97850,4996,11
Oregon,Cascade Natural Gas,2023,July,97862,234,0
Oregon,Avista Utilities,2023,July,97867,145,1
Oregon,Cascade Natural Gas,2023,July,97868,461,3
Oregon,Idaho Power,2023,July,97870,436,0
Oregon,Idaho Power,2023,July,97870,437,0
Oregon,Cascade Natural Gas,2023,July,97875,375,0
Oregon,Avista Utilities,2023,July,97876,49,0
Oregon,Cascade Natural Gas,2023,July,97882,1029,1
Oregon,Avista Utilities,2023,July,97883,767,2
Oregon,Idaho Power,2023,July,97884,171,0
Oregon,Idaho Power,2023,July,97884,170,0
Oregon,Cascade Natural Gas,2023,July,97886,188,1
Oregon,Idaho Power,2023,July,97901,371,1
Oregon,Idaho Power,2023,July,97901,371,0
Oregon,Idaho Power,2023,July,97902,31,0
Oregon,Idaho Power,2023,July,97902,30,0
Oregon,Idaho Power,2023,July,97903,82,0
Oregon,Idaho Power,2023,July,97903,80,0
Oregon,Idaho Power,2023,July,97904,114,0
Oregon,Idaho Power,2023,July,97904,114,0
Oregon,Idaho Power,2023,July,97905,105,0
Oregon,Idaho Power,2023,July,97905,108,0
Oregon,Idaho Power,2023,July,97906,147,0
Oregon,Idaho Power,2023,July,97906,143,0
Oregon,Cascade Natural Gas,2023,July,97907,129,0
Oregon,Idaho Power,2023,July,97907,384,0
Oregon,Idaho Power,2023,July,97907,378,3
Oregon,Idaho Power,2023,July,97908,60,0
Oregon,Idaho Power,2023,July,97908,63,0
Oregon,Idaho Power,2023,July,97909,51,0
Oregon,Idaho Power,2023,July,97909,50,0
Oregon,Idaho Power,2023,July,97910,386,0
Oregon,Idaho Power,2023,July,97910,385,0
Oregon,Idaho Power,2023,July,97911,95,0
Oregon,Idaho Power,2023,July,97911,95,0
Oregon,Idaho Power,2023,July,97913,2160,5
Oregon,Idaho Power,2023,July,97913,2179,1
Oregon,Cascade Natural Gas,2023,July,97913,740,2
Oregon,Idaho Power,2023,July,97914,7052,21
Oregon,Cascade Natural Gas,2023,July,97914,2679,11
Oregon,Idaho Power,2023,July,97914,7013,23
Oregon,Idaho Power,2023,July,97917,1,0
Oregon,Idaho Power,2023,July,97917,1,0
Oregon,Idaho Power,2023,July,97918,1981,1
Oregon,Cascade Natural Gas,2023,July,97918,423,1
Oregon,Idaho Power,2023,July,97918,1986,3
Oregon,Idaho Power,2023,July,97920,36,0
Oregon,Idaho Power,2023,July,97920,35,0
Oregon,Portland General Electric,2023,Jun,97002,"2,235",7
Oregon,Portland General Electric,2023,Jun,97003,171,87
Oregon,Portland General Electric,2023,Jun,97004,"1,765",2
Oregon,Portland General Electric,2023,Jun,97005,"12,270",110
Oregon,Portland General Electric,2023,Jun,97006,36,156
Oregon,Portland General Electric,2023,Jun,97007,25,51
Oregon,Portland General Electric,2023,Jun,97008,"11,932",76
Oregon,Portland General Electric,2023,Jun,97009,"3,376",16
Oregon,Portland General Electric,2023,Jun,97011,491,0
Oregon,Portland General Electric,2023,Jun,97013,"2,340",7
Oregon,Portland General Electric,2023,Jun,97015,"8,208",52
Oregon,Portland General Electric,2023,Jun,97017,"1,124",2
Oregon,Portland General Electric,2023,Jun,97019,"1,222",1
Oregon,Portland General Electric,2023,Jun,97020,373,3
Oregon,Portland General Electric,2023,Jun,97022,"1,452",10
Oregon,Portland General Electric,2023,Jun,97023,"5,002",24
Oregon,Portland General Electric,2023,Jun,97024,"4,681",44
Oregon,Portland General Electric,2023,Jun,97026,"1,206",11
Oregon,Portland General Electric,2023,Jun,97027,"4,930",32
Oregon,Portland General Electric,2023,Jun,97028,802,0
Oregon,Portland General Electric,2023,Jun,97030,"15,475",173
Oregon,Portland General Electric,2023,Jun,97032,"1,732",8
Oregon,Portland General Electric,2023,Jun,97034,"8,439",7
Oregon,Portland General Electric,2023,Jun,97035,427,24
Oregon,Portland General Electric,2023,Jun,97036,2,0
Oregon,Portland General Electric,2023,Jun,97038,"6,387",23
Oregon,Portland General Electric,2023,Jun,97042,"1,208",1
Oregon,Portland General Electric,2023,Jun,97045,"22,357",108
Oregon,Portland General Electric,2023,Jun,97049,"1,638",2
Oregon,Portland General Electric,2023,Jun,97055,"8,077",23
Oregon,Portland General Electric,2023,Jun,97056,29,0
Oregon,Portland General Electric,2023,Jun,97060,"6,643",38
Oregon,Portland General Electric,2023,Jun,97062,"11,394",82
Oregon,Portland General Electric,2023,Jun,97067,"1,386",8
Oregon,Portland General Electric,2023,Jun,97068,"11,682",19
Oregon,Portland General Electric,2023,Jun,97070,"11,522",62
Oregon,Portland General Electric,2023,Jun,97071,"10,526",52
Oregon,Portland General Electric,2023,Jun,97078,134,80
Oregon,Portland General Electric,2023,Jun,97080,"16,606",95
Oregon,Portland General Electric,2023,Jun,97086,"1,246",75
Oregon,Portland General Electric,2023,Jun,97089,265,9
Oregon,Portland General Electric,2023,Jun,97101,"1,546",3
Oregon,Portland General Electric,2023,Jun,97106,"1,579",4
Oregon,Portland General Electric,2023,Jun,97109,82,0
Oregon,Portland General Electric,2023,Jun,97111,"1,501",3
Oregon,Portland General Electric,2023,Jun,97113,"5,376",28
Oregon,Portland General Electric,2023,Jun,97114,"1,761",2
Oregon,Portland General Electric,2023,Jun,97115,"1,702",1
Oregon,Portland General Electric,2023,Jun,97116,832,2
Oregon,Portland General Electric,2023,Jun,97117,266,0
Oregon,Portland General Electric,2023,Jun,97119,"1,616",6
Oregon,Portland General Electric,2023,Jun,97123,"18,537",85
Oregon,Portland General Electric,2023,Jun,97124,82,105
Oregon,Portland General Electric,2023,Jun,97125,8,10
Oregon,Portland General Electric,2023,Jun,97127,"1,535",3
Oregon,Portland General Electric,2023,Jun,97128,495,1
Oregon,Portland General Electric,2023,Jun,97132,"12,078",31
Oregon,Portland General Electric,2023,Jun,97133,"2,382",0
Oregon,Portland General Electric,2023,Jun,97137,484,1
Oregon,Portland General Electric,2023,Jun,97140,"9,487",23
Oregon,Portland General Electric,2023,Jun,97148,"1,354",1
Oregon,Portland General Electric,2023,Jun,97201,"7,348",20
Oregon,Portland General Electric,2023,Jun,97202,"20,233",90
Oregon,Portland General Electric,2023,Jun,97203,"13,124",84
Oregon,Portland General Electric,2023,Jun,97204,414,3
Oregon,Portland General Electric,2023,Jun,97205,"3,220",10
Oregon,Portland General Electric,2023,Jun,97206,"22,102",108
Oregon,Portland General Electric,2023,Jun,97209,"15,453",63
Oregon,Portland General Electric,2023,Jun,97210,"7,996",15
Oregon,Portland General Electric,2023,Jun,97211,7,1
Oregon,Portland General Electric,2023,Jun,97213,"3,116",16
Oregon,Portland General Electric,2023,Jun,97214,"15,444",62
Oregon,Portland General Electric,2023,Jun,97215,"7,696",25
Oregon,Portland General Electric,2023,Jun,97216,"4,229",13
Oregon,Portland General Electric,2023,Jun,97217,"13,048",69
Oregon,Portland General Electric,2023,Jun,97219,"17,514",48
Oregon,Portland General Electric,2023,Jun,97221,"5,542",10
Oregon,Portland General Electric,2023,Jun,97222,"13,565",82
Oregon,Portland General Electric,2023,Jun,97223,"7,446",129
Oregon,Portland General Electric,2023,Jun,97224,1,62
Oregon,Portland General Electric,2023,Jun,97225,"11,552",43
Oregon,Portland General Electric,2023,Jun,97227,424,0
Oregon,Portland General Electric,2023,Jun,97229,"28,344",82
Oregon,Portland General Electric,2023,Jun,97230,"15,633",166
Oregon,Portland General Electric,2023,Jun,97231,"1,982",6
Oregon,Portland General Electric,2023,Jun,97232,"5,421",22
Oregon,Portland General Electric,2023,Jun,97233,"15,384",218
Oregon,Portland General Electric,2023,Jun,97236,7,130
Oregon,Portland General Electric,2023,Jun,97239,"10,434",30
Oregon,Portland General Electric,2023,Jun,97266,"13,410",100
Oregon,Portland General Electric,2023,Jun,97267,"11,518",62
Oregon,Portland General Electric,2023,Jun,97301,"19,436",235
Oregon,Portland General Electric,2023,Jun,97302,"17,343",80
Oregon,Portland General Electric,2023,Jun,97303,"10,395",52
Oregon,Portland General Electric,2023,Jun,97304,"1,330",1
Oregon,Portland General Electric,2023,Jun,97305,"15,770",173
Oregon,Portland General Electric,2023,Jun,97306,"13,889",56
Oregon,Portland General Electric,2023,Jun,97317,"8,483",54
Oregon,Portland General Electric,2023,Jun,97325,147,2
Oregon,Portland General Electric,2023,Jun,97338,241,0
Oregon,Portland General Electric,2023,Jun,97347,795,2
Oregon,Portland General Electric,2023,Jun,97352,119,0
Oregon,Portland General Electric,2023,Jun,97362,"1,539",3
Oregon,Portland General Electric,2023,Jun,97371,105,1
Oregon,Portland General Electric,2023,Jun,97375,514,1
Oregon,Portland General Electric,2023,Jun,97378,"2,831",12
Oregon,Portland General Electric,2023,Jun,97381,"6,407",20
Oregon,Portland General Electric,2023,Jun,97385,142,1
Oregon,Portland General Electric,2023,Jun,97392,"1,944",4
Oregon,Portland General Electric,2023,Jun,97396,"1,365",8
Oregon,Northwest Natural Gas Company,2023,June,97002,789,1
Oregon,Northwest Natural Gas Company,2023,June,97003,6916,10
Oregon,Northwest Natural Gas Company,2023,June,97004,233,0
Oregon,Northwest Natural Gas Company,2023,June,97005,4311,9
Oregon,Northwest Natural Gas Company,2023,June,97006,9381,11
Oregon,Northwest Natural Gas Company,2023,June,97007,14086,23
Oregon,Northwest Natural Gas Company,2023,June,97008,6333,5
Oregon,Northwest Natural Gas Company,2023,June,97009,1100,2
Oregon,Northwest Natural Gas Company,2023,June,97013,3882,5
Oregon,Northwest Natural Gas Company,2023,June,97015,4672,10
Oregon,Northwest Natural Gas Company,2023,June,97016,115,0
Oregon,Northwest Natural Gas Company,2023,June,97018,655,0
Oregon,Northwest Natural Gas Company,2023,June,97020,161,0
Oregon,Northwest Natural Gas Company,2023,June,97024,2007,2
Oregon,Northwest Natural Gas Company,2023,June,97026,425,1
Oregon,Northwest Natural Gas Company,2023,June,97027,2983,3
Oregon,Northwest Natural Gas Company,2023,June,97030,6490,12
Oregon,Northwest Natural Gas Company,2023,June,97031,3737,3
Oregon,Northwest Natural Gas Company,2023,June,97032,913,1
Oregon,Northwest Natural Gas Company,2023,June,97034,6792,4
Oregon,Northwest Natural Gas Company,2023,June,97035,7278,8
Oregon,Northwest Natural Gas Company,2023,June,97036,1,0
Oregon,Northwest Natural Gas Company,2023,June,97038,2186,8
Oregon,Northwest Natural Gas Company,2023,June,97042,122,0
Oregon,Northwest Natural Gas Company,2023,June,97045,11513,15
Oregon,Northwest Natural Gas Company,2023,June,97048,394,5
Oregon,Northwest Natural Gas Company,2023,June,97051,3366,7
Oregon,Northwest Natural Gas Company,2023,June,97053,629,0
Oregon,Northwest Natural Gas Company,2023,June,97054,19,0
Oregon,Northwest Natural Gas Company,2023,June,97055,3570,2
Oregon,Northwest Natural Gas Company,2023,June,97056,2438,3
Oregon,Northwest Natural Gas Company,2023,June,97058,1673,0
Oregon,Northwest Natural Gas Company,2023,June,97060,4833,12
Oregon,Northwest Natural Gas Company,2023,June,97062,6121,3
Oregon,Northwest Natural Gas Company,2023,June,97064,716,1
Oregon,Northwest Natural Gas Company,2023,June,97068,9488,10
Oregon,Northwest Natural Gas Company,2023,June,97070,6350,9
Oregon,Northwest Natural Gas Company,2023,June,97071,5585,11
Oregon,Northwest Natural Gas Company,2023,June,97078,5997,19
Oregon,Northwest Natural Gas Company,2023,June,97080,11300,9
Oregon,Northwest Natural Gas Company,2023,June,97086,9369,9
Oregon,Northwest Natural Gas Company,2023,June,97089,3395,2
Oregon,Northwest Natural Gas Company,2023,June,97101,311,0
Oregon,Northwest Natural Gas Company,2023,June,97103,4077,8
Oregon,Northwest Natural Gas Company,2023,June,97106,457,0
Oregon,Northwest Natural Gas Company,2023,June,97110,1368,0
Oregon,Northwest Natural Gas Company,2023,June,97111,63,0
Oregon,Northwest Natural Gas Company,2023,June,97113,2774,5
Oregon,Northwest Natural Gas Company,2023,June,97114,17,0
Oregon,Northwest Natural Gas Company,2023,June,97115,960,1
Oregon,Northwest Natural Gas Company,2023,June,97116,3733,4
Oregon,Northwest Natural Gas Company,2023,June,97121,431,0
Oregon,Northwest Natural Gas Company,2023,June,97123,12075,21
Oregon,Northwest Natural Gas Company,2023,June,97124,10786,12
Oregon,Northwest Natural Gas Company,2023,June,97127,854,3
Oregon,Northwest Natural Gas Company,2023,June,97128,3454,5
Oregon,Northwest Natural Gas Company,2023,June,97132,5702,6
Oregon,Northwest Natural Gas Company,2023,June,97133,1239,1
Oregon,Northwest Natural Gas Company,2023,June,97138,4387,2
Oregon,Northwest Natural Gas Company,2023,June,97140,6727,10
Oregon,Northwest Natural Gas Company,2023,June,97146,2184,8
Oregon,Northwest Natural Gas Company,2023,June,97201,2617,4
Oregon,Northwest Natural Gas Company,2023,June,97202,11742,9
Oregon,Northwest Natural Gas Company,2023,June,97203,7569,22
Oregon,Northwest Natural Gas Company,2023,June,97204,125,0
Oregon,Northwest Natural Gas Company,2023,June,97205,1605,3
Oregon,Northwest Natural Gas Company,2023,June,97206,14011,27
Oregon,Northwest Natural Gas Company,2023,June,97209,2445,3
Oregon,Northwest Natural Gas Company,2023,June,97210,4336,6
Oregon,Northwest Natural Gas Company,2023,June,97211,10541,35
Oregon,Northwest Natural Gas Company,2023,June,97212,8552,12
Oregon,Northwest Natural Gas Company,2023,June,97213,9869,15
Oregon,Northwest Natural Gas Company,2023,June,97214,8580,10
Oregon,Northwest Natural Gas Company,2023,June,97215,5766,8
Oregon,Northwest Natural Gas Company,2023,June,97216,3456,23
Oregon,Northwest Natural Gas Company,2023,June,97217,10595,25
Oregon,Northwest Natural Gas Company,2023,June,97218,3639,9
Oregon,Northwest Natural Gas Company,2023,June,97219,12501,10
Oregon,Northwest Natural Gas Company,2023,June,97220,6733,21
Oregon,Northwest Natural Gas Company,2023,June,97221,3959,5
Oregon,Northwest Natural Gas Company,2023,June,97222,8123,17
Oregon,Northwest Natural Gas Company,2023,June,97223,12995,26
Oregon,Northwest Natural Gas Company,2023,June,97224,10788,10
Oregon,Northwest Natural Gas Company,2023,June,97225,7313,6
Oregon,Northwest Natural Gas Company,2023,June,97227,1660,0
Oregon,Northwest Natural Gas Company,2023,June,97229,21466,14
Oregon,Northwest Natural Gas Company,2023,June,97230,9442,33
Oregon,Northwest Natural Gas Company,2023,June,97231,779,1
Oregon,Northwest Natural Gas Company,2023,June,97232,2927,8
Oregon,Northwest Natural Gas Company,2023,June,97233,6245,15
Oregon,Northwest Natural Gas Company,2023,June,97236,7262,14
Oregon,Northwest Natural Gas Company,2023,June,97239,3974,9
Oregon,Northwest Natural Gas Company,2023,June,97248,1,0
Oregon,Northwest Natural Gas Company,2023,June,97266,7273,25
Oregon,Northwest Natural Gas Company,2023,June,97267,8771,20
Oregon,Northwest Natural Gas Company,2023,June,97301,8690,17
Oregon,Northwest Natural Gas Company,2023,June,97302,10349,17
Oregon,Northwest Natural Gas Company,2023,June,97303,9024,16
Oregon,Northwest Natural Gas Company,2023,June,97304,7350,9
Oregon,Northwest Natural Gas Company,2023,June,97305,6915,16
Oregon,Northwest Natural Gas Company,2023,June,97306,8747,9
Oregon,Northwest Natural Gas Company,2023,June,97310,9,0
Oregon,Northwest Natural Gas Company,2023,June,97317,3885,1
Oregon,Northwest Natural Gas Company,2023,June,97321,8833,11
Oregon,Northwest Natural Gas Company,2023,June,97322,7444,10
Oregon,Northwest Natural Gas Company,2023,June,97325,806,3
Oregon,Northwest Natural Gas Company,2023,June,97327,554,1
Oregon,Northwest Natural Gas Company,2023,June,97330,9371,5
Oregon,Northwest Natural Gas Company,2023,June,97333,4488,4
Oregon,Northwest Natural Gas Company,2023,June,97338,4648,6
Oregon,Northwest Natural Gas Company,2023,June,97341,1359,0
Oregon,Northwest Natural Gas Company,2023,June,97345,12,0
Oregon,Northwest Natural Gas Company,2023,June,97347,225,5
Oregon,Northwest Natural Gas Company,2023,June,97348,216,0
Oregon,Northwest Natural Gas Company,2023,June,97351,1840,11
Oregon,Northwest Natural Gas Company,2023,June,97352,779,1
Oregon,Northwest Natural Gas Company,2023,June,97355,5153,5
Oregon,Northwest Natural Gas Company,2023,June,97358,412,0
Oregon,Northwest Natural Gas Company,2023,June,97360,503,1
Oregon,Northwest Natural Gas Company,2023,June,97361,1356,1
Oregon,Northwest Natural Gas Company,2023,June,97362,754,6
Oregon,Northwest Natural Gas Company,2023,June,97364,229,0
Oregon,Northwest Natural Gas Company,2023,June,97365,1675,3
Oregon,Northwest Natural Gas Company,2023,June,97366,181,0
Oregon,Northwest Natural Gas Company,2023,June,97367,4250,5
Oregon,Northwest Natural Gas Company,2023,June,97368,893,1
Oregon,Northwest Natural Gas Company,2023,June,97370,1260,1
Oregon,Northwest Natural Gas Company,2023,June,97371,44,0
Oregon,Northwest Natural Gas Company,2023,June,97372,9,0
Oregon,Northwest Natural Gas Company,2023,June,97374,302,1
Oregon,Northwest Natural Gas Company,2023,June,97377,53,0
Oregon,Northwest Natural Gas Company,2023,June,97378,812,7
Oregon,Northwest Natural Gas Company,2023,June,97380,153,0
Oregon,Northwest Natural Gas Company,2023,June,97381,2961,6
Oregon,Northwest Natural Gas Company,2023,June,97383,1787,1
Oregon,Northwest Natural Gas Company,2023,June,97384,32,0
Oregon,Northwest Natural Gas Company,2023,June,97385,899,0
Oregon,Northwest Natural Gas Company,2023,June,97386,2189,3
Oregon,Northwest Natural Gas Company,2023,June,97388,1049,0
Oregon,Northwest Natural Gas Company,2023,June,97389,310,0
Oregon,Northwest Natural Gas Company,2023,June,97391,291,1
Oregon,Northwest Natural Gas Company,2023,June,97392,991,3
Oregon,Northwest Natural Gas Company,2023,June,97396,414,5
Oregon,Northwest Natural Gas Company,2023,June,97401,5668,8
Oregon,Northwest Natural Gas Company,2023,June,97402,4610,10
Oregon,Northwest Natural Gas Company,2023,June,97403,1586,2
Oregon,Northwest Natural Gas Company,2023,June,97404,6363,7
Oregon,Northwest Natural Gas Company,2023,June,97405,7013,5
Oregon,Northwest Natural Gas Company,2023,June,97408,3005,5
Oregon,Avista Utilities,2023,June,97417,313,3
Oregon,Northwest Natural Gas Company,2023,June,97420,841,1
Oregon,Northwest Natural Gas Company,2023,June,97423,219,1
Oregon,Northwest Natural Gas Company,2023,June,97424,2342,4
Oregon,Northwest Natural Gas Company,2023,June,97426,1303,3
Oregon,Avista Utilities,2023,June,97432,56,1
Oregon,Northwest Natural Gas Company,2023,June,97438,8,0
Oregon,Avista Utilities,2023,June,97442,151,2
Oregon,Northwest Natural Gas Company,2023,June,97446,586,0
Oregon,Northwest Natural Gas Company,2023,June,97448,1463,1
Oregon,Northwest Natural Gas Company,2023,June,97455,138,0
Oregon,Avista Utilities,2023,June,97457,1477,13
Oregon,Northwest Natural Gas Company,2023,June,97458,138,0
Oregon,Northwest Natural Gas Company,2023,June,97459,603,0
Oregon,Avista Utilities,2023,June,97462,277,0
Oregon,Avista Utilities,2023,June,97469,264,5
Oregon,Avista Utilities,2023,June,97470,3528,22
Oregon,Avista Utilities,2023,June,97471,5114,11
Oregon,Northwest Natural Gas Company,2023,June,97477,3106,0
Oregon,Northwest Natural Gas Company,2023,June,97478,2487,2
Oregon,Avista Utilities,2023,June,97479,1709,3
Oregon,Avista Utilities,2023,June,97495,511,2
Oregon,Avista Utilities,2023,June,97496,1154,7
Oregon,Avista Utilities,2023,June,97497,2,0
Oregon,Avista Utilities,2023,June,97501,9237,20
Oregon,Avista Utilities,2023,June,97502,6493,15
Oregon,Avista Utilities,2023,June,97503,1698,12
Oregon,Avista Utilities,2023,June,97504,13433,18
Oregon,Avista Utilities,2023,June,97520,7387,13
Oregon,Avista Utilities,2023,June,97524,2851,11
Oregon,Avista Utilities,2023,June,97525,578,7
Oregon,Avista Utilities,2023,June,97526,6446,21
Oregon,Avista Utilities,2023,June,97527,5684,19
Oregon,Avista Utilities,2023,June,97528,2,0
Oregon,Avista Utilities,2023,June,97530,1265,0
Oregon,Avista Utilities,2023,June,97535,1172,0
Oregon,Avista Utilities,2023,June,97537,569,1
Oregon,Avista Utilities,2023,June,97539,237,0
Oregon,Avista Utilities,2023,June,97540,1458,0
Oregon,Avista Utilities,2023,June,97601,6541,42
Oregon,Avista Utilities,2023,June,97603,8921,40
Oregon,Avista Utilities,2023,June,97623,59,0
Oregon,Avista Utilities,2023,June,97627,204,0
Oregon,Avista Utilities,2023,June,97632,133,0
Oregon,Avista Utilities,2023,June,97634,31,0
Oregon,Cascade Natural Gas,2023,June,97701,10576,19
Oregon,Cascade Natural Gas,2023,June,97702,13974,20
Oregon,Cascade Natural Gas,2023,June,97703,9641,12
Oregon,Cascade Natural Gas,2023,June,97707,3828,1
Oregon,Cascade Natural Gas,2023,June,97731,25,0
Oregon,Cascade Natural Gas,2023,June,97733,72,1
Oregon,Cascade Natural Gas,2023,June,97737,124,0
Oregon,Cascade Natural Gas,2023,June,97739,425,1
Oregon,Cascade Natural Gas,2023,June,97741,1504,2
Oregon,Cascade Natural Gas,2023,June,97753,444,0
Oregon,Cascade Natural Gas,2023,June,97754,2879,17
Oregon,Cascade Natural Gas,2023,June,97756,9353,19
Oregon,Cascade Natural Gas,2023,June,97801,4894,29
Oregon,Cascade Natural Gas,2023,June,97813,345,2
Oregon,Idaho Power,2023,June,97814,3,0
Oregon,Cascade Natural Gas,2023,June,97814,3486,19
Oregon,Idaho Power,2023,June,97814,4,0
Oregon,Cascade Natural Gas,2023,June,97818,319,4
Oregon,Idaho Power,2023,June,97819,25,0
Oregon,Idaho Power,2023,June,97819,25,0
Oregon,Avista Utilities,2023,June,97824,326,1
Oregon,Cascade Natural Gas,2023,June,97826,23,0
Oregon,Avista Utilities,2023,June,97827,538,4
Oregon,Idaho Power,2023,June,97834,681,0
Oregon,Idaho Power,2023,June,97834,666,1
Oregon,Idaho Power,2023,June,97837,73,0
Oregon,Idaho Power,2023,June,97837,72,0
Oregon,Cascade Natural Gas,2023,June,97838,4122,9
Oregon,Idaho Power,2023,June,97840,106,0
Oregon,Idaho Power,2023,June,97840,115,0
Oregon,Avista Utilities,2023,June,97841,135,1
Oregon,Cascade Natural Gas,2023,June,97844,178,0
Oregon,Avista Utilities,2023,June,97850,5004,23
Oregon,Cascade Natural Gas,2023,June,97862,238,0
Oregon,Avista Utilities,2023,June,97867,147,3
Oregon,Cascade Natural Gas,2023,June,97868,464,3
Oregon,Idaho Power,2023,June,97870,437,0
Oregon,Idaho Power,2023,June,97870,435,0
Oregon,Cascade Natural Gas,2023,June,97875,379,2
Oregon,Avista Utilities,2023,June,97876,51,0
Oregon,Cascade Natural Gas,2023,June,97882,1034,7
Oregon,Avista Utilities,2023,June,97883,777,10
Oregon,Idaho Power,2023,June,97884,169,0
Oregon,Idaho Power,2023,June,97884,172,0
Oregon,Cascade Natural Gas,2023,June,97886,190,1
Oregon,Idaho Power,2023,June,97901,379,1
Oregon,Idaho Power,2023,June,97901,368,0
Oregon,Idaho Power,2023,June,97902,30,0
Oregon,Idaho Power,2023,June,97902,30,0
Oregon,Idaho Power,2023,June,97903,82,0
Oregon,Idaho Power,2023,June,97903,81,0
Oregon,Idaho Power,2023,June,97904,114,0
Oregon,Idaho Power,2023,June,97904,113,0
Oregon,Idaho Power,2023,June,97905,110,1
Oregon,Idaho Power,2023,June,97905,104,0
Oregon,Idaho Power,2023,June,97906,141,0
Oregon,Idaho Power,2023,June,97906,144,0
Oregon,Idaho Power,2023,June,97907,383,2
Oregon,Idaho Power,2023,June,97907,379,0
Oregon,Cascade Natural Gas,2023,June,97907,129,0
Oregon,Idaho Power,2023,June,97908,60,0
Oregon,Idaho Power,2023,June,97908,62,0
Oregon,Idaho Power,2023,June,97909,50,0
Oregon,Idaho Power,2023,June,97909,50,0
Oregon,Idaho Power,2023,June,97910,384,0
Oregon,Idaho Power,2023,June,97910,384,1
Oregon,Idaho Power,2023,June,97911,94,0
Oregon,Idaho Power,2023,June,97911,95,0
Oregon,Idaho Power,2023,June,97913,2164,6
Oregon,Cascade Natural Gas,2023,June,97913,751,9
Oregon,Idaho Power,2023,June,97913,2189,3
Oregon,Cascade Natural Gas,2023,June,97914,2697,15
Oregon,Idaho Power,2023,June,97914,7057,19
Oregon,Idaho Power,2023,June,97914,6988,16
Oregon,Idaho Power,2023,June,97917,1,0
Oregon,Idaho Power,2023,June,97917,2,0
Oregon,Cascade Natural Gas,2023,June,97918,424,3
Oregon,Idaho Power,2023,June,97918,1976,3
Oregon,Idaho Power,2023,June,97918,1991,5
Oregon,Idaho Power,2023,June,97920,35,0
Oregon,Idaho Power,2023,June,97920,35,0
Oregon,Portland General Electric,2023,Mar,97002,"2,249",5
Oregon,Portland General Electric,2023,Mar,97003,172,68
Oregon,Portland General Electric,2023,Mar,97004,"1,769",1
Oregon,Portland General Electric,2023,Mar,97005,"12,303",87
Oregon,Portland General Electric,2023,Mar,97006,36,102
Oregon,Portland General Electric,2023,Mar,97007,25,54
Oregon,Portland General Electric,2023,Mar,97008,"11,950",68
Oregon,Portland General Electric,2023,Mar,97009,"3,398",3
Oregon,Portland General Electric,2023,Mar,97011,491,0
Oregon,Portland General Electric,2023,Mar,97013,"2,352",0
Oregon,Portland General Electric,2023,Mar,97015,"8,228",53
Oregon,Portland General Electric,2023,Mar,97017,"1,126",2
Oregon,Portland General Electric,2023,Mar,97019,"1,227",0
Oregon,Portland General Electric,2023,Mar,97020,374,0
Oregon,Portland General Electric,2023,Mar,97022,"1,455",0
Oregon,Portland General Electric,2023,Mar,97023,"5,012",11
Oregon,Portland General Electric,2023,Mar,97024,"4,638",37
Oregon,Portland General Electric,2023,Mar,97026,"1,208",0
Oregon,Portland General Electric,2023,Mar,97027,"4,944",20
Oregon,Portland General Electric,2023,Mar,97028,804,0
Oregon,Portland General Electric,2023,Mar,97030,"15,491",156
Oregon,Portland General Electric,2023,Mar,97032,"1,746",7
Oregon,Portland General Electric,2023,Mar,97034,"8,466",0
Oregon,Portland General Electric,2023,Mar,97035,428,26
Oregon,Portland General Electric,2023,Mar,97036,2,0
Oregon,Portland General Electric,2023,Mar,97038,"6,376",33
Oregon,Portland General Electric,2023,Mar,97042,"1,218",0
Oregon,Portland General Electric,2023,Mar,97045,"22,371",97
Oregon,Portland General Electric,2023,Mar,97049,"1,642",0
Oregon,Portland General Electric,2023,Mar,97055,"8,024",21
Oregon,Portland General Electric,2023,Mar,97056,29,0
Oregon,Portland General Electric,2023,Mar,97060,"6,644",51
Oregon,Portland General Electric,2023,Mar,97062,"11,381",75
Oregon,Portland General Electric,2023,Mar,97067,"1,369",0
Oregon,Portland General Electric,2023,Mar,97068,"11,713",16
Oregon,Portland General Electric,2023,Mar,97070,"11,507",54
Oregon,Portland General Electric,2023,Mar,97071,"10,354",64
Oregon,Portland General Electric,2023,Mar,97078,135,62
Oregon,Portland General Electric,2023,Mar,97080,"16,617",88
Oregon,Portland General Electric,2023,Mar,97086,"1,252",74
Oregon,Portland General Electric,2023,Mar,97089,265,6
Oregon,Portland General Electric,2023,Mar,97101,"1,551",0
Oregon,Portland General Electric,2023,Mar,97106,"1,587",4
Oregon,Portland General Electric,2023,Mar,97109,81,0
Oregon,Portland General Electric,2023,Mar,97111,"1,494",0
Oregon,Portland General Electric,2023,Mar,97113,"5,370",39
Oregon,Portland General Electric,2023,Mar,97114,"1,773",8
Oregon,Portland General Electric,2023,Mar,97115,"1,708",0
Oregon,Portland General Electric,2023,Mar,97116,838,0
Oregon,Portland General Electric,2023,Mar,97117,266,0
Oregon,Portland General Electric,2023,Mar,97119,"1,623",8
Oregon,Portland General Electric,2023,Mar,97123,"18,513",108
Oregon,Portland General Electric,2023,Mar,97124,82,121
Oregon,Portland General Electric,2023,Mar,97125,8,10
Oregon,Portland General Electric,2023,Mar,97127,"1,534",10
Oregon,Portland General Electric,2023,Mar,97128,499,0
Oregon,Portland General Electric,2023,Mar,97132,"12,110",29
Oregon,Portland General Electric,2023,Mar,97133,"2,377",0
Oregon,Portland General Electric,2023,Mar,97137,487,0
Oregon,Portland General Electric,2023,Mar,97140,"9,508",16
Oregon,Portland General Electric,2023,Mar,97148,"1,354",0
Oregon,Portland General Electric,2023,Mar,97201,"7,338",25
Oregon,Portland General Electric,2023,Mar,97202,"20,238",81
Oregon,Portland General Electric,2023,Mar,97203,"13,184",89
Oregon,Portland General Electric,2023,Mar,97204,417,2
Oregon,Portland General Electric,2023,Mar,97205,"3,273",12
Oregon,Portland General Electric,2023,Mar,97206,"22,155",87
Oregon,Portland General Electric,2023,Mar,97209,"15,412",63
Oregon,Portland General Electric,2023,Mar,97210,"7,981",15
Oregon,Portland General Electric,2023,Mar,97211,7,0
Oregon,Portland General Electric,2023,Mar,97213,"3,136",8
Oregon,Portland General Electric,2023,Mar,97214,"15,494",53
Oregon,Portland General Electric,2023,Mar,97215,"7,694",28
Oregon,Portland General Electric,2023,Mar,97216,"4,247",21
Oregon,Portland General Electric,2023,Mar,97217,"13,054",50
Oregon,Portland General Electric,2023,Mar,97219,"17,548",46
Oregon,Portland General Electric,2023,Mar,97221,"5,556",20
Oregon,Portland General Electric,2023,Mar,97222,"13,583",80
Oregon,Portland General Electric,2023,Mar,97223,"7,447",106
Oregon,Portland General Electric,2023,Mar,97224,1,63
Oregon,Portland General Electric,2023,Mar,97225,"11,585",38
Oregon,Portland General Electric,2023,Mar,97227,426,0
Oregon,Portland General Electric,2023,Mar,97229,"28,412",78
Oregon,Portland General Electric,2023,Mar,97230,"15,663",150
Oregon,Portland General Electric,2023,Mar,97231,"1,991",0
Oregon,Portland General Electric,2023,Mar,97232,"5,348",16
Oregon,Portland General Electric,2023,Mar,97233,"15,338",230
Oregon,Portland General Electric,2023,Mar,97236,7,152
Oregon,Portland General Electric,2023,Mar,97239,"10,038",28
Oregon,Portland General Electric,2023,Mar,97266,"13,420",114
Oregon,Portland General Electric,2023,Mar,97267,"11,446",50
Oregon,Portland General Electric,2023,Mar,97301,"19,296",209
Oregon,Portland General Electric,2023,Mar,97302,"17,300",115
Oregon,Portland General Electric,2023,Mar,97303,"10,431",56
Oregon,Portland General Electric,2023,Mar,97304,"1,338",0
Oregon,Portland General Electric,2023,Mar,97305,"15,714",172
Oregon,Portland General Electric,2023,Mar,97306,"13,904",75
Oregon,Portland General Electric,2023,Mar,97317,"8,433",50
Oregon,Portland General Electric,2023,Mar,97325,150,0
Oregon,Portland General Electric,2023,Mar,97338,242,0
Oregon,Portland General Electric,2023,Mar,97347,804,0
Oregon,Portland General Electric,2023,Mar,97352,120,0
Oregon,Portland General Electric,2023,Mar,97362,"1,530",7
Oregon,Portland General Electric,2023,Mar,97371,104,0
Oregon,Portland General Electric,2023,Mar,97375,519,0
Oregon,Portland General Electric,2023,Mar,97378,"2,855",9
Oregon,Portland General Electric,2023,Mar,97381,"6,421",13
Oregon,Portland General Electric,2023,Mar,97385,145,1
Oregon,Portland General Electric,2023,Mar,97392,"1,951",6
Oregon,Portland General Electric,2023,Mar,97396,"1,373",0
Oregon,Northwest Natural Gas Company,2023,March,97002,791,1
Oregon,Northwest Natural Gas Company,2023,March,97003,6895,3
Oregon,Northwest Natural Gas Company,2023,March,97004,235,0
Oregon,Northwest Natural Gas Company,2023,March,97005,4325,5
Oregon,Northwest Natural Gas Company,2023,March,97006,9381,10
Oregon,Northwest Natural Gas Company,2023,March,97007,14054,2
Oregon,Northwest Natural Gas Company,2023,March,97008,6338,2
Oregon,Northwest Natural Gas Company,2023,March,97009,1096,0
Oregon,Northwest Natural Gas Company,2023,March,97013,3847,0
Oregon,Northwest Natural Gas Company,2023,March,97015,4681,3
Oregon,Northwest Natural Gas Company,2023,March,97016,116,0
Oregon,Northwest Natural Gas Company,2023,March,97018,654,0
Oregon,Northwest Natural Gas Company,2023,March,97020,161,0
Oregon,Northwest Natural Gas Company,2023,March,97024,2011,3
Oregon,Northwest Natural Gas Company,2023,March,97026,424,0
Oregon,Northwest Natural Gas Company,2023,March,97027,2989,1
Oregon,Northwest Natural Gas Company,2023,March,97030,6494,16
Oregon,Northwest Natural Gas Company,2023,March,97031,3730,1
Oregon,Northwest Natural Gas Company,2023,March,97032,913,3
Oregon,Northwest Natural Gas Company,2023,March,97034,6814,6
Oregon,Northwest Natural Gas Company,2023,March,97035,7284,12
Oregon,Northwest Natural Gas Company,2023,March,97036,1,0
Oregon,Northwest Natural Gas Company,2023,March,97038,2186,2
Oregon,Northwest Natural Gas Company,2023,March,97042,123,0
Oregon,Northwest Natural Gas Company,2023,March,97045,11510,16
Oregon,Northwest Natural Gas Company,2023,March,97048,395,1
Oregon,Northwest Natural Gas Company,2023,March,97051,3371,2
Oregon,Northwest Natural Gas Company,2023,March,97053,628,0
Oregon,Northwest Natural Gas Company,2023,March,97054,19,0
Oregon,Northwest Natural Gas Company,2023,March,97055,3556,12
Oregon,Northwest Natural Gas Company,2023,March,97056,2439,3
Oregon,Northwest Natural Gas Company,2023,March,97058,1667,0
Oregon,Northwest Natural Gas Company,2023,March,97060,4836,11
Oregon,Northwest Natural Gas Company,2023,March,97062,6137,4
Oregon,Northwest Natural Gas Company,2023,March,97064,715,1
Oregon,Northwest Natural Gas Company,2023,March,97068,9492,10
Oregon,Northwest Natural Gas Company,2023,March,97070,6355,5
Oregon,Northwest Natural Gas Company,2023,March,97071,5571,9
Oregon,Northwest Natural Gas Company,2023,March,97078,6002,4
Oregon,Northwest Natural Gas Company,2023,March,97080,11270,8
Oregon,Northwest Natural Gas Company,2023,March,97086,9336,15
Oregon,Northwest Natural Gas Company,2023,March,97089,3396,3
Oregon,Northwest Natural Gas Company,2023,March,97101,312,0
Oregon,Northwest Natural Gas Company,2023,March,97103,4076,4
Oregon,Northwest Natural Gas Company,2023,March,97106,458,0
Oregon,Northwest Natural Gas Company,2023,March,97110,1362,1
Oregon,Northwest Natural Gas Company,2023,March,97111,60,0
Oregon,Northwest Natural Gas Company,2023,March,97113,2759,0
Oregon,Northwest Natural Gas Company,2023,March,97114,17,0
Oregon,Northwest Natural Gas Company,2023,March,97115,959,0
Oregon,Northwest Natural Gas Company,2023,March,97116,3713,1
Oregon,Northwest Natural Gas Company,2023,March,97121,430,1
Oregon,Northwest Natural Gas Company,2023,March,97123,12009,25
Oregon,Northwest Natural Gas Company,2023,March,97124,10787,15
Oregon,Northwest Natural Gas Company,2023,March,97127,838,0
Oregon,Northwest Natural Gas Company,2023,March,97128,3434,6
Oregon,Northwest Natural Gas Company,2023,March,97132,5687,7
Oregon,Northwest Natural Gas Company,2023,March,97133,1209,1
Oregon,Northwest Natural Gas Company,2023,March,97138,4388,4
Oregon,Northwest Natural Gas Company,2023,March,97140,6709,2
Oregon,Northwest Natural Gas Company,2023,March,97146,2178,1
Oregon,Northwest Natural Gas Company,2023,March,97201,2602,2
Oregon,Northwest Natural Gas Company,2023,March,97202,11729,12
Oregon,Northwest Natural Gas Company,2023,March,97203,7588,2
Oregon,Northwest Natural Gas Company,2023,March,97204,131,0
Oregon,Northwest Natural Gas Company,2023,March,97205,1586,0
Oregon,Northwest Natural Gas Company,2023,March,97206,14037,22
Oregon,Northwest Natural Gas Company,2023,March,97209,2463,0
Oregon,Northwest Natural Gas Company,2023,March,97210,4344,1
Oregon,Northwest Natural Gas Company,2023,March,97211,10551,25
Oregon,Northwest Natural Gas Company,2023,March,97212,8567,10
Oregon,Northwest Natural Gas Company,2023,March,97213,9914,12
Oregon,Northwest Natural Gas Company,2023,March,97214,8568,4
Oregon,Northwest Natural Gas Company,2023,March,97215,5779,7
Oregon,Northwest Natural Gas Company,2023,March,97216,3456,9
Oregon,Northwest Natural Gas Company,2023,March,97217,10608,7
Oregon,Northwest Natural Gas Company,2023,March,97218,3649,8
Oregon,Northwest Natural Gas Company,2023,March,97219,12533,22
Oregon,Northwest Natural Gas Company,2023,March,97220,6744,18
Oregon,Northwest Natural Gas Company,2023,March,97221,3962,1
Oregon,Northwest Natural Gas Company,2023,March,97222,8127,6
Oregon,Northwest Natural Gas Company,2023,March,97223,12994,12
Oregon,Northwest Natural Gas Company,2023,March,97224,10766,4
Oregon,Northwest Natural Gas Company,2023,March,97225,7329,10
Oregon,Northwest Natural Gas Company,2023,March,97227,1648,0
Oregon,Northwest Natural Gas Company,2023,March,97229,21433,19
Oregon,Northwest Natural Gas Company,2023,March,97230,9455,20
Oregon,Northwest Natural Gas Company,2023,March,97231,778,0
Oregon,Northwest Natural Gas Company,2023,March,97232,2954,3
Oregon,Northwest Natural Gas Company,2023,March,97233,6254,8
Oregon,Northwest Natural Gas Company,2023,March,97236,7272,10
Oregon,Northwest Natural Gas Company,2023,March,97239,3982,4
Oregon,Northwest Natural Gas Company,2023,March,97248,1,0
Oregon,Northwest Natural Gas Company,2023,March,97266,7304,18
Oregon,Northwest Natural Gas Company,2023,March,97267,8775,13
Oregon,Northwest Natural Gas Company,2023,March,97301,8678,7
Oregon,Northwest Natural Gas Company,2023,March,97302,10346,3
Oregon,Northwest Natural Gas Company,2023,March,97303,9044,8
Oregon,Northwest Natural Gas Company,2023,March,97304,7348,12
Oregon,Northwest Natural Gas Company,2023,March,97305,6930,0
Oregon,Northwest Natural Gas Company,2023,March,97306,8736,2
Oregon,Northwest Natural Gas Company,2023,March,97310,9,0
Oregon,Northwest Natural Gas Company,2023,March,97317,3888,1
Oregon,Northwest Natural Gas Company,2023,March,97321,8839,5
Oregon,Northwest Natural Gas Company,2023,March,97322,7454,14
Oregon,Northwest Natural Gas Company,2023,March,97325,807,0
Oregon,Northwest Natural Gas Company,2023,March,97327,556,3
Oregon,Northwest Natural Gas Company,2023,March,97330,9375,2
Oregon,Northwest Natural Gas Company,2023,March,97333,4492,5
Oregon,Northwest Natural Gas Company,2023,March,97338,4630,5
Oregon,Northwest Natural Gas Company,2023,March,97341,1351,0
Oregon,Northwest Natural Gas Company,2023,March,97345,12,1
Oregon,Northwest Natural Gas Company,2023,March,97347,224,0
Oregon,Northwest Natural Gas Company,2023,March,97348,219,0
Oregon,Northwest Natural Gas Company,2023,March,97351,1833,0
Oregon,Northwest Natural Gas Company,2023,March,97352,775,0
Oregon,Northwest Natural Gas Company,2023,March,97355,5163,6
Oregon,Northwest Natural Gas Company,2023,March,97358,409,0
Oregon,Northwest Natural Gas Company,2023,March,97360,505,0
Oregon,Northwest Natural Gas Company,2023,March,97361,1358,0
Oregon,Northwest Natural Gas Company,2023,March,97362,746,0
Oregon,Northwest Natural Gas Company,2023,March,97364,229,0
Oregon,Northwest Natural Gas Company,2023,March,97365,1673,1
Oregon,Northwest Natural Gas Company,2023,March,97366,179,0
Oregon,Northwest Natural Gas Company,2023,March,97367,4236,6
Oregon,Northwest Natural Gas Company,2023,March,97368,893,1
Oregon,Northwest Natural Gas Company,2023,March,97370,1262,2
Oregon,Northwest Natural Gas Company,2023,March,97371,44,0
Oregon,Northwest Natural Gas Company,2023,March,97372,9,0
Oregon,Northwest Natural Gas Company,2023,March,97374,304,0
Oregon,Northwest Natural Gas Company,2023,March,97377,53,0
Oregon,Northwest Natural Gas Company,2023,March,97378,813,3
Oregon,Northwest Natural Gas Company,2023,March,97380,155,1
Oregon,Northwest Natural Gas Company,2023,March,97381,2961,1
Oregon,Northwest Natural Gas Company,2023,March,97383,1793,1
Oregon,Northwest Natural Gas Company,2023,March,97384,33,0
Oregon,Northwest Natural Gas Company,2023,March,97385,892,0
Oregon,Northwest Natural Gas Company,2023,March,97386,2192,8
Oregon,Northwest Natural Gas Company,2023,March,97388,1055,2
Oregon,Northwest Natural Gas Company,2023,March,97389,312,0
Oregon,Northwest Natural Gas Company,2023,March,97391,290,0
Oregon,Northwest Natural Gas Company,2023,March,97392,991,0
Oregon,Northwest Natural Gas Company,2023,March,97396,419,1
Oregon,Northwest Natural Gas Company,2023,March,97401,5677,2
Oregon,Northwest Natural Gas Company,2023,March,97402,4620,5
Oregon,Northwest Natural Gas Company,2023,March,97403,1579,2
Oregon,Northwest Natural Gas Company,2023,March,97404,6362,4
Oregon,Northwest Natural Gas Company,2023,March,97405,7023,5
Oregon,Northwest Natural Gas Company,2023,March,97408,2999,1
Oregon,Avista Utilities,2023,March,97417,311,1
Oregon,Northwest Natural Gas Company,2023,March,97420,840,1
Oregon,Northwest Natural Gas Company,2023,March,97423,220,0
Oregon,Northwest Natural Gas Company,2023,March,97424,2347,2
Oregon,Northwest Natural Gas Company,2023,March,97426,1305,1
Oregon,Avista Utilities,2023,March,97432,56,0
Oregon,Northwest Natural Gas Company,2023,March,97438,8,0
Oregon,Avista Utilities,2023,March,97442,149,0
Oregon,Northwest Natural Gas Company,2023,March,97446,587,0
Oregon,Northwest Natural Gas Company,2023,March,97448,1447,0
Oregon,Northwest Natural Gas Company,2023,March,97455,138,0
Oregon,Avista Utilities,2023,March,97457,1470,5
Oregon,Northwest Natural Gas Company,2023,March,97458,140,0
Oregon,Northwest Natural Gas Company,2023,March,97459,602,2
Oregon,Avista Utilities,2023,March,97462,274,0
Oregon,Avista Utilities,2023,March,97469,266,2
Oregon,Avista Utilities,2023,March,97470,3516,15
Oregon,Avista Utilities,2023,March,97471,5076,12
Oregon,Northwest Natural Gas Company,2023,March,97477,3091,2
Oregon,Northwest Natural Gas Company,2023,March,97478,2477,0
Oregon,Avista Utilities,2023,March,97479,1696,3
Oregon,Avista Utilities,2023,March,97495,500,0
Oregon,Avista Utilities,2023,March,97496,1146,3
Oregon,Avista Utilities,2023,March,97497,2,0
Oregon,Avista Utilities,2023,March,97501,9170,16
Oregon,Avista Utilities,2023,March,97502,6421,8
Oregon,Avista Utilities,2023,March,97503,1675,7
Oregon,Avista Utilities,2023,March,97504,13251,31
Oregon,Avista Utilities,2023,March,97520,7258,7
Oregon,Avista Utilities,2023,March,97524,2814,7
Oregon,Avista Utilities,2023,March,97525,578,1
Oregon,Avista Utilities,2023,March,97526,6406,13
Oregon,Avista Utilities,2023,March,97527,5598,21
Oregon,Avista Utilities,2023,March,97528,2,0
Oregon,Avista Utilities,2023,March,97530,1240,1
Oregon,Avista Utilities,2023,March,97535,1145,3
Oregon,Avista Utilities,2023,March,97537,563,2
Oregon,Avista Utilities,2023,March,97539,231,0
Oregon,Avista Utilities,2023,March,97540,1435,4
Oregon,Avista Utilities,2023,March,97601,6452,0
Oregon,Avista Utilities,2023,March,97603,8817,0
Oregon,Avista Utilities,2023,March,97623,59,0
Oregon,Avista Utilities,2023,March,97627,204,0
Oregon,Avista Utilities,2023,March,97632,132,0
Oregon,Avista Utilities,2023,March,97634,31,0
Oregon,Cascade Natural Gas,2023,March,97701,10568,1
Oregon,Cascade Natural Gas,2023,March,97702,13939,3
Oregon,Cascade Natural Gas,2023,March,97703,9561,0
Oregon,Cascade Natural Gas,2023,March,97707,3825,0
Oregon,Cascade Natural Gas,2023,March,97731,25,0
Oregon,Cascade Natural Gas,2023,March,97733,73,0
Oregon,Cascade Natural Gas,2023,March,97737,123,0
Oregon,Cascade Natural Gas,2023,March,97739,427,0
Oregon,Cascade Natural Gas,2023,March,97741,1503,0
Oregon,Cascade Natural Gas,2023,March,97753,431,0
Oregon,Cascade Natural Gas,2023,March,97754,2885,0
Oregon,Cascade Natural Gas,2023,March,97756,9319,4
Oregon,Cascade Natural Gas,2023,March,97801,4934,22
Oregon,Cascade Natural Gas,2023,March,97813,348,0
Oregon,Idaho Power,2023,March,97814,4,0
Oregon,Cascade Natural Gas,2023,March,97814,3491,3
Oregon,Cascade Natural Gas,2023,March,97818,319,2
Oregon,Idaho Power,2023,March,97819,25,0
Oregon,Avista Utilities,2023,March,97824,320,0
Oregon,Cascade Natural Gas,2023,March,97826,23,0
Oregon,Avista Utilities,2023,March,97827,533,2
Oregon,Idaho Power,2023,March,97834,665,0
Oregon,Idaho Power,2023,March,97837,73,0
Oregon,Cascade Natural Gas,2023,March,97838,4161,15
Oregon,Idaho Power,2023,March,97840,113,0
Oregon,Avista Utilities,2023,March,97841,134,0
Oregon,Cascade Natural Gas,2023,March,97844,179,1
Oregon,Avista Utilities,2023,March,97850,4965,18
Oregon,Cascade Natural Gas,2023,March,97862,242,1
Oregon,Avista Utilities,2023,March,97867,147,0
Oregon,Cascade Natural Gas,2023,March,97868,468,0
Oregon,Idaho Power,2023,March,97870,436,1
Oregon,Cascade Natural Gas,2023,March,97875,380,1
Oregon,Avista Utilities,2023,March,97876,49,0
Oregon,Cascade Natural Gas,2023,March,97882,1022,2
Oregon,Avista Utilities,2023,March,97883,774,2
Oregon,Idaho Power,2023,March,97884,170,0
Oregon,Cascade Natural Gas,2023,March,97886,187,2
Oregon,Idaho Power,2023,March,97901,371,0
Oregon,Idaho Power,2023,March,97902,30,0
Oregon,Idaho Power,2023,March,97903,81,0
Oregon,Idaho Power,2023,March,97904,115,0
Oregon,Idaho Power,2023,March,97905,103,0
Oregon,Idaho Power,2023,March,97906,143,0
Oregon,Idaho Power,2023,March,97907,386,1
Oregon,Cascade Natural Gas,2023,March,97907,130,0
Oregon,Idaho Power,2023,March,97908,62,0
Oregon,Idaho Power,2023,March,97909,50,0
Oregon,Idaho Power,2023,March,97910,366,0
Oregon,Idaho Power,2023,March,97911,95,0
Oregon,Cascade Natural Gas,2023,March,97913,755,0
Oregon,Idaho Power,2023,March,97913,2179,2
Oregon,Idaho Power,2023,March,97914,7116,28
Oregon,Cascade Natural Gas,2023,March,97914,2735,1
Oregon,Idaho Power,2023,March,97917,1,0
Oregon,Idaho Power,2023,March,97918,1985,5
Oregon,Cascade Natural Gas,2023,March,97918,429,0
Oregon,Idaho Power,2023,March,97920,35,0
Oregon,Portland General Electric,2023,May,97002,"2,236",3
Oregon,Northwest Natural Gas Company,2023,May,97002,791,0
Oregon,Northwest Natural Gas Company,2023,May,97003,6908,10
Oregon,Portland General Electric,2023,May,97003,171,35
Oregon,Portland General Electric,2023,May,97004,"1,765",4
Oregon,Northwest Natural Gas Company,2023,May,97004,234,0
Oregon,Portland General Electric,2023,May,97005,"12,275",35
Oregon,Northwest Natural Gas Company,2023,May,97005,4322,7
Oregon,Northwest Natural Gas Company,2023,May,97006,9377,10
Oregon,Portland General Electric,2023,May,97006,36,53
Oregon,Northwest Natural Gas Company,2023,May,97007,14077,11
Oregon,Portland General Electric,2023,May,97007,25,26
Oregon,Portland General Electric,2023,May,97008,"11,927",17
Oregon,Northwest Natural Gas Company,2023,May,97008,6335,7
Oregon,Portland General Electric,2023,May,97009,"3,375",7
Oregon,Northwest Natural Gas Company,2023,May,97009,1099,2
Oregon,Portland General Electric,2023,May,97011,491,1
Oregon,Portland General Electric,2023,May,97013,"2,340",3
Oregon,Northwest Natural Gas Company,2023,May,97013,3871,7
Oregon,Portland General Electric,2023,May,97015,"8,209",17
Oregon,Northwest Natural Gas Company,2023,May,97015,4676,15
Oregon,Northwest Natural Gas Company,2023,May,97016,116,0
Oregon,Portland General Electric,2023,May,97017,"1,122",1
Oregon,Northwest Natural Gas Company,2023,May,97018,655,0
Oregon,Portland General Electric,2023,May,97019,"1,222",2
Oregon,Northwest Natural Gas Company,2023,May,97020,161,0
Oregon,Portland General Electric,2023,May,97020,373,3
Oregon,Portland General Electric,2023,May,97022,"1,451",1
Oregon,Portland General Electric,2023,May,97023,"4,995",11
Oregon,Northwest Natural Gas Company,2023,May,97024,2009,6
Oregon,Portland General Electric,2023,May,97024,"4,676",18
Oregon,Northwest Natural Gas Company,2023,May,97026,423,1
Oregon,Portland General Electric,2023,May,97026,"1,205",1
Oregon,Portland General Electric,2023,May,97027,"4,931",9
Oregon,Northwest Natural Gas Company,2023,May,97027,2986,4
Oregon,Portland General Electric,2023,May,97028,802,0
Oregon,Portland General Electric,2023,May,97030,"15,468",76
Oregon,Northwest Natural Gas Company,2023,May,97030,6486,11
Oregon,Northwest Natural Gas Company,2023,May,97031,3734,4
Oregon,Portland General Electric,2023,May,97032,"1,729",4
Oregon,Northwest Natural Gas Company,2023,May,97032,914,2
Oregon,Portland General Electric,2023,May,97034,"8,439",8
Oregon,Northwest Natural Gas Company,2023,May,97034,6808,6
Oregon,Portland General Electric,2023,May,97035,426,15
Oregon,Northwest Natural Gas Company,2023,May,97035,7284,2
Oregon,Portland General Electric,2023,May,97036,2,0
Oregon,Northwest Natural Gas Company,2023,May,97036,1,0
Oregon,Northwest Natural Gas Company,2023,May,97038,2184,1
Oregon,Portland General Electric,2023,May,97038,"6,345",7
Oregon,Northwest Natural Gas Company,2023,May,97042,122,1
Oregon,Portland General Electric,2023,May,97042,"1,209",2
Oregon,Portland General Electric,2023,May,97045,"22,349",40
Oregon,Northwest Natural Gas Company,2023,May,97045,11514,5
Oregon,Northwest Natural Gas Company,2023,May,97048,394,0
Oregon,Portland General Electric,2023,May,97049,"1,635",3
Oregon,Northwest Natural Gas Company,2023,May,97051,3369,6
Oregon,Northwest Natural Gas Company,2023,May,97053,629,1
Oregon,Northwest Natural Gas Company,2023,May,97054,19,0
Oregon,Portland General Electric,2023,May,97055,"8,075",26
Oregon,Northwest Natural Gas Company,2023,May,97055,3566,9
Oregon,Portland General Electric,2023,May,97056,29,0
Oregon,Northwest Natural Gas Company,2023,May,97056,2440,1
Oregon,Northwest Natural Gas Company,2023,May,97058,1670,1
Oregon,Portland General Electric,2023,May,97060,"6,635",25
Oregon,Northwest Natural Gas Company,2023,May,97060,4835,9
Oregon,Northwest Natural Gas Company,2023,May,97062,6126,5
Oregon,Portland General Electric,2023,May,97062,"11,396",26
Oregon,Northwest Natural Gas Company,2023,May,97064,717,1
Oregon,Portland General Electric,2023,May,97067,"1,386",2
Oregon,Portland General Electric,2023,May,97068,"11,678",12
Oregon,Northwest Natural Gas Company,2023,May,97068,9486,6
Oregon,Northwest Natural Gas Company,2023,May,97070,6358,7
Oregon,Portland General Electric,2023,May,97070,"11,517",17
Oregon,Northwest Natural Gas Company,2023,May,97071,5582,8
Oregon,Portland General Electric,2023,May,97071,"10,497",33
Oregon,Northwest Natural Gas Company,2023,May,97078,5997,9
Oregon,Portland General Electric,2023,May,97078,134,31
Oregon,Portland General Electric,2023,May,97080,"16,591",52
Oregon,Northwest Natural Gas Company,2023,May,97080,11288,15
Oregon,Northwest Natural Gas Company,2023,May,97086,9365,6
Oregon,Portland General Electric,2023,May,97086,"1,248",22
Oregon,Northwest Natural Gas Company,2023,May,97089,3396,6
Oregon,Portland General Electric,2023,May,97089,265,4
Oregon,Portland General Electric,2023,May,97101,"1,545",2
Oregon,Northwest Natural Gas Company,2023,May,97101,311,0
Oregon,Northwest Natural Gas Company,2023,May,97103,4078,5
Oregon,Portland General Electric,2023,May,97106,"1,578",3
Oregon,Northwest Natural Gas Company,2023,May,97106,458,0
Oregon,Portland General Electric,2023,May,97109,82,0
Oregon,Northwest Natural Gas Company,2023,May,97110,1366,1
Oregon,Northwest Natural Gas Company,2023,May,97111,62,0
Oregon,Portland General Electric,2023,May,97111,"1,499",1
Oregon,Portland General Electric,2023,May,97113,"5,369",21
Oregon,Northwest Natural Gas Company,2023,May,97113,2769,4
Oregon,Northwest Natural Gas Company,2023,May,97114,17,0
Oregon,Portland General Electric,2023,May,97114,"1,761",6
Oregon,Portland General Electric,2023,May,97115,"1,700",7
Oregon,Northwest Natural Gas Company,2023,May,97115,959,2
Oregon,Northwest Natural Gas Company,2023,May,97116,3724,7
Oregon,Portland General Electric,2023,May,97116,831,1
Oregon,Portland General Electric,2023,May,97117,266,0
Oregon,Portland General Electric,2023,May,97119,"1,616",9
Oregon,Northwest Natural Gas Company,2023,May,97121,430,0
Oregon,Northwest Natural Gas Company,2023,May,97123,12058,23
Oregon,Portland General Electric,2023,May,97123,"18,506",52
Oregon,Portland General Electric,2023,May,97124,82,33
Oregon,Northwest Natural Gas Company,2023,May,97124,10783,15
Oregon,Portland General Electric,2023,May,97125,8,10
Oregon,Northwest Natural Gas Company,2023,May,97127,854,2
Oregon,Portland General Electric,2023,May,97127,"1,530",5
Oregon,Northwest Natural Gas Company,2023,May,97128,3450,11
Oregon,Portland General Electric,2023,May,97128,496,0
Oregon,Northwest Natural Gas Company,2023,May,97132,5695,10
Oregon,Portland General Electric,2023,May,97132,"12,070",13
Oregon,Northwest Natural Gas Company,2023,May,97133,1225,1
Oregon,Portland General Electric,2023,May,97133,"2,377",5
Oregon,Portland General Electric,2023,May,97137,487,1
Oregon,Northwest Natural Gas Company,2023,May,97138,4384,3
Oregon,Portland General Electric,2023,May,97140,"9,481",4
Oregon,Northwest Natural Gas Company,2023,May,97140,6729,17
Oregon,Northwest Natural Gas Company,2023,May,97146,2182,2
Oregon,Portland General Electric,2023,May,97148,"1,353",1
Oregon,Northwest Natural Gas Company,2023,May,97201,2598,5
Oregon,Portland General Electric,2023,May,97201,"7,347",13
Oregon,Northwest Natural Gas Company,2023,May,97202,11736,3
Oregon,Portland General Electric,2023,May,97202,"20,216",35
Oregon,Portland General Electric,2023,May,97203,"13,135",53
Oregon,Northwest Natural Gas Company,2023,May,97203,7577,12
Oregon,Northwest Natural Gas Company,2023,May,97204,124,0
Oregon,Portland General Electric,2023,May,97204,413,2
Oregon,Portland General Electric,2023,May,97205,"3,261",8
Oregon,Northwest Natural Gas Company,2023,May,97205,1586,1
Oregon,Northwest Natural Gas Company,2023,May,97206,14043,27
Oregon,Portland General Electric,2023,May,97206,"22,078",38
Oregon,Portland General Electric,2023,May,97209,"15,458",29
Oregon,Northwest Natural Gas Company,2023,May,97209,2448,1
Oregon,Northwest Natural Gas Company,2023,May,97210,4343,3
Oregon,Portland General Electric,2023,May,97210,"7,996",7
Oregon,Northwest Natural Gas Company,2023,May,97211,10556,14
Oregon,Portland General Electric,2023,May,97211,7,0
Oregon,Northwest Natural Gas Company,2023,May,97212,8567,19
Oregon,Portland General Electric,2023,May,97213,"3,117",3
Oregon,Northwest Natural Gas Company,2023,May,97213,9907,18
Oregon,Northwest Natural Gas Company,2023,May,97214,8589,16
Oregon,Portland General Electric,2023,May,97214,"15,449",26
Oregon,Northwest Natural Gas Company,2023,May,97215,5772,10
Oregon,Portland General Electric,2023,May,97215,"7,675",7
Oregon,Portland General Electric,2023,May,97216,"4,228",8
Oregon,Northwest Natural Gas Company,2023,May,97216,3458,10
Oregon,Northwest Natural Gas Company,2023,May,97217,10608,20
Oregon,Portland General Electric,2023,May,97217,"13,033",35
Oregon,Northwest Natural Gas Company,2023,May,97218,3642,11
Oregon,Northwest Natural Gas Company,2023,May,97219,12536,25
Oregon,Portland General Electric,2023,May,97219,"17,510",25
Oregon,Northwest Natural Gas Company,2023,May,97220,6738,14
Oregon,Northwest Natural Gas Company,2023,May,97221,3962,6
Oregon,Portland General Electric,2023,May,97221,"5,539",3
Oregon,Northwest Natural Gas Company,2023,May,97222,8124,9
Oregon,Portland General Electric,2023,May,97222,"13,573",29
Oregon,Portland General Electric,2023,May,97223,"7,581",48
Oregon,Northwest Natural Gas Company,2023,May,97223,13002,16
Oregon,Northwest Natural Gas Company,2023,May,97224,10776,6
Oregon,Portland General Electric,2023,May,97224,1,27
Oregon,Northwest Natural Gas Company,2023,May,97225,7317,10
Oregon,Portland General Electric,2023,May,97225,"11,547",15
Oregon,Portland General Electric,2023,May,97227,424,0
Oregon,Northwest Natural Gas Company,2023,May,97227,1663,2
Oregon,Northwest Natural Gas Company,2023,May,97229,21457,17
Oregon,Portland General Electric,2023,May,97229,"28,334",38
Oregon,Northwest Natural Gas Company,2023,May,97230,9447,17
Oregon,Portland General Electric,2023,May,97230,"15,637",58
Oregon,Northwest Natural Gas Company,2023,May,97231,776,2
Oregon,Portland General Electric,2023,May,97231,"1,984",4
Oregon,Northwest Natural Gas Company,2023,May,97232,2939,4
Oregon,Portland General Electric,2023,May,97232,"5,423",8
Oregon,Portland General Electric,2023,May,97233,"15,388",111
Oregon,Northwest Natural Gas Company,2023,May,97233,6257,5
Oregon,Portland General Electric,2023,May,97236,7,88
Oregon,Northwest Natural Gas Company,2023,May,97236,7276,15
Oregon,Northwest Natural Gas Company,2023,May,97239,3981,11
Oregon,Portland General Electric,2023,May,97239,"10,371",14
Oregon,Northwest Natural Gas Company,2023,May,97248,1,0
Oregon,Northwest Natural Gas Company,2023,May,97266,7295,30
Oregon,Portland General Electric,2023,May,97266,"13,401",69
Oregon,Northwest Natural Gas Company,2023,May,97267,8765,11
Oregon,Portland General Electric,2023,May,97267,"11,518",26
Oregon,Northwest Natural Gas Company,2023,May,97301,8695,38
Oregon,Portland General Electric,2023,May,97301,"19,432",94
Oregon,Portland General Electric,2023,May,97302,"17,334",40
Oregon,Northwest Natural Gas Company,2023,May,97302,10358,19
Oregon,Portland General Electric,2023,May,97303,"10,401",16
Oregon,Northwest Natural Gas Company,2023,May,97303,9041,21
Oregon,Portland General Electric,2023,May,97304,"1,331",1
Oregon,Northwest Natural Gas Company,2023,May,97304,7352,14
Oregon,Portland General Electric,2023,May,97305,"15,756",66
Oregon,Northwest Natural Gas Company,2023,May,97305,6921,16
Oregon,Portland General Electric,2023,May,97306,"13,887",31
Oregon,Northwest Natural Gas Company,2023,May,97306,8747,9
Oregon,Northwest Natural Gas Company,2023,May,97310,9,0
Oregon,Portland General Electric,2023,May,97317,"8,413",24
Oregon,Northwest Natural Gas Company,2023,May,97317,3883,5
Oregon,Northwest Natural Gas Company,2023,May,97321,8840,15
Oregon,Northwest Natural Gas Company,2023,May,97322,7454,8
Oregon,Portland General Electric,2023,May,97325,148,1
Oregon,Northwest Natural Gas Company,2023,May,97325,804,0
Oregon,Northwest Natural Gas Company,2023,May,97327,555,0
Oregon,Northwest Natural Gas Company,2023,May,97330,9373,4
Oregon,Northwest Natural Gas Company,2023,May,97333,4489,5
Oregon,Portland General Electric,2023,May,97338,241,0
Oregon,Northwest Natural Gas Company,2023,May,97338,4633,12
Oregon,Northwest Natural Gas Company,2023,May,97341,1354,0
Oregon,Northwest Natural Gas Company,2023,May,97345,12,0
Oregon,Portland General Electric,2023,May,97347,789,1
Oregon,Northwest Natural Gas Company,2023,May,97347,226,1
Oregon,Northwest Natural Gas Company,2023,May,97348,219,0
Oregon,Northwest Natural Gas Company,2023,May,97351,1838,11
Oregon,Portland General Electric,2023,May,97352,119,1
Oregon,Northwest Natural Gas Company,2023,May,97352,781,0
Oregon,Northwest Natural Gas Company,2023,May,97355,5162,10
Oregon,Northwest Natural Gas Company,2023,May,97358,411,0
Oregon,Northwest Natural Gas Company,2023,May,97360,506,2
Oregon,Northwest Natural Gas Company,2023,May,97361,1358,3
Oregon,Portland General Electric,2023,May,97362,"1,534",0
Oregon,Northwest Natural Gas Company,2023,May,97362,749,1
Oregon,Northwest Natural Gas Company,2023,May,97364,229,0
Oregon,Northwest Natural Gas Company,2023,May,97365,1675,0
Oregon,Northwest Natural Gas Company,2023,May,97366,181,0
Oregon,Northwest Natural Gas Company,2023,May,97367,4247,2
Oregon,Northwest Natural Gas Company,2023,May,97368,894,2
Oregon,Northwest Natural Gas Company,2023,May,97370,1262,0
Oregon,Northwest Natural Gas Company,2023,May,97371,43,0
Oregon,Portland General Electric,2023,May,97371,105,0
Oregon,Northwest Natural Gas Company,2023,May,97372,9,0
Oregon,Northwest Natural Gas Company,2023,May,97374,303,0
Oregon,Portland General Electric,2023,May,97375,514,0
Oregon,Northwest Natural Gas Company,2023,May,97377,53,0
Oregon,Portland General Electric,2023,May,97378,"2,832",4
Oregon,Northwest Natural Gas Company,2023,May,97378,811,3
Oregon,Northwest Natural Gas Company,2023,May,97380,153,0
Oregon,Northwest Natural Gas Company,2023,May,97381,2965,6
Oregon,Portland General Electric,2023,May,97381,"6,408",5
Oregon,Northwest Natural Gas Company,2023,May,97383,1789,4
Oregon,Northwest Natural Gas Company,2023,May,97384,33,1
Oregon,Northwest Natural Gas Company,2023,May,97385,896,0
Oregon,Portland General Electric,2023,May,97385,142,1
Oregon,Northwest Natural Gas Company,2023,May,97386,2191,6
Oregon,Northwest Natural Gas Company,2023,May,97388,1051,0
Oregon,Northwest Natural Gas Company,2023,May,97389,312,1
Oregon,Northwest Natural Gas Company,2023,May,97391,290,1
Oregon,Portland General Electric,2023,May,97392,"1,945",3
Oregon,Northwest Natural Gas Company,2023,May,97392,991,0
Oregon,Portland General Electric,2023,May,97396,"1,367",2
Oregon,Northwest Natural Gas Company,2023,May,97396,417,1
Oregon,Northwest Natural Gas Company,2023,May,97401,5679,9
Oregon,Northwest Natural Gas Company,2023,May,97402,4617,13
Oregon,Northwest Natural Gas Company,2023,May,97403,1583,3
Oregon,Northwest Natural Gas Company,2023,May,97404,6364,8
Oregon,Northwest Natural Gas Company,2023,May,97405,7023,1
Oregon,Northwest Natural Gas Company,2023,May,97408,3004,3
Oregon,Avista Utilities,2023,May,97417,317,0
Oregon,Northwest Natural Gas Company,2023,May,97420,840,1
Oregon,Northwest Natural Gas Company,2023,May,97423,220,2
Oregon,Northwest Natural Gas Company,2023,May,97424,2345,3
Oregon,Northwest Natural Gas Company,2023,May,97426,1303,1
Oregon,Avista Utilities,2023,May,97432,55,0
Oregon,Northwest Natural Gas Company,2023,May,97438,8,0
Oregon,Avista Utilities,2023,May,97442,153,0
Oregon,Northwest Natural Gas Company,2023,May,97446,586,1
Oregon,Northwest Natural Gas Company,2023,May,97448,1458,0
Oregon,Northwest Natural Gas Company,2023,May,97455,138,0
Oregon,Avista Utilities,2023,May,97457,1489,12
Oregon,Northwest Natural Gas Company,2023,May,97458,140,1
Oregon,Northwest Natural Gas Company,2023,May,97459,601,0
Oregon,Avista Utilities,2023,May,97462,280,2
Oregon,Avista Utilities,2023,May,97469,268,1
Oregon,Avista Utilities,2023,May,97470,3540,15
Oregon,Avista Utilities,2023,May,97471,5124,17
Oregon,Northwest Natural Gas Company,2023,May,97477,3106,5
Oregon,Northwest Natural Gas Company,2023,May,97478,2487,0
Oregon,Avista Utilities,2023,May,97479,1712,3
Oregon,Avista Utilities,2023,May,97495,512,1
Oregon,Avista Utilities,2023,May,97496,1151,8
Oregon,Avista Utilities,2023,May,97497,2,0
Oregon,Avista Utilities,2023,May,97501,9282,41
Oregon,Avista Utilities,2023,May,97502,6487,17
Oregon,Avista Utilities,2023,May,97503,1703,10
Oregon,Avista Utilities,2023,May,97504,13439,47
Oregon,Avista Utilities,2023,May,97520,7375,12
Oregon,Avista Utilities,2023,May,97524,2855,8
Oregon,Avista Utilities,2023,May,97525,584,1
Oregon,Avista Utilities,2023,May,97526,6443,28
Oregon,Avista Utilities,2023,May,97527,5691,26
Oregon,Avista Utilities,2023,May,97528,2,0
Oregon,Avista Utilities,2023,May,97530,1259,3
Oregon,Avista Utilities,2023,May,97535,1167,3
Oregon,Avista Utilities,2023,May,97537,575,6
Oregon,Avista Utilities,2023,May,97539,235,0
Oregon,Avista Utilities,2023,May,97540,1456,1
Oregon,Avista Utilities,2023,May,97601,6539,48
Oregon,Avista Utilities,2023,May,97603,8935,56
Oregon,Avista Utilities,2023,May,97623,60,1
Oregon,Avista Utilities,2023,May,97627,206,1
Oregon,Avista Utilities,2023,May,97632,133,1
Oregon,Avista Utilities,2023,May,97634,31,0
Oregon,Cascade Natural Gas,2023,May,97701,10608,27
Oregon,Cascade Natural Gas,2023,May,97702,13983,28
Oregon,Cascade Natural Gas,2023,May,97703,9625,9
Oregon,Cascade Natural Gas,2023,May,97707,3822,5
Oregon,Cascade Natural Gas,2023,May,97731,25,0
Oregon,Cascade Natural Gas,2023,May,97733,73,1
Oregon,Cascade Natural Gas,2023,May,97737,123,0
Oregon,Cascade Natural Gas,2023,May,97739,428,1
Oregon,Cascade Natural Gas,2023,May,97741,1508,8
Oregon,Cascade Natural Gas,2023,May,97753,440,0
Oregon,Cascade Natural Gas,2023,May,97754,2893,16
Oregon,Cascade Natural Gas,2023,May,97756,9347,35
Oregon,Cascade Natural Gas,2023,May,97801,4911,25
Oregon,Cascade Natural Gas,2023,May,97813,345,0
Oregon,Idaho Power,2023,May,97814,4,0
Oregon,Idaho Power,2023,May,97814,3,0
Oregon,Cascade Natural Gas,2023,May,97814,3493,25
Oregon,Cascade Natural Gas,2023,May,97818,325,2
Oregon,Idaho Power,2023,May,97819,25,0
Oregon,Idaho Power,2023,May,97819,27,0
Oregon,Avista Utilities,2023,May,97824,328,0
Oregon,Cascade Natural Gas,2023,May,97826,23,0
Oregon,Avista Utilities,2023,May,97827,542,3
Oregon,Idaho Power,2023,May,97834,661,0
Oregon,Idaho Power,2023,May,97834,666,0
Oregon,Idaho Power,2023,May,97837,72,1
Oregon,Idaho Power,2023,May,97837,73,0
Oregon,Cascade Natural Gas,2023,May,97838,4154,8
Oregon,Idaho Power,2023,May,97840,99,0
Oregon,Idaho Power,2023,May,97840,118,0
Oregon,Avista Utilities,2023,May,97841,134,0
Oregon,Cascade Natural Gas,2023,May,97844,177,0
Oregon,Avista Utilities,2023,May,97850,5001,27
Oregon,Cascade Natural Gas,2023,May,97862,241,2
Oregon,Avista Utilities,2023,May,97867,148,2
Oregon,Cascade Natural Gas,2023,May,97868,463,3
Oregon,Idaho Power,2023,May,97870,438,0
Oregon,Idaho Power,2023,May,97870,438,0
Oregon,Cascade Natural Gas,2023,May,97875,380,1
Oregon,Avista Utilities,2023,May,97876,49,0
Oregon,Cascade Natural Gas,2023,May,97882,1038,4
Oregon,Avista Utilities,2023,May,97883,776,2
Oregon,Idaho Power,2023,May,97884,169,0
Oregon,Idaho Power,2023,May,97884,173,1
Oregon,Cascade Natural Gas,2023,May,97886,189,4
Oregon,Idaho Power,2023,May,97901,373,1
Oregon,Idaho Power,2023,May,97901,369,0
Oregon,Idaho Power,2023,May,97902,32,0
Oregon,Idaho Power,2023,May,97902,30,0
Oregon,Idaho Power,2023,May,97903,84,0
Oregon,Idaho Power,2023,May,97903,80,0
Oregon,Idaho Power,2023,May,97904,117,0
Oregon,Idaho Power,2023,May,97904,113,0
Oregon,Idaho Power,2023,May,97905,103,0
Oregon,Idaho Power,2023,May,97905,103,0
Oregon,Idaho Power,2023,May,97906,143,1
Oregon,Idaho Power,2023,May,97906,144,1
Oregon,Idaho Power,2023,May,97907,379,0
Oregon,Cascade Natural Gas,2023,May,97907,130,0
Oregon,Idaho Power,2023,May,97907,379,0
Oregon,Idaho Power,2023,May,97908,64,0
Oregon,Idaho Power,2023,May,97908,62,0
Oregon,Idaho Power,2023,May,97909,49,0
Oregon,Idaho Power,2023,May,97909,50,0
Oregon,Idaho Power,2023,May,97910,383,0
Oregon,Idaho Power,2023,May,97910,383,0
Oregon,Idaho Power,2023,May,97911,95,0
Oregon,Idaho Power,2023,May,97911,94,0
Oregon,Idaho Power,2023,May,97913,2190,15
Oregon,Idaho Power,2023,May,97913,2150,7
Oregon,Cascade Natural Gas,2023,May,97913,754,5
Oregon,Idaho Power,2023,May,97914,7087,23
Oregon,Idaho Power,2023,May,97914,6969,8
Oregon,Cascade Natural Gas,2023,May,97914,2724,16
Oregon,Idaho Power,2023,May,97917,1,0
Oregon,Idaho Power,2023,May,97917,1,0
Oregon,Idaho Power,2023,May,97918,1986,5
Oregon,Cascade Natural Gas,2023,May,97918,428,1
Oregon,Idaho Power,2023,May,97918,1976,5
Oregon,Idaho Power,2023,May,97920,35,0
Oregon,Idaho Power,2023,May,97920,35,0
Oregon,Portland General Electric,2023,Nov,97002,"2,234",2
Oregon,Portland General Electric,2023,Nov,97003,172,35
Oregon,Portland General Electric,2023,Nov,97004,"1,768",0
Oregon,Portland General Electric,2023,Nov,97005,"12,274",42
Oregon,Portland General Electric,2023,Nov,97006,36,44
Oregon,Portland General Electric,2023,Nov,97007,25,27
Oregon,Portland General Electric,2023,Nov,97008,"11,920",30
Oregon,Portland General Electric,2023,Nov,97009,"3,380",5
Oregon,Portland General Electric,2023,Nov,97011,494,2
Oregon,Portland General Electric,2023,Nov,97013,"2,340",4
Oregon,Portland General Electric,2023,Nov,97015,"8,192",40
Oregon,Portland General Electric,2023,Nov,97017,"1,123",1
Oregon,Portland General Electric,2023,Nov,97019,"1,222",1
Oregon,Portland General Electric,2023,Nov,97020,376,0
Oregon,Portland General Electric,2023,Nov,97022,"1,453",1
Oregon,Portland General Electric,2023,Nov,97023,"5,087",16
Oregon,Portland General Electric,2023,Nov,97024,"4,682",24
Oregon,Portland General Electric,2023,Nov,97026,"1,234",0
Oregon,Portland General Electric,2023,Nov,97027,"4,932",13
Oregon,Portland General Electric,2023,Nov,97028,804,0
Oregon,Portland General Electric,2023,Nov,97030,"15,471",70
Oregon,Portland General Electric,2023,Nov,97032,"1,742",3
Oregon,Portland General Electric,2023,Nov,97034,"8,448",4
Oregon,Portland General Electric,2023,Nov,97035,304,5
Oregon,Portland General Electric,2023,Nov,97036,2,0
Oregon,Portland General Electric,2023,Nov,97038,"6,487",19
Oregon,Portland General Electric,2023,Nov,97042,"1,204",1
Oregon,Portland General Electric,2023,Nov,97045,"22,361",44
Oregon,Portland General Electric,2023,Nov,97049,"1,644",1
Oregon,Portland General Electric,2023,Nov,97055,"8,088",13
Oregon,Portland General Electric,2023,Nov,97056,29,0
Oregon,Portland General Electric,2023,Nov,97060,"6,662",23
Oregon,Portland General Electric,2023,Nov,97062,"11,570",21
Oregon,Portland General Electric,2023,Nov,97067,"1,389",2
Oregon,Portland General Electric,2023,Nov,97068,"11,680",6
Oregon,Portland General Electric,2023,Nov,97070,"11,588",13
Oregon,Portland General Electric,2023,Nov,97071,"10,803",12
Oregon,Portland General Electric,2023,Nov,97078,135,23
Oregon,Portland General Electric,2023,Nov,97080,"16,710",48
Oregon,Portland General Electric,2023,Nov,97086,"1,248",60
Oregon,Portland General Electric,2023,Nov,97089,264,14
Oregon,Portland General Electric,2023,Nov,97101,"1,550",4
Oregon,Portland General Electric,2023,Nov,97106,"1,578",1
Oregon,Portland General Electric,2023,Nov,97109,82,0
Oregon,Portland General Electric,2023,Nov,97111,"1,517",0
Oregon,Portland General Electric,2023,Nov,97113,"5,411",4
Oregon,Portland General Electric,2023,Nov,97114,"1,763",1
Oregon,Portland General Electric,2023,Nov,97115,"1,704",0
Oregon,Portland General Electric,2023,Nov,97116,833,0
Oregon,Portland General Electric,2023,Nov,97117,265,1
Oregon,Portland General Electric,2023,Nov,97119,"1,620",3
Oregon,Portland General Electric,2023,Nov,97123,"18,713",40
Oregon,Portland General Electric,2023,Nov,97124,82,37
Oregon,Portland General Electric,2023,Nov,97125,8,10
Oregon,Portland General Electric,2023,Nov,97127,"1,547",2
Oregon,Portland General Electric,2023,Nov,97128,495,0
Oregon,Portland General Electric,2023,Nov,97132,"12,193",11
Oregon,Portland General Electric,2023,Nov,97133,"2,472",2
Oregon,Portland General Electric,2023,Nov,97137,484,0
Oregon,Portland General Electric,2023,Nov,97140,"9,503",8
Oregon,Portland General Electric,2023,Nov,97148,"1,357",0
Oregon,Portland General Electric,2023,Nov,97201,"7,322",12
Oregon,Portland General Electric,2023,Nov,97202,"20,267",27
Oregon,Portland General Electric,2023,Nov,97203,"13,156",47
Oregon,Portland General Electric,2023,Nov,97204,414,0
Oregon,Portland General Electric,2023,Nov,97205,"3,218",4
Oregon,Portland General Electric,2023,Nov,97206,"22,179",57
Oregon,Portland General Electric,2023,Nov,97209,"15,609",24
Oregon,Portland General Electric,2023,Nov,97210,"7,977",9
Oregon,Portland General Electric,2023,Nov,97211,7,0
Oregon,Portland General Electric,2023,Nov,97213,"3,123",6
Oregon,Portland General Electric,2023,Nov,97214,"15,621",26
Oregon,Portland General Electric,2023,Nov,97215,"7,706",7
Oregon,Portland General Electric,2023,Nov,97216,"4,248",10
Oregon,Portland General Electric,2023,Nov,97217,"13,460",31
Oregon,Portland General Electric,2023,Nov,97219,"17,535",19
Oregon,Portland General Electric,2023,Nov,97221,"5,550",5
Oregon,Portland General Electric,2023,Nov,97222,"13,766",31
Oregon,Portland General Electric,2023,Nov,97223,"7,442",43
Oregon,Portland General Electric,2023,Nov,97224,1,24
Oregon,Portland General Electric,2023,Nov,97225,"11,563",23
Oregon,Portland General Electric,2023,Nov,97227,424,0
Oregon,Portland General Electric,2023,Nov,97229,"28,440",39
Oregon,Portland General Electric,2023,Nov,97230,"15,632",57
Oregon,Portland General Electric,2023,Nov,97231,"1,983",1
Oregon,Portland General Electric,2023,Nov,97232,"5,543",11
Oregon,Portland General Electric,2023,Nov,97233,"15,433",98
Oregon,Portland General Electric,2023,Nov,97236,-,65
Oregon,Portland General Electric,2023,Nov,97239,"10,591",7
Oregon,Portland General Electric,2023,Nov,97266,"13,399",55
Oregon,Portland General Electric,2023,Nov,97267,"11,524",31
Oregon,Portland General Electric,2023,Nov,97301,"19,503",86
Oregon,Portland General Electric,2023,Nov,97302,"17,559",31
Oregon,Portland General Electric,2023,Nov,97303,"10,476",19
Oregon,Portland General Electric,2023,Nov,97304,"1,331",2
Oregon,Portland General Electric,2023,Nov,97305,"15,803",66
Oregon,Portland General Electric,2023,Nov,97306,"13,963",24
Oregon,Portland General Electric,2023,Nov,97317,"8,490",16
Oregon,Portland General Electric,2023,Nov,97325,146,1
Oregon,Portland General Electric,2023,Nov,97338,240,0
Oregon,Portland General Electric,2023,Nov,97347,832,1
Oregon,Portland General Electric,2023,Nov,97352,122,1
Oregon,Portland General Electric,2023,Nov,97362,"1,559",3
Oregon,Portland General Electric,2023,Nov,97371,105,0
Oregon,Portland General Electric,2023,Nov,97375,516,3
Oregon,Portland General Electric,2023,Nov,97378,"2,880",5
Oregon,Portland General Electric,2023,Nov,97381,"6,428",6
Oregon,Portland General Electric,2023,Nov,97385,141,0
Oregon,Portland General Electric,2023,Nov,97392,"1,946",5
Oregon,Portland General Electric,2023,Nov,97396,"1,364",1
Oregon,Northwest Natural Gas Company,2023,November,97002,784,0
Oregon,Northwest Natural Gas Company,2023,November,97003,6889,14
Oregon,Northwest Natural Gas Company,2023,November,97004,234,1
Oregon,Northwest Natural Gas Company,2023,November,97005,4284,1
Oregon,Northwest Natural Gas Company,2023,November,97006,9356,9
Oregon,Northwest Natural Gas Company,2023,November,97007,14149,3
Oregon,Northwest Natural Gas Company,2023,November,97008,6316,0
Oregon,Northwest Natural Gas Company,2023,November,97009,1099,0
Oregon,Northwest Natural Gas Company,2023,November,97013,3958,0
Oregon,Northwest Natural Gas Company,2023,November,97015,4673,8
Oregon,Northwest Natural Gas Company,2023,November,97016,113,0
Oregon,Northwest Natural Gas Company,2023,November,97018,656,0
Oregon,Northwest Natural Gas Company,2023,November,97020,171,0
Oregon,Northwest Natural Gas Company,2023,November,97024,2010,0
Oregon,Northwest Natural Gas Company,2023,November,97026,427,0
Oregon,Northwest Natural Gas Company,2023,November,97027,2985,0
Oregon,Northwest Natural Gas Company,2023,November,97030,6468,0
Oregon,Northwest Natural Gas Company,2023,November,97031,3742,0
Oregon,Northwest Natural Gas Company,2023,November,97032,916,0
Oregon,Northwest Natural Gas Company,2023,November,97034,6792,1
Oregon,Northwest Natural Gas Company,2023,November,97035,7276,2
Oregon,Northwest Natural Gas Company,2023,November,97036,1,0
Oregon,Northwest Natural Gas Company,2023,November,97038,2181,0
Oregon,Northwest Natural Gas Company,2023,November,97042,120,0
Oregon,Northwest Natural Gas Company,2023,November,97045,11500,2
Oregon,Northwest Natural Gas Company,2023,November,97048,388,0
Oregon,Northwest Natural Gas Company,2023,November,97051,3365,7
Oregon,Northwest Natural Gas Company,2023,November,97053,631,0
Oregon,Northwest Natural Gas Company,2023,November,97054,18,0
Oregon,Northwest Natural Gas Company,2023,November,97055,3589,8
Oregon,Northwest Natural Gas Company,2023,November,97056,2435,1
Oregon,Northwest Natural Gas Company,2023,November,97058,1674,0
Oregon,Northwest Natural Gas Company,2023,November,97060,4844,0
Oregon,Northwest Natural Gas Company,2023,November,97062,6127,2
Oregon,Northwest Natural Gas Company,2023,November,97064,713,0
Oregon,Northwest Natural Gas Company,2023,November,97068,9452,10
Oregon,Northwest Natural Gas Company,2023,November,97070,6396,1
Oregon,Northwest Natural Gas Company,2023,November,97071,5598,0
Oregon,Northwest Natural Gas Company,2023,November,97078,5974,14
Oregon,Northwest Natural Gas Company,2023,November,97080,11331,1
Oregon,Northwest Natural Gas Company,2023,November,97086,9410,0
Oregon,Northwest Natural Gas Company,2023,November,97089,3398,1
Oregon,Northwest Natural Gas Company,2023,November,97101,307,1
Oregon,Northwest Natural Gas Company,2023,November,97103,4059,8
Oregon,Northwest Natural Gas Company,2023,November,97106,456,2
Oregon,Northwest Natural Gas Company,2023,November,97110,1372,1
Oregon,Northwest Natural Gas Company,2023,November,97111,63,0
Oregon,Northwest Natural Gas Company,2023,November,97113,2788,0
Oregon,Northwest Natural Gas Company,2023,November,97114,17,0
Oregon,Northwest Natural Gas Company,2023,November,97115,960,0
Oregon,Northwest Natural Gas Company,2023,November,97116,3776,1
Oregon,Northwest Natural Gas Company,2023,November,97121,432,0
Oregon,Northwest Natural Gas Company,2023,November,97123,12165,18
Oregon,Northwest Natural Gas Company,2023,November,97124,10751,8
Oregon,Northwest Natural Gas Company,2023,November,97127,861,1
Oregon,Northwest Natural Gas Company,2023,November,97128,3504,3
Oregon,Northwest Natural Gas Company,2023,November,97132,5730,0
Oregon,Northwest Natural Gas Company,2023,November,97133,1308,0
Oregon,Northwest Natural Gas Company,2023,November,97138,4399,6
Oregon,Northwest Natural Gas Company,2023,November,97140,6752,0
Oregon,Northwest Natural Gas Company,2023,November,97146,2179,0
Oregon,Northwest Natural Gas Company,2023,November,97201,2636,1
Oregon,Northwest Natural Gas Company,2023,November,97202,11716,0
Oregon,Northwest Natural Gas Company,2023,November,97203,7535,3
Oregon,Northwest Natural Gas Company,2023,November,97204,130,0
Oregon,Northwest Natural Gas Company,2023,November,97205,1670,0
Oregon,Northwest Natural Gas Company,2023,November,97206,13969,1
Oregon,Northwest Natural Gas Company,2023,November,97209,2560,1
Oregon,Northwest Natural Gas Company,2023,November,97210,4436,5
Oregon,Northwest Natural Gas Company,2023,November,97211,10496,9
Oregon,Northwest Natural Gas Company,2023,November,97212,8533,3
Oregon,Northwest Natural Gas Company,2023,November,97213,9829,12
Oregon,Northwest Natural Gas Company,2023,November,97214,8531,1
Oregon,Northwest Natural Gas Company,2023,November,97215,5749,2
Oregon,Northwest Natural Gas Company,2023,November,97216,3444,5
Oregon,Northwest Natural Gas Company,2023,November,97217,10597,12
Oregon,Northwest Natural Gas Company,2023,November,97218,3630,0
Oregon,Northwest Natural Gas Company,2023,November,97219,12505,11
Oregon,Northwest Natural Gas Company,2023,November,97220,6704,16
Oregon,Northwest Natural Gas Company,2023,November,97221,3952,1
Oregon,Northwest Natural Gas Company,2023,November,97222,8097,14
Oregon,Northwest Natural Gas Company,2023,November,97223,12972,1
Oregon,Northwest Natural Gas Company,2023,November,97224,10831,2
Oregon,Northwest Natural Gas Company,2023,November,97225,7306,0
Oregon,Northwest Natural Gas Company,2023,November,97227,1652,0
Oregon,Northwest Natural Gas Company,2023,November,97229,21456,11
Oregon,Northwest Natural Gas Company,2023,November,97230,9407,0
Oregon,Northwest Natural Gas Company,2023,November,97231,778,1
Oregon,Northwest Natural Gas Company,2023,November,97232,2924,1
Oregon,Northwest Natural Gas Company,2023,November,97233,6220,0
Oregon,Northwest Natural Gas Company,2023,November,97236,7248,0
Oregon,Northwest Natural Gas Company,2023,November,97239,3967,0
Oregon,Northwest Natural Gas Company,2023,November,97248,1,0
Oregon,Northwest Natural Gas Company,2023,November,97266,7242,4
Oregon,Northwest Natural Gas Company,2023,November,97267,8765,4
Oregon,Northwest Natural Gas Company,2023,November,97301,8693,15
Oregon,Northwest Natural Gas Company,2023,November,97302,10335,15
Oregon,Northwest Natural Gas Company,2023,November,97303,9017,1
Oregon,Northwest Natural Gas Company,2023,November,97304,7348,3
Oregon,Northwest Natural Gas Company,2023,November,97305,6909,4
Oregon,Northwest Natural Gas Company,2023,November,97306,8753,12
Oregon,Northwest Natural Gas Company,2023,November,97310,9,0
Oregon,Northwest Natural Gas Company,2023,November,97317,3886,3
Oregon,Northwest Natural Gas Company,2023,November,97321,8856,2
Oregon,Northwest Natural Gas Company,2023,November,97322,7475,0
Oregon,Northwest Natural Gas Company,2023,November,97325,808,0
Oregon,Northwest Natural Gas Company,2023,November,97327,555,1
Oregon,Northwest Natural Gas Company,2023,November,97330,9333,0
Oregon,Northwest Natural Gas Company,2023,November,97333,4469,1
Oregon,Northwest Natural Gas Company,2023,November,97338,4674,3
Oregon,Northwest Natural Gas Company,2023,November,97341,1364,0
Oregon,Northwest Natural Gas Company,2023,November,97345,12,0
Oregon,Northwest Natural Gas Company,2023,November,97347,227,0
Oregon,Northwest Natural Gas Company,2023,November,97348,216,0
Oregon,Northwest Natural Gas Company,2023,November,97351,1870,3
Oregon,Northwest Natural Gas Company,2023,November,97352,775,0
Oregon,Northwest Natural Gas Company,2023,November,97355,5160,0
Oregon,Northwest Natural Gas Company,2023,November,97358,412,0
Oregon,Northwest Natural Gas Company,2023,November,97360,501,2
Oregon,Northwest Natural Gas Company,2023,November,97361,1356,0
Oregon,Northwest Natural Gas Company,2023,November,97362,769,0
Oregon,Northwest Natural Gas Company,2023,November,97364,228,0
Oregon,Northwest Natural Gas Company,2023,November,97365,1673,0
Oregon,Northwest Natural Gas Company,2023,November,97366,181,0
Oregon,Northwest Natural Gas Company,2023,November,97367,4254,0
Oregon,Northwest Natural Gas Company,2023,November,97368,904,0
Oregon,Northwest Natural Gas Company,2023,November,97370,1256,0
Oregon,Northwest Natural Gas Company,2023,November,97371,44,0
Oregon,Northwest Natural Gas Company,2023,November,97372,9,0
Oregon,Northwest Natural Gas Company,2023,November,97374,302,1
Oregon,Northwest Natural Gas Company,2023,November,97377,51,0
Oregon,Northwest Natural Gas Company,2023,November,97378,799,2
Oregon,Northwest Natural Gas Company,2023,November,97380,154,0
Oregon,Northwest Natural Gas Company,2023,November,97381,2961,0
Oregon,Northwest Natural Gas Company,2023,November,97383,1785,5
Oregon,Northwest Natural Gas Company,2023,November,97384,33,0
Oregon,Northwest Natural Gas Company,2023,November,97385,898,0
Oregon,Northwest Natural Gas Company,2023,November,97386,2176,0
Oregon,Northwest Natural Gas Company,2023,November,97388,1048,0
Oregon,Northwest Natural Gas Company,2023,November,97389,310,0
Oregon,Northwest Natural Gas Company,2023,November,97391,284,1
Oregon,Northwest Natural Gas Company,2023,November,97392,990,0
Oregon,Northwest Natural Gas Company,2023,November,97396,417,0
Oregon,Northwest Natural Gas Company,2023,November,97401,5653,2
Oregon,Northwest Natural Gas Company,2023,November,97402,4589,0
Oregon,Northwest Natural Gas Company,2023,November,97403,1582,0
Oregon,Northwest Natural Gas Company,2023,November,97404,6358,0
Oregon,Northwest Natural Gas Company,2023,November,97405,6995,0
Oregon,Northwest Natural Gas Company,2023,November,97408,3004,0
Oregon,Avista Utilities,2023,November,97417,315,0
Oregon,Northwest Natural Gas Company,2023,November,97420,834,2
Oregon,Northwest Natural Gas Company,2023,November,97423,216,0
Oregon,Northwest Natural Gas Company,2023,November,97424,2331,2
Oregon,Northwest Natural Gas Company,2023,November,97426,1304,0
Oregon,Avista Utilities,2023,November,97432,55,0
Oregon,Northwest Natural Gas Company,2023,November,97438,8,0
Oregon,Avista Utilities,2023,November,97442,153,0
Oregon,Northwest Natural Gas Company,2023,November,97446,583,0
Oregon,Northwest Natural Gas Company,2023,November,97448,1495,3
Oregon,Northwest Natural Gas Company,2023,November,97455,139,0
Oregon,Avista Utilities,2023,November,97457,1476,1
Oregon,Northwest Natural Gas Company,2023,November,97458,138,0
Oregon,Northwest Natural Gas Company,2023,November,97459,603,0
Oregon,Avista Utilities,2023,November,97462,278,0
Oregon,Avista Utilities,2023,November,97469,260,0
Oregon,Avista Utilities,2023,November,97470,3540,2
Oregon,Avista Utilities,2023,November,97471,5122,0
Oregon,Northwest Natural Gas Company,2023,November,97477,3142,5
Oregon,Northwest Natural Gas Company,2023,November,97478,2501,1
Oregon,Avista Utilities,2023,November,97479,1711,0
Oregon,Avista Utilities,2023,November,97495,508,0
Oregon,Avista Utilities,2023,November,97496,1150,0
Oregon,Avista Utilities,2023,November,97497,2,0
Oregon,Avista Utilities,2023,November,97501,9223,13
Oregon,Avista Utilities,2023,November,97502,6475,0
Oregon,Avista Utilities,2023,November,97503,1719,0
Oregon,Avista Utilities,2023,November,97504,13505,5
Oregon,Avista Utilities,2023,November,97520,7327,0
Oregon,Avista Utilities,2023,November,97524,2861,0
Oregon,Avista Utilities,2023,November,97525,579,0
Oregon,Avista Utilities,2023,November,97526,6455,0
Oregon,Avista Utilities,2023,November,97527,5677,6
Oregon,Avista Utilities,2023,November,97528,2,0
Oregon,Avista Utilities,2023,November,97530,1255,1
Oregon,Avista Utilities,2023,November,97535,1191,0
Oregon,Avista Utilities,2023,November,97537,567,0
Oregon,Avista Utilities,2023,November,97539,237,0
Oregon,Avista Utilities,2023,November,97540,1470,0
Oregon,Avista Utilities,2023,November,97601,6558,6
Oregon,Avista Utilities,2023,November,97603,8942,3
Oregon,Avista Utilities,2023,November,97623,62,0
Oregon,Avista Utilities,2023,November,97627,207,0
Oregon,Avista Utilities,2023,November,97632,133,0
Oregon,Avista Utilities,2023,November,97634,32,0
Oregon,Cascade Natural Gas,2023,November,97701,10605,4
Oregon,Cascade Natural Gas,2023,November,97702,14053,2
Oregon,Cascade Natural Gas,2023,November,97703,9722,3
Oregon,Cascade Natural Gas,2023,November,97707,3856,0
Oregon,Cascade Natural Gas,2023,November,97731,24,0
Oregon,Cascade Natural Gas,2023,November,97733,70,0
Oregon,Cascade Natural Gas,2023,November,97737,123,0
Oregon,Cascade Natural Gas,2023,November,97739,425,1
Oregon,Cascade Natural Gas,2023,November,97741,1518,2
Oregon,Cascade Natural Gas,2023,November,97753,465,0
Oregon,Cascade Natural Gas,2023,November,97754,2891,1
Oregon,Cascade Natural Gas,2023,November,97756,9430,8
Oregon,Cascade Natural Gas,2023,November,97801,4853,5
Oregon,Cascade Natural Gas,2023,November,97813,345,0
Oregon,Cascade Natural Gas,2023,November,97814,3471,1
Oregon,Idaho Power,2023,November,97814,4,0
Oregon,Cascade Natural Gas,2023,November,97818,332,0
Oregon,Idaho Power,2023,November,97819,25,0
Oregon,Avista Utilities,2023,November,97824,336,0
Oregon,Cascade Natural Gas,2023,November,97826,23,0
Oregon,Avista Utilities,2023,November,97827,540,0
Oregon,Idaho Power,2023,November,97834,661,1
Oregon,Idaho Power,2023,November,97837,71,0
Oregon,Cascade Natural Gas,2023,November,97838,4169,1
Oregon,Idaho Power,2023,November,97840,117,1
Oregon,Avista Utilities,2023,November,97841,134,0
Oregon,Cascade Natural Gas,2023,November,97844,177,0
Oregon,Avista Utilities,2023,November,97850,5001,0
Oregon,Cascade Natural Gas,2023,November,97862,236,0
Oregon,Avista Utilities,2023,November,97867,147,0
Oregon,Cascade Natural Gas,2023,November,97868,464,1
Oregon,Idaho Power,2023,November,97870,437,0
Oregon,Cascade Natural Gas,2023,November,97875,385,0
Oregon,Avista Utilities,2023,November,97876,50,0
Oregon,Cascade Natural Gas,2023,November,97882,1076,0
Oregon,Avista Utilities,2023,November,97883,781,0
Oregon,Idaho Power,2023,November,97884,167,0
Oregon,Cascade Natural Gas,2023,November,97886,189,0
Oregon,Idaho Power,2023,November,97901,374,2
Oregon,Idaho Power,2023,November,97902,32,0
Oregon,Idaho Power,2023,November,97903,83,0
Oregon,Idaho Power,2023,November,97904,114,0
Oregon,Idaho Power,2023,November,97905,105,0
Oregon,Idaho Power,2023,November,97906,141,0
Oregon,Cascade Natural Gas,2023,November,97907,128,0
Oregon,Idaho Power,2023,November,97907,377,1
Oregon,Idaho Power,2023,November,97908,61,0
Oregon,Idaho Power,2023,November,97909,50,0
Oregon,Idaho Power,2023,November,97910,382,0
Oregon,Idaho Power,2023,November,97911,95,0
Oregon,Idaho Power,2023,November,97913,2277,6
Oregon,Cascade Natural Gas,2023,November,97913,749,0
Oregon,Cascade Natural Gas,2023,November,97914,2705,1
Oregon,Idaho Power,2023,November,97914,7043,16
Oregon,Idaho Power,2023,November,97917,1,0
Oregon,Idaho Power,2023,November,97918,1983,7
Oregon,Cascade Natural Gas,2023,November,97918,427,0
Oregon,Idaho Power,2023,November,97920,35,0
Oregon,Portland General Electric,2023,Oct,97002,"2,237",4
Oregon,Portland General Electric,2023,Oct,97003,172,47
Oregon,Portland General Electric,2023,Oct,97004,"1,768",2
Oregon,Portland General Electric,2023,Oct,97005,"12,299",66
Oregon,Portland General Electric,2023,Oct,97006,36,86
Oregon,Portland General Electric,2023,Oct,97007,25,39
Oregon,Portland General Electric,2023,Oct,97008,"11,970",48
Oregon,Portland General Electric,2023,Oct,97009,"3,388",4
Oregon,Portland General Electric,2023,Oct,97011,493,1
Oregon,Portland General Electric,2023,Oct,97013,"2,346",13
Oregon,Portland General Electric,2023,Oct,97015,"8,223",42
Oregon,Portland General Electric,2023,Oct,97017,"1,125",2
Oregon,Portland General Electric,2023,Oct,97019,"1,223",0
Oregon,Portland General Electric,2023,Oct,97020,371,3
Oregon,Portland General Electric,2023,Oct,97022,"1,455",6
Oregon,Portland General Electric,2023,Oct,97023,"5,023",14
Oregon,Portland General Electric,2023,Oct,97024,"4,696",38
Oregon,Portland General Electric,2023,Oct,97026,"1,209",3
Oregon,Portland General Electric,2023,Oct,97027,"4,948",20
Oregon,Portland General Electric,2023,Oct,97028,807,1
Oregon,Portland General Electric,2023,Oct,97030,"15,515",134
Oregon,Portland General Electric,2023,Oct,97032,"1,739",5
Oregon,Portland General Electric,2023,Oct,97034,"8,465",4
Oregon,Portland General Electric,2023,Oct,97035,429,19
Oregon,Portland General Electric,2023,Oct,97036,2,0
Oregon,Portland General Electric,2023,Oct,97038,"6,406",21
Oregon,Portland General Electric,2023,Oct,97042,"1,211",0
Oregon,Portland General Electric,2023,Oct,97045,"22,427",83
Oregon,Portland General Electric,2023,Oct,97049,"1,641",0
Oregon,Portland General Electric,2023,Oct,97055,"8,100",24
Oregon,Portland General Electric,2023,Oct,97056,29,0
Oregon,Portland General Electric,2023,Oct,97060,"6,664",38
Oregon,Portland General Electric,2023,Oct,97062,"11,510",34
Oregon,Portland General Electric,2023,Oct,97067,"1,385",1
Oregon,Portland General Electric,2023,Oct,97068,"11,710",11
Oregon,Portland General Electric,2023,Oct,97070,"11,571",44
Oregon,Portland General Electric,2023,Oct,97071,"10,573",54
Oregon,Portland General Electric,2023,Oct,97078,134,37
Oregon,Portland General Electric,2023,Oct,97080,"16,661",86
Oregon,Portland General Electric,2023,Oct,97086,"1,250",67
Oregon,Portland General Electric,2023,Oct,97089,264,7
Oregon,Portland General Electric,2023,Oct,97101,"1,551",0
Oregon,Portland General Electric,2023,Oct,97106,"1,585",7
Oregon,Portland General Electric,2023,Oct,97109,82,0
Oregon,Portland General Electric,2023,Oct,97111,"1,505",2
Oregon,Portland General Electric,2023,Oct,97113,"5,396",23
Oregon,Portland General Electric,2023,Oct,97114,"1,763",8
Oregon,Portland General Electric,2023,Oct,97115,"1,705",3
Oregon,Portland General Electric,2023,Oct,97116,835,0
Oregon,Portland General Electric,2023,Oct,97117,267,1
Oregon,Portland General Electric,2023,Oct,97119,"1,622",2
Oregon,Portland General Electric,2023,Oct,97123,"18,614",65
Oregon,Portland General Electric,2023,Oct,97124,82,81
Oregon,Portland General Electric,2023,Oct,97125,8,10
Oregon,Portland General Electric,2023,Oct,97127,"1,540",3
Oregon,Portland General Electric,2023,Oct,97128,497,0
Oregon,Portland General Electric,2023,Oct,97132,"12,135",29
Oregon,Portland General Electric,2023,Oct,97133,"2,405",2
Oregon,Portland General Electric,2023,Oct,97137,484,0
Oregon,Portland General Electric,2023,Oct,97140,"9,507",17
Oregon,Portland General Electric,2023,Oct,97148,"1,356",4
Oregon,Portland General Electric,2023,Oct,97201,"7,343",18
Oregon,Portland General Electric,2023,Oct,97202,"20,298",54
Oregon,Portland General Electric,2023,Oct,97203,"13,136",63
Oregon,Portland General Electric,2023,Oct,97204,415,1
Oregon,Portland General Electric,2023,Oct,97205,"3,236",7
Oregon,Portland General Electric,2023,Oct,97206,"22,163",65
Oregon,Portland General Electric,2023,Oct,97209,"15,476",63
Oregon,Portland General Electric,2023,Oct,97210,"8,013",12
Oregon,Portland General Electric,2023,Oct,97211,7,0
Oregon,Portland General Electric,2023,Oct,97213,"3,118",6
Oregon,Portland General Electric,2023,Oct,97214,"15,658",45
Oregon,Portland General Electric,2023,Oct,97215,"7,715",9
Oregon,Portland General Electric,2023,Oct,97216,"4,250",14
Oregon,Portland General Electric,2023,Oct,97217,"13,128",46
Oregon,Portland General Electric,2023,Oct,97219,"17,574",42
Oregon,Portland General Electric,2023,Oct,97221,"5,559",12
Oregon,Portland General Electric,2023,Oct,97222,"13,602",87
Oregon,Portland General Electric,2023,Oct,97223,"7,471",79
Oregon,Portland General Electric,2023,Oct,97224,1,37
Oregon,Portland General Electric,2023,Oct,97225,"11,585",28
Oregon,Portland General Electric,2023,Oct,97227,426,0
Oregon,Portland General Electric,2023,Oct,97229,"28,450",70
Oregon,Portland General Electric,2023,Oct,97230,"15,690",100
Oregon,Portland General Electric,2023,Oct,97231,"1,989",1
Oregon,Portland General Electric,2023,Oct,97232,"5,435",18
Oregon,Portland General Electric,2023,Oct,97233,"15,374",154
Oregon,Portland General Electric,2023,Oct,97236,7,118
Oregon,Portland General Electric,2023,Oct,97239,"10,505",22
Oregon,Portland General Electric,2023,Oct,97266,"13,433",126
Oregon,Portland General Electric,2023,Oct,97267,"11,562",41
Oregon,Portland General Electric,2023,Oct,97301,"19,498",164
Oregon,Portland General Electric,2023,Oct,97302,"17,399",85
Oregon,Portland General Electric,2023,Oct,97303,"10,425",46
Oregon,Portland General Electric,2023,Oct,97304,"1,335",2
Oregon,Portland General Electric,2023,Oct,97305,"15,815",129
Oregon,Portland General Electric,2023,Oct,97306,"13,935",45
Oregon,Portland General Electric,2023,Oct,97317,"8,509",38
Oregon,Portland General Electric,2023,Oct,97325,148,0
Oregon,Portland General Electric,2023,Oct,97338,242,0
Oregon,Portland General Electric,2023,Oct,97347,813,6
Oregon,Portland General Electric,2023,Oct,97352,120,1
Oregon,Portland General Electric,2023,Oct,97362,"1,544",2
Oregon,Portland General Electric,2023,Oct,97371,104,0
Oregon,Portland General Electric,2023,Oct,97375,517,0
Oregon,Portland General Electric,2023,Oct,97378,"2,830",7
Oregon,Portland General Electric,2023,Oct,97381,"6,421",18
Oregon,Portland General Electric,2023,Oct,97385,143,1
Oregon,Portland General Electric,2023,Oct,97392,"1,950",5
Oregon,Portland General Electric,2023,Oct,97396,"1,367",5
Oregon,Northwest Natural Gas Company,2023,October,97002,783,2
Oregon,Northwest Natural Gas Company,2023,October,97003,6890,5
Oregon,Northwest Natural Gas Company,2023,October,97004,234,0
Oregon,Northwest Natural Gas Company,2023,October,97005,4284,0
Oregon,Northwest Natural Gas Company,2023,October,97006,9353,9
Oregon,Northwest Natural Gas Company,2023,October,97007,14144,1
Oregon,Northwest Natural Gas Company,2023,October,97008,6318,1
Oregon,Northwest Natural Gas Company,2023,October,97009,1098,0
Oregon,Northwest Natural Gas Company,2023,October,97013,3949,9
Oregon,Northwest Natural Gas Company,2023,October,97015,4671,3
Oregon,Northwest Natural Gas Company,2023,October,97016,113,0
Oregon,Northwest Natural Gas Company,2023,October,97018,657,0
Oregon,Northwest Natural Gas Company,2023,October,97020,167,0
Oregon,Northwest Natural Gas Company,2023,October,97024,2010,3
Oregon,Northwest Natural Gas Company,2023,October,97026,427,0
Oregon,Northwest Natural Gas Company,2023,October,97027,2979,0
Oregon,Northwest Natural Gas Company,2023,October,97030,6469,2
Oregon,Northwest Natural Gas Company,2023,October,97031,3733,3
Oregon,Northwest Natural Gas Company,2023,October,97032,916,0
Oregon,Northwest Natural Gas Company,2023,October,97034,6777,1
Oregon,Northwest Natural Gas Company,2023,October,97035,7258,2
Oregon,Northwest Natural Gas Company,2023,October,97036,1,0
Oregon,Northwest Natural Gas Company,2023,October,97038,2179,0
Oregon,Northwest Natural Gas Company,2023,October,97042,120,1
Oregon,Northwest Natural Gas Company,2023,October,97045,11507,1
Oregon,Northwest Natural Gas Company,2023,October,97048,388,0
Oregon,Northwest Natural Gas Company,2023,October,97051,3359,0
Oregon,Northwest Natural Gas Company,2023,October,97053,630,0
Oregon,Northwest Natural Gas Company,2023,October,97054,18,0
Oregon,Northwest Natural Gas Company,2023,October,97055,3584,1
Oregon,Northwest Natural Gas Company,2023,October,97056,2436,1
Oregon,Northwest Natural Gas Company,2023,October,97058,1666,0
Oregon,Northwest Natural Gas Company,2023,October,97060,4836,2
Oregon,Northwest Natural Gas Company,2023,October,97062,6123,0
Oregon,Northwest Natural Gas Company,2023,October,97064,715,0
Oregon,Northwest Natural Gas Company,2023,October,97068,9485,3
Oregon,Northwest Natural Gas Company,2023,October,97070,6401,7
Oregon,Northwest Natural Gas Company,2023,October,97071,5586,5
Oregon,Northwest Natural Gas Company,2023,October,97078,5970,2
Oregon,Northwest Natural Gas Company,2023,October,97080,11320,6
Oregon,Northwest Natural Gas Company,2023,October,97086,9411,6
Oregon,Northwest Natural Gas Company,2023,October,97089,3394,0
Oregon,Northwest Natural Gas Company,2023,October,97101,306,2
Oregon,Northwest Natural Gas Company,2023,October,97103,4067,10
Oregon,Northwest Natural Gas Company,2023,October,97106,456,3
Oregon,Northwest Natural Gas Company,2023,October,97110,1363,0
Oregon,Northwest Natural Gas Company,2023,October,97111,63,0
Oregon,Northwest Natural Gas Company,2023,October,97113,2788,1
Oregon,Northwest Natural Gas Company,2023,October,97114,17,0
Oregon,Northwest Natural Gas Company,2023,October,97115,957,0
Oregon,Northwest Natural Gas Company,2023,October,97116,3761,2
Oregon,Northwest Natural Gas Company,2023,October,97121,432,0
Oregon,Northwest Natural Gas Company,2023,October,97123,12112,1
Oregon,Northwest Natural Gas Company,2023,October,97124,10735,5
Oregon,Northwest Natural Gas Company,2023,October,97127,857,3
Oregon,Northwest Natural Gas Company,2023,October,97128,3486,1
Oregon,Northwest Natural Gas Company,2023,October,97132,5729,1
Oregon,Northwest Natural Gas Company,2023,October,97133,1293,0
Oregon,Northwest Natural Gas Company,2023,October,97138,4401,5
Oregon,Northwest Natural Gas Company,2023,October,97140,6737,4
Oregon,Northwest Natural Gas Company,2023,October,97146,2179,5
Oregon,Northwest Natural Gas Company,2023,October,97201,2624,0
Oregon,Northwest Natural Gas Company,2023,October,97202,11707,3
Oregon,Northwest Natural Gas Company,2023,October,97203,7515,0
Oregon,Northwest Natural Gas Company,2023,October,97204,132,0
Oregon,Northwest Natural Gas Company,2023,October,97205,1664,7
Oregon,Northwest Natural Gas Company,2023,October,97206,13952,5
Oregon,Northwest Natural Gas Company,2023,October,97209,2508,6
Oregon,Northwest Natural Gas Company,2023,October,97210,4406,3
Oregon,Northwest Natural Gas Company,2023,October,97211,10477,2
Oregon,Northwest Natural Gas Company,2023,October,97212,8535,1
Oregon,Northwest Natural Gas Company,2023,October,97213,9827,8
Oregon,Northwest Natural Gas Company,2023,October,97214,8530,9
Oregon,Northwest Natural Gas Company,2023,October,97215,5742,0
Oregon,Northwest Natural Gas Company,2023,October,97216,3443,2
Oregon,Northwest Natural Gas Company,2023,October,97217,10579,5
Oregon,Northwest Natural Gas Company,2023,October,97218,3624,2
Oregon,Northwest Natural Gas Company,2023,October,97219,12492,2
Oregon,Northwest Natural Gas Company,2023,October,97220,6699,1
Oregon,Northwest Natural Gas Company,2023,October,97221,3955,0
Oregon,Northwest Natural Gas Company,2023,October,97222,8108,8
Oregon,Northwest Natural Gas Company,2023,October,97223,12981,0
Oregon,Northwest Natural Gas Company,2023,October,97224,10817,5
Oregon,Northwest Natural Gas Company,2023,October,97225,7307,1
Oregon,Northwest Natural Gas Company,2023,October,97227,1648,0
Oregon,Northwest Natural Gas Company,2023,October,97229,21500,8
Oregon,Northwest Natural Gas Company,2023,October,97230,9412,20
Oregon,Northwest Natural Gas Company,2023,October,97231,779,0
Oregon,Northwest Natural Gas Company,2023,October,97232,2926,2
Oregon,Northwest Natural Gas Company,2023,October,97233,6213,3
Oregon,Northwest Natural Gas Company,2023,October,97236,7235,2
Oregon,Northwest Natural Gas Company,2023,October,97239,3957,0
Oregon,Northwest Natural Gas Company,2023,October,97248,1,0
Oregon,Northwest Natural Gas Company,2023,October,97266,7229,10
Oregon,Northwest Natural Gas Company,2023,October,97267,8762,1
Oregon,Northwest Natural Gas Company,2023,October,97301,8641,3
Oregon,Northwest Natural Gas Company,2023,October,97302,10322,0
Oregon,Northwest Natural Gas Company,2023,October,97303,9003,0
Oregon,Northwest Natural Gas Company,2023,October,97304,7338,0
Oregon,Northwest Natural Gas Company,2023,October,97305,6892,3
Oregon,Northwest Natural Gas Company,2023,October,97306,8738,3
Oregon,Northwest Natural Gas Company,2023,October,97310,9,0
Oregon,Northwest Natural Gas Company,2023,October,97317,3882,1
Oregon,Northwest Natural Gas Company,2023,October,97321,8842,10
Oregon,Northwest Natural Gas Company,2023,October,97322,7462,11
Oregon,Northwest Natural Gas Company,2023,October,97325,807,0
Oregon,Northwest Natural Gas Company,2023,October,97327,554,0
Oregon,Northwest Natural Gas Company,2023,October,97330,9329,4
Oregon,Northwest Natural Gas Company,2023,October,97333,4460,6
Oregon,Northwest Natural Gas Company,2023,October,97338,4651,6
Oregon,Northwest Natural Gas Company,2023,October,97341,1362,0
Oregon,Northwest Natural Gas Company,2023,October,97345,12,0
Oregon,Northwest Natural Gas Company,2023,October,97347,227,3
Oregon,Northwest Natural Gas Company,2023,October,97348,215,0
Oregon,Northwest Natural Gas Company,2023,October,97351,1864,0
Oregon,Northwest Natural Gas Company,2023,October,97352,776,0
Oregon,Northwest Natural Gas Company,2023,October,97355,5143,4
Oregon,Northwest Natural Gas Company,2023,October,97358,412,0
Oregon,Northwest Natural Gas Company,2023,October,97360,496,0
Oregon,Northwest Natural Gas Company,2023,October,97361,1353,0
Oregon,Northwest Natural Gas Company,2023,October,97362,766,1
Oregon,Northwest Natural Gas Company,2023,October,97364,229,0
Oregon,Northwest Natural Gas Company,2023,October,97365,1673,1
Oregon,Northwest Natural Gas Company,2023,October,97366,182,0
Oregon,Northwest Natural Gas Company,2023,October,97367,4253,3
Oregon,Northwest Natural Gas Company,2023,October,97368,902,2
Oregon,Northwest Natural Gas Company,2023,October,97370,1256,1
Oregon,Northwest Natural Gas Company,2023,October,97371,44,0
Oregon,Northwest Natural Gas Company,2023,October,97372,9,0
Oregon,Northwest Natural Gas Company,2023,October,97374,303,0
Oregon,Northwest Natural Gas Company,2023,October,97377,51,0
Oregon,Northwest Natural Gas Company,2023,October,97378,800,1
Oregon,Northwest Natural Gas Company,2023,October,97380,151,0
Oregon,Northwest Natural Gas Company,2023,October,97381,2958,3
Oregon,Northwest Natural Gas Company,2023,October,97383,1781,0
Oregon,Northwest Natural Gas Company,2023,October,97384,33,0
Oregon,Northwest Natural Gas Company,2023,October,97385,899,0
Oregon,Northwest Natural Gas Company,2023,October,97386,2174,4
Oregon,Northwest Natural Gas Company,2023,October,97388,1052,0
Oregon,Northwest Natural Gas Company,2023,October,97389,310,0
Oregon,Northwest Natural Gas Company,2023,October,97391,287,0
Oregon,Northwest Natural Gas Company,2023,October,97392,987,0
Oregon,Northwest Natural Gas Company,2023,October,97396,416,1
Oregon,Northwest Natural Gas Company,2023,October,97401,5651,0
Oregon,Northwest Natural Gas Company,2023,October,97402,4594,6
Oregon,Northwest Natural Gas Company,2023,October,97403,1578,1
Oregon,Northwest Natural Gas Company,2023,October,97404,6355,1
Oregon,Northwest Natural Gas Company,2023,October,97405,6992,0
Oregon,Northwest Natural Gas Company,2023,October,97408,3002,1
Oregon,Avista Utilities,2023,October,97417,308,0
Oregon,Northwest Natural Gas Company,2023,October,97420,831,3
Oregon,Northwest Natural Gas Company,2023,October,97423,217,0
Oregon,Northwest Natural Gas Company,2023,October,97424,2332,1
Oregon,Northwest Natural Gas Company,2023,October,97426,1302,2
Oregon,Avista Utilities,2023,October,97432,54,0
Oregon,Northwest Natural Gas Company,2023,October,97438,8,0
Oregon,Avista Utilities,2023,October,97442,150,0
Oregon,Northwest Natural Gas Company,2023,October,97446,582,0
Oregon,Northwest Natural Gas Company,2023,October,97448,1490,0
Oregon,Northwest Natural Gas Company,2023,October,97455,139,0
Oregon,Avista Utilities,2023,October,97457,1471,2
Oregon,Northwest Natural Gas Company,2023,October,97458,138,0
Oregon,Northwest Natural Gas Company,2023,October,97459,601,0
Oregon,Avista Utilities,2023,October,97462,279,0
Oregon,Avista Utilities,2023,October,97469,259,0
Oregon,Avista Utilities,2023,October,97470,3513,1
Oregon,Avista Utilities,2023,October,97471,5116,3
Oregon,Northwest Natural Gas Company,2023,October,97477,3140,3
Oregon,Northwest Natural Gas Company,2023,October,97478,2495,0
Oregon,Avista Utilities,2023,October,97479,1716,3
Oregon,Avista Utilities,2023,October,97495,508,0
Oregon,Avista Utilities,2023,October,97496,1153,5
Oregon,Avista Utilities,2023,October,97497,2,0
Oregon,Avista Utilities,2023,October,97501,9227,24
Oregon,Avista Utilities,2023,October,97502,6484,12
Oregon,Avista Utilities,2023,October,97503,1708,1
Oregon,Avista Utilities,2023,October,97504,13487,9
Oregon,Avista Utilities,2023,October,97520,7344,8
Oregon,Avista Utilities,2023,October,97524,2863,5
Oregon,Avista Utilities,2023,October,97525,580,1
Oregon,Avista Utilities,2023,October,97526,6436,9
Oregon,Avista Utilities,2023,October,97527,5656,3
Oregon,Avista Utilities,2023,October,97528,2,0
Oregon,Avista Utilities,2023,October,97530,1264,1
Oregon,Avista Utilities,2023,October,97535,1188,7
Oregon,Avista Utilities,2023,October,97537,567,2
Oregon,Avista Utilities,2023,October,97539,233,0
Oregon,Avista Utilities,2023,October,97540,1468,8
Oregon,Avista Utilities,2023,October,97601,6507,6
Oregon,Avista Utilities,2023,October,97603,8925,12
Oregon,Avista Utilities,2023,October,97623,60,0
Oregon,Avista Utilities,2023,October,97627,205,0
Oregon,Avista Utilities,2023,October,97632,134,1
Oregon,Avista Utilities,2023,October,97634,31,0
Oregon,Cascade Natural Gas,2023,October,97701,10634,5
Oregon,Cascade Natural Gas,2023,October,97702,14042,7
Oregon,Cascade Natural Gas,2023,October,97703,9729,5
Oregon,Cascade Natural Gas,2023,October,97707,3848,1
Oregon,Cascade Natural Gas,2023,October,97731,24,0
Oregon,Cascade Natural Gas,2023,October,97733,71,1
Oregon,Cascade Natural Gas,2023,October,97737,121,0
Oregon,Cascade Natural Gas,2023,October,97739,425,0
Oregon,Cascade Natural Gas,2023,October,97741,1509,1
Oregon,Cascade Natural Gas,2023,October,97753,458,0
Oregon,Cascade Natural Gas,2023,October,97754,2880,2
Oregon,Cascade Natural Gas,2023,October,97756,9417,9
Oregon,Cascade Natural Gas,2023,October,97801,4818,6
Oregon,Northwest Natural Gas Company,2023,October,97809,1,0
Oregon,Cascade Natural Gas,2023,October,97813,345,0
Oregon,Idaho Power,2023,October,97814,4,0
Oregon,Cascade Natural Gas,2023,October,97814,3452,1
Oregon,Cascade Natural Gas,2023,October,97818,328,1
Oregon,Idaho Power,2023,October,97819,27,0
Oregon,Avista Utilities,2023,October,97824,329,0
Oregon,Cascade Natural Gas,2023,October,97826,23,0
Oregon,Avista Utilities,2023,October,97827,540,0
Oregon,Idaho Power,2023,October,97834,663,1
Oregon,Idaho Power,2023,October,97837,73,0
Oregon,Cascade Natural Gas,2023,October,97838,4120,5
Oregon,Idaho Power,2023,October,97840,114,0
Oregon,Avista Utilities,2023,October,97841,134,0
Oregon,Cascade Natural Gas,2023,October,97844,174,0
Oregon,Avista Utilities,2023,October,97850,5013,4
Oregon,Cascade Natural Gas,2023,October,97862,235,0
Oregon,Avista Utilities,2023,October,97867,146,0
Oregon,Cascade Natural Gas,2023,October,97868,463,0
Oregon,Idaho Power,2023,October,97870,436,1
Oregon,Cascade Natural Gas,2023,October,97875,376,0
Oregon,Avista Utilities,2023,October,97876,49,0
Oregon,Cascade Natural Gas,2023,October,97882,1054,1
Oregon,Avista Utilities,2023,October,97883,782,0
Oregon,Idaho Power,2023,October,97884,171,0
Oregon,Cascade Natural Gas,2023,October,97886,190,0
Oregon,Idaho Power,2023,October,97901,370,0
Oregon,Idaho Power,2023,October,97902,31,0
Oregon,Idaho Power,2023,October,97903,83,0
Oregon,Idaho Power,2023,October,97904,114,0
Oregon,Idaho Power,2023,October,97905,106,0
Oregon,Idaho Power,2023,October,97906,144,0
Oregon,Cascade Natural Gas,2023,October,97907,130,0
Oregon,Idaho Power,2023,October,97907,383,3
Oregon,Idaho Power,2023,October,97908,61,0
Oregon,Idaho Power,2023,October,97909,51,0
Oregon,Idaho Power,2023,October,97910,384,4
Oregon,Idaho Power,2023,October,97911,97,0
Oregon,Cascade Natural Gas,2023,October,97913,738,0
Oregon,Idaho Power,2023,October,97913,2279,11
Oregon,Cascade Natural Gas,2023,October,97914,2674,1
Oregon,Idaho Power,2023,October,97914,7073,32
Oregon,Idaho Power,2023,October,97917,1,0
Oregon,Cascade Natural Gas,2023,October,97918,426,0
Oregon,Idaho Power,2023,October,97918,1991,3
Oregon,Idaho Power,2023,October,97920,35,0
Oregon,Portland General Electric,2023,Sep,97002,"2,234",3
Oregon,Portland General Electric,2023,Sep,97003,171,34
Oregon,Portland General Electric,2023,Sep,97004,"1,766",0
Oregon,Portland General Electric,2023,Sep,97005,"12,281",57
Oregon,Portland General Electric,2023,Sep,97006,36,63
Oregon,Portland General Electric,2023,Sep,97007,25,26
Oregon,Portland General Electric,2023,Sep,97008,"11,952",46
Oregon,Portland General Electric,2023,Sep,97009,"3,383",11
Oregon,Portland General Electric,2023,Sep,97011,492,0
Oregon,Portland General Electric,2023,Sep,97013,"2,343",1
Oregon,Portland General Electric,2023,Sep,97015,"8,210",32
Oregon,Portland General Electric,2023,Sep,97017,"1,123",0
Oregon,Portland General Electric,2023,Sep,97019,"1,222",0
Oregon,Portland General Electric,2023,Sep,97020,371,1
Oregon,Portland General Electric,2023,Sep,97022,"1,453",2
Oregon,Portland General Electric,2023,Sep,97023,"5,015",8
Oregon,Portland General Electric,2023,Sep,97024,"4,689",28
Oregon,Portland General Electric,2023,Sep,97026,"1,208",6
Oregon,Portland General Electric,2023,Sep,97027,"4,940",14
Oregon,Portland General Electric,2023,Sep,97028,806,0
Oregon,Portland General Electric,2023,Sep,97030,"15,491",69
Oregon,Portland General Electric,2023,Sep,97032,"1,737",2
Oregon,Portland General Electric,2023,Sep,97034,"8,453",2
Oregon,Portland General Electric,2023,Sep,97035,428,11
Oregon,Portland General Electric,2023,Sep,97036,2,0
Oregon,Portland General Electric,2023,Sep,97038,"6,396",14
Oregon,Portland General Electric,2023,Sep,97042,"1,210",3
Oregon,Portland General Electric,2023,Sep,97045,"22,393",54
Oregon,Portland General Electric,2023,Sep,97049,"1,638",2
Oregon,Portland General Electric,2023,Sep,97055,"8,088",23
Oregon,Portland General Electric,2023,Sep,97056,29,0
Oregon,Portland General Electric,2023,Sep,97060,"6,654",20
Oregon,Portland General Electric,2023,Sep,97062,"11,493",46
Oregon,Portland General Electric,2023,Sep,97067,"1,383",0
Oregon,Portland General Electric,2023,Sep,97068,"11,692",8
Oregon,Portland General Electric,2023,Sep,97070,"11,553",24
Oregon,Portland General Electric,2023,Sep,97071,"10,557",30
Oregon,Portland General Electric,2023,Sep,97078,134,35
Oregon,Portland General Electric,2023,Sep,97080,"16,636",58
Oregon,Portland General Electric,2023,Sep,97086,"1,249",43
Oregon,Portland General Electric,2023,Sep,97089,264,5
Oregon,Portland General Electric,2023,Sep,97101,"1,548",4
Oregon,Portland General Electric,2023,Sep,97106,"1,582",1
Oregon,Portland General Electric,2023,Sep,97109,82,0
Oregon,Portland General Electric,2023,Sep,97111,"1,503",1
Oregon,Portland General Electric,2023,Sep,97113,"5,388",13
Oregon,Portland General Electric,2023,Sep,97114,"1,761",1
Oregon,Portland General Electric,2023,Sep,97115,"1,703",1
Oregon,Portland General Electric,2023,Sep,97116,834,1
Oregon,Portland General Electric,2023,Sep,97117,267,0
Oregon,Portland General Electric,2023,Sep,97119,"1,619",0
Oregon,Portland General Electric,2023,Sep,97123,"18,586",51
Oregon,Portland General Electric,2023,Sep,97124,82,54
Oregon,Portland General Electric,2023,Sep,97125,8,10
Oregon,Portland General Electric,2023,Sep,97127,"1,537",1
Oregon,Portland General Electric,2023,Sep,97128,496,1
Oregon,Portland General Electric,2023,Sep,97132,"12,116",17
Oregon,Portland General Electric,2023,Sep,97133,"2,401",5
Oregon,Portland General Electric,2023,Sep,97137,483,0
Oregon,Portland General Electric,2023,Sep,97140,"9,493",14
Oregon,Portland General Electric,2023,Sep,97148,"1,354",1
Oregon,Portland General Electric,2023,Sep,97201,"7,332",8
Oregon,Portland General Electric,2023,Sep,97202,"20,267",39
Oregon,Portland General Electric,2023,Sep,97203,"13,116",23
Oregon,Portland General Electric,2023,Sep,97204,415,0
Oregon,Portland General Electric,2023,Sep,97205,"3,231",2
Oregon,Portland General Electric,2023,Sep,97206,"22,129",49
Oregon,Portland General Electric,2023,Sep,97209,"15,452",25
Oregon,Portland General Electric,2023,Sep,97210,"8,001",4
Oregon,Portland General Electric,2023,Sep,97211,7,0
Oregon,Portland General Electric,2023,Sep,97213,"3,113",7
Oregon,Portland General Electric,2023,Sep,97214,"15,635",24
Oregon,Portland General Electric,2023,Sep,97215,"7,703",6
Oregon,Portland General Electric,2023,Sep,97216,"4,244",7
Oregon,Portland General Electric,2023,Sep,97217,"13,108",17
Oregon,Portland General Electric,2023,Sep,97219,"17,548",24
Oregon,Portland General Electric,2023,Sep,97221,"5,551",6
Oregon,Portland General Electric,2023,Sep,97222,"13,581",34
Oregon,Portland General Electric,2023,Sep,97223,"7,460",64
Oregon,Portland General Electric,2023,Sep,97224,1,16
Oregon,Portland General Electric,2023,Sep,97225,"11,567",21
Oregon,Portland General Electric,2023,Sep,97227,425,0
Oregon,Portland General Electric,2023,Sep,97229,"28,407",48
Oregon,Portland General Electric,2023,Sep,97230,"15,667",55
Oregon,Portland General Electric,2023,Sep,97231,"1,986",0
Oregon,Portland General Electric,2023,Sep,97232,"5,426",8
Oregon,Portland General Electric,2023,Sep,97233,"15,351",74
Oregon,Portland General Electric,2023,Sep,97236,7,50
Oregon,Portland General Electric,2023,Sep,97239,"10,489",8
Oregon,Portland General Electric,2023,Sep,97266,"13,413",52
Oregon,Portland General Electric,2023,Sep,97267,"11,544",24
Oregon,Portland General Electric,2023,Sep,97301,"19,469",101
Oregon,Portland General Electric,2023,Sep,97302,"17,373",42
Oregon,Portland General Electric,2023,Sep,97303,"10,410",19
Oregon,Portland General Electric,2023,Sep,97304,"1,333",1
Oregon,Portland General Electric,2023,Sep,97305,"15,791",93
Oregon,Portland General Electric,2023,Sep,97306,"13,914",25
Oregon,Portland General Electric,2023,Sep,97317,"8,496",21
Oregon,Portland General Electric,2023,Sep,97325,147,0
Oregon,Portland General Electric,2023,Sep,97338,242,0
Oregon,Portland General Electric,2023,Sep,97347,812,3
Oregon,Portland General Electric,2023,Sep,97352,120,0
Oregon,Portland General Electric,2023,Sep,97362,"1,541",4
Oregon,Portland General Electric,2023,Sep,97371,104,0
Oregon,Portland General Electric,2023,Sep,97375,516,2
Oregon,Portland General Electric,2023,Sep,97378,"2,826",8
Oregon,Portland General Electric,2023,Sep,97381,"6,411",10
Oregon,Portland General Electric,2023,Sep,97385,142,1
Oregon,Portland General Electric,2023,Sep,97392,"1,947",1
Oregon,Portland General Electric,2023,Sep,97396,"1,365",3
Oregon,Northwest Natural Gas Company,2023,September,97002,782,0
Oregon,Northwest Natural Gas Company,2023,September,97003,6884,11
Oregon,Northwest Natural Gas Company,2023,September,97004,234,0
Oregon,Northwest Natural Gas Company,2023,September,97005,4287,3
Oregon,Northwest Natural Gas Company,2023,September,97006,9349,8
Oregon,Northwest Natural Gas Company,2023,September,97007,14133,14
Oregon,Northwest Natural Gas Company,2023,September,97008,6314,7
Oregon,Northwest Natural Gas Company,2023,September,97009,1097,1
Oregon,Northwest Natural Gas Company,2023,September,97013,3935,0
Oregon,Northwest Natural Gas Company,2023,September,97015,4672,4
Oregon,Northwest Natural Gas Company,2023,September,97016,113,0
Oregon,Northwest Natural Gas Company,2023,September,97018,657,0
Oregon,Northwest Natural Gas Company,2023,September,97020,162,0
Oregon,Northwest Natural Gas Company,2023,September,97024,2009,3
Oregon,Northwest Natural Gas Company,2023,September,97026,426,2
Oregon,Northwest Natural Gas Company,2023,September,97027,2978,0
Oregon,Northwest Natural Gas Company,2023,September,97030,6470,14
Oregon,Northwest Natural Gas Company,2023,September,97031,3731,0
Oregon,Northwest Natural Gas Company,2023,September,97032,913,0
Oregon,Northwest Natural Gas Company,2023,September,97034,6784,2
Oregon,Northwest Natural Gas Company,2023,September,97035,7267,1
Oregon,Northwest Natural Gas Company,2023,September,97036,1,0
Oregon,Northwest Natural Gas Company,2023,September,97038,2180,0
Oregon,Northwest Natural Gas Company,2023,September,97042,120,0
Oregon,Northwest Natural Gas Company,2023,September,97045,11500,8
Oregon,Northwest Natural Gas Company,2023,September,97048,388,0
Oregon,Northwest Natural Gas Company,2023,September,97051,3367,7
Oregon,Northwest Natural Gas Company,2023,September,97053,629,0
Oregon,Northwest Natural Gas Company,2023,September,97054,18,0
Oregon,Northwest Natural Gas Company,2023,September,97055,3571,3
Oregon,Northwest Natural Gas Company,2023,September,97056,2437,0
Oregon,Northwest Natural Gas Company,2023,September,97058,1666,0
Oregon,Northwest Natural Gas Company,2023,September,97060,4833,5
Oregon,Northwest Natural Gas Company,2023,September,97062,6120,2
Oregon,Northwest Natural Gas Company,2023,September,97064,716,3
Oregon,Northwest Natural Gas Company,2023,September,97068,9477,6
Oregon,Northwest Natural Gas Company,2023,September,97070,6365,1
Oregon,Northwest Natural Gas Company,2023,September,97071,5584,2
Oregon,Northwest Natural Gas Company,2023,September,97078,5977,2
Oregon,Northwest Natural Gas Company,2023,September,97080,11311,12
Oregon,Northwest Natural Gas Company,2023,September,97086,9389,9
Oregon,Northwest Natural Gas Company,2023,September,97089,3391,0
Oregon,Northwest Natural Gas Company,2023,September,97101,307,1
Oregon,Northwest Natural Gas Company,2023,September,97103,4064,5
Oregon,Northwest Natural Gas Company,2023,September,97106,455,1
Oregon,Northwest Natural Gas Company,2023,September,97110,1367,3
Oregon,Northwest Natural Gas Company,2023,September,97111,63,0
Oregon,Northwest Natural Gas Company,2023,September,97113,2782,0
Oregon,Northwest Natural Gas Company,2023,September,97114,17,0
Oregon,Northwest Natural Gas Company,2023,September,97115,956,1
Oregon,Northwest Natural Gas Company,2023,September,97116,3751,2
Oregon,Northwest Natural Gas Company,2023,September,97121,432,1
Oregon,Northwest Natural Gas Company,2023,September,97123,12100,4
Oregon,Northwest Natural Gas Company,2023,September,97124,10745,7
Oregon,Northwest Natural Gas Company,2023,September,97127,852,0
Oregon,Northwest Natural Gas Company,2023,September,97128,3468,2
Oregon,Northwest Natural Gas Company,2023,September,97132,5721,3
Oregon,Northwest Natural Gas Company,2023,September,97133,1278,2
Oregon,Northwest Natural Gas Company,2023,September,97138,4395,2
Oregon,Northwest Natural Gas Company,2023,September,97140,6737,3
Oregon,Northwest Natural Gas Company,2023,September,97146,2175,7
Oregon,Northwest Natural Gas Company,2023,September,97201,2636,0
Oregon,Northwest Natural Gas Company,2023,September,97202,11700,5
Oregon,Northwest Natural Gas Company,2023,September,97203,7520,8
Oregon,Northwest Natural Gas Company,2023,September,97204,129,0
Oregon,Northwest Natural Gas Company,2023,September,97205,1654,0
Oregon,Northwest Natural Gas Company,2023,September,97206,13962,13
Oregon,Northwest Natural Gas Company,2023,September,97209,2413,0
Oregon,Northwest Natural Gas Company,2023,September,97210,4379,0
Oregon,Northwest Natural Gas Company,2023,September,97211,10488,9
Oregon,Northwest Natural Gas Company,2023,September,97212,8515,1
Oregon,Northwest Natural Gas Company,2023,September,97213,9824,5
Oregon,Northwest Natural Gas Company,2023,September,97214,8534,10
Oregon,Northwest Natural Gas Company,2023,September,97215,5745,3
Oregon,Northwest Natural Gas Company,2023,September,97216,3444,7
Oregon,Northwest Natural Gas Company,2023,September,97217,10570,14
Oregon,Northwest Natural Gas Company,2023,September,97218,3624,2
Oregon,Northwest Natural Gas Company,2023,September,97219,12509,1
Oregon,Northwest Natural Gas Company,2023,September,97220,6682,13
Oregon,Northwest Natural Gas Company,2023,September,97221,3958,2
Oregon,Northwest Natural Gas Company,2023,September,97222,8100,6
Oregon,Northwest Natural Gas Company,2023,September,97223,12974,8
Oregon,Northwest Natural Gas Company,2023,September,97224,10796,3
Oregon,Northwest Natural Gas Company,2023,September,97225,7309,3
Oregon,Northwest Natural Gas Company,2023,September,97227,1655,0
Oregon,Northwest Natural Gas Company,2023,September,97229,21458,19
Oregon,Northwest Natural Gas Company,2023,September,97230,9403,14
Oregon,Northwest Natural Gas Company,2023,September,97231,777,1
Oregon,Northwest Natural Gas Company,2023,September,97232,2916,6
Oregon,Northwest Natural Gas Company,2023,September,97233,6212,8
Oregon,Northwest Natural Gas Company,2023,September,97236,7234,14
Oregon,Northwest Natural Gas Company,2023,September,97239,3962,1
Oregon,Northwest Natural Gas Company,2023,September,97248,1,0
Oregon,Northwest Natural Gas Company,2023,September,97266,7231,17
Oregon,Northwest Natural Gas Company,2023,September,97267,8758,13
Oregon,Northwest Natural Gas Company,2023,September,97301,8624,1
Oregon,Northwest Natural Gas Company,2023,September,97302,10317,8
Oregon,Northwest Natural Gas Company,2023,September,97303,9011,0
Oregon,Northwest Natural Gas Company,2023,September,97304,7341,4
Oregon,Northwest Natural Gas Company,2023,September,97305,6889,0
Oregon,Northwest Natural Gas Company,2023,September,97306,8733,11
Oregon,Northwest Natural Gas Company,2023,September,97310,9,0
Oregon,Northwest Natural Gas Company,2023,September,97317,3882,0
Oregon,Northwest Natural Gas Company,2023,September,97321,8835,8
Oregon,Northwest Natural Gas Company,2023,September,97322,7453,8
Oregon,Northwest Natural Gas Company,2023,September,97325,806,0
Oregon,Northwest Natural Gas Company,2023,September,97327,552,0
Oregon,Northwest Natural Gas Company,2023,September,97330,9316,4
Oregon,Northwest Natural Gas Company,2023,September,97333,4450,0
Oregon,Northwest Natural Gas Company,2023,September,97338,4638,2
Oregon,Northwest Natural Gas Company,2023,September,97341,1360,1
Oregon,Northwest Natural Gas Company,2023,September,97345,12,0
Oregon,Northwest Natural Gas Company,2023,September,97347,223,1
Oregon,Northwest Natural Gas Company,2023,September,97348,216,0
Oregon,Northwest Natural Gas Company,2023,September,97351,1855,1
Oregon,Northwest Natural Gas Company,2023,September,97352,778,0
Oregon,Northwest Natural Gas Company,2023,September,97355,5137,15
Oregon,Northwest Natural Gas Company,2023,September,97358,411,0
Oregon,Northwest Natural Gas Company,2023,September,97360,500,3
Oregon,Northwest Natural Gas Company,2023,September,97361,1357,0
Oregon,Northwest Natural Gas Company,2023,September,97362,764,0
Oregon,Northwest Natural Gas Company,2023,September,97364,229,0
Oregon,Northwest Natural Gas Company,2023,September,97365,1672,1
Oregon,Northwest Natural Gas Company,2023,September,97366,182,0
Oregon,Northwest Natural Gas Company,2023,September,97367,4254,6
Oregon,Northwest Natural Gas Company,2023,September,97368,901,1
Oregon,Northwest Natural Gas Company,2023,September,97370,1254,3
Oregon,Northwest Natural Gas Company,2023,September,97371,43,0
Oregon,Northwest Natural Gas Company,2023,September,97372,9,0
Oregon,Northwest Natural Gas Company,2023,September,97374,302,3
Oregon,Northwest Natural Gas Company,2023,September,97377,52,0
Oregon,Northwest Natural Gas Company,2023,September,97378,796,1
Oregon,Northwest Natural Gas Company,2023,September,97380,150,0
Oregon,Northwest Natural Gas Company,2023,September,97381,2955,0
Oregon,Northwest Natural Gas Company,2023,September,97383,1780,1
Oregon,Northwest Natural Gas Company,2023,September,97384,33,0
Oregon,Northwest Natural Gas Company,2023,September,97385,897,0
Oregon,Northwest Natural Gas Company,2023,September,97386,2173,3
Oregon,Northwest Natural Gas Company,2023,September,97388,1051,2
Oregon,Northwest Natural Gas Company,2023,September,97389,309,0
Oregon,Northwest Natural Gas Company,2023,September,97391,287,0
Oregon,Northwest Natural Gas Company,2023,September,97392,987,1
Oregon,Northwest Natural Gas Company,2023,September,97396,412,1
Oregon,Northwest Natural Gas Company,2023,September,97401,5635,4
Oregon,Northwest Natural Gas Company,2023,September,97402,4589,1
Oregon,Northwest Natural Gas Company,2023,September,97403,1582,1
Oregon,Northwest Natural Gas Company,2023,September,97404,6355,0
Oregon,Northwest Natural Gas Company,2023,September,97405,6994,0
Oregon,Northwest Natural Gas Company,2023,September,97408,3003,0
Oregon,Avista Utilities,2023,September,97417,309,0
Oregon,Northwest Natural Gas Company,2023,September,97420,833,1
Oregon,Northwest Natural Gas Company,2023,September,97423,216,0
Oregon,Northwest Natural Gas Company,2023,September,97424,2328,7
Oregon,Northwest Natural Gas Company,2023,September,97426,1303,1
Oregon,Avista Utilities,2023,September,97432,54,0
Oregon,Northwest Natural Gas Company,2023,September,97438,8,0
Oregon,Avista Utilities,2023,September,97442,147,0
Oregon,Northwest Natural Gas Company,2023,September,97446,583,0
Oregon,Northwest Natural Gas Company,2023,September,97448,1486,0
Oregon,Northwest Natural Gas Company,2023,September,97455,139,0
Oregon,Avista Utilities,2023,September,97457,1463,3
Oregon,Northwest Natural Gas Company,2023,September,97458,137,0
Oregon,Northwest Natural Gas Company,2023,September,97459,599,1
Oregon,Avista Utilities,2023,September,97462,279,1
Oregon,Avista Utilities,2023,September,97469,263,0
Oregon,Avista Utilities,2023,September,97470,3483,7
Oregon,Avista Utilities,2023,September,97471,5107,1
Oregon,Northwest Natural Gas Company,2023,September,97477,3120,3
Oregon,Northwest Natural Gas Company,2023,September,97478,2488,0
Oregon,Avista Utilities,2023,September,97479,1702,3
Oregon,Avista Utilities,2023,September,97495,508,0
Oregon,Avista Utilities,2023,September,97496,1150,2
Oregon,Avista Utilities,2023,September,97497,2,0
Oregon,Avista Utilities,2023,September,97501,9175,23
Oregon,Avista Utilities,2023,September,97502,6461,14
Oregon,Avista Utilities,2023,September,97503,1704,3
Oregon,Avista Utilities,2023,September,97504,13436,15
Oregon,Avista Utilities,2023,September,97520,7344,15
Oregon,Avista Utilities,2023,September,97524,2863,2
Oregon,Avista Utilities,2023,September,97525,578,1
Oregon,Avista Utilities,2023,September,97526,6437,10
Oregon,Avista Utilities,2023,September,97527,5661,12
Oregon,Avista Utilities,2023,September,97528,2,0
Oregon,Avista Utilities,2023,September,97530,1261,1
Oregon,Avista Utilities,2023,September,97535,1172,3
Oregon,Avista Utilities,2023,September,97537,567,1
Oregon,Avista Utilities,2023,September,97539,232,0
Oregon,Avista Utilities,2023,September,97540,1464,0
Oregon,Avista Utilities,2023,September,97601,6490,12
Oregon,Avista Utilities,2023,September,97603,8892,19
Oregon,Avista Utilities,2023,September,97623,64,0
Oregon,Avista Utilities,2023,September,97627,207,0
Oregon,Avista Utilities,2023,September,97632,133,0
Oregon,Avista Utilities,2023,September,97634,31,1
Oregon,Cascade Natural Gas,2023,September,97701,10566,16
Oregon,Cascade Natural Gas,2023,September,97702,14015,11
Oregon,Cascade Natural Gas,2023,September,97703,9668,4
Oregon,Cascade Natural Gas,2023,September,97707,3842,0
Oregon,Cascade Natural Gas,2023,September,97731,24,0
Oregon,Cascade Natural Gas,2023,September,97733,70,0
Oregon,Cascade Natural Gas,2023,September,97737,123,1
Oregon,Cascade Natural Gas,2023,September,97739,428,1
Oregon,Cascade Natural Gas,2023,September,97741,1502,2
Oregon,Cascade Natural Gas,2023,September,97753,456,2
Oregon,Cascade Natural Gas,2023,September,97754,2866,6
Oregon,Cascade Natural Gas,2023,September,97756,9389,14
Oregon,Cascade Natural Gas,2023,September,97801,4793,13
Oregon,Northwest Natural Gas Company,2023,September,97809,1,0
Oregon,Cascade Natural Gas,2023,September,97813,341,1
Oregon,Idaho Power,2023,September,97814,4,0
Oregon,Cascade Natural Gas,2023,September,97814,3432,5
Oregon,Cascade Natural Gas,2023,September,97818,320,0
Oregon,Idaho Power,2023,September,97819,25,0
Oregon,Avista Utilities,2023,September,97824,325,1
Oregon,Cascade Natural Gas,2023,September,97826,23,0
Oregon,Avista Utilities,2023,September,97827,536,3
Oregon,Idaho Power,2023,September,97834,662,1
Oregon,Idaho Power,2023,September,97837,71,0
Oregon,Cascade Natural Gas,2023,September,97838,4100,10
Oregon,Idaho Power,2023,September,97840,115,0
Oregon,Avista Utilities,2023,September,97841,135,0
Oregon,Cascade Natural Gas,2023,September,97844,175,0
Oregon,Avista Utilities,2023,September,97850,4987,5
Oregon,Cascade Natural Gas,2023,September,97862,232,0
Oregon,Avista Utilities,2023,September,97867,148,0
Oregon,Cascade Natural Gas,2023,September,97868,453,3
Oregon,Idaho Power,2023,September,97870,436,0
Oregon,Cascade Natural Gas,2023,September,97875,379,2
Oregon,Avista Utilities,2023,September,97876,49,0
Oregon,Cascade Natural Gas,2023,September,97882,1040,4
Oregon,Avista Utilities,2023,September,97883,773,0
Oregon,Idaho Power,2023,September,97884,168,0
Oregon,Cascade Natural Gas,2023,September,97886,190,0
Oregon,Idaho Power,2023,September,97901,372,0
Oregon,Idaho Power,2023,September,97902,31,0
Oregon,Idaho Power,2023,September,97903,83,0
Oregon,Idaho Power,2023,September,97904,114,0
Oregon,Idaho Power,2023,September,97905,106,0
Oregon,Idaho Power,2023,September,97906,142,0
Oregon,Idaho Power,2023,September,97907,382,0
Oregon,Cascade Natural Gas,2023,September,97907,129,1
Oregon,Idaho Power,2023,September,97908,61,0
Oregon,Idaho Power,2023,September,97909,50,0
Oregon,Idaho Power,2023,September,97910,383,0
Oregon,Idaho Power,2023,September,97911,96,0
Oregon,Cascade Natural Gas,2023,September,97913,734,3
Oregon,Idaho Power,2023,September,97913,2264,1
Oregon,Idaho Power,2023,September,97914,7048,7
Oregon,Cascade Natural Gas,2023,September,97914,2664,15
Oregon,Idaho Power,2023,September,97917,1,0
Oregon,Cascade Natural Gas,2023,September,97918,422,1
Oregon,Idaho Power,2023,September,97918,1996,1
Oregon,Idaho Power,2023,September,97920,35,0
Oregon,Portland General Electric,2024,Apr,97002,"2,247",10
Oregon,Portland General Electric,2024,Apr,97003,173,72
Oregon,Portland General Electric,2024,Apr,97004,"1,773",1
Oregon,Portland General Electric,2024,Apr,97005,"12,340",97
Oregon,Portland General Electric,2024,Apr,97006,36,115
Oregon,Portland General Electric,2024,Apr,97007,27,52
Oregon,Portland General Electric,2024,Apr,97008,"11,962",62
Oregon,Portland General Electric,2024,Apr,97009,"3,390",18
Oregon,Portland General Electric,2024,Apr,97011,499,0
Oregon,Portland General Electric,2024,Apr,97013,"2,350",7
Oregon,Portland General Electric,2024,Apr,97015,"8,223",72
Oregon,Portland General Electric,2024,Apr,97017,"1,126",0
Oregon,Portland General Electric,2024,Apr,97019,"1,220",9
Oregon,Portland General Electric,2024,Apr,97020,375,1
Oregon,Portland General Electric,2024,Apr,97022,"1,463",10
Oregon,Portland General Electric,2024,Apr,97023,"5,136",37
Oregon,Portland General Electric,2024,Apr,97024,"4,717",53
Oregon,Portland General Electric,2024,Apr,97026,"1,235",10
Oregon,Portland General Electric,2024,Apr,97027,"4,949",32
Oregon,Portland General Electric,2024,Apr,97028,809,1
Oregon,Portland General Electric,2024,Apr,97030,"15,503",147
Oregon,Portland General Electric,2024,Apr,97032,"1,771",11
Oregon,Portland General Electric,2024,Apr,97034,"8,504",6
Oregon,Portland General Electric,2024,Apr,97035,305,39
Oregon,Portland General Electric,2024,Apr,97036,2,0
Oregon,Portland General Electric,2024,Apr,97038,"6,573",42
Oregon,Portland General Electric,2024,Apr,97042,"1,217",1
Oregon,Portland General Electric,2024,Apr,97045,"22,610",78
Oregon,Portland General Electric,2024,Apr,97049,"1,651",0
Oregon,Portland General Electric,2024,Apr,97055,"8,125",30
Oregon,Portland General Electric,2024,Apr,97056,28,0
Oregon,Portland General Electric,2024,Apr,97060,"6,771",57
Oregon,Portland General Electric,2024,Apr,97062,"11,627",61
Oregon,Portland General Electric,2024,Apr,97067,"1,389",4
Oregon,Portland General Electric,2024,Apr,97068,"11,747",25
Oregon,Portland General Electric,2024,Apr,97070,"11,660",62
Oregon,Portland General Electric,2024,Apr,97071,"11,014",82
Oregon,Portland General Electric,2024,Apr,97078,136,50
Oregon,Portland General Electric,2024,Apr,97080,"16,830",102
Oregon,Portland General Electric,2024,Apr,97086,"1,246",76
Oregon,Portland General Electric,2024,Apr,97089,264,13
Oregon,Portland General Electric,2024,Apr,97101,"1,554",5
Oregon,Portland General Electric,2024,Apr,97106,"1,591",8
Oregon,Portland General Electric,2024,Apr,97109,82,0
Oregon,Portland General Electric,2024,Apr,97111,"1,554",4
Oregon,Portland General Electric,2024,Apr,97113,"5,569",38
Oregon,Portland General Electric,2024,Apr,97114,"1,761",14
Oregon,Portland General Electric,2024,Apr,97115,"1,704",7
Oregon,Portland General Electric,2024,Apr,97116,839,6
Oregon,Portland General Electric,2024,Apr,97117,266,1
Oregon,Portland General Electric,2024,Apr,97119,"1,625",12
Oregon,Portland General Electric,2024,Apr,97123,"18,932",123
Oregon,Portland General Electric,2024,Apr,97124,82,116
Oregon,Portland General Electric,2024,Apr,97125,8,10
Oregon,Portland General Electric,2024,Apr,97127,"1,563",9
Oregon,Portland General Electric,2024,Apr,97128,501,2
Oregon,Portland General Electric,2024,Apr,97132,"12,260",38
Oregon,Portland General Electric,2024,Apr,97133,"2,503",1
Oregon,Portland General Electric,2024,Apr,97137,481,0
Oregon,Portland General Electric,2024,Apr,97140,"9,606",23
Oregon,Portland General Electric,2024,Apr,97148,"1,361",6
Oregon,Portland General Electric,2024,Apr,97201,"7,345",47
Oregon,Portland General Electric,2024,Apr,97202,"20,595",89
Oregon,Portland General Electric,2024,Apr,97203,"13,273",85
Oregon,Portland General Electric,2024,Apr,97204,416,8
Oregon,Portland General Electric,2024,Apr,97205,"3,435",13
Oregon,Portland General Electric,2024,Apr,97206,"22,265",112
Oregon,Portland General Electric,2024,Apr,97209,"16,070",82
Oregon,Portland General Electric,2024,Apr,97210,"8,147",15
Oregon,Portland General Electric,2024,Apr,97211,6,0
Oregon,Portland General Electric,2024,Apr,97213,"3,165",16
Oregon,Portland General Electric,2024,Apr,97214,"15,665",51
Oregon,Portland General Electric,2024,Apr,97215,"7,753",13
Oregon,Portland General Electric,2024,Apr,97216,"4,258",21
Oregon,Portland General Electric,2024,Apr,97217,"13,596",72
Oregon,Portland General Electric,2024,Apr,97219,"17,782",83
Oregon,Portland General Electric,2024,Apr,9722,1,0
Oregon,Portland General Electric,2024,Apr,97221,"5,571",17
Oregon,Portland General Electric,2024,Apr,97222,"13,976",99
Oregon,Portland General Electric,2024,Apr,97223,"7,533",132
Oregon,Portland General Electric,2024,Apr,97224,8,55
Oregon,Portland General Electric,2024,Apr,97225,"11,593",49
Oregon,Portland General Electric,2024,Apr,97227,428,0
Oregon,Portland General Electric,2024,Apr,97229,"28,690",83
Oregon,Portland General Electric,2024,Apr,97230,"15,656",191
Oregon,Portland General Electric,2024,Apr,97231,"1,985",10
Oregon,Portland General Electric,2024,Apr,97232,"5,572",25
Oregon,Portland General Electric,2024,Apr,97233,"15,478",236
Oregon,Portland General Electric,2024,Apr,97236,"14,203",201
Oregon,Portland General Electric,2024,Apr,97239,"10,640",57
Oregon,Portland General Electric,2024,Apr,97266,"13,481",156
Oregon,Portland General Electric,2024,Apr,97267,"11,570",50
Oregon,Portland General Electric,2024,Apr,97301,"19,743",184
Oregon,Portland General Electric,2024,Apr,97302,"17,782",95
Oregon,Portland General Electric,2024,Apr,97303,"10,553",49
Oregon,Portland General Electric,2024,Apr,97304,"1,337",5
Oregon,Portland General Electric,2024,Apr,97305,"15,905",168
Oregon,Portland General Electric,2024,Apr,97306,"14,137",76
Oregon,Portland General Electric,2024,Apr,97317,"8,543",64
Oregon,Portland General Electric,2024,Apr,97325,151,1
Oregon,Portland General Electric,2024,Apr,97338,240,0
Oregon,Portland General Electric,2024,Apr,97347,834,2
Oregon,Portland General Electric,2024,Apr,97352,121,0
Oregon,Portland General Electric,2024,Apr,97362,"1,575",8
Oregon,Portland General Electric,2024,Apr,97371,105,0
Oregon,Portland General Electric,2024,Apr,97375,522,1
Oregon,Portland General Electric,2024,Apr,97378,"2,898",5
Oregon,Portland General Electric,2024,Apr,97381,"6,448",18
Oregon,Portland General Electric,2024,Apr,97385,141,0
Oregon,Portland General Electric,2024,Apr,97392,"1,960",4
Oregon,Portland General Electric,2024,Apr,97396,"1,378",5
Oregon,Northwest Natural Gas Company,2024,April,97002,795,0
Oregon,Northwest Natural Gas Company,2024,April,97003,6919,6
Oregon,Northwest Natural Gas Company,2024,April,97004,233,0
Oregon,Northwest Natural Gas Company,2024,April,97005,4289,6
Oregon,Northwest Natural Gas Company,2024,April,97006,9376,4
Oregon,Northwest Natural Gas Company,2024,April,97007,14233,14
Oregon,Northwest Natural Gas Company,2024,April,97008,6336,15
Oregon,Northwest Natural Gas Company,2024,April,97009,1098,0
Oregon,Northwest Natural Gas Company,2024,April,97013,4004,5
Oregon,Northwest Natural Gas Company,2024,April,97015,4679,4
Oregon,Northwest Natural Gas Company,2024,April,97016,116,0
Oregon,Northwest Natural Gas Company,2024,April,97018,657,0
Oregon,Northwest Natural Gas Company,2024,April,97020,180,0
Oregon,Northwest Natural Gas Company,2024,April,97024,2015,3
Oregon,Northwest Natural Gas Company,2024,April,97026,429,0
Oregon,Northwest Natural Gas Company,2024,April,97027,2985,0
Oregon,Northwest Natural Gas Company,2024,April,97030,6473,14
Oregon,Northwest Natural Gas Company,2024,April,97031,3743,7
Oregon,Northwest Natural Gas Company,2024,April,97032,915,3
Oregon,Northwest Natural Gas Company,2024,April,97034,6827,7
Oregon,Northwest Natural Gas Company,2024,April,97035,7280,12
Oregon,Northwest Natural Gas Company,2024,April,97036,1,0
Oregon,Northwest Natural Gas Company,2024,April,97038,2196,5
Oregon,Northwest Natural Gas Company,2024,April,97042,125,1
Oregon,Northwest Natural Gas Company,2024,April,97045,11551,8
Oregon,Northwest Natural Gas Company,2024,April,97048,392,1
Oregon,Northwest Natural Gas Company,2024,April,97051,3363,7
Oregon,Northwest Natural Gas Company,2024,April,97053,632,1
Oregon,Northwest Natural Gas Company,2024,April,97054,18,0
Oregon,Northwest Natural Gas Company,2024,April,97055,3604,3
Oregon,Northwest Natural Gas Company,2024,April,97056,2447,4
Oregon,Northwest Natural Gas Company,2024,April,97058,1674,6
Oregon,Northwest Natural Gas Company,2024,April,97060,4859,5
Oregon,Northwest Natural Gas Company,2024,April,97062,6166,5
Oregon,Northwest Natural Gas Company,2024,April,97064,714,2
Oregon,Northwest Natural Gas Company,2024,April,97068,9506,9
Oregon,Northwest Natural Gas Company,2024,April,97070,6449,9
Oregon,Northwest Natural Gas Company,2024,April,97071,5649,5
Oregon,Northwest Natural Gas Company,2024,April,97078,5977,13
Oregon,Northwest Natural Gas Company,2024,April,97080,11403,9
Oregon,Northwest Natural Gas Company,2024,April,97086,9495,7
Oregon,Northwest Natural Gas Company,2024,April,97089,3400,1
Oregon,Northwest Natural Gas Company,2024,April,97101,311,1
Oregon,Northwest Natural Gas Company,2024,April,97103,4072,8
Oregon,Northwest Natural Gas Company,2024,April,97106,456,1
Oregon,Northwest Natural Gas Company,2024,April,97110,1380,0
Oregon,Northwest Natural Gas Company,2024,April,97111,61,0
Oregon,Northwest Natural Gas Company,2024,April,97113,2830,5
Oregon,Northwest Natural Gas Company,2024,April,97114,17,0
Oregon,Northwest Natural Gas Company,2024,April,97115,961,2
Oregon,Northwest Natural Gas Company,2024,April,97116,3792,2
Oregon,Northwest Natural Gas Company,2024,April,97121,435,1
Oregon,Northwest Natural Gas Company,2024,April,97123,12295,24
Oregon,Northwest Natural Gas Company,2024,April,97124,10770,13
Oregon,Northwest Natural Gas Company,2024,April,97127,870,3
Oregon,Northwest Natural Gas Company,2024,April,97128,3556,9
Oregon,Northwest Natural Gas Company,2024,April,97132,5762,1
Oregon,Northwest Natural Gas Company,2024,April,97133,1374,1
Oregon,Northwest Natural Gas Company,2024,April,97138,4427,11
Oregon,Northwest Natural Gas Company,2024,April,97140,6795,8
Oregon,Northwest Natural Gas Company,2024,April,97146,2184,3
Oregon,Northwest Natural Gas Company,2024,April,97201,2626,16
Oregon,Northwest Natural Gas Company,2024,April,97202,11772,7
Oregon,Northwest Natural Gas Company,2024,April,97203,7584,8
Oregon,Northwest Natural Gas Company,2024,April,97204,133,0
Oregon,Northwest Natural Gas Company,2024,April,97205,1625,8
Oregon,Northwest Natural Gas Company,2024,April,97206,14014,8
Oregon,Northwest Natural Gas Company,2024,April,97209,2788,5
Oregon,Northwest Natural Gas Company,2024,April,97210,4524,6
Oregon,Northwest Natural Gas Company,2024,April,97211,10516,19
Oregon,Northwest Natural Gas Company,2024,April,97212,8541,15
Oregon,Northwest Natural Gas Company,2024,April,97213,9850,20
Oregon,Northwest Natural Gas Company,2024,April,97214,8540,1
Oregon,Northwest Natural Gas Company,2024,April,97215,5763,5
Oregon,Northwest Natural Gas Company,2024,April,97216,3459,1
Oregon,Northwest Natural Gas Company,2024,April,97217,10616,17
Oregon,Northwest Natural Gas Company,2024,April,97218,3624,5
Oregon,Northwest Natural Gas Company,2024,April,97219,12533,27
Oregon,Northwest Natural Gas Company,2024,April,97220,6715,29
Oregon,Northwest Natural Gas Company,2024,April,97221,3972,8
Oregon,Northwest Natural Gas Company,2024,April,97222,8115,5
Oregon,Northwest Natural Gas Company,2024,April,97223,13009,13
Oregon,Northwest Natural Gas Company,2024,April,97224,10919,6
Oregon,Northwest Natural Gas Company,2024,April,97225,7317,2
Oregon,Northwest Natural Gas Company,2024,April,97227,1650,2
Oregon,Northwest Natural Gas Company,2024,April,97229,21630,7
Oregon,Northwest Natural Gas Company,2024,April,97230,9437,17
Oregon,Northwest Natural Gas Company,2024,April,97231,781,0
Oregon,Northwest Natural Gas Company,2024,April,97232,2936,4
Oregon,Northwest Natural Gas Company,2024,April,97233,6247,9
Oregon,Northwest Natural Gas Company,2024,April,97236,7290,12
Oregon,Northwest Natural Gas Company,2024,April,97239,3995,12
Oregon,Northwest Natural Gas Company,2024,April,97248,1,0
Oregon,Northwest Natural Gas Company,2024,April,97266,7277,17
Oregon,Northwest Natural Gas Company,2024,April,97267,8781,12
Oregon,Northwest Natural Gas Company,2024,April,97301,8785,28
Oregon,Northwest Natural Gas Company,2024,April,97302,10384,22
Oregon,Northwest Natural Gas Company,2024,April,97303,9034,13
Oregon,Northwest Natural Gas Company,2024,April,97304,7372,27
Oregon,Northwest Natural Gas Company,2024,April,97305,6958,27
Oregon,Northwest Natural Gas Company,2024,April,97306,8782,12
Oregon,Northwest Natural Gas Company,2024,April,97310,9,0
Oregon,Northwest Natural Gas Company,2024,April,97317,3899,5
Oregon,Northwest Natural Gas Company,2024,April,97321,8877,14
Oregon,Northwest Natural Gas Company,2024,April,97322,7526,8
Oregon,Northwest Natural Gas Company,2024,April,97325,806,0
Oregon,Northwest Natural Gas Company,2024,April,97327,555,3
Oregon,Northwest Natural Gas Company,2024,April,97330,9361,3
Oregon,Northwest Natural Gas Company,2024,April,97333,4495,3
Oregon,Northwest Natural Gas Company,2024,April,97338,4755,3
Oregon,Northwest Natural Gas Company,2024,April,97341,1372,1
Oregon,Northwest Natural Gas Company,2024,April,97345,12,0
Oregon,Northwest Natural Gas Company,2024,April,97347,240,4
Oregon,Northwest Natural Gas Company,2024,April,97348,216,1
Oregon,Northwest Natural Gas Company,2024,April,97351,1879,0
Oregon,Northwest Natural Gas Company,2024,April,97352,777,2
Oregon,Northwest Natural Gas Company,2024,April,97355,5177,5
Oregon,Northwest Natural Gas Company,2024,April,97358,416,2
Oregon,Northwest Natural Gas Company,2024,April,97360,502,0
Oregon,Northwest Natural Gas Company,2024,April,97361,1363,0
Oregon,Northwest Natural Gas Company,2024,April,97362,795,1
Oregon,Northwest Natural Gas Company,2024,April,97364,230,0
Oregon,Northwest Natural Gas Company,2024,April,97365,1679,2
Oregon,Northwest Natural Gas Company,2024,April,97366,187,0
Oregon,Northwest Natural Gas Company,2024,April,97367,4284,4
Oregon,Northwest Natural Gas Company,2024,April,97368,904,1
Oregon,Northwest Natural Gas Company,2024,April,97370,1255,0
Oregon,Northwest Natural Gas Company,2024,April,97371,44,0
Oregon,Northwest Natural Gas Company,2024,April,97372,9,0
Oregon,Northwest Natural Gas Company,2024,April,97374,302,1
Oregon,Northwest Natural Gas Company,2024,April,97377,53,0
Oregon,Northwest Natural Gas Company,2024,April,97378,805,9
Oregon,Northwest Natural Gas Company,2024,April,97380,155,1
Oregon,Northwest Natural Gas Company,2024,April,97381,2981,4
Oregon,Northwest Natural Gas Company,2024,April,97383,1782,3
Oregon,Northwest Natural Gas Company,2024,April,97384,34,0
Oregon,Northwest Natural Gas Company,2024,April,97385,904,0
Oregon,Northwest Natural Gas Company,2024,April,97386,2191,7
Oregon,Northwest Natural Gas Company,2024,April,97388,1048,0
Oregon,Northwest Natural Gas Company,2024,April,97389,308,0
Oregon,Northwest Natural Gas Company,2024,April,97391,281,0
Oregon,Northwest Natural Gas Company,2024,April,97392,992,0
Oregon,Northwest Natural Gas Company,2024,April,97396,414,4
Oregon,Northwest Natural Gas Company,2024,April,97401,5765,9
Oregon,Northwest Natural Gas Company,2024,April,97402,4598,14
Oregon,Northwest Natural Gas Company,2024,April,97403,1601,3
Oregon,Northwest Natural Gas Company,2024,April,97404,6363,6
Oregon,Northwest Natural Gas Company,2024,April,97405,7003,12
Oregon,Northwest Natural Gas Company,2024,April,97408,3021,4
Oregon,Avista Utilities,2024,April,97417,313,3
Oregon,Northwest Natural Gas Company,2024,April,97420,836,1
Oregon,Northwest Natural Gas Company,2024,April,97423,222,0
Oregon,Northwest Natural Gas Company,2024,April,97424,2332,5
Oregon,Northwest Natural Gas Company,2024,April,97426,1308,2
Oregon,Avista Utilities,2024,April,97432,56,0
Oregon,Northwest Natural Gas Company,2024,April,97438,8,0
Oregon,Avista Utilities,2024,April,97442,151,0
Oregon,Northwest Natural Gas Company,2024,April,97446,579,0
Oregon,Northwest Natural Gas Company,2024,April,97448,1523,0
Oregon,Northwest Natural Gas Company,2024,April,97455,141,0
Oregon,Avista Utilities,2024,April,97457,1485,5
Oregon,Northwest Natural Gas Company,2024,April,97458,139,3
Oregon,Northwest Natural Gas Company,2024,April,97459,608,0
Oregon,Avista Utilities,2024,April,97462,281,1
Oregon,Avista Utilities,2024,April,97469,265,2
Oregon,Avista Utilities,2024,April,97470,3517,11
Oregon,Avista Utilities,2024,April,97471,5140,8
Oregon,Northwest Natural Gas Company,2024,April,97477,3192,3
Oregon,Northwest Natural Gas Company,2024,April,97478,2512,6
Oregon,Avista Utilities,2024,April,97479,1721,5
Oregon,Avista Utilities,2024,April,97495,509,1
Oregon,Avista Utilities,2024,April,97496,1163,4
Oregon,Avista Utilities,2024,April,97497,2,0
Oregon,Avista Utilities,2024,April,97501,9246,22
Oregon,Avista Utilities,2024,April,97502,6484,10
Oregon,Avista Utilities,2024,April,97503,1758,1
Oregon,Avista Utilities,2024,April,97504,13583,18
Oregon,Avista Utilities,2024,April,97520,7328,10
Oregon,Avista Utilities,2024,April,97524,2880,4
Oregon,Avista Utilities,2024,April,97525,577,2
Oregon,Avista Utilities,2024,April,97526,6473,11
Oregon,Avista Utilities,2024,April,97527,5704,14
Oregon,Avista Utilities,2024,April,97528,2,0
Oregon,Avista Utilities,2024,April,97530,1261,0
Oregon,Avista Utilities,2024,April,97535,1191,2
Oregon,Avista Utilities,2024,April,97537,574,2
Oregon,Avista Utilities,2024,April,97539,239,1
Oregon,Avista Utilities,2024,April,97540,1476,1
Oregon,Avista Utilities,2024,April,97601,6573,15
Oregon,Avista Utilities,2024,April,97603,8973,1
Oregon,Avista Utilities,2024,April,97623,61,0
Oregon,Avista Utilities,2024,April,97627,207,0
Oregon,Avista Utilities,2024,April,97632,135,0
Oregon,Avista Utilities,2024,April,97634,32,0
Oregon,Cascade Natural Gas,2024,April,97701,10708,7
Oregon,Cascade Natural Gas,2024,April,97702,14177,5
Oregon,Cascade Natural Gas,2024,April,97703,9837,3
Oregon,Cascade Natural Gas,2024,April,97707,3876,0
Oregon,Cascade Natural Gas,2024,April,97731,24,0
Oregon,Cascade Natural Gas,2024,April,97733,71,0
Oregon,Cascade Natural Gas,2024,April,97737,123,0
Oregon,Cascade Natural Gas,2024,April,97739,433,0
Oregon,Cascade Natural Gas,2024,April,97741,1541,0
Oregon,Cascade Natural Gas,2024,April,97753,473,0
Oregon,Cascade Natural Gas,2024,April,97754,2935,2
Oregon,Cascade Natural Gas,2024,April,97756,9618,6
Oregon,Cascade Natural Gas,2024,April,97801,4896,27
Oregon,Cascade Natural Gas,2024,April,97813,347,2
Oregon,Idaho Power,2024,April,97814,4,0
Oregon,Cascade Natural Gas,2024,April,97814,3495,1
Oregon,Cascade Natural Gas,2024,April,97818,347,1
Oregon,Idaho Power,2024,April,97819,25,0
Oregon,Avista Utilities,2024,April,97824,332,0
Oregon,Cascade Natural Gas,2024,April,97826,24,0
Oregon,Avista Utilities,2024,April,97827,537,6
Oregon,Idaho Power,2024,April,97834,661,0
Oregon,Idaho Power,2024,April,97837,73,0
Oregon,Cascade Natural Gas,2024,April,97838,4208,11
Oregon,Idaho Power,2024,April,97840,119,0
Oregon,Avista Utilities,2024,April,97841,135,1
Oregon,Cascade Natural Gas,2024,April,97844,180,0
Oregon,Avista Utilities,2024,April,97850,5007,21
Oregon,Cascade Natural Gas,2024,April,97862,241,1
Oregon,Avista Utilities,2024,April,97867,144,3
Oregon,Cascade Natural Gas,2024,April,97868,465,0
Oregon,Idaho Power,2024,April,97870,434,0
Oregon,Cascade Natural Gas,2024,April,97875,388,0
Oregon,Avista Utilities,2024,April,97876,50,0
Oregon,Cascade Natural Gas,2024,April,97882,1091,6
Oregon,Avista Utilities,2024,April,97883,779,2
Oregon,Idaho Power,2024,April,97884,167,0
Oregon,Cascade Natural Gas,2024,April,97886,190,0
Oregon,Idaho Power,2024,April,97901,376,1
Oregon,Idaho Power,2024,April,97902,29,0
Oregon,Idaho Power,2024,April,97903,80,0
Oregon,Idaho Power,2024,April,97904,114,0
Oregon,Idaho Power,2024,April,97905,102,0
Oregon,Idaho Power,2024,April,97906,141,0
Oregon,Idaho Power,2024,April,97907,381,2
Oregon,Cascade Natural Gas,2024,April,97907,127,0
Oregon,Idaho Power,2024,April,97908,61,0
Oregon,Idaho Power,2024,April,97909,50,0
Oregon,Idaho Power,2024,April,97910,364,0
Oregon,Idaho Power,2024,April,97911,96,0
Oregon,Idaho Power,2024,April,97913,2260,5
Oregon,Cascade Natural Gas,2024,April,97913,751,3
Oregon,Cascade Natural Gas,2024,April,97914,2759,14
Oregon,Idaho Power,2024,April,97914,7081,37
Oregon,Idaho Power,2024,April,97917,1,0
Oregon,Cascade Natural Gas,2024,April,97918,429,0
Oregon,Idaho Power,2024,April,97918,1995,10
Oregon,Idaho Power,2024,April,97920,35,0
Oregon,Portland General Electric,2024,Feb,97002,"2,244",8
Oregon,Portland General Electric,2024,Feb,97003,173,47
Oregon,Portland General Electric,2024,Feb,97004,"1,771",3
Oregon,Portland General Electric,2024,Feb,97005,"12,331",45
Oregon,Portland General Electric,2024,Feb,97006,36,68
Oregon,Portland General Electric,2024,Feb,97007,26,33
Oregon,Portland General Electric,2024,Feb,97008,"11,978",37
Oregon,Portland General Electric,2024,Feb,97009,"3,393",5
Oregon,Portland General Electric,2024,Feb,97011,498,0
Oregon,Portland General Electric,2024,Feb,97013,"2,353",6
Oregon,Portland General Electric,2024,Feb,97015,"8,230",22
Oregon,Portland General Electric,2024,Feb,97017,"1,128",0
Oregon,Portland General Electric,2024,Feb,97019,"1,219",4
Oregon,Portland General Electric,2024,Feb,97020,382,0
Oregon,Portland General Electric,2024,Feb,97022,"1,458",4
Oregon,Portland General Electric,2024,Feb,97023,"5,113",9
Oregon,Portland General Electric,2024,Feb,97024,"4,697",35
Oregon,Portland General Electric,2024,Feb,97026,"1,237",5
Oregon,Portland General Electric,2024,Feb,97027,"4,951",12
Oregon,Portland General Electric,2024,Feb,97028,808,0
Oregon,Portland General Electric,2024,Feb,97030,"15,532",94
Oregon,Portland General Electric,2024,Feb,97032,"1,745",3
Oregon,Portland General Electric,2024,Feb,97034,"8,505",5
Oregon,Portland General Electric,2024,Feb,97035,306,12
Oregon,Portland General Electric,2024,Feb,97036,2,0
Oregon,Portland General Electric,2024,Feb,97038,"6,571",17
Oregon,Portland General Electric,2024,Feb,97042,"1,215",2
Oregon,Portland General Electric,2024,Feb,97045,"22,462",47
Oregon,Portland General Electric,2024,Feb,97049,"1,642",1
Oregon,Portland General Electric,2024,Feb,97055,"8,121",7
Oregon,Portland General Electric,2024,Feb,97056,29,0
Oregon,Portland General Electric,2024,Feb,97060,"6,700",28
Oregon,Portland General Electric,2024,Feb,97062,"11,627",33
Oregon,Portland General Electric,2024,Feb,97067,"1,392",2
Oregon,Portland General Electric,2024,Feb,97068,"11,743",11
Oregon,Portland General Electric,2024,Feb,97070,"11,653",26
Oregon,Portland General Electric,2024,Feb,97071,"10,844",36
Oregon,Portland General Electric,2024,Feb,97078,136,33
Oregon,Portland General Electric,2024,Feb,97080,"16,812",63
Oregon,Portland General Electric,2024,Feb,97086,"1,247",45
Oregon,Portland General Electric,2024,Feb,97089,264,1
Oregon,Portland General Electric,2024,Feb,97101,"1,554",3
Oregon,Portland General Electric,2024,Feb,97106,"1,584",1
Oregon,Portland General Electric,2024,Feb,97109,82,0
Oregon,Portland General Electric,2024,Feb,97111,"1,549",3
Oregon,Portland General Electric,2024,Feb,97113,"5,453",11
Oregon,Portland General Electric,2024,Feb,97114,"1,764",1
Oregon,Portland General Electric,2024,Feb,97115,"1,711",1
Oregon,Portland General Electric,2024,Feb,97116,836,1
Oregon,Portland General Electric,2024,Feb,97117,266,0
Oregon,Portland General Electric,2024,Feb,97119,"1,626",0
Oregon,Portland General Electric,2024,Feb,97123,"18,828",51
Oregon,Portland General Electric,2024,Feb,97124,82,66
Oregon,Portland General Electric,2024,Feb,97125,8,10
Oregon,Portland General Electric,2024,Feb,97127,"1,562",3
Oregon,Portland General Electric,2024,Feb,97128,498,2
Oregon,Portland General Electric,2024,Feb,97132,"12,238",22
Oregon,Portland General Electric,2024,Feb,97133,"2,485",3
Oregon,Portland General Electric,2024,Feb,97137,477,0
Oregon,Portland General Electric,2024,Feb,97140,"9,566",16
Oregon,Portland General Electric,2024,Feb,97148,"1,362",1
Oregon,Portland General Electric,2024,Feb,97201,"7,351",18
Oregon,Portland General Electric,2024,Feb,97202,"20,397",42
Oregon,Portland General Electric,2024,Feb,97203,"13,233",50
Oregon,Portland General Electric,2024,Feb,97204,416,5
Oregon,Portland General Electric,2024,Feb,97205,"3,445",5
Oregon,Portland General Electric,2024,Feb,97206,"22,263",59
Oregon,Portland General Electric,2024,Feb,97209,"15,958",44
Oregon,Portland General Electric,2024,Feb,97210,"8,065",7
Oregon,Portland General Electric,2024,Feb,97211,7,0
Oregon,Portland General Electric,2024,Feb,97213,"3,143",5
Oregon,Portland General Electric,2024,Feb,97214,"15,658",48
Oregon,Portland General Electric,2024,Feb,97215,"7,726",13
Oregon,Portland General Electric,2024,Feb,97216,"4,269",8
Oregon,Portland General Electric,2024,Feb,97217,"13,562",42
Oregon,Portland General Electric,2024,Feb,97219,"17,788",25
Oregon,Portland General Electric,2024,Feb,9722,0,0
Oregon,Portland General Electric,2024,Feb,97221,"5,573",8
Oregon,Portland General Electric,2024,Feb,97222,"13,811",62
Oregon,Portland General Electric,2024,Feb,97223,"7,512",59
Oregon,Portland General Electric,2024,Feb,97224,1,32
Oregon,Portland General Electric,2024,Feb,97225,"11,602",22
Oregon,Portland General Electric,2024,Feb,97227,427,0
Oregon,Portland General Electric,2024,Feb,97229,"28,633",47
Oregon,Portland General Electric,2024,Feb,97230,"15,682",76
Oregon,Portland General Electric,2024,Feb,97231,"1,984",2
Oregon,Portland General Electric,2024,Feb,97232,"5,573",14
Oregon,Portland General Electric,2024,Feb,97233,"15,505",98
Oregon,Portland General Electric,2024,Feb,97236,"14,171",100
Oregon,Portland General Electric,2024,Feb,97239,"10,642",13
Oregon,Portland General Electric,2024,Feb,97266,"13,472",59
Oregon,Portland General Electric,2024,Feb,97267,"11,558",36
Oregon,Portland General Electric,2024,Feb,97301,"19,688",134
Oregon,Portland General Electric,2024,Feb,97302,"17,716",49
Oregon,Portland General Electric,2024,Feb,97303,"10,521",35
Oregon,Portland General Electric,2024,Feb,97304,"1,338",2
Oregon,Portland General Electric,2024,Feb,97305,"15,889",101
Oregon,Portland General Electric,2024,Feb,97306,"14,046",36
Oregon,Portland General Electric,2024,Feb,97317,"8,527",44
Oregon,Portland General Electric,2024,Feb,97325,150,0
Oregon,Portland General Electric,2024,Feb,97338,240,0
Oregon,Portland General Electric,2024,Feb,97347,830,2
Oregon,Portland General Electric,2024,Feb,97352,122,0
Oregon,Portland General Electric,2024,Feb,97362,"1,576",4
Oregon,Portland General Electric,2024,Feb,97371,105,0
Oregon,Portland General Electric,2024,Feb,97375,519,1
Oregon,Portland General Electric,2024,Feb,97378,"2,890",6
Oregon,Portland General Electric,2024,Feb,97381,"6,456",6
Oregon,Portland General Electric,2024,Feb,97385,140,0
Oregon,Portland General Electric,2024,Feb,97392,"1,956",2
Oregon,Portland General Electric,2024,Feb,97396,"1,367",9
Oregon,Northwest Natural Gas Company,2024,February,97002,793,6
Oregon,Northwest Natural Gas Company,2024,February,97003,6914,15
Oregon,Northwest Natural Gas Company,2024,February,97004,234,0
Oregon,Northwest Natural Gas Company,2024,February,97005,4296,7
Oregon,Northwest Natural Gas Company,2024,February,97006,9372,11
Oregon,Northwest Natural Gas Company,2024,February,97007,14195,14
Oregon,Northwest Natural Gas Company,2024,February,97008,6327,1
Oregon,Northwest Natural Gas Company,2024,February,97009,1101,1
Oregon,Northwest Natural Gas Company,2024,February,97013,3988,3
Oregon,Northwest Natural Gas Company,2024,February,97015,4683,11
Oregon,Northwest Natural Gas Company,2024,February,97016,115,0
Oregon,Northwest Natural Gas Company,2024,February,97018,657,0
Oregon,Northwest Natural Gas Company,2024,February,97020,175,0
Oregon,Northwest Natural Gas Company,2024,February,97024,2013,5
Oregon,Northwest Natural Gas Company,2024,February,97026,432,2
Oregon,Northwest Natural Gas Company,2024,February,97027,2986,0
Oregon,Northwest Natural Gas Company,2024,February,97030,6488,19
Oregon,Northwest Natural Gas Company,2024,February,97031,3747,0
Oregon,Northwest Natural Gas Company,2024,February,97032,918,0
Oregon,Northwest Natural Gas Company,2024,February,97034,6815,4
Oregon,Northwest Natural Gas Company,2024,February,97035,7274,2
Oregon,Northwest Natural Gas Company,2024,February,97036,1,0
Oregon,Northwest Natural Gas Company,2024,February,97038,2191,10
Oregon,Northwest Natural Gas Company,2024,February,97042,124,0
Oregon,Northwest Natural Gas Company,2024,February,97045,11543,18
Oregon,Northwest Natural Gas Company,2024,February,97048,392,0
Oregon,Northwest Natural Gas Company,2024,February,97051,3369,4
Oregon,Northwest Natural Gas Company,2024,February,97053,632,0
Oregon,Northwest Natural Gas Company,2024,February,97054,18,1
Oregon,Northwest Natural Gas Company,2024,February,97055,3602,5
Oregon,Northwest Natural Gas Company,2024,February,97056,2450,0
Oregon,Northwest Natural Gas Company,2024,February,97058,1678,2
Oregon,Northwest Natural Gas Company,2024,February,97060,4855,11
Oregon,Northwest Natural Gas Company,2024,February,97062,6143,4
Oregon,Northwest Natural Gas Company,2024,February,97064,715,5
Oregon,Northwest Natural Gas Company,2024,February,97068,9496,4
Oregon,Northwest Natural Gas Company,2024,February,97070,6436,4
Oregon,Northwest Natural Gas Company,2024,February,97071,5633,2
Oregon,Northwest Natural Gas Company,2024,February,97078,5965,9
Oregon,Northwest Natural Gas Company,2024,February,97080,11379,23
Oregon,Northwest Natural Gas Company,2024,February,97086,9464,9
Oregon,Northwest Natural Gas Company,2024,February,97089,3400,2
Oregon,Northwest Natural Gas Company,2024,February,97101,310,0
Oregon,Northwest Natural Gas Company,2024,February,97103,4069,5
Oregon,Northwest Natural Gas Company,2024,February,97106,453,0
Oregon,Northwest Natural Gas Company,2024,February,97110,1377,0
Oregon,Northwest Natural Gas Company,2024,February,97111,61,0
Oregon,Northwest Natural Gas Company,2024,February,97113,2826,1
Oregon,Northwest Natural Gas Company,2024,February,97114,17,0
Oregon,Northwest Natural Gas Company,2024,February,97115,960,0
Oregon,Northwest Natural Gas Company,2024,February,97116,3786,1
Oregon,Northwest Natural Gas Company,2024,February,97121,437,2
Oregon,Northwest Natural Gas Company,2024,February,97123,12234,14
Oregon,Northwest Natural Gas Company,2024,February,97124,10780,5
Oregon,Northwest Natural Gas Company,2024,February,97127,863,10
Oregon,Northwest Natural Gas Company,2024,February,97128,3534,5
Oregon,Northwest Natural Gas Company,2024,February,97132,5747,5
Oregon,Northwest Natural Gas Company,2024,February,97133,1355,5
Oregon,Northwest Natural Gas Company,2024,February,97138,4428,9
Oregon,Northwest Natural Gas Company,2024,February,97140,6788,1
Oregon,Northwest Natural Gas Company,2024,February,97146,2181,9
Oregon,Northwest Natural Gas Company,2024,February,97201,2655,5
Oregon,Northwest Natural Gas Company,2024,February,97202,11765,16
Oregon,Northwest Natural Gas Company,2024,February,97203,7579,24
Oregon,Northwest Natural Gas Company,2024,February,97204,134,1
Oregon,Northwest Natural Gas Company,2024,February,97205,1676,7
Oregon,Northwest Natural Gas Company,2024,February,97206,14007,24
Oregon,Northwest Natural Gas Company,2024,February,97209,2696,12
Oregon,Northwest Natural Gas Company,2024,February,97210,4522,5
Oregon,Northwest Natural Gas Company,2024,February,97211,10528,8
Oregon,Northwest Natural Gas Company,2024,February,97212,8548,9
Oregon,Northwest Natural Gas Company,2024,February,97213,9861,20
Oregon,Northwest Natural Gas Company,2024,February,97214,8542,7
Oregon,Northwest Natural Gas Company,2024,February,97215,5765,9
Oregon,Northwest Natural Gas Company,2024,February,97216,3462,11
Oregon,Northwest Natural Gas Company,2024,February,97217,10619,19
Oregon,Northwest Natural Gas Company,2024,February,97218,3637,9
Oregon,Northwest Natural Gas Company,2024,February,97219,12518,14
Oregon,Northwest Natural Gas Company,2024,February,97220,6736,9
Oregon,Northwest Natural Gas Company,2024,February,97221,3972,7
Oregon,Northwest Natural Gas Company,2024,February,97222,8101,3
Oregon,Northwest Natural Gas Company,2024,February,97223,12987,10
Oregon,Northwest Natural Gas Company,2024,February,97224,10885,12
Oregon,Northwest Natural Gas Company,2024,February,97225,7313,5
Oregon,Northwest Natural Gas Company,2024,February,97227,1651,0
Oregon,Northwest Natural Gas Company,2024,February,97229,21559,23
Oregon,Northwest Natural Gas Company,2024,February,97230,9446,14
Oregon,Northwest Natural Gas Company,2024,February,97231,781,0
Oregon,Northwest Natural Gas Company,2024,February,97232,2938,12
Oregon,Northwest Natural Gas Company,2024,February,97233,6254,2
Oregon,Northwest Natural Gas Company,2024,February,97236,7291,17
Oregon,Northwest Natural Gas Company,2024,February,97239,3973,0
Oregon,Northwest Natural Gas Company,2024,February,97248,1,0
Oregon,Northwest Natural Gas Company,2024,February,97266,7283,23
Oregon,Northwest Natural Gas Company,2024,February,97267,8781,14
Oregon,Northwest Natural Gas Company,2024,February,97301,8762,29
Oregon,Northwest Natural Gas Company,2024,February,97302,10367,27
Oregon,Northwest Natural Gas Company,2024,February,97303,9030,14
Oregon,Northwest Natural Gas Company,2024,February,97304,7360,5
Oregon,Northwest Natural Gas Company,2024,February,97305,6942,12
Oregon,Northwest Natural Gas Company,2024,February,97306,8775,10
Oregon,Northwest Natural Gas Company,2024,February,97310,9,0
Oregon,Northwest Natural Gas Company,2024,February,97317,3895,12
Oregon,Northwest Natural Gas Company,2024,February,97321,8879,13
Oregon,Northwest Natural Gas Company,2024,February,97322,7511,8
Oregon,Northwest Natural Gas Company,2024,February,97325,808,0
Oregon,Northwest Natural Gas Company,2024,February,97327,553,2
Oregon,Northwest Natural Gas Company,2024,February,97330,9356,9
Oregon,Northwest Natural Gas Company,2024,February,97333,4492,7
Oregon,Northwest Natural Gas Company,2024,February,97338,4728,16
Oregon,Northwest Natural Gas Company,2024,February,97341,1366,2
Oregon,Northwest Natural Gas Company,2024,February,97345,12,0
Oregon,Northwest Natural Gas Company,2024,February,97347,237,0
Oregon,Northwest Natural Gas Company,2024,February,97348,216,1
Oregon,Northwest Natural Gas Company,2024,February,97351,1877,10
Oregon,Northwest Natural Gas Company,2024,February,97352,775,0
Oregon,Northwest Natural Gas Company,2024,February,97355,5168,5
Oregon,Northwest Natural Gas Company,2024,February,97358,416,2
Oregon,Northwest Natural Gas Company,2024,February,97360,506,2
Oregon,Northwest Natural Gas Company,2024,February,97361,1362,2
Oregon,Northwest Natural Gas Company,2024,February,97362,785,0
Oregon,Northwest Natural Gas Company,2024,February,97364,229,0
Oregon,Northwest Natural Gas Company,2024,February,97365,1678,3
Oregon,Northwest Natural Gas Company,2024,February,97366,189,1
Oregon,Northwest Natural Gas Company,2024,February,97367,4273,16
Oregon,Northwest Natural Gas Company,2024,February,97368,903,2
Oregon,Northwest Natural Gas Company,2024,February,97370,1256,0
Oregon,Northwest Natural Gas Company,2024,February,97371,44,0
Oregon,Northwest Natural Gas Company,2024,February,97372,9,0
Oregon,Northwest Natural Gas Company,2024,February,97374,302,0
Oregon,Northwest Natural Gas Company,2024,February,97377,53,0
Oregon,Northwest Natural Gas Company,2024,February,97378,804,7
Oregon,Northwest Natural Gas Company,2024,February,97380,154,0
Oregon,Northwest Natural Gas Company,2024,February,97381,2980,6
Oregon,Northwest Natural Gas Company,2024,February,97383,1787,3
Oregon,Northwest Natural Gas Company,2024,February,97384,34,0
Oregon,Northwest Natural Gas Company,2024,February,97385,903,1
Oregon,Northwest Natural Gas Company,2024,February,97386,2190,7
Oregon,Northwest Natural Gas Company,2024,February,97388,1049,0
Oregon,Northwest Natural Gas Company,2024,February,97389,308,0
Oregon,Northwest Natural Gas Company,2024,February,97391,282,2
Oregon,Northwest Natural Gas Company,2024,February,97392,994,2
Oregon,Northwest Natural Gas Company,2024,February,97396,418,5
Oregon,Northwest Natural Gas Company,2024,February,97401,5747,2
Oregon,Northwest Natural Gas Company,2024,February,97402,4597,14
Oregon,Northwest Natural Gas Company,2024,February,97403,1596,3
Oregon,Northwest Natural Gas Company,2024,February,97404,6361,1
Oregon,Northwest Natural Gas Company,2024,February,97405,7007,6
Oregon,Northwest Natural Gas Company,2024,February,97408,3023,3
Oregon,Avista Utilities,2024,February,97417,309,2
Oregon,Northwest Natural Gas Company,2024,February,97420,832,6
Oregon,Northwest Natural Gas Company,2024,February,97423,220,1
Oregon,Northwest Natural Gas Company,2024,February,97424,2339,11
Oregon,Northwest Natural Gas Company,2024,February,97426,1307,1
Oregon,Avista Utilities,2024,February,97432,54,0
Oregon,Northwest Natural Gas Company,2024,February,97438,8,0
Oregon,Avista Utilities,2024,February,97442,150,2
Oregon,Northwest Natural Gas Company,2024,February,97446,584,0
Oregon,Northwest Natural Gas Company,2024,February,97448,1516,2
Oregon,Northwest Natural Gas Company,2024,February,97455,139,1
Oregon,Avista Utilities,2024,February,97457,1471,2
Oregon,Northwest Natural Gas Company,2024,February,97458,138,1
Oregon,Northwest Natural Gas Company,2024,February,97459,605,1
Oregon,Avista Utilities,2024,February,97462,277,0
Oregon,Avista Utilities,2024,February,97469,259,0
Oregon,Avista Utilities,2024,February,97470,3497,8
Oregon,Avista Utilities,2024,February,97471,5099,2
Oregon,Northwest Natural Gas Company,2024,February,97477,3160,3
Oregon,Northwest Natural Gas Company,2024,February,97478,2507,1
Oregon,Avista Utilities,2024,February,97479,1709,1
Oregon,Avista Utilities,2024,February,97495,506,0
Oregon,Avista Utilities,2024,February,97496,1153,1
Oregon,Avista Utilities,2024,February,97497,2,0
Oregon,Avista Utilities,2024,February,97501,9150,24
Oregon,Avista Utilities,2024,February,97502,6435,6
Oregon,Avista Utilities,2024,February,97503,1721,6
Oregon,Avista Utilities,2024,February,97504,13414,29
Oregon,Avista Utilities,2024,February,97520,7273,9
Oregon,Avista Utilities,2024,February,97524,2848,7
Oregon,Avista Utilities,2024,February,97525,571,2
Oregon,Avista Utilities,2024,February,97526,6409,20
Oregon,Avista Utilities,2024,February,97527,5642,12
Oregon,Avista Utilities,2024,February,97528,2,0
Oregon,Avista Utilities,2024,February,97530,1246,0
Oregon,Avista Utilities,2024,February,97535,1176,1
Oregon,Avista Utilities,2024,February,97537,564,0
Oregon,Avista Utilities,2024,February,97539,234,0
Oregon,Avista Utilities,2024,February,97540,1455,0
Oregon,Avista Utilities,2024,February,97601,6475,0
Oregon,Avista Utilities,2024,February,97603,8878,0
Oregon,Avista Utilities,2024,February,97623,61,0
Oregon,Avista Utilities,2024,February,97627,206,0
Oregon,Avista Utilities,2024,February,97632,134,0
Oregon,Avista Utilities,2024,February,97634,32,0
Oregon,Cascade Natural Gas,2024,February,97701,10642,4
Oregon,Cascade Natural Gas,2024,February,97702,14111,6
Oregon,Cascade Natural Gas,2024,February,97703,9785,6
Oregon,Cascade Natural Gas,2024,February,97707,3870,0
Oregon,Cascade Natural Gas,2024,February,97731,24,0
Oregon,Cascade Natural Gas,2024,February,97733,73,0
Oregon,Cascade Natural Gas,2024,February,97737,123,0
Oregon,Cascade Natural Gas,2024,February,97739,436,0
Oregon,Cascade Natural Gas,2024,February,97741,1540,0
Oregon,Cascade Natural Gas,2024,February,97753,466,0
Oregon,Cascade Natural Gas,2024,February,97754,2936,0
Oregon,Cascade Natural Gas,2024,February,97756,9573,4
Oregon,Cascade Natural Gas,2024,February,97801,4899,8
Oregon,Cascade Natural Gas,2024,February,97813,349,0
Oregon,Cascade Natural Gas,2024,February,97814,3487,1
Oregon,Idaho Power,2024,February,97814,4,0
Oregon,Cascade Natural Gas,2024,February,97818,344,1
Oregon,Idaho Power,2024,February,97819,25,0
Oregon,Avista Utilities,2024,February,97824,328,0
Oregon,Cascade Natural Gas,2024,February,97826,24,0
Oregon,Avista Utilities,2024,February,97827,535,0
Oregon,Idaho Power,2024,February,97834,661,1
Oregon,Idaho Power,2024,February,97837,71,0
Oregon,Cascade Natural Gas,2024,February,97838,4198,1
Oregon,Idaho Power,2024,February,97840,115,0
Oregon,Avista Utilities,2024,February,97841,135,0
Oregon,Cascade Natural Gas,2024,February,97844,180,0
Oregon,Avista Utilities,2024,February,97850,4945,1
Oregon,Cascade Natural Gas,2024,February,97862,240,0
Oregon,Avista Utilities,2024,February,97867,144,0
Oregon,Cascade Natural Gas,2024,February,97868,467,0
Oregon,Idaho Power,2024,February,97870,437,2
Oregon,Cascade Natural Gas,2024,February,97875,387,1
Oregon,Avista Utilities,2024,February,97876,50,0
Oregon,Cascade Natural Gas,2024,February,97882,1082,3
Oregon,Avista Utilities,2024,February,97883,774,0
Oregon,Idaho Power,2024,February,97884,171,1
Oregon,Cascade Natural Gas,2024,February,97886,190,0
Oregon,Idaho Power,2024,February,97901,373,1
Oregon,Idaho Power,2024,February,97902,29,0
Oregon,Idaho Power,2024,February,97903,80,0
Oregon,Idaho Power,2024,February,97904,114,0
Oregon,Idaho Power,2024,February,97905,106,0
Oregon,Idaho Power,2024,February,97906,141,0
Oregon,Idaho Power,2024,February,97907,386,0
Oregon,Cascade Natural Gas,2024,February,97907,128,0
Oregon,Idaho Power,2024,February,97908,61,0
Oregon,Idaho Power,2024,February,97909,50,0
Oregon,Idaho Power,2024,February,97910,364,0
Oregon,Idaho Power,2024,February,97911,95,0
Oregon,Cascade Natural Gas,2024,February,97913,758,1
Oregon,Idaho Power,2024,February,97913,2226,0
Oregon,Cascade Natural Gas,2024,February,97914,2743,1
Oregon,Idaho Power,2024,February,97914,7062,49
Oregon,Idaho Power,2024,February,97917,1,0
Oregon,Cascade Natural Gas,2024,February,97918,429,0
Oregon,Idaho Power,2024,February,97918,1991,9
Oregon,Idaho Power,2024,February,97920,35,0
Oregon,Portland General Electric,2024,Jan,97002,"2,239",0
Oregon,Portland General Electric,2024,Jan,97003,172,13
Oregon,Portland General Electric,2024,Jan,97004,"1,766",0
Oregon,Portland General Electric,2024,Jan,97005,"12,301",6
Oregon,Portland General Electric,2024,Jan,97006,36,17
Oregon,Portland General Electric,2024,Jan,97007,25,5
Oregon,Portland General Electric,2024,Jan,97008,"11,942",7
Oregon,Portland General Electric,2024,Jan,97009,"3,386",4
Oregon,Portland General Electric,2024,Jan,97011,497,1
Oregon,Portland General Electric,2024,Jan,97013,"2,346",0
Oregon,Portland General Electric,2024,Jan,97015,"8,207",9
Oregon,Portland General Electric,2024,Jan,97017,"1,122",0
Oregon,Portland General Electric,2024,Jan,97019,"1,221",1
Oregon,Portland General Electric,2024,Jan,97020,381,0
Oregon,Portland General Electric,2024,Jan,97022,"1,456",5
Oregon,Portland General Electric,2024,Jan,97023,"5,100",6
Oregon,Portland General Electric,2024,Jan,97024,"4,685",9
Oregon,Portland General Electric,2024,Jan,97026,"1,233",1
Oregon,Portland General Electric,2024,Jan,97027,"4,941",12
Oregon,Portland General Electric,2024,Jan,97028,809,0
Oregon,Portland General Electric,2024,Jan,97030,"15,492",18
Oregon,Portland General Electric,2024,Jan,97032,"1,742",3
Oregon,Portland General Electric,2024,Jan,97034,"8,478",1
Oregon,Portland General Electric,2024,Jan,97035,305,6
Oregon,Portland General Electric,2024,Jan,97036,2,0
Oregon,Portland General Electric,2024,Jan,97038,"6,561",6
Oregon,Portland General Electric,2024,Jan,97042,"1,213",0
Oregon,Portland General Electric,2024,Jan,97045,"22,416",27
Oregon,Portland General Electric,2024,Jan,97049,"1,652",1
Oregon,Portland General Electric,2024,Jan,97055,"8,107",7
Oregon,Portland General Electric,2024,Jan,97056,29,0
Oregon,Portland General Electric,2024,Jan,97060,"6,675",4
Oregon,Portland General Electric,2024,Jan,97062,"11,589",11
Oregon,Portland General Electric,2024,Jan,97067,"1,391",1
Oregon,Portland General Electric,2024,Jan,97068,"11,701",5
Oregon,Portland General Electric,2024,Jan,97070,"11,619",12
Oregon,Portland General Electric,2024,Jan,97071,"10,929",11
Oregon,Portland General Electric,2024,Jan,97078,136,11
Oregon,Portland General Electric,2024,Jan,97080,"16,756",11
Oregon,Portland General Electric,2024,Jan,97086,"1,250",19
Oregon,Portland General Electric,2024,Jan,97089,262,0
Oregon,Portland General Electric,2024,Jan,97101,"1,552",0
Oregon,Portland General Electric,2024,Jan,97106,"1,582",0
Oregon,Portland General Electric,2024,Jan,97109,82,0
Oregon,Portland General Electric,2024,Jan,97111,"1,546",0
Oregon,Portland General Electric,2024,Jan,97113,"5,431",2
Oregon,Portland General Electric,2024,Jan,97114,"1,760",0
Oregon,Portland General Electric,2024,Jan,97115,"1,706",1
Oregon,Portland General Electric,2024,Jan,97116,833,0
Oregon,Portland General Electric,2024,Jan,97117,265,0
Oregon,Portland General Electric,2024,Jan,97119,"1,622",0
Oregon,Portland General Electric,2024,Jan,97123,"18,764",14
Oregon,Portland General Electric,2024,Jan,97124,82,17
Oregon,Portland General Electric,2024,Jan,97125,8,10
Oregon,Portland General Electric,2024,Jan,97127,"1,558",0
Oregon,Portland General Electric,2024,Jan,97128,497,0
Oregon,Portland General Electric,2024,Jan,97132,"12,209",15
Oregon,Portland General Electric,2024,Jan,97133,"2,491",0
Oregon,Portland General Electric,2024,Jan,97137,479,0
Oregon,Portland General Electric,2024,Jan,97140,"9,534",3
Oregon,Portland General Electric,2024,Jan,97148,"1,358",0
Oregon,Portland General Electric,2024,Jan,97201,"7,326",3
Oregon,Portland General Electric,2024,Jan,97202,"20,338",15
Oregon,Portland General Electric,2024,Jan,97203,"13,201",9
Oregon,Portland General Electric,2024,Jan,97204,415,0
Oregon,Portland General Electric,2024,Jan,97205,"3,291",2
Oregon,Portland General Electric,2024,Jan,97206,"22,220",15
Oregon,Portland General Electric,2024,Jan,97209,"15,922",13
Oregon,Portland General Electric,2024,Jan,97210,"7,999",3
Oregon,Portland General Electric,2024,Jan,97211,7,0
Oregon,Portland General Electric,2024,Jan,97213,"3,135",2
Oregon,Portland General Electric,2024,Jan,97214,"15,616",6
Oregon,Portland General Electric,2024,Jan,97215,"7,709",2
Oregon,Portland General Electric,2024,Jan,97216,"4,252",1
Oregon,Portland General Electric,2024,Jan,97217,"13,528",8
Oregon,Portland General Electric,2024,Jan,97219,"17,704",7
Oregon,Portland General Electric,2024,Jan,97221,"5,555",1
Oregon,Portland General Electric,2024,Jan,97222,"13,783",27
Oregon,Portland General Electric,2024,Jan,97223,"7,495",15
Oregon,Portland General Electric,2024,Jan,97224,1,7
Oregon,Portland General Electric,2024,Jan,97225,"11,575",8
Oregon,Portland General Electric,2024,Jan,97227,424,0
Oregon,Portland General Electric,2024,Jan,97229,"28,568",18
Oregon,Portland General Electric,2024,Jan,97230,"15,650",24
Oregon,Portland General Electric,2024,Jan,97231,"1,982",0
Oregon,Portland General Electric,2024,Jan,97232,"5,553",7
Oregon,Portland General Electric,2024,Jan,97233,"15,466",27
Oregon,Portland General Electric,2024,Jan,97236,-,30
Oregon,Portland General Electric,2024,Jan,97239,"10,618",2
Oregon,Portland General Electric,2024,Jan,97266,"13,443",18
Oregon,Portland General Electric,2024,Jan,97267,"11,538",11
Oregon,Portland General Electric,2024,Jan,97301,"19,561",39
Oregon,Portland General Electric,2024,Jan,97302,"17,668",13
Oregon,Portland General Electric,2024,Jan,97303,"10,500",10
Oregon,Portland General Electric,2024,Jan,97304,"1,334",0
Oregon,Portland General Electric,2024,Jan,97305,"15,857",41
Oregon,Portland General Electric,2024,Jan,97306,"13,994",9
Oregon,Portland General Electric,2024,Jan,97317,"8,518",12
Oregon,Portland General Electric,2024,Jan,97325,149,0
Oregon,Portland General Electric,2024,Jan,97338,239,0
Oregon,Portland General Electric,2024,Jan,97347,836,3
Oregon,Portland General Electric,2024,Jan,97352,122,0
Oregon,Portland General Electric,2024,Jan,97362,"1,567",0
Oregon,Portland General Electric,2024,Jan,97371,105,0
Oregon,Portland General Electric,2024,Jan,97375,520,0
Oregon,Portland General Electric,2024,Jan,97378,"2,884",0
Oregon,Portland General Electric,2024,Jan,97381,"6,443",3
Oregon,Portland General Electric,2024,Jan,97385,142,0
Oregon,Portland General Electric,2024,Jan,97392,"1,951",1
Oregon,Portland General Electric,2024,Jan,97396,"1,369",0
Oregon,Northwest Natural Gas Company,2024,January,97002,789,1
Oregon,Northwest Natural Gas Company,2024,January,97003,6929,6
Oregon,Northwest Natural Gas Company,2024,January,97004,234,0
Oregon,Northwest Natural Gas Company,2024,January,97005,4296,1
Oregon,Northwest Natural Gas Company,2024,January,97006,9377,2
Oregon,Northwest Natural Gas Company,2024,January,97007,14183,12
Oregon,Northwest Natural Gas Company,2024,January,97008,6317,1
Oregon,Northwest Natural Gas Company,2024,January,97009,1101,3
Oregon,Northwest Natural Gas Company,2024,January,97013,3985,1
Oregon,Northwest Natural Gas Company,2024,January,97015,4679,1
Oregon,Northwest Natural Gas Company,2024,January,97016,114,0
Oregon,Northwest Natural Gas Company,2024,January,97018,657,1
Oregon,Northwest Natural Gas Company,2024,January,97020,174,0
Oregon,Northwest Natural Gas Company,2024,January,97024,2013,0
Oregon,Northwest Natural Gas Company,2024,January,97026,431,1
Oregon,Northwest Natural Gas Company,2024,January,97027,2984,0
Oregon,Northwest Natural Gas Company,2024,January,97030,6483,7
Oregon,Northwest Natural Gas Company,2024,January,97031,3744,0
Oregon,Northwest Natural Gas Company,2024,January,97032,916,0
Oregon,Northwest Natural Gas Company,2024,January,97034,6817,8
Oregon,Northwest Natural Gas Company,2024,January,97035,7276,3
Oregon,Northwest Natural Gas Company,2024,January,97036,1,0
Oregon,Northwest Natural Gas Company,2024,January,97038,2190,0
Oregon,Northwest Natural Gas Company,2024,January,97042,123,0
Oregon,Northwest Natural Gas Company,2024,January,97045,11536,8
Oregon,Northwest Natural Gas Company,2024,January,97048,391,2
Oregon,Northwest Natural Gas Company,2024,January,97051,3370,6
Oregon,Northwest Natural Gas Company,2024,January,97053,633,2
Oregon,Northwest Natural Gas Company,2024,January,97054,18,0
Oregon,Northwest Natural Gas Company,2024,January,97055,3598,2
Oregon,Northwest Natural Gas Company,2024,January,97056,2444,9
Oregon,Northwest Natural Gas Company,2024,January,97058,1679,0
Oregon,Northwest Natural Gas Company,2024,January,97060,4859,10
Oregon,Northwest Natural Gas Company,2024,January,97062,6140,9
Oregon,Northwest Natural Gas Company,2024,January,97064,713,0
Oregon,Northwest Natural Gas Company,2024,January,97068,9469,13
Oregon,Northwest Natural Gas Company,2024,January,97070,6432,3
Oregon,Northwest Natural Gas Company,2024,January,97071,5616,9
Oregon,Northwest Natural Gas Company,2024,January,97078,5983,5
Oregon,Northwest Natural Gas Company,2024,January,97080,11373,10
Oregon,Northwest Natural Gas Company,2024,January,97086,9439,2
Oregon,Northwest Natural Gas Company,2024,January,97089,3398,1
Oregon,Northwest Natural Gas Company,2024,January,97101,309,0
Oregon,Northwest Natural Gas Company,2024,January,97103,4072,11
Oregon,Northwest Natural Gas Company,2024,January,97106,453,0
Oregon,Northwest Natural Gas Company,2024,January,97110,1378,0
Oregon,Northwest Natural Gas Company,2024,January,97111,62,0
Oregon,Northwest Natural Gas Company,2024,January,97113,2815,2
Oregon,Northwest Natural Gas Company,2024,January,97114,17,0
Oregon,Northwest Natural Gas Company,2024,January,97115,960,0
Oregon,Northwest Natural Gas Company,2024,January,97116,3784,2
Oregon,Northwest Natural Gas Company,2024,January,97121,438,0
Oregon,Northwest Natural Gas Company,2024,January,97123,12224,10
Oregon,Northwest Natural Gas Company,2024,January,97124,10783,11
Oregon,Northwest Natural Gas Company,2024,January,97127,864,1
Oregon,Northwest Natural Gas Company,2024,January,97128,3529,7
Oregon,Northwest Natural Gas Company,2024,January,97132,5746,0
Oregon,Northwest Natural Gas Company,2024,January,97133,1329,1
Oregon,Northwest Natural Gas Company,2024,January,97138,4426,2
Oregon,Northwest Natural Gas Company,2024,January,97140,6777,7
Oregon,Northwest Natural Gas Company,2024,January,97146,2175,10
Oregon,Northwest Natural Gas Company,2024,January,97201,2654,3
Oregon,Northwest Natural Gas Company,2024,January,97202,11758,2
Oregon,Northwest Natural Gas Company,2024,January,97203,7571,1
Oregon,Northwest Natural Gas Company,2024,January,97204,131,0
Oregon,Northwest Natural Gas Company,2024,January,97205,1672,0
Oregon,Northwest Natural Gas Company,2024,January,97206,14008,6
Oregon,Northwest Natural Gas Company,2024,January,97209,2617,6
Oregon,Northwest Natural Gas Company,2024,January,97210,4511,8
Oregon,Northwest Natural Gas Company,2024,January,97211,10522,25
Oregon,Northwest Natural Gas Company,2024,January,97212,8552,11
Oregon,Northwest Natural Gas Company,2024,January,97213,9856,5
Oregon,Northwest Natural Gas Company,2024,January,97214,8546,13
Oregon,Northwest Natural Gas Company,2024,January,97215,5764,8
Oregon,Northwest Natural Gas Company,2024,January,97216,3459,1
Oregon,Northwest Natural Gas Company,2024,January,97217,10626,14
Oregon,Northwest Natural Gas Company,2024,January,97218,3642,8
Oregon,Northwest Natural Gas Company,2024,January,97219,12524,12
Oregon,Northwest Natural Gas Company,2024,January,97220,6731,1
Oregon,Northwest Natural Gas Company,2024,January,97221,3971,0
Oregon,Northwest Natural Gas Company,2024,January,97222,8105,5
Oregon,Northwest Natural Gas Company,2024,January,97223,12984,9
Oregon,Northwest Natural Gas Company,2024,January,97224,10865,7
Oregon,Northwest Natural Gas Company,2024,January,97225,7315,1
Oregon,Northwest Natural Gas Company,2024,January,97227,1649,6
Oregon,Northwest Natural Gas Company,2024,January,97229,21524,4
Oregon,Northwest Natural Gas Company,2024,January,97230,9438,2
Oregon,Northwest Natural Gas Company,2024,January,97231,780,4
Oregon,Northwest Natural Gas Company,2024,January,97232,2940,4
Oregon,Northwest Natural Gas Company,2024,January,97233,6245,1
Oregon,Northwest Natural Gas Company,2024,January,97236,7283,1
Oregon,Northwest Natural Gas Company,2024,January,97239,3979,3
Oregon,Northwest Natural Gas Company,2024,January,97248,1,0
Oregon,Northwest Natural Gas Company,2024,January,97266,7277,10
Oregon,Northwest Natural Gas Company,2024,January,97267,8789,4
Oregon,Northwest Natural Gas Company,2024,January,97301,8752,20
Oregon,Northwest Natural Gas Company,2024,January,97302,10366,8
Oregon,Northwest Natural Gas Company,2024,January,97303,9037,11
Oregon,Northwest Natural Gas Company,2024,January,97304,7362,15
Oregon,Northwest Natural Gas Company,2024,January,97305,6933,21
Oregon,Northwest Natural Gas Company,2024,January,97306,8771,8
Oregon,Northwest Natural Gas Company,2024,January,97310,9,0
Oregon,Northwest Natural Gas Company,2024,January,97317,3892,6
Oregon,Northwest Natural Gas Company,2024,January,97321,8871,12
Oregon,Northwest Natural Gas Company,2024,January,97322,7503,9
Oregon,Northwest Natural Gas Company,2024,January,97325,808,0
Oregon,Northwest Natural Gas Company,2024,January,97327,553,1
Oregon,Northwest Natural Gas Company,2024,January,97330,9342,3
Oregon,Northwest Natural Gas Company,2024,January,97333,4482,2
Oregon,Northwest Natural Gas Company,2024,January,97338,4716,9
Oregon,Northwest Natural Gas Company,2024,January,97341,1368,0
Oregon,Northwest Natural Gas Company,2024,January,97345,12,0
Oregon,Northwest Natural Gas Company,2024,January,97347,238,5
Oregon,Northwest Natural Gas Company,2024,January,97348,216,0
Oregon,Northwest Natural Gas Company,2024,January,97351,1876,0
Oregon,Northwest Natural Gas Company,2024,January,97352,778,3
Oregon,Northwest Natural Gas Company,2024,January,97355,5168,10
Oregon,Northwest Natural Gas Company,2024,January,97358,415,2
Oregon,Northwest Natural Gas Company,2024,January,97360,505,1
Oregon,Northwest Natural Gas Company,2024,January,97361,1357,1
Oregon,Northwest Natural Gas Company,2024,January,97362,782,2
Oregon,Northwest Natural Gas Company,2024,January,97364,229,0
Oregon,Northwest Natural Gas Company,2024,January,97365,1677,1
Oregon,Northwest Natural Gas Company,2024,January,97366,187,1
Oregon,Northwest Natural Gas Company,2024,January,97367,4263,1
Oregon,Northwest Natural Gas Company,2024,January,97368,903,0
Oregon,Northwest Natural Gas Company,2024,January,97370,1256,0
Oregon,Northwest Natural Gas Company,2024,January,97371,44,0
Oregon,Northwest Natural Gas Company,2024,January,97372,9,0
Oregon,Northwest Natural Gas Company,2024,January,97374,302,0
Oregon,Northwest Natural Gas Company,2024,January,97377,52,0
Oregon,Northwest Natural Gas Company,2024,January,97378,804,2
Oregon,Northwest Natural Gas Company,2024,January,97380,153,0
Oregon,Northwest Natural Gas Company,2024,January,97381,2977,12
Oregon,Northwest Natural Gas Company,2024,January,97383,1784,1
Oregon,Northwest Natural Gas Company,2024,January,97384,34,0
Oregon,Northwest Natural Gas Company,2024,January,97385,901,1
Oregon,Northwest Natural Gas Company,2024,January,97386,2193,1
Oregon,Northwest Natural Gas Company,2024,January,97388,1049,3
Oregon,Northwest Natural Gas Company,2024,January,97389,309,1
Oregon,Northwest Natural Gas Company,2024,January,97391,284,2
Oregon,Northwest Natural Gas Company,2024,January,97392,994,4
Oregon,Northwest Natural Gas Company,2024,January,97396,418,1
Oregon,Northwest Natural Gas Company,2024,January,97401,5712,2
Oregon,Northwest Natural Gas Company,2024,January,97402,4597,3
Oregon,Northwest Natural Gas Company,2024,January,97403,1597,0
Oregon,Northwest Natural Gas Company,2024,January,97404,6361,5
Oregon,Northwest Natural Gas Company,2024,January,97405,7003,2
Oregon,Northwest Natural Gas Company,2024,January,97408,3016,0
Oregon,Avista Utilities,2024,January,97417,312,1
Oregon,Northwest Natural Gas Company,2024,January,97420,831,2
Oregon,Northwest Natural Gas Company,2024,January,97423,220,0
Oregon,Northwest Natural Gas Company,2024,January,97424,2338,2
Oregon,Northwest Natural Gas Company,2024,January,97426,1308,0
Oregon,Avista Utilities,2024,January,97432,54,0
Oregon,Northwest Natural Gas Company,2024,January,97438,8,0
Oregon,Avista Utilities,2024,January,97442,152,1
Oregon,Northwest Natural Gas Company,2024,January,97446,584,0
Oregon,Northwest Natural Gas Company,2024,January,97448,1509,3
Oregon,Northwest Natural Gas Company,2024,January,97455,140,0
Oregon,Avista Utilities,2024,January,97457,1492,5
Oregon,Northwest Natural Gas Company,2024,January,97458,137,0
Oregon,Northwest Natural Gas Company,2024,January,97459,605,0
Oregon,Avista Utilities,2024,January,97462,281,1
Oregon,Avista Utilities,2024,January,97469,264,1
Oregon,Avista Utilities,2024,January,97470,3535,8
Oregon,Avista Utilities,2024,January,97471,5140,3
Oregon,Northwest Natural Gas Company,2024,January,97477,3158,2
Oregon,Northwest Natural Gas Company,2024,January,97478,2505,0
Oregon,Avista Utilities,2024,January,97479,1722,2
Oregon,Avista Utilities,2024,January,97495,509,0
Oregon,Avista Utilities,2024,January,97496,1158,0
Oregon,Avista Utilities,2024,January,97497,2,0
Oregon,Avista Utilities,2024,January,97501,9250,10
Oregon,Avista Utilities,2024,January,97502,6479,10
Oregon,Avista Utilities,2024,January,97503,1748,7
Oregon,Avista Utilities,2024,January,97504,13559,23
Oregon,Avista Utilities,2024,January,97520,7332,7
Oregon,Avista Utilities,2024,January,97524,2871,5
Oregon,Avista Utilities,2024,January,97525,579,3
Oregon,Avista Utilities,2024,January,97526,6462,9
Oregon,Avista Utilities,2024,January,97527,5708,8
Oregon,Avista Utilities,2024,January,97528,2,0
Oregon,Avista Utilities,2024,January,97530,1259,2
Oregon,Avista Utilities,2024,January,97535,1192,1
Oregon,Avista Utilities,2024,January,97537,567,1
Oregon,Avista Utilities,2024,January,97539,236,0
Oregon,Avista Utilities,2024,January,97540,1464,5
Oregon,Avista Utilities,2024,January,97601,6565,1
Oregon,Avista Utilities,2024,January,97603,8983,12
Oregon,Avista Utilities,2024,January,97623,62,0
Oregon,Avista Utilities,2024,January,97627,206,0
Oregon,Avista Utilities,2024,January,97632,135,0
Oregon,Avista Utilities,2024,January,97634,33,0
Oregon,Cascade Natural Gas,2024,January,97701,10656,5
Oregon,Cascade Natural Gas,2024,January,97702,14124,3
Oregon,Cascade Natural Gas,2024,January,97703,9779,2
Oregon,Cascade Natural Gas,2024,January,97707,3862,0
Oregon,Cascade Natural Gas,2024,January,97731,24,0
Oregon,Cascade Natural Gas,2024,January,97733,73,0
Oregon,Cascade Natural Gas,2024,January,97737,122,0
Oregon,Cascade Natural Gas,2024,January,97739,433,0
Oregon,Cascade Natural Gas,2024,January,97741,1533,1
Oregon,Cascade Natural Gas,2024,January,97753,464,0
Oregon,Cascade Natural Gas,2024,January,97754,2930,3
Oregon,Cascade Natural Gas,2024,January,97756,9569,7
Oregon,Cascade Natural Gas,2024,January,97801,4907,4
Oregon,Cascade Natural Gas,2024,January,97813,350,2
Oregon,Cascade Natural Gas,2024,January,97814,3497,1
Oregon,Idaho Power,2024,January,97814,4,0
Oregon,Cascade Natural Gas,2024,January,97818,341,1
Oregon,Idaho Power,2024,January,97819,25,0
Oregon,Avista Utilities,2024,January,97824,330,1
Oregon,Cascade Natural Gas,2024,January,97826,24,0
Oregon,Avista Utilities,2024,January,97827,536,2
Oregon,Idaho Power,2024,January,97834,661,0
Oregon,Idaho Power,2024,January,97837,73,0
Oregon,Cascade Natural Gas,2024,January,97838,4200,3
Oregon,Idaho Power,2024,January,97840,115,0
Oregon,Avista Utilities,2024,January,97841,135,0
Oregon,Cascade Natural Gas,2024,January,97844,179,0
Oregon,Avista Utilities,2024,January,97850,4992,7
Oregon,Cascade Natural Gas,2024,January,97862,240,0
Oregon,Avista Utilities,2024,January,97867,144,1
Oregon,Cascade Natural Gas,2024,January,97868,468,0
Oregon,Idaho Power,2024,January,97870,436,1
Oregon,Cascade Natural Gas,2024,January,97875,393,0
Oregon,Avista Utilities,2024,January,97876,51,0
Oregon,Cascade Natural Gas,2024,January,97882,1082,2
Oregon,Avista Utilities,2024,January,97883,784,3
Oregon,Idaho Power,2024,January,97884,170,0
Oregon,Cascade Natural Gas,2024,January,97886,192,0
Oregon,Idaho Power,2024,January,97901,376,0
Oregon,Idaho Power,2024,January,97902,31,0
Oregon,Idaho Power,2024,January,97903,81,2
Oregon,Idaho Power,2024,January,97904,114,0
Oregon,Idaho Power,2024,January,97905,102,0
Oregon,Idaho Power,2024,January,97906,142,0
Oregon,Idaho Power,2024,January,97907,379,0
Oregon,Cascade Natural Gas,2024,January,97907,128,0
Oregon,Idaho Power,2024,January,97908,61,0
Oregon,Idaho Power,2024,January,97909,51,0
Oregon,Idaho Power,2024,January,97910,365,0
Oregon,Idaho Power,2024,January,97911,95,0
Oregon,Cascade Natural Gas,2024,January,97913,755,0
Oregon,Idaho Power,2024,January,97913,2269,9
Oregon,Idaho Power,2024,January,97914,7061,23
Oregon,Cascade Natural Gas,2024,January,97914,2731,1
Oregon,Idaho Power,2024,January,97917,1,0
Oregon,Idaho Power,2024,January,97918,1993,5
Oregon,Cascade Natural Gas,2024,January,97918,428,0
Oregon,Idaho Power,2024,January,97920,36,0
Oregon,Portland General Electric,2024,Mar,97002,"2,244",5
Oregon,Portland General Electric,2024,Mar,97003,171,49
Oregon,Portland General Electric,2024,Mar,97004,"1,774",2
Oregon,Portland General Electric,2024,Mar,97005,"12,336",69
Oregon,Portland General Electric,2024,Mar,97006,36,66
Oregon,Portland General Electric,2024,Mar,97007,26,40
Oregon,Portland General Electric,2024,Mar,97008,"11,977",48
Oregon,Portland General Electric,2024,Mar,97009,"3,396",16
Oregon,Portland General Electric,2024,Mar,97011,499,0
Oregon,Portland General Electric,2024,Mar,97013,"2,354",3
Oregon,Portland General Electric,2024,Mar,97015,"8,231",37
Oregon,Portland General Electric,2024,Mar,97017,"1,126",2
Oregon,Portland General Electric,2024,Mar,97019,"1,222",2
Oregon,Portland General Electric,2024,Mar,97020,385,1
Oregon,Portland General Electric,2024,Mar,97022,"1,462",3
Oregon,Portland General Electric,2024,Mar,97023,"5,131",16
Oregon,Portland General Electric,2024,Mar,97024,"4,698",30
Oregon,Portland General Electric,2024,Mar,97026,"1,235",3
Oregon,Portland General Electric,2024,Mar,97027,"4,950",16
Oregon,Portland General Electric,2024,Mar,97028,808,0
Oregon,Portland General Electric,2024,Mar,97030,"15,549",93
Oregon,Portland General Electric,2024,Mar,97032,"1,745",9
Oregon,Portland General Electric,2024,Mar,97034,"8,503",8
Oregon,Portland General Electric,2024,Mar,97035,306,16
Oregon,Portland General Electric,2024,Mar,97036,2,0
Oregon,Portland General Electric,2024,Mar,97038,"6,578",21
Oregon,Portland General Electric,2024,Mar,97042,"1,215",4
Oregon,Portland General Electric,2024,Mar,97045,"22,525",55
Oregon,Portland General Electric,2024,Mar,97049,"1,655",2
Oregon,Portland General Electric,2024,Mar,97055,"8,122",30
Oregon,Portland General Electric,2024,Mar,97056,29,0
Oregon,Portland General Electric,2024,Mar,97060,"6,747",32
Oregon,Portland General Electric,2024,Mar,97062,"11,626",35
Oregon,Portland General Electric,2024,Mar,97067,"1,397",4
Oregon,Portland General Electric,2024,Mar,97068,"11,748",14
Oregon,Portland General Electric,2024,Mar,97070,"11,662",33
Oregon,Portland General Electric,2024,Mar,97071,"10,956",36
Oregon,Portland General Electric,2024,Mar,97078,136,36
Oregon,Portland General Electric,2024,Mar,97080,"16,825",87
Oregon,Portland General Electric,2024,Mar,97086,"1,244",47
Oregon,Portland General Electric,2024,Mar,97089,264,4
Oregon,Portland General Electric,2024,Mar,97101,"1,556",3
Oregon,Portland General Electric,2024,Mar,97106,"1,588",2
Oregon,Portland General Electric,2024,Mar,97109,82,0
Oregon,Portland General Electric,2024,Mar,97111,"1,554",1
Oregon,Portland General Electric,2024,Mar,97113,"5,457",23
Oregon,Portland General Electric,2024,Mar,97114,"1,765",3
Oregon,Portland General Electric,2024,Mar,97115,"1,711",0
Oregon,Portland General Electric,2024,Mar,97116,838,2
Oregon,Portland General Electric,2024,Mar,97117,266,1
Oregon,Portland General Electric,2024,Mar,97119,"1,627",1
Oregon,Portland General Electric,2024,Mar,97123,"18,899",35
Oregon,Portland General Electric,2024,Mar,97124,82,47
Oregon,Portland General Electric,2024,Mar,97125,8,10
Oregon,Portland General Electric,2024,Mar,97127,"1,563",3
Oregon,Portland General Electric,2024,Mar,97128,500,0
Oregon,Portland General Electric,2024,Mar,97132,"12,251",21
Oregon,Portland General Electric,2024,Mar,97133,"2,503",5
Oregon,Portland General Electric,2024,Mar,97137,481,3
Oregon,Portland General Electric,2024,Mar,97140,"9,577",7
Oregon,Portland General Electric,2024,Mar,97148,"1,359",2
Oregon,Portland General Electric,2024,Mar,97201,"7,349",23
Oregon,Portland General Electric,2024,Mar,97202,"20,394",58
Oregon,Portland General Electric,2024,Mar,97203,"13,253",53
Oregon,Portland General Electric,2024,Mar,97204,416,1
Oregon,Portland General Electric,2024,Mar,97205,"3,440",8
Oregon,Portland General Electric,2024,Mar,97206,"22,273",59
Oregon,Portland General Electric,2024,Mar,97209,"15,958",39
Oregon,Portland General Electric,2024,Mar,97210,"8,150",14
Oregon,Portland General Electric,2024,Mar,97211,6,1
Oregon,Portland General Electric,2024,Mar,97213,"3,164",5
Oregon,Portland General Electric,2024,Mar,97214,"15,671",35
Oregon,Portland General Electric,2024,Mar,97215,"7,745",8
Oregon,Portland General Electric,2024,Mar,97216,"4,262",10
Oregon,Portland General Electric,2024,Mar,97217,"13,518",36
Oregon,Portland General Electric,2024,Mar,97219,"17,787",37
Oregon,Portland General Electric,2024,Mar,9722,0,0
Oregon,Portland General Electric,2024,Mar,97221,"5,577",12
Oregon,Portland General Electric,2024,Mar,97222,"13,898",47
Oregon,Portland General Electric,2024,Mar,97223,"7,533",55
Oregon,Portland General Electric,2024,Mar,97224,3,25
Oregon,Portland General Electric,2024,Mar,97225,"11,612",34
Oregon,Portland General Electric,2024,Mar,97227,426,0
Oregon,Portland General Electric,2024,Mar,97229,"28,672",46
Oregon,Portland General Electric,2024,Mar,97230,"15,687",109
Oregon,Portland General Electric,2024,Mar,97231,"1,994",2
Oregon,Portland General Electric,2024,Mar,97232,"5,574",9
Oregon,Portland General Electric,2024,Mar,97233,"15,488",161
Oregon,Portland General Electric,2024,Mar,97236,"14,162",90
Oregon,Portland General Electric,2024,Mar,97239,"10,645",21
Oregon,Portland General Electric,2024,Mar,97266,"13,463",88
Oregon,Portland General Electric,2024,Mar,97267,"11,561",28
Oregon,Portland General Electric,2024,Mar,97301,"19,769",130
Oregon,Portland General Electric,2024,Mar,97302,"17,774",73
Oregon,Portland General Electric,2024,Mar,97303,"10,557",36
Oregon,Portland General Electric,2024,Mar,97304,"1,336",3
Oregon,Portland General Electric,2024,Mar,97305,"15,911",92
Oregon,Portland General Electric,2024,Mar,97306,"14,088",34
Oregon,Portland General Electric,2024,Mar,97317,"8,538",32
Oregon,Portland General Electric,2024,Mar,97325,151,0
Oregon,Portland General Electric,2024,Mar,97338,240,0
Oregon,Portland General Electric,2024,Mar,97347,836,3
Oregon,Portland General Electric,2024,Mar,97352,119,0
Oregon,Portland General Electric,2024,Mar,97362,"1,574",2
Oregon,Portland General Electric,2024,Mar,97371,105,0
Oregon,Portland General Electric,2024,Mar,97375,521,1
Oregon,Portland General Electric,2024,Mar,97378,"2,891",8
Oregon,Portland General Electric,2024,Mar,97381,"6,463",14
Oregon,Portland General Electric,2024,Mar,97385,141,0
Oregon,Portland General Electric,2024,Mar,97392,"1,958",5
Oregon,Portland General Electric,2024,Mar,97396,"1,371",1
Oregon,Northwest Natural Gas Company,2024,March,97002,790,1
Oregon,Northwest Natural Gas Company,2024,March,97003,6906,8
Oregon,Northwest Natural Gas Company,2024,March,97004,234,0
Oregon,Northwest Natural Gas Company,2024,March,97005,4294,0
Oregon,Northwest Natural Gas Company,2024,March,97006,9377,5
Oregon,Northwest Natural Gas Company,2024,March,97007,14208,7
Oregon,Northwest Natural Gas Company,2024,March,97008,6336,2
Oregon,Northwest Natural Gas Company,2024,March,97009,1099,2
Oregon,Northwest Natural Gas Company,2024,March,97013,3995,2
Oregon,Northwest Natural Gas Company,2024,March,97015,4684,6
Oregon,Northwest Natural Gas Company,2024,March,97016,114,0
Oregon,Northwest Natural Gas Company,2024,March,97018,657,0
Oregon,Northwest Natural Gas Company,2024,March,97020,175,1
Oregon,Northwest Natural Gas Company,2024,March,97024,2016,4
Oregon,Northwest Natural Gas Company,2024,March,97026,431,0
Oregon,Northwest Natural Gas Company,2024,March,97027,2986,1
Oregon,Northwest Natural Gas Company,2024,March,97030,6485,10
Oregon,Northwest Natural Gas Company,2024,March,97031,3747,1
Oregon,Northwest Natural Gas Company,2024,March,97032,917,5
Oregon,Northwest Natural Gas Company,2024,March,97034,6819,7
Oregon,Northwest Natural Gas Company,2024,March,97035,7273,11
Oregon,Northwest Natural Gas Company,2024,March,97036,1,0
Oregon,Northwest Natural Gas Company,2024,March,97038,2194,10
Oregon,Northwest Natural Gas Company,2024,March,97042,125,0
Oregon,Northwest Natural Gas Company,2024,March,97045,11549,8
Oregon,Northwest Natural Gas Company,2024,March,97048,391,0
Oregon,Northwest Natural Gas Company,2024,March,97051,3369,6
Oregon,Northwest Natural Gas Company,2024,March,97053,632,0
Oregon,Northwest Natural Gas Company,2024,March,97054,18,0
Oregon,Northwest Natural Gas Company,2024,March,97055,3603,6
Oregon,Northwest Natural Gas Company,2024,March,97056,2446,0
Oregon,Northwest Natural Gas Company,2024,March,97058,1679,3
Oregon,Northwest Natural Gas Company,2024,March,97060,4855,15
Oregon,Northwest Natural Gas Company,2024,March,97062,6151,1
Oregon,Northwest Natural Gas Company,2024,March,97064,716,0
Oregon,Northwest Natural Gas Company,2024,March,97068,9505,11
Oregon,Northwest Natural Gas Company,2024,March,97070,6450,2
Oregon,Northwest Natural Gas Company,2024,March,97071,5640,1
Oregon,Northwest Natural Gas Company,2024,March,97078,5966,10
Oregon,Northwest Natural Gas Company,2024,March,97080,11392,6
Oregon,Northwest Natural Gas Company,2024,March,97086,9481,5
Oregon,Northwest Natural Gas Company,2024,March,97089,3399,7
Oregon,Northwest Natural Gas Company,2024,March,97101,310,0
Oregon,Northwest Natural Gas Company,2024,March,97103,4065,9
Oregon,Northwest Natural Gas Company,2024,March,97106,454,0
Oregon,Northwest Natural Gas Company,2024,March,97110,1378,0
Oregon,Northwest Natural Gas Company,2024,March,97111,61,0
Oregon,Northwest Natural Gas Company,2024,March,97113,2824,0
Oregon,Northwest Natural Gas Company,2024,March,97114,17,0
Oregon,Northwest Natural Gas Company,2024,March,97115,960,0
Oregon,Northwest Natural Gas Company,2024,March,97116,3786,3
Oregon,Northwest Natural Gas Company,2024,March,97121,435,0
Oregon,Northwest Natural Gas Company,2024,March,97123,12267,15
Oregon,Northwest Natural Gas Company,2024,March,97124,10769,9
Oregon,Northwest Natural Gas Company,2024,March,97127,868,8
Oregon,Northwest Natural Gas Company,2024,March,97128,3547,6
Oregon,Northwest Natural Gas Company,2024,March,97132,5757,2
Oregon,Northwest Natural Gas Company,2024,March,97133,1366,0
Oregon,Northwest Natural Gas Company,2024,March,97138,4432,8
Oregon,Northwest Natural Gas Company,2024,March,97140,6793,18
Oregon,Northwest Natural Gas Company,2024,March,97146,2182,3
Oregon,Northwest Natural Gas Company,2024,March,97201,2626,0
Oregon,Northwest Natural Gas Company,2024,March,97202,11764,9
Oregon,Northwest Natural Gas Company,2024,March,97203,7573,1
Oregon,Northwest Natural Gas Company,2024,March,97204,134,0
Oregon,Northwest Natural Gas Company,2024,March,97205,1623,5
Oregon,Northwest Natural Gas Company,2024,March,97206,14024,12
Oregon,Northwest Natural Gas Company,2024,March,97209,2762,4
Oregon,Northwest Natural Gas Company,2024,March,97210,4521,5
Oregon,Northwest Natural Gas Company,2024,March,97211,10278,22
Oregon,Northwest Natural Gas Company,2024,March,97212,8543,4
Oregon,Northwest Natural Gas Company,2024,March,97213,9854,12
Oregon,Northwest Natural Gas Company,2024,March,97214,8540,7
Oregon,Northwest Natural Gas Company,2024,March,97215,5765,1
Oregon,Northwest Natural Gas Company,2024,March,97216,3461,1
Oregon,Northwest Natural Gas Company,2024,March,97217,10560,9
Oregon,Northwest Natural Gas Company,2024,March,97218,3635,4
Oregon,Northwest Natural Gas Company,2024,March,97219,12528,13
Oregon,Northwest Natural Gas Company,2024,March,97220,6733,10
Oregon,Northwest Natural Gas Company,2024,March,97221,3968,5
Oregon,Northwest Natural Gas Company,2024,March,97222,8113,4
Oregon,Northwest Natural Gas Company,2024,March,97223,13002,10
Oregon,Northwest Natural Gas Company,2024,March,97224,10905,11
Oregon,Northwest Natural Gas Company,2024,March,97225,7313,1
Oregon,Northwest Natural Gas Company,2024,March,97227,1651,0
Oregon,Northwest Natural Gas Company,2024,March,97229,21600,3
Oregon,Northwest Natural Gas Company,2024,March,97230,9436,11
Oregon,Northwest Natural Gas Company,2024,March,97231,780,0
Oregon,Northwest Natural Gas Company,2024,March,97232,2937,5
Oregon,Northwest Natural Gas Company,2024,March,97233,6245,5
Oregon,Northwest Natural Gas Company,2024,March,97236,7288,12
Oregon,Northwest Natural Gas Company,2024,March,97239,3992,4
Oregon,Northwest Natural Gas Company,2024,March,97248,1,0
Oregon,Northwest Natural Gas Company,2024,March,97266,7285,10
Oregon,Northwest Natural Gas Company,2024,March,97267,8792,6
Oregon,Northwest Natural Gas Company,2024,March,97301,8796,3
Oregon,Northwest Natural Gas Company,2024,March,97302,10369,1
Oregon,Northwest Natural Gas Company,2024,March,97303,9029,17
Oregon,Northwest Natural Gas Company,2024,March,97304,7369,17
Oregon,Northwest Natural Gas Company,2024,March,97305,6959,4
Oregon,Northwest Natural Gas Company,2024,March,97306,8784,16
Oregon,Northwest Natural Gas Company,2024,March,97310,9,0
Oregon,Northwest Natural Gas Company,2024,March,97317,3896,0
Oregon,Northwest Natural Gas Company,2024,March,97321,8875,10
Oregon,Northwest Natural Gas Company,2024,March,97322,7520,7
Oregon,Northwest Natural Gas Company,2024,March,97325,807,0
Oregon,Northwest Natural Gas Company,2024,March,97327,554,0
Oregon,Northwest Natural Gas Company,2024,March,97330,9359,13
Oregon,Northwest Natural Gas Company,2024,March,97333,4494,6
Oregon,Northwest Natural Gas Company,2024,March,97338,4739,13
Oregon,Northwest Natural Gas Company,2024,March,97341,1371,1
Oregon,Northwest Natural Gas Company,2024,March,97345,12,0
Oregon,Northwest Natural Gas Company,2024,March,97347,239,4
Oregon,Northwest Natural Gas Company,2024,March,97348,216,0
Oregon,Northwest Natural Gas Company,2024,March,97351,1876,3
Oregon,Northwest Natural Gas Company,2024,March,97352,771,0
Oregon,Northwest Natural Gas Company,2024,March,97355,5171,9
Oregon,Northwest Natural Gas Company,2024,March,97358,415,0
Oregon,Northwest Natural Gas Company,2024,March,97360,505,0
Oregon,Northwest Natural Gas Company,2024,March,97361,1361,2
Oregon,Northwest Natural Gas Company,2024,March,97362,788,1
Oregon,Northwest Natural Gas Company,2024,March,97364,229,0
Oregon,Northwest Natural Gas Company,2024,March,97365,1678,2
Oregon,Northwest Natural Gas Company,2024,March,97366,189,0
Oregon,Northwest Natural Gas Company,2024,March,97367,4284,7
Oregon,Northwest Natural Gas Company,2024,March,97368,905,0
Oregon,Northwest Natural Gas Company,2024,March,97370,1259,4
Oregon,Northwest Natural Gas Company,2024,March,97371,44,0
Oregon,Northwest Natural Gas Company,2024,March,97372,9,0
Oregon,Northwest Natural Gas Company,2024,March,97374,303,2
Oregon,Northwest Natural Gas Company,2024,March,97377,53,0
Oregon,Northwest Natural Gas Company,2024,March,97378,804,5
Oregon,Northwest Natural Gas Company,2024,March,97380,154,0
Oregon,Northwest Natural Gas Company,2024,March,97381,2977,1
Oregon,Northwest Natural Gas Company,2024,March,97383,1784,0
Oregon,Northwest Natural Gas Company,2024,March,97384,34,0
Oregon,Northwest Natural Gas Company,2024,March,97385,904,0
Oregon,Northwest Natural Gas Company,2024,March,97386,2188,5
Oregon,Northwest Natural Gas Company,2024,March,97388,1049,1
Oregon,Northwest Natural Gas Company,2024,March,97389,308,0
Oregon,Northwest Natural Gas Company,2024,March,97391,281,0
Oregon,Northwest Natural Gas Company,2024,March,97392,994,0
Oregon,Northwest Natural Gas Company,2024,March,97396,417,4
Oregon,Northwest Natural Gas Company,2024,March,97401,5765,3
Oregon,Northwest Natural Gas Company,2024,March,97402,4603,0
Oregon,Northwest Natural Gas Company,2024,March,97403,1598,2
Oregon,Northwest Natural Gas Company,2024,March,97404,6362,0
Oregon,Northwest Natural Gas Company,2024,March,97405,7006,4
Oregon,Northwest Natural Gas Company,2024,March,97408,3024,2
Oregon,Avista Utilities,2024,March,97417,309,0
Oregon,Northwest Natural Gas Company,2024,March,97420,835,1
Oregon,Northwest Natural Gas Company,2024,March,97423,221,0
Oregon,Northwest Natural Gas Company,2024,March,97424,2341,4
Oregon,Northwest Natural Gas Company,2024,March,97426,1308,1
Oregon,Avista Utilities,2024,March,97432,55,0
Oregon,Northwest Natural Gas Company,2024,March,97438,8,0
Oregon,Avista Utilities,2024,March,97442,150,0
Oregon,Northwest Natural Gas Company,2024,March,97446,583,0
Oregon,Northwest Natural Gas Company,2024,March,97448,1522,0
Oregon,Northwest Natural Gas Company,2024,March,97455,141,0
Oregon,Avista Utilities,2024,March,97457,1470,3
Oregon,Northwest Natural Gas Company,2024,March,97458,139,0
Oregon,Northwest Natural Gas Company,2024,March,97459,606,0
Oregon,Avista Utilities,2024,March,97462,277,0
Oregon,Avista Utilities,2024,March,97469,259,0
Oregon,Avista Utilities,2024,March,97470,3494,7
Oregon,Avista Utilities,2024,March,97471,5098,2
Oregon,Northwest Natural Gas Company,2024,March,97477,3181,1
Oregon,Northwest Natural Gas Company,2024,March,97478,2510,1
Oregon,Avista Utilities,2024,March,97479,1709,3
Oregon,Avista Utilities,2024,March,97495,505,0
Oregon,Avista Utilities,2024,March,97496,1151,1
Oregon,Avista Utilities,2024,March,97497,2,0
Oregon,Avista Utilities,2024,March,97501,9136,23
Oregon,Avista Utilities,2024,March,97502,6441,2
Oregon,Avista Utilities,2024,March,97503,1727,4
Oregon,Avista Utilities,2024,March,97504,13425,12
Oregon,Avista Utilities,2024,March,97520,7265,11
Oregon,Avista Utilities,2024,March,97524,2847,4
Oregon,Avista Utilities,2024,March,97525,572,1
Oregon,Avista Utilities,2024,March,97526,6403,1
Oregon,Avista Utilities,2024,March,97527,5640,13
Oregon,Avista Utilities,2024,March,97528,2,0
Oregon,Avista Utilities,2024,March,97530,1247,0
Oregon,Avista Utilities,2024,March,97535,1179,0
Oregon,Avista Utilities,2024,March,97537,566,1
Oregon,Avista Utilities,2024,March,97539,234,1
Oregon,Avista Utilities,2024,March,97540,1460,0
Oregon,Avista Utilities,2024,March,97601,6485,0
Oregon,Avista Utilities,2024,March,97603,8880,8
Oregon,Avista Utilities,2024,March,97623,61,0
Oregon,Avista Utilities,2024,March,97627,206,0
Oregon,Avista Utilities,2024,March,97632,134,1
Oregon,Avista Utilities,2024,March,97634,32,0
Oregon,Cascade Natural Gas,2024,March,97701,10677,5
Oregon,Cascade Natural Gas,2024,March,97702,14148,5
Oregon,Cascade Natural Gas,2024,March,97703,9821,2
Oregon,Cascade Natural Gas,2024,March,97707,3871,0
Oregon,Cascade Natural Gas,2024,March,97731,24,0
Oregon,Cascade Natural Gas,2024,March,97733,73,0
Oregon,Cascade Natural Gas,2024,March,97737,123,0
Oregon,Cascade Natural Gas,2024,March,97739,436,2
Oregon,Cascade Natural Gas,2024,March,97741,1539,3
Oregon,Cascade Natural Gas,2024,March,97753,470,1
Oregon,Cascade Natural Gas,2024,March,97754,2931,3
Oregon,Cascade Natural Gas,2024,March,97756,9599,10
Oregon,Cascade Natural Gas,2024,March,97801,4911,7
Oregon,Cascade Natural Gas,2024,March,97813,348,3
Oregon,Cascade Natural Gas,2024,March,97814,3493,2
Oregon,Idaho Power,2024,March,97814,4,0
Oregon,Cascade Natural Gas,2024,March,97818,341,0
Oregon,Idaho Power,2024,March,97819,25,0
Oregon,Avista Utilities,2024,March,97824,328,0
Oregon,Cascade Natural Gas,2024,March,97826,24,0
Oregon,Avista Utilities,2024,March,97827,535,1
Oregon,Idaho Power,2024,March,97834,661,1
Oregon,Idaho Power,2024,March,97837,71,0
Oregon,Cascade Natural Gas,2024,March,97838,4213,6
Oregon,Idaho Power,2024,March,97840,115,0
Oregon,Avista Utilities,2024,March,97841,135,0
Oregon,Cascade Natural Gas,2024,March,97844,179,0
Oregon,Avista Utilities,2024,March,97850,4948,5
Oregon,Cascade Natural Gas,2024,March,97862,241,0
Oregon,Avista Utilities,2024,March,97867,143,1
Oregon,Cascade Natural Gas,2024,March,97868,464,0
Oregon,Idaho Power,2024,March,97870,437,0
Oregon,Cascade Natural Gas,2024,March,97875,390,0
Oregon,Avista Utilities,2024,March,97876,50,0
Oregon,Cascade Natural Gas,2024,March,97882,1087,0
Oregon,Avista Utilities,2024,March,97883,774,0
Oregon,Idaho Power,2024,March,97884,166,0
Oregon,Cascade Natural Gas,2024,March,97886,190,0
Oregon,Idaho Power,2024,March,97901,376,1
Oregon,Idaho Power,2024,March,97902,30,0
Oregon,Idaho Power,2024,March,97903,80,0
Oregon,Idaho Power,2024,March,97904,118,0
Oregon,Idaho Power,2024,March,97905,103,1
Oregon,Idaho Power,2024,March,97906,141,0
Oregon,Cascade Natural Gas,2024,March,97907,128,0
Oregon,Idaho Power,2024,March,97907,385,1
Oregon,Idaho Power,2024,March,97908,61,0
Oregon,Idaho Power,2024,March,97909,50,0
Oregon,Idaho Power,2024,March,97910,365,0
Oregon,Idaho Power,2024,March,97911,94,0
Oregon,Cascade Natural Gas,2024,March,97913,751,0
Oregon,Idaho Power,2024,March,97913,2240,15
Oregon,Idaho Power,2024,March,97914,7087,48
Oregon,Cascade Natural Gas,2024,March,97914,2746,4
Oregon,Idaho Power,2024,March,97917,1,0
Oregon,Cascade Natural Gas,2024,March,97918,427,0
Oregon,Idaho Power,2024,March,97918,1993,15
Oregon,Idaho Power,2024,March,97920,35,0
